program_category,default_channel,Landing_page,Session,sessions_mom_difference,Pageview,pageview_mom_difference,Conversions,conversions_mom_difference,Conversion_Rate,conversion_rate_mom_percent_difference
MED,Organic Search,/education-inequity-and-homework/,13192,1185,15289,1544,0,-1,0,-0.00008328475056217206
MED,Direct,/education-inequity-and-homework/,4114,537,4331,516,0,0,0,0
"scnr_engine_sink_tracer_44601ad2e5edeeb69b747adc0af7af7e_ec777ec98cfa0e4b0d1cd1bb2ec37414""'`--)()\""&",Direct,"edeeb69b747adc0af7af7e_ec777ec98cfa0e4b0d1cd1bb2ec37414""'`--)()\""&%1'-;%00",1750,,1693,,0,,0,
null,Direct,emRoot%\\win.ini &rem,1640,,1578,,0,,0,
MSAAI,Organic Search,/artificial-intelligence-education/,1542,-686,1602,-679,1,0,0.0006485084306095979,0.0001996753964982873
MED,Organic Search,/life-skills-education-in-schools/,899,113,1005,141,0,0,0,0
MESH,Paid Social,/masters-engineering-sustainability-health/lp/ppc/,816,96,917,65,63,1,0.07720588235294118,-0.00890522875816993
MSAAI,Paid Social,/masters-applied-artificial-intelligence/lp/study-artificial-intelligence/,763,-199,890,-267,48,-15,0.06290956749672345,-0.0025789979918420386
MSAAI,Direct,/artificial-intelligence-education/,731,-278,735,-273,2,-1,0.0027359781121751026,-0.00023726272033233048
MSAAI,Organic Search,/artificial-intelligence-business/,663,-224,668,-232,1,-1,0.0015082956259426848,-0.0007464958058498743
MESH,Paid Search,/masters-engineering-sustainability-health/lp/ppc/,605,109,775,105,37,6,0.06115702479338843,-0.0013429752066115713
Default - (not set),Direct,/,541,11,657,19,1,0,0.0018484288354898336,-0.00003836361734035508
MESH,Display,/masters-engineering-sustainability-health/,511,508,511,508,0,0,0,0
MESH,Organic Search,/high-paying-environmental-jobs/,490,164,534,178,2,2,0.004081632653061225,0.004081632653061225
MSNP,Paid Social,/masters-nonprofit-leadership-management/lp/ppc/,488,-230,552,-277,42,-20,0.0860655737704918,-0.000285401159870316
MSLDT,Paid Social,/masters-learning-design-technology/lp/instructional-design-for-teachers/,482,175,550,205,30,8,0.06224066390041494,-0.009420573884601352
MED,Organic Search,/complete-list-teaching-methods/,481,48,555,113,6,4,0.012474012474012475,0.007855074829670673
MSAAI,Organic Search,/ai-impact-on-job-market/,469,-21,518,24,0,0,0,0
CyberOps,Paid Search,/masters-cyber-security-operations/lp/bva-cyber-security-operations-leadership/,469,-63,573,-80,33,-3,0.07036247334754797,0.002693300415217148
MTS,Paid Search,/masters-theological-studies/lp/ppc/,452,91,579,134,21,6,0.046460176991150445,0.004908930453754325
MSAAI,Organic Search,/artificial-intelligence-jobs/,446,44,477,47,2,0,0.004484304932735426,-0.0004908194453740267
CyberEng,Paid Social,/masters-cyber-security-engineering/lp/cyber-security-engineering/,422,-522,467,-538,24,-17,0.05687203791469194,0.01343983452486143
MED,Organic Search,/best-masters-degrees-for-teachers/,410,7,459,19,2,2,0.004878048780487805,0.004878048780487805
CyberOps,Organic Search,/top-100-cybersecurity-companies/,409,-125,395,-131,0,0,0,0
CyberOps,Paid Social,/masters-cyber-security-operations/lp/bva-cyber-security-operations-leadership/,408,-390,463,-407,30,-10,0.07352941176470588,0.023404098481497868
MED,Organic Search,/best-paying-school-districts-ca-teachers/,398,55,421,66,0,0,0,0
MSNNL,Paid Search,/masters-nursing-leadership/lp/ppc/,380,18,595,11,17,3,0.04473684210526316,0.006062808956091889
MSAAI,Organic Search,/ai-blogs/,373,-13,377,8,0,0,0,0
MED,Organic Search,/brain-based-learning/,364,92,372,107,1,1,0.0027472527472527475,0.0027472527472527475
MTS,Email,/masters-theological-studies/lp/dyna/,349,60,453,88,24,8,0.06876790830945559,0.013404586510147629
Informatics,Paid Social,/masters-health-informatics/lp/health-informatics-for-nurses/,342,-363,389,-367,20,-22,0.05847953216374269,-0.0010949359213636989
MSNNL,Paid Social,/masters-nursing-leadership/lp/ppc/,338,26,431,40,15,0,0.04437869822485207,-0.003698224852071011
MED,Organic Search,/teacher-centered-vs-student-centered-learning/,334,55,386,85,0,-1,0,-0.0035842293906810036
MSHA,Organic Search,/humanitarian-careers/,330,43,352,30,2,0,0.006060606060606061,-0.0009080350543765178
MSAAI,Direct,/masters-applied-artificial-intelligence/,320,60,532,138,5,-4,0.015625,-0.018990384615384617
MED,Referral,/education-inequity-and-homework/,319,6,365,34,0,0,0,0
MTS,Organic Search,/serving-god/,319,-34,376,-8,0,0,0,0
MTS,Organic Search,/what-is-liturgy/,316,-136,334,-153,0,-1,0,-0.0022123893805309734
CyberOps,Organic Search,/top-cyber-security-threats/,314,-111,329,-91,0,0,0,0
MSHA,Organic Search,/humanitarian-intervention-success-stories/,309,64,314,59,0,0,0,0
Data Science,Paid Social,/masters-applied-data-science/lp/study-data-science/,305,-29,321,-32,1,1,0.003278688524590164,0.003278688524590164
MSHA,Organic Search,/how-to-become-diplomat/,296,40,312,51,0,0,0,0
MSLDT,Paid Search,/masters-learning-design-technology/lp/study-learning-design-technology/,292,35,382,75,19,2,0.06506849315068493,-0.0010793667714940614
MTS,Paid Social,/masters-theological-studies/lp/ppc/,284,255,312,279,14,13,0.04929577464788732,0.014813016027197666
LEPSL,Paid Social,/masters-law-enforcement-leadership/lp/law-enforcement/,281,-32,299,-35,13,3,0.046263345195729534,0.014314463406592155
MED,Direct,/teacher-centered-vs-student-centered-learning/,280,14,292,32,0,-2,0,-0.007518796992481203
MSNP,Paid Search,/masters-nonprofit-leadership-management/lp/ppc/,279,-24,355,-32,17,9,0.06093189964157706,0.03452925937755066
MSHA,Paid Social,/masters-humanitarian-action/lp/humanitarian-action/,270,11,313,16,26,2,0.0962962962962963,0.003632203632203637
Informatics,Paid Search,/masters-health-informatics/lp/study-health-informatics/,270,-18,360,-13,14,-5,0.05185185185185185,-0.014120370370370373
MED,Direct,/life-skills-education-in-schools/,266,-1,270,-9,0,0,0,0
Default - (not set),Paid Search,/,265,-43,393,-127,2,0,0.007547169811320755,0.0010536633178142608
MSLDT,Organic Search,/kirkpatrick-training-evaluation-model/,264,8,254,16,2,2,0.007575757575757576,0.007575757575757576
MSITL,Paid Search,/masters-information-technology-leadership/lp/ppc/,260,174,356,243,17,13,0.06538461538461539,0.018872987477638645
MSAAI,Organic Search,/application-of-ai-in-robotics/,258,2,277,10,0,0,0,0
Default - (not set),Organic Search,/,254,-21,372,-49,0,0,0,0
MESH,Display,/masters-engineering-sustainability-health/lp/dyna/,253,215,254,213,1,-1,0.003952569169960474,-0.048679009777407946
MSAAI,Paid Search,/masters-applied-artificial-intelligence/lp/study-artificial-intelligence/,246,-157,381,-145,23,2,0.09349593495934959,0.041386753817910384
Informatics,Organic Search,/8-technologies-changing-healthcare/,244,-126,256,-154,0,0,0,0
EML,Paid Social,/masters-engineering-management-leadership/lp/ppc/,243,-385,272,-439,13,-22,0.053497942386831275,-0.0022345416896018475
MSAAI,Organic Search,/masters-applied-artificial-intelligence/,241,-40,453,2,11,-1,0.04564315352697095,0.0029385271924513776
Informatics,Paid Search,/masters-health-informatics/lp/study-healthcare-analytics/,238,43,278,58,10,0,0.04201680672268908,-0.009265244559362201
Informatics,Direct,/masters-health-informatics/,234,12,400,60,3,0,0.01282051282051282,-0.0006930006930006942
LEPSL,Organic Search,/10-innovative-police-technologies/,232,-65,222,-89,0,0,0,0
Default - (not set),Organic Search,/how-to-become-an-entrepreneur/,223,-61,244,-69,0,0,0,0
MSAAI,Organic Search,/ai-ethicist-career/,219,-25,229,-45,2,-1,0.0091324200913242,-0.003162661875888914
MED,Direct,/complete-list-teaching-methods/,215,-17,227,-10,1,-1,0.004651162790697674,-0.003969526864474739
CyberEng,Paid Search,/masters-cyber-security-engineering/lp/cyber-security-engineering/,214,-35,245,-51,12,0,0.056074766355140186,0.007881995270802834
MSAAI,Organic Search,/entry-level-ai-careers/,210,-37,239,-34,1,-1,0.004761904761904762,-0.0033352612299980718
CyberOps,Direct,/top-cyber-security-threats/,206,29,202,30,0,0,0,0
MSAAI,Direct,/ai-impact-on-job-market/,205,7,222,28,0,0,0,0
MSHA,Organic Search,/human-rights-violation-definition/,204,201,233,228,0,0,0,0
MSITL,Paid Social,/masters-information-technology-leadership/lp/ppc/,202,13,268,36,18,11,0.0891089108910891,0.05207187385405207
Default - (not set),Direct,/how-to-become-an-entrepreneur/,202,125,193,112,0,0,0,0
MED,Organic Search,/effective-educational-leadership/,200,1,260,2,3,2,0.015,0.009974874371859295
MTS,Organic Search,/theology-careers/,200,-87,218,-93,0,0,0,0
LEPSL,Direct,/masters-law-enforcement-leadership/,198,18,282,37,1,-1,0.005050505050505051,-0.006060606060606061
MSAAI,Direct,/artificial-intelligence-business/,192,-69,175,-83,0,0,0,0
CyberOps,Organic Search,/top-cyber-security-blogs-websites/,192,-16,179,-24,0,0,0,0
EML,Paid Search,/masters-engineering-management-leadership/lp/ppc/,186,-43,248,-72,17,-1,0.0913978494623656,0.012795229375029346
MSLDT,Organic Search,/instructional-design-models/,185,-18,177,-26,1,1,0.005405405405405406,0.005405405405405406
MTS,Organic Search,/catholic-charism-comparison/,184,25,195,17,0,0,0,0
Informatics,Paid Search,/masters-health-informatics/lp/health-informatics-for-nurses/,183,-8,224,15,14,7,0.07650273224043716,0.0398535175807513
MSITL,Organic Search,/it-job-titles/,181,-16,173,-28,0,0,0,0
MSHA,Direct,/humanitarian-careers/,179,128,181,129,0,0,0,0
MSHA,Organic Search,/international-aid-worker-tips/,176,-25,199,-24,2,2,0.011363636363636364,0.011363636363636364
MED,Direct,/effective-educational-leadership/,176,-15,199,-35,0,-1,0,-0.005235602094240838
MSLDT,Organic Search,/what-is-instructional-design-examples/,174,-7,200,7,2,1,0.011494252873563218,0.00596939099511018
MED,Organic Search,/teaching-to-every-students-unique-learning-style/,174,-38,207,-19,4,3,0.022988505747126436,0.018271524615050966
LEPSL,Organic Search,/police-communication-important-today/,174,8,190,-4,0,0,0,0
MED,Paid Search,/masters-education/lp/online-med/,171,-75,264,-117,29,6,0.1695906432748538,0.0760947083155042
MED,Organic Search,/cooperative-learning-strategies/,170,-25,187,-6,1,1,0.0058823529411764705,0.0058823529411764705
Default - (not set),Direct,/about/state-authorization-status/,164,33,167,28,0,0,0,0
MSHA,Organic Search,/theory-of-change/,163,-17,157,-16,0,0,0,0
MSAAI,Referral,/artificial-intelligence-education/,163,55,187,78,0,0,0,0
CyberOps,Direct,/top-100-cybersecurity-companies/,160,-18,161,-12,0,0,0,0
LEPSL,Paid Search,/masters-law-enforcement-leadership/lp/law-enforcement/,158,37,187,16,13,3,0.08227848101265822,-0.0003661470865153338
MSAAI,Organic Search,/ai-trainer/,157,8,168,6,0,0,0,0
MSAAI,Organic Search,/artificial-intelligence-finance/,156,30,147,23,1,1,0.00641025641025641,0.00641025641025641
MED,Organic Search,/rethinking-education-assessment-types/,155,29,147,30,0,0,0,0
LEPSL,Organic Search,/masters-law-enforcement-leadership/,154,0,273,0,1,-2,0.006493506493506494,-0.012987012987012986
MSHA,Organic Search,/examples-of-social-change/,153,17,157,11,0,0,0,0
EML,Organic Search,/future-engineering-trends/,152,-21,154,-31,0,-1,0,-0.005780346820809248
Informatics,Organic Search,/health-information-technology-jobs-salary/,150,121,162,133,0,0,0,0
LEPSL,Direct,/10-innovative-police-technologies/,150,55,147,54,0,0,0,0
MED,Organic Search,/careers-masters-curriculum-instruction/,147,31,161,40,0,0,0,0
MSAAI,Direct,/masters-applied-artificial-intelligence/apply/,147,40,212,57,2,-4,0.013605442176870748,-0.04246932417826944
MED,Organic Search,/manage-cell-phones-in-class-tips/,145,-6,156,3,0,0,0,0
MSAAI,Direct,/artificial-intelligence-jobs/,144,-14,145,-20,0,-1,0,-0.006329113924050633
Informatics,Organic Search,/masters-health-informatics/,144,30,277,59,4,-2,0.027777777777777776,-0.024853801169590642
null,Direct,/education-inequity-and-homework/,138,,138,,0,,0,
MSLDT,Organic Search,/job-aid-examples-template/,138,9,130,4,0,0,0,0
MSAAI,Direct,/masters-applied-artificial-intelligence/classes/,137,24,165,10,3,2,0.021897810218978103,0.01304825269685421
CyberEng,Direct,/masters-cyber-security-engineering/,137,-99,162,-106,0,0,0,0
MESH,Organic Search,/sustainability-scholarships/,134,40,139,45,0,0,0,0
EML,Direct,/masters-engineering-management-leadership/,134,-1,181,8,0,-2,0,-0.014814814814814815
CyberOps,Display,/masters-cyber-security-operations/lp/smartbrief-display/,134,47,149,60,6,6,0.04477611940298507,0.04477611940298507
Default - (not set),Paid Social,/lp/apply-now/,131,,135,,0,,0,
MTS,Direct,/what-is-liturgy/,130,-45,154,-37,1,0,0.007692307692307693,0.0019780219780219785
MESH,Organic Search,/climate-change-careers/,129,33,136,40,0,-1,0,-0.010416666666666666
MSNNL,Paid Search,/masters-nursing-leadership/nursing-educator-track/,129,120,195,185,1,0,0.007751937984496124,-0.10335917312661498
MSNP,Organic Search,/nonprofit-jobs/,127,38,132,40,0,0,0,0
LEPSL,Organic Search,/women-in-law-enforcement/,127,33,130,33,0,0,0,0
MSHA,Organic Search,/logical-framework-approach/,127,37,124,46,0,0,0,0
Default - (not set),Organic Search,/transformational-leadership/,124,18,120,15,0,0,0,0
MTS,Direct,/serving-god/,124,-46,131,-56,0,0,0,0
MSNP,Direct,/masters-nonprofit-leadership-management/,123,31,260,67,5,2,0.04065040650406504,0.008041710851891128
MED,Organic Search,/steam-education-in-schools/,123,31,144,38,0,0,0,0
MSLDT,Organic Search,/addie-model-instructional-design/,123,15,114,3,0,-1,0,-0.009259259259259259
MSLDT,Direct,/masters-learning-design-technology/,123,45,207,62,1,1,0.008130081300813009,0.008130081300813009
MED,Organic Search,/educational-resources-for-teachers/,121,-3,117,-10,0,-1,0,-0.008064516129032258
MED,Direct,/faculty/joseph-lathan/,120,41,139,34,0,0,0,0
CyberEng,Display,/masters-cyber-security-engineering/lp/smartbrief-display/,119,26,128,24,1,-4,0.008403361344537815,-0.04536007951567724
CyberOps,Direct,/top-cyber-security-blogs-websites/,119,7,109,-1,0,0,0,0
MSHA,Paid Search,/masters-humanitarian-action/lp/humanitarian-action/,118,-495,168,-551,13,-15,0.11016949152542373,0.0644924931567451
MESH,Organic Search,/6-best-urban-planning-careers-degree-salary-guide/,118,44,122,42,0,0,0,0
MED,Organic Search,/inclusive-education-strategies/,117,10,121,-11,0,0,0,0
Data Science,Paid Search,/masters-applied-data-science/lp/study-data-science/,116,4,145,10,3,3,0.02586206896551724,0.02586206896551724
MSHA,Organic Search,/types-of-advocacy/,113,20,114,22,0,0,0,0
MED,Organic Search,/adaptive-curriculum-for-special-education/,113,-42,125,-32,0,-1,0,-0.0064516129032258064
MED,Organic Search,/teacher-cover-letter-examples/,110,44,100,41,4,4,0.03636363636363636,0.03636363636363636
MED,Organic Search,/faculty/joseph-lathan/,109,8,119,-3,0,0,0,0
MSAAI,Organic Search,/artificial-intelligence-courses-and-certifications/,108,25,110,22,1,1,0.009259259259259259,0.009259259259259259
MED,Organic Search,/summer-jobs-teachers/,108,67,105,66,0,0,0,0
LEPSL,Organic Search,/what-style-police-leadership-most-effective/,106,21,112,26,0,0,0,0
MSAAI,Organic Search,/careers-using-python/,104,-5,114,1,0,0,0,0
MED,Organic Search,/what-is-educational-technology-definition-examples-impact/,104,-65,120,-60,0,0,0,0
MSLDT,Organic Search,/career-changes-for-teachers/,103,-9,113,-13,0,0,0,0
MSAAI,Direct,/ai-blogs/,103,8,105,20,0,0,0,0
MSLDT,Direct,/instructional-design-models/,102,-55,109,-48,0,0,0,0
MED,Direct,/brain-based-learning/,102,-3,99,-8,0,0,0,0
EML,Organic Search,/principal-engineer-vs-senior-engineer/,101,33,100,29,1,1,0.009900990099009901,0.009900990099009901
CyberOps,Direct,/masters-cyber-security-operations/,100,20,131,8,1,-3,0.01,-0.04
MSAAI,Email,/masters-applied-artificial-intelligence/,100,89,148,127,1,1,0.01,0.01
LEPSL,Organic Search,/what-is-intelligence-led-policing/,100,14,96,-4,0,0,0,0
EML,Organic Search,/senior-engineer-vs-tech-lead-vs-lead-engineer/,100,-1,99,-6,0,0,0,0
MSITL,Organic Search,/information-technology-trends/,99,-76,104,-90,0,0,0,0
MED,Organic Search,/co-teaching-models/,98,26,91,28,0,0,0,0
MESH,Organic Search,/community-health-degree-jobs/,97,26,103,33,0,0,0,0
MSNP,Organic Search,/best-nonprofit-degrees/,97,-3,115,-1,0,0,0,0
MSLDT,Direct,/kirkpatrick-training-evaluation-model/,96,18,88,20,0,0,0,0
MTS,Organic Search,/ministry-careers/,95,-41,96,-41,0,0,0,0
MSHA,Unknown - ihsa / social,/masters-humanitarian-action/,94,,145,,8,,0.0851063829787234,
MSHA,Direct,/how-to-become-diplomat/,93,36,99,39,0,0,0,0
MSNNL,Display,/masters-nursing-leadership/lp/nurse-cp/,93,63,99,53,0,-1,0,-0.03333333333333333
MED,Direct,/masters-education/,93,12,171,50,1,-1,0.010752688172043012,-0.013938669852648345
LEPSL,Direct,/community-policing-through-leadership/,92,85,85,78,0,0,0,0
CyberEng,Organic Search,/cyber-security-statistics/,91,-31,87,-32,0,0,0,0
MESH,Direct,/high-paying-environmental-jobs/,89,28,96,31,0,0,0,0
Data Science,Display,/masters-applied-data-science/lp/study-data-science/,88,0,91,-1,0,-1,0,-0.011363636363636364
MED,Direct,/what-is-educational-technology-definition-examples-impact/,88,-39,83,-49,0,0,0,0
MSLDT,Organic Search,/create-employee-training-program/,86,-8,91,-5,0,-2,0,-0.02127659574468085
Data Science,Organic Search,/quantitative-analyst-career/,85,-12,85,-10,0,0,0,0
MED,Organic Search,/per-pupil-education-spending-by-state/,84,-2,84,-10,0,0,0,0
Informatics,Direct,/8-technologies-changing-healthcare/,83,-142,77,-156,0,0,0,0
MED,Referral,/teacher-centered-vs-student-centered-learning/,82,5,84,2,3,2,0.036585365853658534,0.023598352866645547
MSAAI,Display,/masters-applied-artificial-intelligence/lp/study-artificial-intelligence/,82,22,90,14,1,-2,0.012195121951219513,-0.037804878048780494
EML,Direct,/future-engineering-trends/,82,18,79,12,0,0,0,0
MSLDT,Paid Social,/masters-learning-design-technology/lp/study-learning-design-technology/,81,7,86,7,1,-3,0.012345679012345678,-0.04170837504170838
MTS,Organic Search,/liturgy-of-the-hours/,81,-3,83,-17,0,-1,0,-0.011904761904761904
MED,AI Traffic,/education-inequity-and-homework/,80,11,89,5,0,0,0,0
MTS,Organic Search,/how-to-become-a-spiritual-director/,79,2,84,-4,0,0,0,0
CyberOps,Organic Search,/ethical-hacker-career-salary-guide/,79,-6,90,-6,0,0,0,0
MTS,Organic Search,/jobs-for-catholics/,79,5,88,1,0,0,0,0
MED,Direct,/co-teaching-models/,79,22,64,9,0,0,0,0
MSHA,Organic Search,/top-humanitarian-degrees/,79,-6,84,-23,0,-2,0,-0.023529411764705882
MESH,Organic Search,/career-changes-for-engineers/,77,-9,79,-14,0,0,0,0
MSNNL,Paid Search,/masters-nursing-leadership/apply/,76,54,99,70,1,1,0.013157894736842105,0.013157894736842105
MED,Organic Search,/differentiated-instruction/,76,-10,73,2,0,0,0,0
MSLDT,Organic Search,/learning-objectives-examples/,76,-8,76,-3,0,0,0,0
MSAAI,Direct,/artificial-intelligence-finance/,76,23,72,19,0,0,0,0
MED,Direct,/best-masters-degrees-for-teachers/,74,2,78,2,0,0,0,0
Data Science,Direct,/masters-applied-data-science/,74,4,98,11,1,0,0.013513513513513514,-0.000772200772200771
MSLDT,Organic Search,/top-instructional-design-software/,74,10,71,15,1,1,0.013513513513513514,0.013513513513513514
MED,Direct,/teaching-to-every-students-unique-learning-style/,73,-17,84,-12,0,0,0,0
MESH,Organic Search,/ngo-careers/,71,-12,75,-14,1,0,0.014084507042253521,0.0020363142711691835
MED,Organic Search,/instructional-leadership/,71,5,71,4,0,0,0,0
MSAAI,Direct,/application-of-ai-in-robotics/,71,-13,70,-26,0,0,0,0
Default - (not set),Direct,/tuition-financial-aid/tuition/,70,41,75,51,0,0,0,0
MSHA,Direct,/masters-humanitarian-action/,70,20,120,30,0,-1,0,-0.02
Default - (not set),Organic Search,/programs/,70,25,97,38,0,0,0,0
MSAAI,Organic Search,/machine-learning-podcast/,70,-3,72,-3,0,0,0,0
MSITL,Direct,/it-job-titles/,69,4,92,25,0,0,0,0
MTS,Direct,/masters-theological-studies/,69,-132,119,-115,0,-1,0,-0.004975124378109453
MED,Direct,/steam-education-in-schools/,69,12,70,18,0,0,0,0
EML,Display,/masters-engineering-management-leadership/lp/ppc/,69,-324,70,-347,1,-6,0.014492753623188406,-0.0033189512114171916
MED,Direct,/differentiated-instruction/,68,-28,60,-35,0,0,0,0
MED,Direct,/inclusive-education-strategies/,68,21,68,18,0,0,0,0
MSNNL,Direct,/masters-nursing-leadership/,67,3,153,15,3,-2,0.04477611940298507,-0.03334888059701493
MED,Organic Search,/masters-education/,67,2,97,-20,1,0,0.014925373134328358,-0.00045924225028702755
"Default - business-entrepreneurship,computer-science,technology",Organic Search,/ai-for-teachers/,67,25,69,30,0,0,0,0
MTS,Direct,/catholic-charism-comparison/,66,19,70,19,0,0,0,0
MSAAI,Referral,/artificial-intelligence-business/,66,2,65,12,2,2,0.030303030303030304,0.030303030303030304
MSHA,Direct,/examples-of-social-change/,65,30,68,33,0,0,0,0
MSLDT,Organic Social,/instructional-design-interview-questions/,64,,66,,0,,0,
MSHA,Direct,/humanitarian-intervention-success-stories/,64,8,71,14,1,1,0.015625,0.015625
MSLDT,Organic Search,/masters-learning-design-technology/,64,15,150,53,1,1,0.015625,0.015625
MSLDT,Organic Search,/instructional-technology-tools/,63,8,62,10,1,1,0.015873015873015872,0.015873015873015872
CyberEng,Organic Search,/cyber-crime-investigator-career/,63,3,68,7,0,0,0,0
MED,Direct,/teacher-resume-examples/,63,53,57,48,3,3,0.047619047619047616,0.047619047619047616
MSITL,Organic Search,/technology-degrees/,63,15,67,15,0,0,0,0
MSITL,Organic Search,/it-careers-after-help-desk/,63,5,61,8,0,0,0,0
MED,Direct,/cooperative-learning-strategies/,62,5,56,2,0,0,0,0
MSHA,Direct,/human-rights-violation-definition/,62,60,69,67,0,0,0,0
MSAAI,Organic Search,/best-artificial-intelligence-degrees/,62,-25,65,-30,1,1,0.016129032258064516,0.016129032258064516
MSAAI,Direct,/ai-ethicist-career/,62,23,61,14,0,0,0,0
MSNP,Organic Search,/nonprofit-grant-databases/,62,-1,62,3,1,1,0.016129032258064516,0.016129032258064516
MSHA,Organic Search,/international-affairs-careers/,61,32,67,36,0,0,0,0
MSLDT,Direct,/what-is-instructional-design-examples/,61,23,60,23,0,0,0,0
LEPSL,Organic Search,/top-5-trends-in-law-enforcement/,61,-23,64,-33,0,0,0,0
CyberEng,Direct,/masters-cyber-security-engineering/classes/,61,13,61,11,0,0,0,0
MSNP,Organic Search,/grant-writer-career/,60,-18,71,-10,0,0,0,0
Default - (not set),Direct,/admissions/how-to-apply/,60,20,67,26,2,2,0.03333333333333333,0.03333333333333333
MED,Direct,/adaptive-curriculum-for-special-education/,60,33,55,30,0,0,0,0
LEPSL,Organic Search,/why-police-officer-education-is-important/,60,-14,59,-15,0,-1,0,-0.013513513513513514
EML,Organic Search,/masters-engineering-management-leadership/,59,20,106,17,1,1,0.01694915254237288,0.01694915254237288
MSNP,Organic Search,/ngo-vs-nonprofit/,59,2,60,-11,0,0,0,0
MSLDT,Referral,/instructional-design-models/,59,44,57,44,0,0,0,0
CyberEng,Organic Search,/network-forensics-tools/,58,-13,50,-19,0,0,0,0
MTS,Organic Search,/religious-vocational-discernment/,58,-2,62,-8,0,0,0,0
Informatics,Paid Social,/masters-health-informatics/lp/study-health-informatics/,57,-322,60,-353,1,-24,0.017543859649122806,-0.048419201036893025
Default - (not set),Organic Search,/student-support/office-of-financial-aid-services/,57,24,63,28,0,0,0,0
MTS,Organic Search,/why-study-theology/,56,1,59,-1,0,0,0,0
Default - (not set),Direct,/admissions/,56,15,66,2,2,2,0.03571428571428571,0.03571428571428571
Default - (not set),Direct,/online-programs/,56,13,57,12,0,0,0,0
MED,Organic Search,/teacher-resume-examples/,55,34,63,36,2,2,0.03636363636363636,0.03636363636363636
CyberEng,Organic Search,/masters-cyber-security-engineering/,55,-28,79,-37,0,0,0,0
MTS,Organic Search,/how-to-regain-your-faith/,54,-6,57,-18,0,0,0,0
MSNP,Organic Search,/nonprofit-executive-director/,53,15,59,23,0,0,0,0
MSNP,Organic Search,/nonprofit-operations-career/,52,5,53,8,0,0,0,0
MSAAI,Direct,/ai-trainer/,52,31,55,32,0,0,0,0
MSITL,Direct,/information-technology-trends/,52,27,51,24,0,0,0,0
CyberOps,Direct,/ethical-hacker-career-salary-guide/,52,13,58,19,0,0,0,0
Data Science,Organic Search,/sports-analytics-careers/,51,14,62,24,1,1,0.0196078431372549,0.0196078431372549
CyberEng,Organic Search,/black-vs-gray-vs-white-hat-hackers/,51,-11,48,-14,0,0,0,0
Default - (not set),Direct,/programs/,50,0,72,9,2,2,0.04,0.04
MSHA,Direct,/logical-framework-approach/,50,4,50,9,0,0,0,0
LEPSL,Organic Search,/police-conflict-management-strategies/,50,11,52,10,0,0,0,0
MSAAI,Paid Search,/masters-applied-artificial-intelligence/,50,23,73,37,2,0,0.04,-0.03407407407407407
LEPSL,Email,/masters-law-enforcement-leadership/,50,-28,57,-41,1,1,0.02,0.02
MED,Direct,/manage-cell-phones-in-class-tips/,49,20,52,17,0,0,0,0
MSITL,Organic Search,/it-organizational-structure/,49,-5,44,-10,0,0,0,0
MESH,Direct,/masters-engineering-sustainability-health/,49,-2,57,-12,0,-1,0,-0.0196078431372549
MSAAI,AI Traffic,/ai-blogs/,49,-27,57,-28,0,0,0,0
CyberOps,Organic Search,/masters-cyber-security-operations/,49,-2,95,23,2,1,0.04081632653061224,0.02120848339335734
MSHA,Organic Search,/social-advocacy-definition/,49,-13,46,-14,0,0,0,0
MSAAI,AI Traffic,/artificial-intelligence-education/,49,-29,56,-33,0,0,0,0
MSNP,Organic Search,/masters-nonprofit-leadership-management/,49,1,86,-3,5,3,0.10204081632653061,0.06037414965986395
MSNNL,Paid Search,/masters-nursing-leadership/nursing-informatics-track/,49,31,88,63,1,1,0.02040816326530612,0.02040816326530612
MED,Direct,/rethinking-education-assessment-types/,49,-18,53,-8,0,0,0,0
MSITL,Display,/masters-information-technology-leadership/lp/ppc/,48,-6,52,-4,3,2,0.0625,0.04398148148148148
MSAAI,Organic Search,/artificial-intelligence-scholarships/,48,-20,55,-25,0,-1,0,-0.014705882352941176
MESH,Organic Search,/top-degrees-for-social-justice-careers/,48,7,55,4,0,0,0,0
MSAAI,Referral,/masters-applied-artificial-intelligence/,47,-22,126,9,6,3,0.1276595744680851,0.08418131359851988
MSLDT,Direct,/create-employee-training-program/,47,-25,47,-17,0,0,0,0
EML,Organic Search,/engineering-manager-skills/,47,-16,44,-18,0,-1,0,-0.015873015873015872
Informatics,Direct,/masters-health-informatics/health-informatics-track/,46,3,48,-12,0,0,0,0
LEPSL,Direct,/what-style-police-leadership-most-effective/,46,15,51,22,0,0,0,0
MED,AI Traffic,/complete-list-teaching-methods/,45,35,53,38,0,0,0,0
Informatics,Direct,/masters-health-informatics/health-analytics-track/,45,24,58,30,2,2,0.044444444444444446,0.044444444444444446
MED,Direct,/instructional-leadership/,45,16,41,12,0,0,0,0
MESH,Direct,/ngo-careers/,45,-9,47,-10,0,0,0,0
Data Science,Direct,/masters-applied-data-science/classes/,45,16,63,24,0,0,0,0
MED,Referral,/co-teaching-models/,45,17,41,11,0,0,0,0
MTS,Paid Search,/masters-theological-studies/apply/,44,11,76,38,0,-1,0,-0.030303030303030304
MTS,Organic Search,/what-is-lay-ministry/,44,-32,48,-47,0,0,0,0
MED,Organic Search,/what-grade-should-you-teach/,44,21,44,21,0,0,0,0
Default - (not set),Direct,/tuition-financial-aid/,44,7,68,27,0,0,0,0
EML,Organic Search,/engineering-management-leadership-certifications/,44,-7,41,-8,0,0,0,0
MSLDT,Direct,/job-aid-examples-template/,44,-4,43,1,0,0,0,0
Default - (not set),Organic Search,/tuition-financial-aid/tuition/,43,13,39,3,0,0,0,0
MTS,Display,/masters-theological-studies/,43,-17,55,-35,0,-2,0,-0.03333333333333333
MTS,Organic Search,/how-to-become-a-catholic-school-teacher/,43,-10,52,-15,0,0,0,0
MTS,Organic Search,/what-is-ecospirituality/,43,-6,47,0,0,0,0,0
MSNP,Organic Search,/public-administration-careers/,43,15,44,14,0,0,0,0
MSAAI,Organic Search,/machine-learning-engineer-career/,43,-4,50,-4,0,0,0,0
LEPSL,Referral,/masters-law-enforcement-leadership/lp/fop/,42,-11,47,-13,0,-2,0,-0.03773584905660377
MTS,Organic Search,/ways-to-deepen-your-faith/,42,-11,47,-13,0,0,0,0
MESH,Organic Search,/environmental-justice-careers/,42,-14,41,-20,0,0,0,0
CyberEng,Organic Search,/cybersecurity-vs-it-degree/,42,13,45,15,0,0,0,0
MSLDT,Organic Social,/masters-learning-design-technology/,42,41,45,42,0,0,0,0
MSAAI,Direct,/resources/msaai-online-artificial-intelligence-self-assessment/,42,35,58,50,0,0,0,0
MTS,Organic Search,/moral-theology/,42,10,54,19,1,1,0.023809523809523808,0.023809523809523808
MSLDT,Direct,/addie-model-instructional-design/,42,2,48,5,0,0,0,0
MED,Referral,/complete-list-teaching-methods/,42,16,48,15,0,0,0,0
Default - (not set),Direct,/employer-partnership/,42,-33,54,-29,1,-1,0.023809523809523808,-0.00285714285714286
MED,Organic Search,/master-education-vs-master-arts-teaching/,42,18,47,22,0,0,0,0
MED,Organic Search,/masters-education/specializations/steam/,41,23,52,32,0,0,0,0
Default - (not set),Direct,/admitted-students/,41,7,42,-13,0,0,0,0
MESH,Organic Search,/environmental-science-vs-engineering-degree/,41,1,44,1,0,0,0,0
MSAAI,Organic Search,/artificial-intelligence-developer-career/,41,11,41,5,0,0,0,0
MESH,Organic Search,/social-justice-careers/,40,1,43,-2,0,0,0,0
CyberEng,Organic Search,/masters-cyber-security-engineering/lp/cyber-security-engineering/,40,-29,56,-19,2,0,0.05,0.02101449275362319
LEPSL,Direct,/police-communication-important-today/,40,-6,41,-1,0,0,0,0
MTS,Organic Search,/philosophy-degree-jobs/,40,17,41,19,0,0,0,0
MSLDT,Organic Search,/how-to-become-a-curriculum-designer/,40,2,40,-6,2,2,0.05,0.05
CyberEng,Email,/masters-cyber-security-engineering/,40,39,50,47,0,0,0,0
MSAAI,Organic Search,/masters-applied-artificial-intelligence/apply/,40,-19,73,19,0,0,0,0
MED,Direct,/educational-resources-for-teachers/,39,6,38,4,0,0,0,0
LEPSL,Direct,/masters-law-enforcement-leadership/classes/,39,15,44,19,0,0,0,0
MSAAI,Organic Search,/masters-applied-artificial-intelligence/classes/,39,-11,57,8,2,2,0.05128205128205128,0.05128205128205128
Default - business-entrepreneurship,Organic Search,/best-engineering-software/,39,19,37,16,0,0,0,0
MED,Direct,/masters-education/specializations/special-ed/,39,22,76,43,0,0,0,0
CyberEng,Direct,/masters-cyber-security-engineering/apply/,39,-11,41,-14,0,0,0,0
MSITL,Direct,/masters-information-technology-leadership/,39,-6,61,2,1,0,0.02564102564102564,0.003418803418803417
MED,Direct,/bilingual-education/,38,-9,28,-28,0,0,0,0
Default - (not set),Direct,/forms/,38,13,83,13,4,3,0.10526315789473684,0.06526315789473683
MSAAI,Organic Search,/ai-governance/,38,4,32,-9,2,0,0.05263157894736842,-0.006191950464396287
MESH,Organic Search,/jobs-that-make-difference/,38,-16,38,-19,0,0,0,0
MESH,Organic Search,/blog-msph-vs-mph-degree-comparison/,38,5,38,6,0,0,0,0
MED,Organic Search,/technology-in-the-classroom/,37,9,37,4,0,0,0,0
MSAAI,Organic Search,/ethics-in-artificial-intelligence/,37,9,35,9,0,0,0,0
Informatics,Direct,/,37,27,112,83,0,0,0,0
LEPSL,Organic Search,/criminal-justice-masters-degree-comparison/,36,17,39,17,0,0,0,0
LEPSL,Direct,/what-is-intelligence-led-policing/,36,19,33,16,0,0,0,0
Data Science,Organic Search,/coding-salary/,36,9,42,14,0,0,0,0
MTS,Organic Search,/how-to-get-more-involved-in-church/,36,-8,36,-14,0,0,0,0
MTS,Organic Search,/nature-spirituality/,36,-9,40,-11,0,0,0,0
Informatics,Organic Search,/healthcare-informatics-jobs-salary/,36,17,40,21,0,0,0,0
CyberEng,Direct,/cyber-security-statistics/,36,-22,32,-28,0,0,0,0
MESH,Email,/masters-engineering-sustainability-health/lp/dyna/,35,-119,39,-123,0,0,0,0
MSLDT,Direct,/instructional-technology-tools/,35,19,38,22,0,0,0,0
Data Science,Direct,/masters-applied-data-science/apply/,35,6,36,6,0,0,0,0
Default - (not set),Organic Search,/online-programs/,35,0,42,7,0,0,0,0
Default - (not set),Organic Search,/bringing-a-product-to-market/,35,7,33,9,0,0,0,0
MED,Direct,/best-paying-school-districts-ca-teachers/,35,-15,36,-13,0,0,0,0
MTS,Direct,/minimalist-catholic/,35,14,38,15,0,0,0,0
MTS,Organic Search,/religious-studies-degree-jobs/,35,10,37,12,0,0,0,0
MSAAI,Paid Social,/masters-applied-artificial-intelligence/classes/,34,8,34,9,0,-1,0,-0.038461538461538464
MSLDT,Direct,/learning-objectives-examples/,34,15,41,19,0,0,0,0
CyberOps,Referral,/cyber-security-information-security-network-security/,34,4,37,9,0,0,0,0
MSHA,Organic Search,/refugee-aid-careers/,34,2,43,12,0,0,0,0
LEPSL,Display,/masters-law-enforcement-leadership/lp/request-info/,34,0,35,0,0,0,0,0
MSNP,Organic Search,/business-masters-degrees-types/,34,16,34,14,0,0,0,0
MTS,Direct,/theology-careers/,34,-23,38,-20,0,0,0,0
MSLDT,Organic Search,/instructional-technologist-career/,33,28,27,17,0,0,0,0
Data Science,Organic Search,/masters-applied-data-science/,33,10,47,18,0,0,0,0
MSAAI,Direct,/entry-level-ai-careers/,33,-12,32,-16,0,0,0,0
Informatics,Paid Search,/,33,0,135,32,0,-2,0,-0.06060606060606061
LEPSL,Organic Search,/why-military-vets-should-consider-career-in-criminal-justice/,33,-4,35,-4,0,0,0,0
MSNP,Direct,/masters-nonprofit-leadership-management/classes/,33,14,34,3,0,0,0,0
MTS,Organic Search,/st-francis-of-assisi-and-franciscan-theology/,33,6,32,4,0,0,0,0
LEPSL,Organic Search,/masters-law-enforcement-leadership/classes/,33,8,42,13,1,1,0.030303030303030304,0.030303030303030304
MSLDT,Direct,/top-instructional-design-software/,33,-26,34,-22,1,1,0.030303030303030304,0.030303030303030304
Data Science,Organic Search,/what-is-data-analytics/,33,-3,32,-3,0,0,0,0
MED,Organic Search,/education-specialist/,33,-7,36,-8,0,-1,0,-0.025
MED,Organic Search,/bilingual-education/,32,2,26,-10,0,0,0,0
MESH,Organic Search,/environmental-scientist-career/,32,6,30,4,0,0,0,0
MED,Referral,/brain-based-learning/,32,-10,27,-14,0,-1,0,-0.023809523809523808
MESH,Organic Search,/environmental-policy-analyst-career/,32,7,33,6,0,0,0,0
MESH,Organic Search,/community-health-worker-certification/,32,6,34,3,0,0,0,0
MED,Direct,/masters-education/apply/,32,17,33,11,0,-1,0,-0.06666666666666667
MSHA,Direct,/theory-of-change/,32,-13,30,-10,0,0,0,0
MESH,Organic Search,/best-sustainability-podcasts/,32,1,30,-2,0,0,0,0
MSAAI,Organic Search,/open-source-ai-tools/,32,1,36,0,1,0,0.03125,-0.0010080645161290314
MSLDT,Organic Search,/instructional-design-interview-questions/,32,25,28,22,0,0,0,0
MESH,Direct,/masters-engineering-sustainability-health/apply/,32,-16,36,-34,0,0,0,0
MSAAI,Direct,/ethics-in-artificial-intelligence/,32,-50,31,-43,0,0,0,0
MSNP,Organic Search,/benefits-of-working-in-nonprofit/,31,-11,32,-19,0,0,0,0
MED,Organic Search,/teach-in-private-or-public-school/,31,-6,33,-3,0,0,0,0
MESH,Organic Search,/sustainability-consultant-career/,31,13,35,8,1,0,0.03225806451612903,-0.02329749103942652
MESH,Organic Search,/sustainability-degree-options/,31,11,32,12,0,0,0,0
Data Science,Organic Search,/data-science-vs-software-engineering/,31,19,30,15,0,0,0,0
MTS,Organic Search,/minimalist-catholic/,31,-13,34,-14,0,0,0,0
MSAAI,Direct,/ai-research-scientist-career/,31,-10,32,-15,0,0,0,0
MSHA,Organic Search,/emergency-management-coordinator-career/,31,-3,30,-10,0,0,0,0
Informatics,Direct,/masters-health-informatics/apply/,31,3,29,-1,1,-1,0.03225806451612903,-0.03917050691244239
MESH,Direct,/masters-engineering-sustainability-health/classes/,30,8,34,-4,0,0,0,0
MTS,Direct,/nature-spirituality/,30,12,26,8,0,0,0,0
Data Science,Organic Search,/business-intelligence-certifications/,30,-11,31,-16,0,0,0,0
MED,Paid Social,/masters-education/lp/online-med/,30,-435,31,-501,2,-29,0.06666666666666667,0
MED,Organic Search,/best-teacher-blogs/,30,-11,36,-12,0,0,0,0
MSAAI,Organic Search,/nlp-engineer-career/,30,3,29,-3,0,0,0,0
CyberOps,Organic Search,/best-jobs-in-cyber-security/,30,-41,31,-46,0,0,0,0
MTS,Direct,/religious-vocational-discernment/,29,21,27,19,0,0,0,0
Default - (not set),Direct,/offers/oed-leads/,29,2,33,5,0,0,0,0
MSAAI,Organic Search,/artificial-intelligence-bootcamps/,29,14,29,12,0,0,0,0
LEPSL,Organic Search,/community-policing-through-leadership/,29,19,37,27,0,0,0,0
Data Science,Organic Search,/companies-hiring-data-scientists/,29,-21,31,-16,0,0,0,0
Data Science,Paid Social,/data-science-vs-software-engineering/,29,,28,,0,,0,
Data Science,Direct,/resources/msads-request-program-brochure/,29,8,39,16,3,3,0.10344827586206896,0.10344827586206896
MSNNL,Unknown - social / social,/masters-nursing-leadership/lp/nurse-cp/,29,23,28,22,0,0,0,0
Informatics,Organic Search,/nurse-leader-vs-nurse-manager/,29,22,32,24,0,0,0,0
CyberEng,Organic Search,/cyber-security-salary-california/,29,-6,30,-6,0,0,0,0
MED,Organic Search,/masters-education/specializations/,29,22,27,19,0,0,0,0
Data Science,Organic Search,/data-scientist-salary-guide/,28,-7,30,-6,0,0,0,0
MSLDT,Organic Search,/ai-instructional-design/,28,14,33,14,1,1,0.03571428571428571,0.03571428571428571
CyberEng,Organic Search,/cyber-threat-intelligence-analyst/,28,10,23,3,0,0,0,0
Data Science,Organic Search,/data-communication/,28,-21,32,-23,0,0,0,0
MSHA,Direct,/types-of-advocacy/,28,6,30,11,0,0,0,0
Informatics,Direct,/education/,28,14,28,14,0,0,0,0
MSAAI,AI Traffic,/artificial-intelligence-courses-and-certifications/,27,-1,27,2,0,0,0,0
CyberOps,Organic Search,/cyber-security-information-security-network-security/,27,-10,25,-12,0,0,0,0
EML,Direct,/principal-engineer-vs-senior-engineer/,27,11,27,11,0,0,0,0
MSLDT,Organic Search,/educational-technology-jobs/,27,-22,28,-22,0,0,0,0
MSAAI,Direct,/resources/free-ms-aai-program-brochure/,27,6,41,13,2,-1,0.07407407407407407,-0.06878306878306878
LEPSL,Referral,/masters-law-enforcement-leadership/,27,-1,49,-17,0,-1,0,-0.03571428571428571
MSNNL,Direct,/masters-nursing-leadership/apply/,27,18,32,21,0,0,0,0
Default - (not set),Organic Search,/admissions/,27,-15,30,-10,1,0,0.037037037037037035,0.013227513227513227
CyberOps,Direct,/cyber-security-information-security-network-security/,27,-8,23,-4,0,0,0,0
MSNP,Organic Search,/donor-management-software/,27,0,28,1,0,0,0,0
Informatics,Paid Search,/masters-health-informatics/,26,10,48,24,1,0,0.038461538461538464,-0.024038461538461536
EML,Organic Search,/chief-engineer-officer-career/,26,10,26,11,0,0,0,0
LEPSL,Organic Search,/masters-law-enforcement-leadership/lp/criminal-justice/,26,14,38,22,3,0,0.11538461538461539,-0.1346153846153846
MSHA,Direct,/international-aid-worker-tips/,26,5,32,11,0,0,0,0
MTS,Direct,/liturgy-of-the-hours/,26,-4,31,-3,0,0,0,0
MSLDT,Direct,/masters-learning-design-technology/apply/,26,4,43,1,0,-1,0,-0.045454545454545456
Data Science,Referral,/business-intelligence-certifications/,26,2,30,4,0,0,0,0
MSAAI,Direct,/masters-applied-artificial-intelligence/lp/study-artificial-intelligence/,26,8,28,0,0,-1,0,-0.05555555555555555
MESH,Direct,/sustainability-scholarships/,26,1,27,3,0,0,0,0
CyberOps,Direct,/masters-cyber-security-operations/classes/,26,-1,26,0,0,0,0,0
MTS,Organic Search,/masters-theological-studies/,26,1,90,49,0,0,0,0
MSNP,Organic Search,/nonprofit-certificate-programs/,26,7,30,10,0,0,0,0
MTS,Organic Search,.translate.goog/what-is-liturgy/,26,-5,30,-3,0,0,0,0
Default - (not set),Organic Search,/mba-interview-questions/,26,16,21,11,0,0,0,0
Informatics,Direct,/masters-health-informatics/classes/,26,9,25,-1,0,0,0,0
Default - (not set),Direct,/gfembed/,26,9,26,9,0,0,0,0
MSITL,Organic Search,/systems-engineer-career/,26,-11,26,-10,0,0,0,0
MSAAI,Organic Search,.translate.goog/artificial-intelligence-education/,26,-2,29,-3,0,0,0,0
EML,Organic Search,/lead-engineer-career/,26,-2,30,1,1,1,0.038461538461538464,0.038461538461538464
MED,Direct,/,26,-1,110,21,0,0,0,0
Default - (not set),Organic Search,/admitted-students/,26,12,29,13,0,0,0,0
LEPSL,Direct,/masters-law-enforcement-leadership/apply/,25,12,24,11,0,0,0,0
MESH,Organic Search,/sustainability-engineer-career/,25,-4,23,-6,0,0,0,0
CyberOps,Organic Search,/information-assurance-vs-cybersecurity/,25,14,30,15,0,0,0,0
MED,Organic Search,/,25,-6,74,-31,0,0,0,0
MESH,Direct,/career-changes-for-engineers/,25,1,24,-1,0,0,0,0
MSITL,Direct,/masters-information-technology-leadership/lp/ppc/,25,15,36,26,2,2,0.08,0.08
MSAAI,Organic Search,/ai-research-scientist-career/,25,-11,25,-18,0,0,0,0
Informatics,Organic Search,/what-skills-do-you-need-to-work-in-health-care-informatics/,25,-15,25,-18,0,-2,0,-0.05
Informatics,Direct,/bachelors-nursing/,25,,37,,0,,0,
MSAAI,Direct,/artificial-intelligence-scholarships/,25,12,25,14,0,0,0,0
Informatics,Organic Search,/health-information-management-vs-health-informatics/,24,5,25,5,0,0,0,0
MSHA,Organic Search,/humanitarian-aid-certificate-courses/,24,1,32,2,0,-1,0,-0.043478260869565216
MED,Organic Search,/can-you-teach-with-a-bachelors-degree/,24,-17,26,-24,0,0,0,0
CyberEng,Direct,/black-vs-gray-vs-white-hat-hackers/,24,7,23,6,0,0,0,0
CyberEng,Paid Search,/masters-cyber-security-engineering/,24,9,28,8,0,0,0,0
CyberEng,AI Traffic,/masters-cyber-security-engineering/,24,2,25,2,0,0,0,0
MSLDT,Direct,/instructional-design-interview-questions/,24,17,30,23,0,0,0,0
MED,Organic Social,/education-inequity-and-homework/,24,3,36,10,0,0,0,0
Data Science,Organic Search,/how-to-become-a-computer-scientist-salary-career-guide/,24,-7,22,-12,0,0,0,0
LEPSL,Direct,/women-in-law-enforcement/,24,-2,23,-4,0,0,0,0
MTS,Direct,/st-francis-of-assisi-and-franciscan-theology/,23,11,15,1,0,0,0,0
MSNP,Direct,/nonprofit-jobs/,23,5,22,1,0,0,0,0
MSHA,Direct,/masters-humanitarian-action/classes/,23,-2,30,-2,1,0,0.043478260869565216,0.0034782608695652154
MSITL,Paid Search,/masters-information-technology-leadership/classes/applied-ai-specialization/,23,-10,36,-13,2,2,0.08695652173913043,0.08695652173913043
MSITL,Organic Search,/it-career-paths/,23,3,21,-3,0,0,0,0
Informatics,Direct,/health-information-technology-jobs-salary/,23,22,23,22,0,0,0,0
MSLDT,Organic Search,/what-is-learning-design/,23,8,29,7,0,0,0,0
MSLDT,Organic Search,/learning-experience-design/,23,-2,32,0,0,-1,0,-0.04
Informatics,Organic Search,/do-you-need-health-informatics-certification/,23,-21,31,-18,0,-2,0,-0.045454545454545456
MESH,Direct,/6-best-urban-planning-careers-degree-salary-guide/,23,7,25,9,0,0,0,0
MED,Direct,/masters-education/specializations/curriculum-and-instruction/,23,-4,29,-4,0,-1,0,-0.037037037037037035
Informatics,Organic Search,/ai-healthcare/,23,-1,25,-2,0,0,0,0
MSAAI,Paid Search,/masters-applied-artificial-intelligence/apply/,23,16,34,25,0,0,0,0
MED,Direct,/careers-masters-curriculum-instruction/,22,-2,22,2,0,0,0,0
CyberOps,Organic Search,/malware-analyst-career-guide/,22,8,22,9,0,0,0,0
Data Science,Direct,/best-computer-science-jobs/,22,7,23,6,0,0,0,0
Informatics,Organic Search,/5-exciting-health-care-informatics-projects/,22,-5,24,-4,0,0,0,0
MSITL,Organic Search,/how-to-become-a-site-reliability-engineer/,22,3,23,3,0,0,0,0
LEPSL,Direct,/blog/police-leadership/,22,9,39,23,0,0,0,0
LEPSL,Organic Search,/risk-management-in-law-enforcement/,22,-24,21,-32,0,0,0,0
MTS,Email,/masters-theological-studies/,22,-49,42,-68,4,3,0.18181818181818182,0.1677336747759283
MSLDT,Direct,/masters-learning-design-technology/classes/,22,6,60,33,0,0,0,0
LEPSL,Organic Search,/faculty/wendy-patrick/,22,-52,24,-59,0,0,0,0
EML,Direct,/masters-engineering-management-leadership/curriculum/,22,-5,26,0,0,0,0,0
MESH,Direct,/environmental-scientist-career/,22,7,23,7,0,0,0,0
MESH,Organic Search,/best-sustainability-certifications/,21,-10,23,-6,0,0,0,0
MTS,Paid Search,/masters-theological-studies/,21,2,27,4,0,0,0,0
CyberEng,Organic Search,/cyber-security-vs-software-engineering/,21,-8,23,-4,0,0,0,0
EML,Organic Search,/manage-engineering-team/,21,7,21,6,0,0,0,0
MESH,Organic Search,/environmental-studies-vs-environmental-science-degree/,21,0,21,-2,0,0,0,0
MED,Organic Search,/masters-education-non-teachers-offers-options/,21,1,27,4,1,1,0.047619047619047616,0.047619047619047616
MSAAI,Organic Search,/data-scientist-vs-artificial-intelligence-engineer/,21,4,20,5,0,0,0,0
CyberOps,Organic Search,/cyber-security-specialist-career-guide/,21,7,30,13,0,0,0,0
MESH,Direct,/climate-change-careers/,21,-16,22,-13,0,0,0,0
MSLDT,Organic Search,/instructional-design-vs-learning-experience-design/,21,9,23,9,1,1,0.047619047619047616,0.047619047619047616
CyberOps,Direct,/cryptographer-career/,21,1,19,-1,0,0,0,0
MSHA,Organic Search,/what-makes-a-good-humanitarian-important-skills/,21,1,21,-4,0,0,0,0
EML,Referral,/masters-engineering-management-leadership/,21,-13,41,-4,2,1,0.09523809523809523,0.06582633053221287
MSAAI,Direct,/university-of-san-diego-launches-full-time-on-campus-masters-degree-programs-in-applied-artificial-intelligence-and-cyber-security-engineering/,21,,26,,0,,0,
MED,Referral,/instructional-leadership/,21,13,29,24,0,0,0,0
MED,Direct,/masters-education/specializations/,21,13,24,15,0,0,0,0
CyberEng,Direct,/cyber-crime-investigator-career/,21,7,20,2,0,0,0,0
MSNNL,Organic Search,/nursing-leadership-roles/,21,-1,23,-3,0,0,0,0
MED,Organic Search,/masters-education/specializations/curriculum-and-instruction/,21,2,23,0,0,0,0,0
MTS,Referral,/masters-theological-studies/,21,-21,29,-23,1,1,0.047619047619047616,0.047619047619047616
Default - (not set),Referral,/,21,-2,31,6,0,0,0,0
MSLDT,Direct,/,21,11,146,76,0,-1,0,-0.1
MSLDT,Organic Search,/instructional-design-best-practices/,20,9,19,7,1,1,0.05,0.05
CyberEng,Unknown - hackgd-conference / offline,/masters-cyber-security-engineering/lp/dyna/,20,,31,,10,,0.5,
MSNNL,Direct,/masters-nursing-leadership/classes/,20,2,31,4,0,0,0,0
"Default - business-entrepreneurship,computer-science,technology",Direct,/ai-for-teachers/,20,8,19,8,0,0,0,0
MSNNL,Direct,/,20,14,167,137,1,1,0.05,0.05
MSLDT,Referral,/instructional-design-best-practices/,20,,17,,0,,0,
MESH,Organic Search,/environmental-planner-career/,20,-1,18,-4,0,0,0,0
Informatics,Direct,/what-is-health-informatics/,20,11,18,-5,0,0,0,0
Informatics,Organic Search,/masters-health-informatics/apply/,20,-9,24,-7,0,0,0,0
MED,Direct,/masters-education/specializations/school-leadership/,20,2,27,4,0,0,0,0
MESH,Organic Search,/environmental-compliance-officer-career/,20,-1,20,-6,0,0,0,0
MESH,Paid Search,/masters-engineering-sustainability-health/,20,0,27,-18,0,0,0,0
MSAAI,Direct,/artificial-intelligence-courses-and-certifications/,20,-14,17,-22,0,0,0,0
Data Science,Direct,/resources/data-science-self-assessment/,20,5,21,7,0,0,0,0
Data Science,Direct,/quantitative-analyst-career/,20,-6,18,-7,0,0,0,0
MSNP,Organic Search,/volunteer-management-software/,20,1,21,7,0,0,0,0
Default - (not set),Organic Search,/admissions/military-veterans/,20,4,28,7,0,0,0,0
EML,Organic Search,/engineering-masters-degrees/,20,-8,21,-16,0,0,0,0
MSNP,Referral,/masters-nonprofit-leadership-management/,20,6,32,12,0,-2,0,-0.14285714285714285
CyberOps,Organic Search,/ceh-certification/,20,-24,21,-22,0,0,0,0
MSAAI,Paid Search,/masters-applied-artificial-intelligence/classes/,20,-1,26,7,0,-2,0,-0.09523809523809523
EML,Paid Search,/masters-engineering-management-leadership/,20,6,21,-3,0,0,0,0
Default - (not set),Direct,/about/,20,3,26,11,0,0,0,0
Default - (not set),Paid Search,/tuition-financial-aid/tuition/,20,-1,22,3,0,0,0,0
CyberOps,Organic Search,/data-protection-officer-career-guide/,20,0,20,1,0,0,0,0
CyberOps,Organic Search,/10-reasons-to-get-your-masters-degree-in-cyber-security/,19,0,21,1,0,0,0,0
MSAAI,Organic Social,/masters-applied-artificial-intelligence/,19,-40,24,-59,1,1,0.05263157894736842,0.05263157894736842
MTS,Paid Search,/masters-theological-studies/classes/,19,4,31,10,1,1,0.05263157894736842,0.05263157894736842
MSNNL,Direct,/masters-nursing-leadership/nursing-informatics-track/,19,10,23,13,0,0,0,0
MSITL,Direct,/it-leadership-skills/,19,10,19,10,0,0,0,0
LEPSL,Direct,/top-5-trends-in-law-enforcement/,19,2,18,0,0,0,0,0
MSLDT,Organic Search,/top-instructional-design-skills/,19,-16,24,-10,0,0,0,0
MSNP,Direct,/masters-nonprofit-leadership-management/apply/,19,6,56,42,0,0,0,0
LEPSL,Organic Search,/police-officer-wellness-programs/,19,-5,21,-2,0,0,0,0
EML,Direct,/engineering-manager-skills/,19,0,19,-1,0,0,0,0
MED,Organic Search,/masters-education/specializations/school-leadership/,19,10,22,8,0,-1,0,-0.1111111111111111
MTS,Email,/masters-theological-studies/classes/,19,13,27,15,0,-1,0,-0.16666666666666666
MSITL,Organic Social,/masters-information-technology-leadership/lp/ppc/,19,12,29,18,1,0,0.05263157894736842,-0.09022556390977443
MSNNL,Organic Search,/how-to-become-a-cno/,19,7,27,15,1,1,0.05263157894736842,0.05263157894736842
Default - (not set),Direct,/admissions/international-students/,19,-10,18,-9,0,0,0,0
CyberEng,Organic Search,/should-you-become-a-cyber-security-engineer/,19,-9,23,-4,0,0,0,0
MSHA,Organic Search,/masters-humanitarian-action/,19,5,31,10,1,0,0.05263157894736842,-0.018796992481203006
MSHA,Organic Search,.translate.goog/how-to-become-diplomat/,18,0,18,0,0,0,0,0
Informatics,Direct,/healthcare-informatics-jobs-salary/,18,1,30,12,0,0,0,0
MSITL,Organic Search,/information-technology-management/,18,9,18,11,0,0,0,0
MSAAI,Direct,/machine-learning-engineer-career/,18,8,19,10,0,0,0,0
MED,Organic Search,/teacher-salaries-analysis/,18,-1,15,-7,0,0,0,0
MSAAI,Direct,/machine-learning-podcast/,18,0,17,-3,0,0,0,0
MSHA,Direct,/international-affairs-careers/,18,1,19,3,0,0,0,0
MSITL,Organic Search,/it-leadership/,18,3,19,5,0,0,0,0
MSLDT,Organic Search,/articulate-vs-captivate/,18,4,16,1,0,0,0,0
MED,Organic Search,/masters-education/apply/,18,5,15,3,0,0,0,0
MSNP,Organic Search,/nonprofit-board-governance/,18,0,17,0,0,0,0,0
Data Science,Organic Search,/career-data-mining/,18,-3,20,-5,0,0,0,0
MSLDT,Referral,/what-is-instructional-design-examples/,18,17,14,13,0,0,0,0
Informatics,Organic Search,/,18,-2,56,-11,0,0,0,0
CyberOps,Organic Search,/risk-manager-career-guide/,18,-3,19,-6,0,0,0,0
Informatics,Organic Search,/what-is-health-care-analytics/,18,-9,16,-19,0,0,0,0
MSAAI,Direct,/,18,-22,61,-54,0,0,0,0
MED,Organic Search,/substitute-teacher-tips/,17,4,19,4,0,0,0,0
Default - (not set),Organic Search,/how-to-start-a-business/,17,0,20,2,0,0,0,0
EML,Direct,/senior-engineer-vs-tech-lead-vs-lead-engineer/,17,-9,15,-10,0,0,0,0
MESH,Referral,/masters-engineering-sustainability-health/,17,5,25,8,0,0,0,0
CyberOps,Direct,/top-paying-cybersecurity-jobs/,17,11,21,13,0,0,0,0
MESH,Direct,/,17,7,74,43,0,-1,0,-0.1
Data Science,Organic Search,/best-degrees-data-science/,17,-17,17,-19,0,0,0,0
MTS,Organic Search,.translate.goog/serving-god/,17,-11,17,-13,0,0,0,0
MSNP,Direct,/best-nonprofit-degrees/,17,0,36,19,0,0,0,0
CyberOps,AI Traffic,/top-cyber-security-blogs-websites/,17,-23,17,-29,0,0,0,0
MTS,Organic Search,/theological-education/,17,5,19,7,0,0,0,0
MTS,Organic Search,/what-is-theological-studies/,17,12,15,10,0,0,0,0
Data Science,Referral,/masters-applied-data-science/,17,-9,17,-25,0,-1,0,-0.038461538461538464
MTS,Direct,/ministry-careers/,17,-2,20,2,0,0,0,0
Default - (not set),Paid Search,/about/state-authorization-status/,17,13,14,11,0,0,0,0
MSHA,Organic Social,/logical-framework-approach/,17,13,27,23,0,0,0,0
Informatics,Direct,/healthcare/,17,-2,18,-5,0,0,0,0
CyberOps,Direct,/best-jobs-in-cyber-security/,17,-5,17,-7,0,0,0,0
MSITL,Organic Search,/it-management-leadership-certifications/,17,0,17,-7,0,-1,0,-0.058823529411764705
Default - (not set),Direct,/tuition-financial-aid/financial-aid/,17,2,21,0,0,0,0,0
MTS,Display,/masters-theological-studies/lp/dyna/,17,4,18,3,0,0,0,0
CyberOps,Organic Search,/cisa-certification/,17,-3,17,-3,0,0,0,0
MSAAI,Organic Social,/university-of-san-diego-launches-full-time-on-campus-masters-degree-programs-in-applied-artificial-intelligence-and-cyber-security-engineering/,17,,36,,0,,0,
LEPSL,Direct,/masters-law-enforcement-leadership/transfer-credit/,17,10,24,6,0,-1,0,-0.14285714285714285
MTS,Direct,/religious-studies-degree-jobs/,17,0,18,2,0,0,0,0
MTS,Direct,/why-study-theology/,16,-59,16,-59,0,0,0,0
MSAAI,Direct,/careers-using-python/,16,-6,18,-4,0,0,0,0
MSNP,Direct,/,16,10,113,82,1,1,0.0625,0.0625
CyberOps,Organic Search,/cryptographer-career/,16,0,22,6,0,0,0,0
MESH,Organic Search,/climate-change-analyst-career/,16,-31,21,-31,0,0,0,0
LEPSL,Email,/community-policing-through-leadership/,16,15,17,16,0,0,0,0
MSAAI,Direct,/university-of-san-diegos-ms-in-applied-artificial-intelligence-launching-new-course-agentic-ai-systems-in-summer-2026/,16,6,19,3,0,0,0,0
MSHA,Direct,/top-humanitarian-degrees/,16,2,17,2,0,0,0,0
Informatics,Direct,/ai-healthcare/,16,-3,17,0,0,0,0,0
LEPSL,Organic Search,/police-captain-promotion-guide/,16,3,13,1,0,0,0,0
LEPSL,Organic Search,/police-promotion/,16,-10,19,-3,0,0,0,0
MESH,Organic Search,/masters-engineering-sustainability-health/,16,2,26,11,2,2,0.125,0.125
Data Science,Paid Search,/masters-applied-data-science/classes/,16,10,15,9,0,0,0,0
MSLDT,Direct,/instructional-design-best-practices/,16,4,16,3,0,0,0,0
Informatics,Organic Search,/masters-health-informatics/health-analytics-track/,16,4,26,10,2,2,0.125,0.125
MSAAI,Paid Social,/resources/free-ms-aai-program-brochure/,16,6,16,6,0,0,0,0
Default - (not set),Unknown - fashion-valley-mall / ooh,/,16,10,17,10,0,0,0,0
MESH,Paid Search,/masters-engineering-sustainability-health/classes/,16,-15,25,-5,0,-1,0,-0.03225806451612903
Informatics,Direct,/health-information-technology-terminology/,16,-2,18,2,1,1,0.0625,0.0625
MSAAI,AI Traffic,/artificial-intelligence-business/,16,3,20,6,0,0,0,0
CyberOps,Organic Search,/cyber-security-scholarships/,16,-4,15,-6,0,0,0,0
LEPSL,Organic Search,/criminal-justice/,16,-4,23,-10,0,0,0,0
CyberEng,Direct,/should-you-become-a-cyber-security-engineer/,16,2,16,0,0,0,0,0
Data Science,Organic Search,/best-computer-science-jobs/,16,-1,18,2,0,0,0,0
MSITL,Direct,/it-careers-after-help-desk/,15,5,16,7,0,0,0,0
MTS,Organic Social,/religious-studies-degree-jobs/,15,7,13,5,0,0,0,0
MSNNL,Organic Search,/masters-nursing-leadership/clinical-practicums/,15,13,21,18,0,0,0,0
Default - (not set),Paid Search,/online-programs/,15,3,16,6,0,0,0,0
LEPSL,Organic Search,/promoting-women-in-law-enforcement-leadership/,15,-1,16,-4,0,0,0,0
CyberOps,Organic Search,/entry-level-cyber-security-jobs-guide/,15,-7,19,-10,0,0,0,0
Informatics,Organic Search,/mha-vs-mph-vs-ms-health-informatics/,15,8,19,5,0,0,0,0
CyberOps,Organic Search,/cyber-security-auditor-career-guide/,15,2,11,-4,0,0,0,0
CyberOps,Direct,/ceh-certification/,15,9,15,9,0,0,0,0
MSNNL,Organic Search,/what-is-a-nurse-administrator/,15,-4,17,-5,0,0,0,0
MSAAI,Paid Search,/resources/msaai-online-artificial-intelligence-self-assessment/,15,12,20,16,0,0,0,0
CyberOps,Organic Search,/best-industries-cyber-security-job-seekers/,15,3,15,5,0,0,0,0
Data Science,Direct,/coding-salary/,15,12,15,12,0,0,0,0
MESH,Organic Search,/masters-engineering-sustainability-health/apply/,15,11,23,18,0,0,0,0
Data Science,Organic Search,/python-for-data-science/,15,9,14,6,0,0,0,0
Default - (not set),Direct,/events/,15,-9,16,-9,0,0,0,0
MSLDT,Direct,/career-changes-for-teachers/,15,-2,14,-6,0,-1,0,-0.058823529411764705
MTS,Direct,/masters-theological-studies/classes/,15,0,19,-10,0,0,0,0
MSNP,Organic Search,/volunteer-management/,15,4,12,2,0,0,0,0
MED,Organic Search,/continuing-education-units-teachers-guide/,15,8,10,1,0,0,0,0
MTS,Direct,/what-is-lay-ministry/,15,0,16,-3,0,0,0,0
CyberEng,Organic Search,/chief-risk-officer/,15,5,16,6,0,0,0,0
Default - (not set),Organic Search,/disruptive-innovation-examples/,15,3,16,3,0,0,0,0
Default - (not set),Paid Search,/admissions/how-to-apply/,15,4,15,4,0,0,0,0
MSAAI,AI Traffic,/masters-applied-artificial-intelligence/,15,0,19,-2,0,0,0,0
MSLDT,Referral,/masters-learning-design-technology/lp/osu/,15,-13,30,-6,0,-1,0,-0.03571428571428571
Data Science,Organic Search,/database-engineer-career/,15,3,17,8,0,0,0,0
MESH,Organic Search,/masters-engineering-sustainability-health/classes/,15,-2,21,-22,0,0,0,0
MED,Direct,/teacher-salaries-analysis/,15,9,14,9,0,0,0,0
MED,Referral,/inclusive-education-strategies/,15,2,16,0,0,0,0,0
Data Science,Organic Search,/masters-applied-data-science/classes/,15,5,15,10,0,0,0,0
MSITL,Direct,/resources/free-itl-program-brochure/,15,13,37,35,0,0,0,0
Data Science,Direct,/masters-applied-data-science/lp/study-data-science/,15,5,10,0,0,0,0,0
CyberOps,Referral,/top-cyber-security-blogs-websites/,15,11,23,19,0,0,0,0
MSHA,Direct,/social-advocacy-definition/,15,3,13,1,0,0,0,0
MSAAI,Referral,/masters-applied-artificial-intelligence/apply/,15,-6,38,24,0,0,0,0
MED,Organic Search,/how-to-become-teacher-in-california/,15,7,14,2,0,0,0,0
EML,Direct,/masters-engineering-management-leadership/apply/,15,6,20,11,0,0,0,0
Default - (not set),Direct,/business-entrepreneurship/,14,-3,14,-10,0,0,0,0
MSHA,Referral,/masters-humanitarian-action/,14,4,20,1,2,0,0.14285714285714285,-0.05714285714285716
CyberOps,Organic Search,/cybersecurity-jobs-report/,14,-1,15,0,0,0,0,0
MSNNL,Direct,/masters-nursing-leadership/lp/ppc/,14,6,27,15,0,-1,0,-0.125
MSAAI,Direct,/ethics-in-ai/,14,6,13,5,0,0,0,0
Informatics,Organic Search,/what-is-medical-informatics/,14,4,13,3,0,0,0,0
MSITL,Organic Search,/masters-information-technology-leadership/,14,0,31,-3,0,-4,0,-0.2857142857142857
Informatics,Referral,/8-technologies-changing-healthcare/,14,-10,13,-13,0,0,0,0
Default - (not set),Organic Search,/admissions/how-to-apply/,14,7,14,9,0,0,0,0
MSLDT,Organic Search,/masters-learning-design-technology/lp/study-learning-design-technology/,14,2,20,8,0,-1,0,-0.08333333333333333
Data Science,Direct,/best-degrees-data-science/,14,6,9,1,0,0,0,0
Default - (not set),Direct,/admissions/military-veterans/,14,1,13,-6,0,0,0,0
MTS,Direct,/masters-theological-studies/apply/,14,0,23,10,1,1,0.07142857142857142,0.07142857142857142
Default - (not set),Paid Search,/tuition-financial-aid/,14,6,21,12,0,0,0,0
MSLDT,Organic Search,/instructional-design-portfolio/,14,,15,,0,,0,
EML,Direct,/faculty/mandeep-kaur/,14,5,14,5,0,0,0,0
"Default - computer-science,engineering,technology",Organic Search,/cyber-security/,14,-9,38,-4,0,-1,0,-0.043478260869565216
MTS,Direct,/ways-to-deepen-your-faith/,14,2,15,1,0,0,0,0
MSITL,Direct,/it-organizational-structure/,14,-5,15,-5,0,0,0,0
MED,Referral,/effective-educational-leadership/,14,-10,30,3,1,1,0.07142857142857142,0.07142857142857142
MSNP,Direct,/donor-management-software/,14,6,14,6,0,0,0,0
Default - business-entrepreneurship,Organic Search,/top-engineering-leaders/,14,,18,,0,,0,
MSITL,Display,/masters-information-technology-leadership/lp/dyna/,14,,14,,0,,0,
CyberOps,Organic Search,/cyber-security-architect/,14,-2,15,-1,0,0,0,0
Default - (not set),Organic Search,/student-support/one-stop-student-center/,14,6,14,3,0,0,0,0
MTS,Direct,/how-to-become-a-spiritual-director/,14,-5,14,-13,0,0,0,0
LEPSL,Organic Search,/how-to-become-a-police-lieutenant/,14,-1,16,-1,0,0,0,0
MSAAI,AI Traffic,/ai-impact-on-job-market/,14,4,15,5,0,0,0,0
LEPSL,Organic Search,/faculty/ygnacio-nash-flores/,13,-2,15,0,0,0,0,0
EML,Organic Search,/masters-engineering-management-leadership/curriculum/,13,3,11,1,0,0,0,0
MED,Organic Search,/masters-in-education-requirements/,13,-2,22,3,0,0,0,0
MSAAI,Referral,/application-of-ai-in-robotics/,13,8,11,7,0,0,0,0
Default - (not set),Unknown - tradedesk / dooh,/,13,-51,13,-51,0,0,0,0
MED,Direct,/per-pupil-education-spending-by-state/,13,-10,13,-11,0,0,0,0
MTS,Organic Search,/apologetics-catechesis-theological-studies-comparison/,13,-8,15,-7,0,0,0,0
MSHA,Organic Search,/humanitarian-program-coordinator/,13,-1,14,-6,0,0,0,0
Default - (not set),Direct,/contact-us/,13,0,13,-4,0,-1,0,-0.07692307692307693
MESH,Organic Search,/sustainability-degree-careers/,13,5,15,7,0,0,0,0
MSLDT,Organic Search,/instructional-design-cover-letter-guide/,13,5,12,5,0,0,0,0
MESH,Organic Search,/environmental-consultant-career/,13,-8,12,-11,0,0,0,0
MSNP,Direct,/ngo-vs-nonprofit/,13,-11,13,-11,0,0,0,0
MED,Email,/masters-education/,13,-13,29,-5,2,0,0.15384615384615385,0.07692307692307693
MSAAI,Organic Search,/artificial-intelligence-salary-guide/,13,8,14,10,0,0,0,0
EML,Organic Search,/engineering-manager-vs-tech-lead/,13,-4,11,-10,0,0,0,0
Informatics,Direct,/health-information-management-vs-health-informatics/,13,4,14,4,0,0,0,0
MED,Direct,/technology-in-the-classroom/,13,3,13,0,0,0,0,0
MESH,Direct,/jobs-that-make-difference/,13,-3,16,0,0,0,0,0
MTS,Direct,/philosophy-degree-jobs/,13,-1,16,3,0,0,0,0
CyberOps,Direct,/masters-cyber-security-operations/lp/bva-cyber-security-operations-leadership/,13,3,14,-3,0,-1,0,-0.1
Data Science,Paid Social,/what-is-data-science/,13,,14,,0,,0,
MED,Direct,/masters-education/specializations/steam/,13,1,15,1,0,0,0,0
Default - (not set),Direct,/employer-partnership/xsite/,13,11,12,10,0,0,0,0
MSAAI,Direct,/ai-prompt-engineer/,13,10,19,16,0,0,0,0
MSAAI,Organic Search,/ethics-in-ai/,13,-9,11,-17,0,0,0,0
EML,Paid Search,/masters-engineering-management-leadership/curriculum/,13,5,13,4,0,0,0,0
MSAAI,Organic Search,/programs/,13,6,69,48,5,5,0.38461538461538464,0.38461538461538464
CyberOps,Direct,/faculty/michelle-moore/,13,0,13,0,0,0,0,0
Data Science,Organic Search,/business-intelligence-engineer-career/,13,-3,13,-2,0,0,0,0
Informatics,Organic Search,/masters-health-informatics/lp/study-health-informatics/,13,4,22,11,3,3,0.23076923076923078,0.23076923076923078
Informatics,Direct,/masters-health-informatics/lp/study-healthcare-analytics/,13,11,10,8,0,0,0,0
Default - (not set),Organic Search,/tuition-financial-aid/financial-aid/,13,2,8,-4,0,0,0,0
MED,Organic Search,/masters-education/specializations/special-ed/,13,3,20,12,0,0,0,0
CyberOps,AI Traffic,/top-cyber-security-threats/,13,-17,14,-29,0,0,0,0
Default - (not set),Direct,/leadership-management/,13,4,14,5,0,0,0,0
MSHA,Email,/masters-humanitarian-action/,13,6,13,7,0,0,0,0
CyberOps,Organic Search,/master-of-science-in-cyber-security-or-mba/,13,1,12,1,0,0,0,0
MESH,Organic Search,/faculty/rodney-reynolds/,13,6,12,5,0,0,0,0
"Default - computer-science,engineering,technology",Direct,/cyber-security/,13,8,13,5,0,0,0,0
CyberEng,Organic Search,/faculty/nahid-farhady/,13,9,16,12,0,0,0,0
MSITL,Organic Search,/it-leadership-skills/,13,2,9,1,0,0,0,0
MTS,Direct,/,13,3,65,21,1,1,0.07692307692307693,0.07692307692307693
MSAAI,Direct,/ai-governance/,13,-2,13,-1,0,0,0,0
MSAAI,Organic Search,/,13,-20,62,-109,1,-1,0.07692307692307693,0.01631701631701632
Data Science,Direct,/data-communication/,13,-3,14,-4,0,0,0,0
MSNNL,Paid Search,/masters-nursing-leadership/,13,-3,28,7,1,1,0.07692307692307693,0.07692307692307693
MTS,Organic Search,/faith-formation/,12,-1,13,-2,0,0,0,0
Default - (not set),Organic Search,/tuition-financial-aid/,12,1,13,1,0,0,0,0
Data Science,Organic Search,/data-science-bootcamps/,12,7,13,7,0,0,0,0
Data Science,Organic Search,/business-analyst-vs-data-analyst-vs-data-scientist/,12,0,11,1,0,0,0,0
Informatics,Direct,/masters-health-informatics/lp/health-informatics-for-nurses/,12,7,10,5,0,-1,0,-0.2
MSAAI,Organic Search,/introduction-to-computer-vision/,12,-6,17,-4,0,0,0,0
CyberOps,Direct,/information-assurance-vs-cybersecurity/,12,7,13,6,0,0,0,0
MED,AI Traffic,/differentiated-instruction/,12,8,18,14,0,0,0,0
Informatics,Organic Search,/data-science-health-care/,12,1,9,0,0,0,0,0
MED,Organic Search,/masters-in-special-education-careers/,12,0,18,6,0,0,0,0
MSNNL,Direct,/masters-nursing-leadership/nursing-educator-track/,12,2,10,-6,0,0,0,0
CyberEng,Organic Search,/cryptanalyst-career-guide/,12,-8,11,-9,0,0,0,0
MSHA,Organic Search,/humanitarian-scholarships/,12,0,16,2,1,1,0.08333333333333333,0.08333333333333333
Default - (not set),Direct,/campus-programs/,12,-2,20,5,1,1,0.08333333333333333,0.08333333333333333
Default - (not set),Organic Social,/,12,6,16,10,0,0,0,0
MTS,Email,/masters-theological-studies/resources/,12,11,19,14,0,0,0,0
LEPSL,Paid Search,/,12,-2,62,4,0,0,0,0
MSAAI,Direct,/open-source-ai-tools/,12,-2,12,-3,0,0,0,0
Default - business-entrepreneurship,Direct,/top-engineering-leaders/,12,,12,,0,,0,
CyberEng,Organic Search,/cyber-security-internships/,12,3,11,3,0,0,0,0
LEPSL,Direct,/,12,0,50,8,1,1,0.08333333333333333,0.08333333333333333
CyberOps,Paid Search,/masters-cyber-security-operations/,12,-4,18,2,0,0,0,0
MSITL,Direct,/it-career-paths/,12,8,13,9,0,0,0,0
MED,Direct,/blog/education/,12,-4,15,-6,0,0,0,0
MED,AI Traffic,/life-skills-education-in-schools/,12,-114,17,-110,0,0,0,0
Data Science,Organic Search,/ata-specialist-career/,12,-1,14,-1,0,0,0,0
CyberOps,Direct,/entry-level-cyber-security-jobs-guide/,12,-1,13,0,0,0,0,0
Data Science,Direct,/business-intelligence-certifications/,12,7,12,8,0,0,0,0
MSAAI,Direct,/data-scientist-vs-artificial-intelligence-engineer/,12,1,11,0,0,0,0,0
Informatics,Direct,/what-skills-do-you-need-to-work-in-health-care-informatics/,12,2,21,8,0,0,0,0
EML,Organic Search,/how-to-become-vp-engineering/,12,1,11,1,0,0,0,0
Informatics,Organic Search,/how-to-get-a-job-in-health-informatics/,12,9,14,10,0,0,0,0
MSNP,Organic Search,/masters-nonprofit-leadership-management/classes/,12,-13,14,-15,0,0,0,0
CyberOps,Direct,/masters-cyber-security-operations/apply/,12,-5,16,-5,0,0,0,0
MED,Organic Search,/special-education-masters-vs-masters-in-education-degree/,12,1,14,-4,1,0,0.08333333333333333,-0.007575757575757583
MTS,Organic Search,/franciscan-theology-reading-list/,12,4,14,0,0,0,0,0
MED,Paid Search,/masters-education/,12,0,14,-14,0,0,0,0
MSHA,Organic Search,/international-social-work/,12,2,18,8,0,0,0,0
CyberOps,Organic Search,/chief-privacy-officer-career-guide/,12,-7,14,-5,0,0,0,0
MED,Organic Search,/teacher-salary-by-state-since-2000/,12,10,15,13,0,0,0,0
MESH,Paid Search,/masters-engineering-sustainability-health/apply/,12,-1,13,-6,0,0,0,0
MSLDT,Direct,/instructional-design-portfolio/,12,,12,,0,,0,
Default - (not set),Paid Search,/admitted-students/,12,7,11,8,0,0,0,0
MSAAI,Paid Search,/,12,3,45,-3,0,-5,0,-0.5555555555555556
Default - (not set),Direct,/transformational-leadership/,12,-5,10,-10,0,0,0,0
Default - (not set),Direct,/effective-leadership-skills/,12,1,12,1,0,0,0,0
MSLDT,Organic Search,/instructional-design-careers/,12,0,10,-7,0,-1,0,-0.08333333333333333
Informatics,Organic Search,.translate.goog/health-data-analyst/,12,11,13,12,0,0,0,0
MSAAI,Direct,/best-artificial-intelligence-degrees/,12,-13,14,-12,0,0,0,0
Default - (not set),Direct,/technology/,12,-4,12,-10,0,0,0,0
MSITL,Paid Search,/masters-information-technology-leadership/classes/data-science-elective/,12,-8,20,-11,1,1,0.08333333333333333,0.08333333333333333
CyberEng,Organic Search,/network-administrator-career-salary-guide/,12,5,16,6,0,0,0,0
MESH,Direct,/top-degrees-for-social-justice-careers/,12,8,12,8,0,0,0,0
CyberOps,Email,/masters-cyber-security-operations/,12,8,17,14,0,0,0,0
Informatics,Direct,/masters-health-informatics/careers/,11,6,10,3,0,0,0,0
MSAAI,Direct,/masters-applied-artificial-intelligence/faculty/,11,3,12,2,0,0,0,0
MSAAI,Organic Search,/masters-applied-artificial-intelligence/faculty/,11,8,20,18,0,0,0,0
Informatics,Paid Social,/masters-health-informatics/lp/request-info/,11,-64,11,-70,0,0,0,0
LEPSL,Organic Search,/best-degrees-federal-law-enforcement-jobs/,11,-5,12,-8,0,0,0,0
Default - (not set),Direct,/computer-science/,11,-5,10,-6,0,0,0,0
MTS,Paid Social,/masters-theological-studies/lp/mts-ppc/,11,,11,,0,,0,
MED,Direct,/mental-health-issues-in-schools/,11,-2,11,-3,0,0,0,0
Default - (not set),Organic Search,/usd-online-alumni/,11,7,12,7,0,0,0,0
Data Science,Organic Search,/business-intelligence-developer/,11,5,11,6,0,0,0,0
MED,Direct,/resources/the-complete-list-of-teaching-methods/,11,-6,15,-10,1,-1,0.09090909090909091,-0.0267379679144385
MSAAI,Direct,/how-to-start-career-artificial-intelligence/,11,-4,9,-6,0,0,0,0
Default - (not set),Email,/admitted-students/,11,1,11,-2,0,0,0,0
LEPSL,Organic Search,/best-police-leadership-books/,11,-10,12,-10,0,0,0,0
MSNP,Organic Search,/how-to-write-grant-proposals/,11,-15,8,-15,0,0,0,0
MSAAI,Referral,/masters-applied-artificial-intelligence/classes/,11,0,13,4,0,0,0,0
LEPSL,Organic Social,/masters-law-enforcement-leadership/,11,0,18,-1,0,-1,0,-0.09090909090909091
Data Science,Organic Search,/data-science-vs-statistics/,11,-10,11,-12,0,0,0,0
MSNNL,Organic Search,/director-of-nursing-career-guide/,11,7,12,8,0,0,0,0
LEPSL,Organic Search,/become-a-criminal-justice-instructor/,11,2,11,-2,0,-1,0,-0.1111111111111111
Informatics,Organic Search,/masters-health-informatics/health-informatics-track/,11,5,8,4,0,0,0,0
LEPSL,Organic Search,/masters-law-enforcement-leadership/apply/,11,3,16,3,1,1,0.09090909090909091,0.09090909090909091
Data Science,Organic Search,/when-inference-meets-prediction-navigating-the-line-between-statistical-models-and-machine-learning/,11,1,9,0,0,0,0,0
CyberOps,Direct,/10-reasons-to-get-your-masters-degree-in-cyber-security/,11,4,11,5,0,0,0,0
MSNP,Organic Search,/grant-writing-for-nonprofits/,11,-3,11,-2,0,0,0,0
MESH,Direct,/sustainability-engineer-career/,11,1,10,1,0,0,0,0
MED,Organic Social,/complete-list-teaching-methods/,11,7,12,8,0,0,0,0
Default - (not set),Direct,,11,-12,11,-18,0,0,0,0
CyberEng,Paid Search,/masters-cyber-security-engineering/classes/,11,2,14,6,0,0,0,0
MSAAI,Organic Social,/artificial-intelligence-education/,11,-3,14,-4,0,0,0,0
EML,Organic Search,/engineering-management-vs-technical-track/,11,9,13,10,0,0,0,0
Default - engineering,Organic Search,/research-and-development-manager-career-guide/,11,,9,,0,,0,
MED,Organic Search,/mental-health-issues-in-schools/,11,-5,12,-6,0,0,0,0
MTS,Organic Search,/master-of-theology-vs-divinity-vs-ministry-degrees/,11,-9,22,2,1,1,0.09090909090909091,0.09090909090909091
LEPSL,Organic Search,/gordon-graham-risk-management-reading-list/,11,-8,16,-4,0,0,0,0
Informatics,Organic Search,/health-information-technology-terminology/,11,6,10,5,0,0,0,0
MED,Referral,/adaptive-curriculum-for-special-education/,11,9,12,11,0,0,0,0
Default - (not set),Direct,/masters-cyber-security-engineering/,11,-3,54,6,0,-1,0,-0.07142857142857142
Default - (not set),Email,/mesh-mixer-rsvp/,11,,14,,0,,0,
MESH,Direct,/community-health-degree-jobs/,11,-2,11,1,0,0,0,0
LEPSL,Direct,/forms/,11,6,33,14,0,0,0,0
Default - computer-science,Paid Social,/masters-applied-data-science/lp/study-data-science/,11,0,20,-3,11,-1,1,-0.09090909090909083
MED,Direct,/resources/free-med-program-brochure/,11,-5,17,-2,3,1,0.2727272727272727,0.1477272727272727
MED,Direct,/resources/complete-guide-to-teacher-centered-vs-student-centered-learning/,11,5,11,6,0,0,0,0
LEPSL,Referral,/10-innovative-police-technologies/,11,-12,11,-19,0,0,0,0
Default - (not set),Direct,/usd-online-alumni/,10,1,12,4,0,0,0,0
MSLDT,Paid Search,/masters-learning-design-technology/,10,3,11,4,0,0,0,0
MSLDT,Direct,/resources/things-to-know-about-careers-in-instructional-design/,10,-5,17,1,0,0,0,0
MSNNL,Direct,/what-is-a-nurse-administrator/,10,-2,13,1,0,0,0,0
MSAAI,Organic Search,/machine-learning-courses-and-certifications/,10,2,10,3,0,0,0,0
MSITL,Organic Search,/what-is-devops/,10,-3,8,-4,0,0,0,0
MSNP,Organic Search,/nonprofit-leadership/,10,-5,13,-1,0,0,0,0
Informatics,Email,/masters-health-informatics/,10,2,33,21,1,1,0.1,0.1
MSLDT,Direct,/masters-learning-design-technology/lp/study-learning-design-technology/,10,1,19,7,0,0,0,0
CyberOps,Referral,/top-cyber-security-threats/,10,-6,12,-10,0,0,0,0
EML,AI Traffic,/future-engineering-trends/,10,-10,9,-12,0,0,0,0
MTS,Direct,/how-to-regain-your-faith/,10,-4,10,-5,0,0,0,0
CyberEng,Direct,/cybersecurity-vs-it-degree/,10,0,10,0,0,0,0,0
MSLDT,Organic Search,/corporate-trainer-career/,10,-11,16,-9,0,-1,0,-0.047619047619047616
MSAAI,Referral,/artificial-intelligence-jobs/,10,7,18,14,0,0,0,0
MSNP,Direct,/nonprofit-certificate-programs/,10,8,11,6,0,0,0,0
LEPSL,Organic Search,/police-management-training/,10,7,13,4,0,0,0,0
MSITL,Direct,/technology-degrees/,10,-2,10,-1,0,0,0,0
Default - (not set),Direct,/forms/cse-applicant/,10,1,11,-2,0,0,0,0
CyberOps,Direct,/cyber-security-specialist-career-guide/,10,-4,10,-5,0,0,0,0
MSLDT,Paid Social,/masters-learning-design-technology/lp/thank-you/,10,8,10,8,9,8,0.9,0.4
Informatics,Paid Search,/masters-health-informatics/apply/,10,6,18,13,0,0,0,0
Default - (not set),Organic Search,/how-to-be-innovative-at-work/,10,-6,10,-5,0,0,0,0
MSAAI,Organic Search,.translate.goog/ai-impact-on-job-market/,10,4,11,5,0,0,0,0
Default - (not set),Paid Search,/programs/,10,-1,9,-2,0,0,0,0
LEPSL,Email,/best-police-leadership-books/,10,-114,9,-136,0,0,0,0
MSAAI,Direct,/natural-language-processing-overview/,10,3,16,9,0,0,0,0
MSAAI,Referral,/university-of-san-diego-launches-full-time-on-campus-masters-degree-programs-in-applied-artificial-intelligence-and-cyber-security-engineering/,10,,13,,0,,0,
LEPSL,Direct,/why-military-vets-should-consider-career-in-criminal-justice/,10,6,10,6,0,0,0,0
LEPSL,Organic Search,/police-media-relations-and-social-media/,10,7,9,6,0,0,0,0
Default - (not set),Organic Search,/about/state-authorization-status/,10,1,7,-3,0,0,0,0
MSAAI,Organic Search,/classes/ethics-in-artificial-intelligence-maai-531/,10,4,10,1,0,-1,0,-0.16666666666666666
Informatics,Organic Search,/health-informatics-websites-blogs/,10,2,12,6,0,0,0,0
CyberEng,Organic Search,.translate.goog/network-forensics-tools/,10,6,10,6,0,0,0,0
MSLDT,Organic Search,/learning-design-technology-careers/,10,5,10,4,0,0,0,0
MED,Organic Search,/teaching-license-reciprocity-guide/,10,-6,10,-5,0,0,0,0
MED,Organic Search,/online-teaching-certification-licensure-programs/,10,2,16,7,0,0,0,0
Data Science,Organic Search,/financial-analyst-career/,10,8,11,9,0,0,0,0
MESH,Direct,/environmental-science-vs-engineering-degree/,10,-3,10,-3,0,0,0,0
Default - business-entrepreneurship,Direct,/best-engineering-software/,10,2,10,1,0,0,0,0
CyberOps,Organic Search,.translate.goog/top-100-cybersecurity-companies/,10,3,11,4,0,0,0,0
Informatics,Paid Search,/masters-health-informatics/health-informatics-track/,10,-4,16,0,1,1,0.1,0.1
MSLDT,AI Traffic,/what-is-instructional-design-examples/,10,,10,,0,,0,
Data Science,Paid Search,/masters-applied-data-science/apply/,10,-26,11,-28,0,0,0,0
MSNP,Direct,/nonprofit-grant-databases/,10,-10,7,-15,0,0,0,0
Default - (not set),Direct,/bringing-a-product-to-market/,10,0,12,2,0,0,0,0
CyberEng,Direct,/masters-cyber-security-engineering/lp/cyber-security-engineering/,10,-2,6,-16,0,0,0,0
Informatics,Organic Search,/health-data-analyst/,10,-5,9,-7,0,0,0,0
MSLDT,Display,/masters-learning-design-technology/lp/dyna/,10,4,15,8,3,3,0.3,0.3
MTS,Direct,/what-is-ecospirituality/,10,-12,10,-15,0,0,0,0
MED,Organic Search,/blog/education/,10,-12,12,-8,0,0,0,0
Default - (not set),Organic Search,/best-mba-alternatives/,9,0,9,0,0,0,0,0
MSAAI,AI Traffic,/machine-learning-podcast/,9,-9,9,-9,0,0,0,0
Data Science,Organic Search,/data-science-certifications/,9,6,6,3,0,0,0,0
Default - (not set),AI Traffic,/online-leadership-courses/,9,2,9,3,0,0,0,0
MSAAI,Organic Search,/business-intelligence-analyst-career/,9,6,9,6,0,0,0,0
LEPSL,Email,/masters-law-enforcement-leadership/classes/,9,-2,9,0,0,0,0,0
MSNNL,Paid Search,/masters-nursing-leadership/classes/,9,3,16,12,0,0,0,0
LEPSL,Organic Search,/law-enforcement-salaries-spike-with-a-masters-degree/,9,0,11,0,0,0,0,0
MESH,Direct,/environmental-consultant-career/,9,5,9,5,0,0,0,0
CyberEng,Direct,/network-forensics-tools/,9,-13,7,-11,0,0,0,0
MSNP,Direct,/public-administration-careers/,9,0,9,-2,0,0,0,0
MESH,Direct,/sustainability-consultant-career/,9,2,9,2,0,0,0,0
Data Science,Organic Search,/13-essential-data-science-textbooks/,9,2,8,1,0,0,0,0
Informatics,Paid Search,/masters-health-informatics/health-analytics-track/,9,0,18,10,1,1,0.1111111111111111,0.1111111111111111
MSAAI,Organic Search,/ai-prompt-engineer/,9,-16,14,-6,0,0,0,0
MSAAI,Organic Search,/natural-language-processing-overview/,9,-11,11,-9,0,0,0,0
LEPSL,Direct,/masters-law-enforcement-leadership/ambassadors/,9,-4,9,-5,0,0,0,0
LEPSL,Referral,/masters-law-enforcement-leadership/transfer-credit/perf-smip/,9,-3,7,-13,0,0,0,0
MED,Paid Search,/,9,0,48,1,0,0,0,0
MSNP,Paid Search,/masters-nonprofit-leadership-management/,9,-6,10,-19,0,0,0,0
CyberOps,Direct,/cyber-security-scholarships/,9,0,10,2,0,0,0,0
MESH,Direct,/climate-change-analyst-career/,9,-37,11,-40,0,0,0,0
MESH,Direct,/masters-engineering-sustainability-health/lp/ppc/thank-you/,9,2,10,3,8,2,0.8888888888888888,0.031746031746031744
CyberEng,Direct,/masters-cyber-security-engineering/scholarships-and-grants/,9,1,14,6,1,1,0.1111111111111111,0.1111111111111111
MSHA,Direct,/masters-humanitarian-action/apply/,9,-7,11,-14,0,0,0,0
MSLDT,AI Traffic,/instructional-design-models/,9,-3,9,-5,0,0,0,0
MSNP,Direct,/forms/,9,6,29,20,9,6,1,0
MED,AI Traffic,/co-teaching-models/,9,4,8,3,0,0,0,0
MSNNL,Organic Search,/12-types-of-msn-degrees-how-to-choose-the-best-nursing-track/,9,-7,57,40,0,0,0,0
MED,Direct,/summer-jobs-teachers/,9,6,10,7,0,0,0,0
MSITL,Organic Search,/how-to-become-a-devops-engineer/,9,4,9,4,0,0,0,0
CyberEng,Organic Search,/what-is-cyberwarfare/,9,-2,9,-5,0,0,0,0
MSAAI,Organic Search,.translate.goog/open-source-ai-tools/,9,6,9,6,0,0,0,0
Default - (not set),Direct,/how-to-start-a-business/,9,-10,13,-5,0,0,0,0
Informatics,Direct,/health-informatics-job-description-explained/,9,7,25,18,0,0,0,0
MSLDT,Direct,/how-to-become-a-curriculum-designer/,9,-1,9,-1,2,2,0.2222222222222222,0.2222222222222222
MSNP,Direct,/grant-writer-career/,9,-5,10,-3,0,0,0,0
MESH,Email,/masters-engineering-sustainability-health/classes/,9,7,10,6,0,0,0,0
Default - (not set),Direct,/employer-partnership/g2ops/,9,-6,9,-7,0,0,0,0
CyberOps,Direct,/cyber-security-architect/,9,5,9,5,0,0,0,0
MSHA,Organic Search,/organizational-capacity/,9,-3,9,0,0,0,0,0
Default - (not set),Direct,/tuition-financial-aid/additional-funding-options/,9,0,6,-3,0,0,0,0
Data Science,Paid Search,/masters-applied-data-science/,9,0,10,1,0,0,0,0
MED,AI Traffic,/rethinking-education-assessment-types/,9,3,8,3,0,0,0,0
CyberOps,Organic Search,/10-entry-level-cyber-security-resume-interview-pitfalls/,9,-12,11,-8,0,0,0,0
LEPSL,Organic Search,/,9,3,35,11,0,0,0,0
MED,Organic Search,/masters-education/lp/online-med/,9,1,12,1,0,-1,0,-0.125
MSAAI,Organic Search,.translate.goog/application-of-ai-in-robotics/,9,1,9,1,0,0,0,0
LEPSL,Direct,/police-officer-wellness-programs/,9,1,6,-5,0,0,0,0
MSITL,Direct,/how-to-become-a-site-reliability-engineer/,9,-1,9,2,0,0,0,0
MSHA,AI Traffic,/masters-humanitarian-action/,9,4,11,3,1,1,0.1111111111111111,0.1111111111111111
LEPSL,Email,/resources/law-enforcement-careers-ebook/,9,-33,20,-52,4,-14,0.4444444444444444,0.015873015873015872
Default - (not set),Paid Search,/computer-science/,9,6,9,7,0,0,0,0
CyberEng,Organic Search,/masters-cyber-security-engineering/classes/,9,2,11,6,0,0,0,0
MSLDT,Direct,/educational-technology-jobs/,9,-10,9,-13,0,-1,0,-0.05263157894736842
EML,Direct,/lead-engineer-career/,9,-4,9,-2,0,0,0,0
MTS,Direct,.translate.goog/what-is-liturgy/,9,4,9,4,0,0,0,0
MESH,Direct,/blog-msph-vs-mph-degree-comparison/,9,5,9,5,0,0,0,0
MSITL,Paid Search,/masters-information-technology-leadership/apply/,9,5,24,21,5,5,0.5555555555555556,0.5555555555555556
MTS,Direct,/incorporate-faith-in-career/,8,7,8,7,0,0,0,0
MED,Direct,/teach-in-private-or-public-school/,8,3,8,3,0,0,0,0
MED,AI Traffic,/teacher-centered-vs-student-centered-learning/,8,-4,9,-1,0,0,0,0
MSAAI,Organic Search,.translate.goog/ai-trainer/,8,-8,8,-10,0,0,0,0
MSLDT,Organic Search,.translate.goog/what-is-instructional-design-examples/,8,-2,8,-2,0,0,0,0
MED,Organic Search,/master-of-education-salary/,8,4,9,5,0,0,0,0
Informatics,Organic Search,/health-informatics-impact-covid-19/,8,-21,5,-23,0,0,0,0
Default - (not set),Paid Search,/technology/,8,4,8,5,0,0,0,0
MSNNL,Direct,/masters-nursing-leadership/apply-for-free-usd-msn-in-nursing-leadership-online/,8,7,7,6,1,1,0.125,0.125
MSAAI,Direct,/resources/8-questions-artificial-intelligence-masters-ebook/,8,2,6,1,0,0,0,0
MSLDT,AI Traffic,/kirkpatrick-training-evaluation-model/,8,3,9,3,0,0,0,0
MED,Organic Search,/technology-in-classroom/,8,1,9,3,0,0,0,0
Data Science,Organic Search,/etl-developer-career/,8,4,6,1,0,0,0,0
MED,Referral,/teaching-to-every-students-unique-learning-style/,8,-9,8,-9,0,0,0,0
MSNNL,Organic Search,/masters-nursing-leadership/lp/ppc/,8,4,8,3,0,0,0,0
Data Science,Direct,/sports-analytics-careers/,8,-2,8,-2,0,0,0,0
MSAAI,Direct,/artificial-intelligence-developer-career/,8,-3,9,-4,0,0,0,0
MED,Direct,/teacher-cover-letter-examples/,8,-5,8,-4,0,0,0,0
Default - (not set),Direct,/resources/msaai-artificial-intelligence-self-assessment/,8,0,14,5,0,0,0,0
MSAAI,Organic Search,/masters-applied-artificial-intelligence/lp/study-artificial-intelligence/,8,-1,11,-1,0,-1,0,-0.1111111111111111
Data Science,Direct,/companies-hiring-data-scientists/,8,-21,6,-20,0,0,0,0
MSNP,Direct,/volunteer-management-software/,8,-10,8,-9,0,0,0,0
EML,Organic Search,/engineering-career-path/,8,2,9,1,0,0,0,0
Default - (not set),Organic Search,/about/,8,5,7,5,0,0,0,0
Default - (not set),Organic Search,/admissions/international-students/,8,1,6,2,0,0,0,0
MSLDT,Organic Search,/faculty/lisa-evans/,8,2,9,3,0,0,0,0
MTS,Organic Social,/masters-theological-studies/resources/,8,2,11,5,0,0,0,0
Default - (not set),Organic Search,/computer-science/,8,1,13,7,0,0,0,0
MSITL,Direct,/masters-information-technology-leadership/classes/applied-ai-specialization/,8,4,9,5,0,0,0,0
Data Science,Organic Search,/data-science-vs-statistics-masters/,8,-4,9,-2,0,0,0,0
LEPSL,Organic Search,/importance-education-law-enforcement/,8,3,9,4,0,0,0,0
MESH,Direct,/masters-engineering-sustainability-health/mesh-combined-degree/,8,5,10,7,0,0,0,0
Default - (not set),Organic Search,/forms/,8,7,28,27,0,0,0,0
MSHA,Display,/masters-humanitarian-action/lp/dyna/,8,-2,9,-10,1,-2,0.125,-0.175
Informatics,Direct,/nurse-leader-vs-nurse-manager/,8,6,8,6,0,0,0,0
MSAAI,Direct,/masters-applied-artificial-intelligence/careers/,8,4,10,5,0,0,0,0
MSHA,Paid Search,/masters-humanitarian-action/,8,1,8,0,0,-1,0,-0.14285714285714285
MSNNL,Direct,/masters-nursing-leadership/scholarships/,8,5,15,11,0,0,0,0
MSHA,Organic Search,/humanitarian-crises-around-the-world/,8,,6,,0,,0,
MSAAI,Direct,/artificial-intelligence-bootcamps/,8,-2,8,-1,0,0,0,0
Informatics,Organic Search,/masters-health-informatics/lp/health-informatics-for-nurses/,8,5,16,10,0,-3,0,-1
EML,Organic Search,/advisory-board/jimmy-anklesaria/,8,3,9,3,0,0,0,0
MTS,Direct,.translate.goog/serving-god/,8,0,9,1,0,0,0,0
Data Science,Direct,/data-science-vs-software-engineering/,8,4,7,2,0,0,0,0
LEPSL,Organic Search,.translate.goog/10-innovative-police-technologies/,8,0,9,0,0,0,0,0
MED,Direct,/masters-education/faculty/,8,1,10,3,0,0,0,0
LEPSL,Direct,/masters-law-enforcement-leadership/transfer-credit/sherman-block-sli/,8,4,12,4,0,0,0,0
MTS,Organic Search,.translate.goog/liturgy-of-the-hours/,8,1,9,1,0,0,0,0
MSLDT,Direct,/ai-instructional-design/,8,0,15,9,0,0,0,0
MSHA,Direct,/masters-humanitarian-action/app-waiver/,8,0,8,-8,2,-2,0.25,-0.25
CyberEng,Direct,/cyber-threat-intelligence-analyst/,8,0,8,1,0,0,0,0
EML,Direct,/manage-engineering-team/,8,-6,8,-3,0,0,0,0
MSNNL,Organic Search,/masters-nursing-leadership/,8,2,32,25,1,1,0.125,0.125
MTS,Direct,/biblical-studies-theology/,8,6,8,6,0,0,0,0
CyberOps,Organic Search,.translate.goog/top-cyber-security-blogs-websites/,8,-1,8,-1,0,0,0,0
MESH,Unknown - Data Not Available / Data Not Available,/masters-engineering-sustainability-health/lp/ppc/,8,-3,11,-11,0,-1,0,-0.09090909090909091
MTS,Organic Search,/biblical-studies-theology/,8,-6,12,0,0,0,0,0
MSLDT,Paid Search,/masters-learning-design-technology/classes/,8,7,4,3,0,0,0,0
Data Science,Direct,/database-engineer-career/,8,1,9,2,0,0,0,0
Default - (not set),Referral,/employer-partnership/axos/,8,6,11,6,0,0,0,0
EML,Organic Search,/engineering-leadership/,8,3,8,3,0,0,0,0
MSAAI,Organic Search,/resources/8-questions-artificial-intelligence-masters-ebook/,8,3,7,3,0,0,0,0
MED,Referral,/life-skills-education-in-schools/,8,-3,9,-4,0,0,0,0
LEPSL,Organic Search,/ambassador/roberto-vasquez/,8,6,12,10,0,0,0,0
MTS,Organic Search,/faculty/garrett-galvin/,8,5,8,5,0,0,0,0
MSNNL,Direct,s-nursing-leadership/,8,6,9,6,0,0,0,0
MSAAI,Organic Search,.translate.goog/artificial-intelligence-finance/,8,2,9,2,0,0,0,0
Informatics,Direct,/data-science-health-care/,8,7,9,8,0,0,0,0
Informatics,Direct,/what-is-health-care-analytics/,8,-9,7,-9,0,0,0,0
MESH,Direct,/best-sustainability-certifications/,8,3,7,2,0,0,0,0
MSNP,Referral,/masters-nonprofit-leadership-management/classes/,8,,7,,0,,0,
Informatics,Direct,/health-informatics-websites-blogs/,8,5,6,3,0,0,0,0
MED,Email,/rethinking-education-assessment-types/,8,-5,7,-7,0,0,0,0
MSLDT,Direct,/top-instructional-design-skills/,8,0,7,-4,0,0,0,0
MTS,Direct,/how-to-get-more-involved-in-church/,8,-1,7,-5,0,0,0,0
MESH,Organic Search,/renewable-energy-consultant-career/,8,5,10,7,1,1,0.125,0.125
LEPSL,Email,/masters-law-enforcement-leadership/faculty/,8,1,16,9,0,0,0,0
MED,Organic Social,/inclusive-education-strategies/,8,5,8,5,0,0,0,0
MSLDT,Organic Search,/instructional-design-certificate-vs-masters-degree/,8,3,9,3,0,0,0,0
MSNP,Organic Social,/ngo-vs-nonprofit/,8,,8,,0,,0,
MTS,Direct,/jobs-for-catholics/,8,-9,8,-10,0,0,0,0
LEPSL,Organic Search,/masters-law-enforcement-leadership/faculty/,8,-3,7,-21,0,0,0,0
MESH,Email,/masters-engineering-sustainability-health/,8,5,13,5,0,0,0,0
CyberEng,Organic Search,/masters-cyber-security-engineering/apply/,8,-7,4,-13,0,-1,0,-0.06666666666666667
MTS,Direct,/how-to-become-a-catholic-school-teacher/,8,-1,8,-1,0,0,0,0
MED,Direct,/best-teacher-blogs/,8,-42,11,-42,0,0,0,0
MSAAI,Organic Search,/how-to-start-career-artificial-intelligence/,8,-21,12,-20,0,0,0,0
MSITL,Direct,/information-systems-vs-information-technology/,8,7,12,11,0,0,0,0
LEPSL,Direct,/police-media-relations-and-social-media/,8,-6,8,-18,0,0,0,0
Default - computer-science,Paid Search,/masters-applied-data-science/lp/study-data-science/,8,3,20,3,9,4,1.125,0.125
EML,Direct,/engineering-management-leadership-certifications/,8,-9,7,-10,0,0,0,0
MSAAI,Direct,/resources/msaai-on-campus-artificial-intelligence-self-assessment/,8,5,10,5,0,0,0,0
MTS,Organic Search,/masters-theological-studies/classes/,8,5,11,7,0,0,0,0
Data Science,Referral,/resources/data-science-self-assessment/,8,,7,,0,,0,
MSAAI,Organic Social,/university-of-san-diegos-ms-in-applied-artificial-intelligence-launching-new-course-agentic-ai-systems-in-summer-2026/,7,-6,6,-9,0,0,0,0
MTS,Direct,/moral-theology/,7,-4,8,-4,0,0,0,0
Data Science,Organic Search,.translate.goog/business-intelligence-developer/,7,,7,,0,,0,
LEPSL,Direct,/masters-law-enforcement-leadership/transfer-credit/fbi-leeda/,7,3,11,6,0,0,0,0
MSNP,Direct,/how-to-write-grant-proposals/,7,2,6,1,0,0,0,0
LEPSL,Direct,/police-conflict-management-strategies/,7,-4,10,-1,0,0,0,0
LEPSL,Paid Search,/masters-law-enforcement-leadership/classes/,7,0,11,6,0,0,0,0
MSLDT,Organic Search,/resources/things-to-know-about-careers-in-instructional-design/,7,4,6,4,0,0,0,0
MESH,Direct,/environmental-justice-careers/,7,-5,6,-8,0,0,0,0
MED,Direct,/education-specialist/,7,-3,7,-3,0,0,0,0
MSAAI,AI Traffic,/ai-governance/,7,-4,5,-4,0,0,0,0
Informatics,Direct,/masters-health-informatics/lp/study-health-informatics/,7,-3,11,-8,0,0,0,0
MSLDT,Paid Search,/,7,5,56,47,1,1,0.14285714285714285,0.14285714285714285
CyberEng,Email,/masters-cyber-security-engineering/lp/cyber-security-engineering/,7,,8,,0,,0,
MED,Organic Search,/resources/a-career-advancement-guide-for-educators-ebook/,7,2,6,1,0,0,0,0
MSAAI,Direct,/resources/free-ms-aai-program-brochure-thank-you/,7,5,10,8,8,6,1.1428571428571428,0.1428571428571428
MSNNL,Direct,/resources/nurse-leader-career-paths-opportunities/,7,,31,,0,,0,
MSNP,Direct,/business-masters-degrees-types/,7,4,7,4,0,0,0,0
EML,Organic Search,/engineering-masters-scholarships/,7,2,6,-1,0,0,0,0
MSAAI,Organic Social,/artificial-intelligence-jobs/,7,6,7,6,0,0,0,0
MSITL,Direct,/information-technology-management/,7,-1,5,-4,0,0,0,0
MSAAI,Direct,/nlp-engineer-career/,7,0,7,0,0,0,0,0
Data Science,Paid Search,/resources/msads-request-program-brochure/,7,6,7,5,0,0,0,0
Data Science,Organic Search,/data-science-vs-cybersecurity/,7,3,6,2,0,0,0,0
MSITL,Organic Search,/network-computer-systems-administrator-career/,7,6,4,3,0,0,0,0
MSHA,AI Traffic,/humanitarian-intervention-success-stories/,7,5,6,5,0,0,0,0
MTS,Organic Search,.translate.goog/catholic-charism-comparison/,7,0,7,0,0,0,0,0
CyberOps,Direct,/best-industries-cyber-security-job-seekers/,7,3,7,3,0,0,0,0
MSHA,Organic Search,/disaster-relief-jobs/,7,-2,8,-1,0,0,0,0
CyberOps,Direct,/cyber-security-auditor-career-guide/,7,5,7,5,0,0,0,0
Data Science,Organic Search,/data-science-in-finance/,7,1,7,1,0,0,0,0
EML,Direct,/engineering-masters-degrees/,7,2,7,0,0,0,0,0
CyberOps,Direct,/risk-manager-career-guide/,7,1,7,1,0,0,0,0
LEPSL,Direct,/masters-law-enforcement-leadership/lp/thank-you/,7,2,23,15,9,3,1.2857142857142858,0.08571428571428585
Default - (not set),Direct,/employer-partnership/axos/,7,4,6,3,0,0,0,0
LEPSL,Direct,/why-police-officer-education-is-important/,7,-11,7,-10,0,0,0,0
LEPSL,Organic Search,/masters-law-enforcement-leadership/lp/rv-edu/,7,2,18,13,2,2,0.2857142857142857,0.2857142857142857
CyberEng,Direct,/what-is-cyberwarfare/,7,0,7,0,0,0,0,0
CyberEng,AI Traffic,/cyber-security-statistics/,7,-3,7,-2,0,0,0,0
MSAAI,Direct,/business-intelligence-analyst-career/,7,4,7,4,0,0,0,0
MSAAI,Organic Search,.translate.goog/artificial-intelligence-jobs/,7,0,7,-1,0,0,0,0
MED,Organic Search,/resources/complete-guide-to-teacher-centered-vs-student-centered-learning/,7,3,7,4,0,-1,0,-0.25
EML,Organic Search,/engineering-scholarships/,7,0,7,0,0,0,0,0
MED,Direct,/masters-in-special-education-careers/,7,1,10,4,0,0,0,0
Default - (not set),Referral,/bringing-a-product-to-market/,7,,4,,0,,0,
LEPSL,Direct,/how-to-become-police-sergeant/,7,-1,7,-2,0,0,0,0
MED,Organic Social,/teacher-centered-vs-student-centered-learning/,7,-11,7,-11,0,0,0,0
LEPSL,Organic Search,/shift-in-law-enforcement-leadership/,7,-4,6,-4,0,0,0,0
Default - (not set),Referral,/admitted-students/,7,5,5,3,0,0,0,0
MSNNL,Paid Social,/masters-nursing-leadership/classes/,7,0,7,0,0,0,0,0
MSLDT,Organic Search,/elearning-developer/,7,2,10,2,0,0,0,0
LEPSL,Direct,/masters-law-enforcement-leadership/lp/law-enforcement/,7,4,13,10,0,0,0,0
LEPSL,Organic Search,/faculty/mickey-williams/,7,4,9,6,0,0,0,0
MED,Organic Search,/edutainment/,7,-14,7,-14,0,0,0,0
MSHA,Direct,/,7,1,26,11,0,0,0,0
Default - (not set),Unknown - ihsa / social,/admissions/how-to-apply/,7,,5,,0,,0,
CyberOps,Organic Search,/what-is-a-chief-security-officer-high-demand-skyrocketing-pay-for-csos/,7,-2,6,-3,0,0,0,0
MSAAI,AI Traffic,/application-of-ai-in-robotics/,7,-1,6,-2,0,0,0,0
EML,Direct,/engineering-management-masters-worth-it/,7,4,13,10,1,1,0.14285714285714285,0.14285714285714285
MTS,Organic Search,/faculty/keith-warner/,7,2,7,2,0,0,0,0
Informatics,Organic Search,/is-health-informatics-degree-worth-it/,7,6,6,5,0,0,0,0
LEPSL,Direct,/police-captain-promotion-guide/,7,0,6,-9,0,0,0,0
Default - (not set),Paid Search,/admissions/,7,-10,6,-11,0,0,0,0
MSITL,Organic Search,/what-is-site-reliability-engineering/,7,-7,8,-4,0,0,0,0
LEPSL,Organic Search,/police-education-study/,7,6,6,5,0,0,0,0
MSNP,Organic Search,/nonprofit-fundraising-ideas/,7,-2,7,-2,0,0,0,0
CyberOps,Paid Search,/masters-cyber-security-engineering/lp/cyber-security-engineering/,7,0,29,6,9,3,1.2857142857142858,0.4285714285714287
MSNNL,Direct,/masters-nursing-leadership/clinical-practicums/,7,4,6,3,0,0,0,0
CyberOps,Organic Search,.translate.goog/ceh-certification/,7,5,8,6,0,0,0,0
MED,Organic Search,/best-podcasts-for-teachers/,7,0,8,0,0,0,0,0
MED,Paid Search,/masters-education/specializations/curriculum-and-instruction/,7,4,6,4,0,0,0,0
Default - (not set),Direct,/about/online-learning/course-experience/,7,3,6,3,0,0,0,0
CyberOps,Organic Social,/top-cyber-security-blogs-websites/,7,4,7,4,0,0,0,0
CyberOps,Organic Search,.translate.goog/ethical-hacker-career-salary-guide/,7,4,7,4,0,0,0,0
MSHA,Direct,/international-social-work/,7,,9,,0,,0,
EML,Direct,/masters-engineering-management-leadership/faculty/,7,-1,7,-3,0,0,0,0
CyberOps,Direct,/what-is-a-chief-security-officer-high-demand-skyrocketing-pay-for-csos/,7,1,7,1,0,0,0,0
MESH,AI Traffic,/sustainability-scholarships/,7,3,16,12,0,0,0,0
MSNP,Direct,/nonprofit-operations-career/,7,-2,8,-2,0,0,0,0
Default - (not set),Organic Search,/faq/,7,-1,12,5,0,0,0,0
MSLDT,Direct,/instructional-design-vs-learning-experience-design/,7,2,8,3,0,0,0,0
MESH,Paid Search,/climate-change-careers/,7,4,15,12,0,0,0,0
MED,Organic Search,/resources/instructing-through-brain-informed-practices-online-presentation/,7,6,10,8,1,0,0.14285714285714285,-0.8571428571428572
MED,Direct,/what-grade-should-you-teach/,7,0,13,7,0,0,0,0
MSLDT,Organic Search,/instructional-design-courses/,7,6,7,6,0,0,0,0
LEPSL,Organic Search,/masters-law-enforcement-leadership/transfer-credit/fbi-leeda/,7,5,8,5,0,0,0,0
MSHA,Organic Search,.translate.goog/examples-of-social-change/,7,,7,,0,,0,
Informatics,Organic Search,/what-is-clinical-informatics/,7,-3,8,-2,0,0,0,0
EML,Referral,/masters-engineering-management-leadership/curriculum/,7,4,20,17,0,0,0,0
MTS,Direct,/what-is-theological-studies/,7,-2,22,13,0,0,0,0
MSITL,Organic Search,/masters-information-technology-leadership/lp/ppc/,7,6,7,6,0,0,0,0
MSNNL,Paid Search,/masters-nursing-leadership/lp/thank-you/,7,6,8,7,2,2,0.2857142857142857,0.2857142857142857
Default - (not set),Paid Search,/tuition-financial-aid/financial-aid/,7,6,5,4,0,0,0,0
EML,Organic Search,/effective-engineering-manager/,7,,11,,0,,0,
CyberOps,Organic Search,/masters-cyber-security-operations/lp/bva-cyber-security-operations-leadership/,7,-8,11,-6,0,0,0,0
LEPSL,Organic Search,/faculty/timothy-albright/,7,5,7,5,0,0,0,0
MESH,Direct,/best-sustainability-podcasts/,7,1,7,1,0,0,0,0
MSITL,Paid Search,/masters-information-technology-leadership/,7,1,9,1,0,0,0,0
MSLDT,Organic Search,/training-and-development-specialist/,7,6,8,7,0,0,0,0
Default - (not set),Organic Search,/employer-partnership/,7,5,7,3,0,0,0,0
EML,Organic Search,/masters-engineering-management-leadership/lp/ppc/,7,6,7,4,0,0,0,0
MSNNL,Display,/resources/nursing-leadership-information-session/,6,-42,4,-49,0,-2,0,-0.041666666666666664
MTS,Direct,/masters-theological-studies/lp/dyna/,6,1,7,0,0,-2,0,-0.4
MSAAI,Referral,/ai-impact-on-job-market/,6,-28,5,-30,0,0,0,0
Data Science,Direct,/data-science-careers/,6,4,6,4,0,0,0,0
LEPSL,Organic Search,/faculty/erik-fritsvold/,6,3,7,4,0,0,0,0
CyberOps,Direct,/malware-analyst-career-guide/,6,2,6,2,0,0,0,0
EML,Organic Search,/how-to-become-an-engineering-manager/,6,1,6,1,0,0,0,0
MTS,Organic Search,/theology-degree-salary/,6,-8,7,-8,0,0,0,0
LEPSL,Organic Search,/law-enforcement-training-tips-to-tackle-multitasking-risks/,6,2,7,4,0,0,0,0
MSAAI,Organic Social,/,6,-18,7,-17,0,0,0,0
Default - (not set),Paid Search,/masters-cyber-security-engineering/lp/cyber-security-engineering/,6,-2,40,-13,2,-2,0.3333333333333333,-0.16666666666666669
MED,Organic Social,/differentiated-instruction/,6,3,4,1,0,0,0,0
MESH,Organic Search,/what-is-sustainable-development/,6,-2,8,1,0,0,0,0
CyberEng,Paid Search,/masters-cyber-security-engineering/apply/,6,0,4,0,0,0,0,0
CyberOps,Display,/masters-cyber-security-operations/,6,5,11,10,0,0,0,0
CyberEng,Referral,/should-you-become-a-cyber-security-engineer/,6,4,6,4,0,0,0,0
LEPSL,Direct,/ambassador/roberto-vasquez/,6,4,9,7,0,0,0,0
Default - (not set),Direct,/forms/msaai-applicant/,6,3,7,1,0,0,0,0
Default - (not set),Referral,/about/state-authorization-status/,6,-7,5,-9,0,0,0,0
CyberEng,Direct,/masters-cyber-security-engineering/faculty/,6,2,5,1,0,0,0,0
Data Science,Organic Search,/database-administrator-career/,6,-1,6,-1,0,0,0,0
MSAAI,Organic Search,/machine-learning-bootcamps/,6,-1,7,0,0,0,0,0
MTS,Organic Social,/what-is-liturgy/,6,4,6,0,0,0,0,0
MSLDT,Direct,/what-is-learning-design/,6,3,9,6,0,0,0,0
CyberOps,Email,/cyber-security-information-security-network-security/,6,,6,,0,,0,
LEPSL,Direct,/criminal-justice/,6,2,13,9,0,0,0,0
MESH,Paid Search,/masters-engineering-sustainability-health/lp/ppc/thank-you/,6,4,6,4,6,4,1,0
MSNP,Organic Search,/masters-nonprofit-leadership-management/apply/,6,-1,8,-9,1,1,0.16666666666666666,0.16666666666666666
Default - (not set),Direct,/employer-partnership/onlinedegrees-sandiego-edu-employer-partnershipatos-se/,6,,9,,0,,0,
MTS,Direct,/master-of-theology-vs-divinity-vs-ministry-degrees/,6,2,6,2,0,0,0,0
MSLDT,Direct,/articulate-vs-captivate/,6,0,7,1,1,1,0.16666666666666666,0.16666666666666666
Default - (not set),Direct,/masters-cyber-security-engineering/classes/,6,5,23,20,1,1,0.16666666666666666,0.16666666666666666
MSAAI,Organic Search,/artificial-intelligence/,6,1,24,15,0,0,0,0
Default - (not set),Organic Search,/how-to-become-an-intrapreneur/,6,1,7,3,0,0,0,0
MSAAI,Organic Social,/ai-impact-on-job-market/,6,,6,,0,,0,
LEPSL,Organic Search,/improving-police-promotional-process/,6,-1,6,-4,0,0,0,0
MSITL,Direct,/,6,0,27,-13,0,0,0,0
LEPSL,Paid Search,/masters-law-enforcement-leadership/lp/criminal-justice/,6,5,15,12,0,-1,0,-1
EML,Organic Search,/engineering-leadership-skills/,6,3,8,5,0,0,0,0
Data Science,Direct,/how-to-become-a-computer-scientist-salary-career-guide/,6,-3,8,-1,0,0,0,0
LEPSL,Organic Search,/law-enforcement-technology/,6,-4,5,-2,0,0,0,0
MED,Referral,/cooperative-learning-strategies/,6,-3,5,-4,0,0,0,0
MSHA,Direct,/refugee-aid-careers/,6,4,5,3,0,0,0,0
MSAAI,Organic Search,/resources/free-ms-aai-program-brochure/,6,3,6,4,0,0,0,0
LEPSL,Direct,/how-to-become-a-police-lieutenant/,6,-1,6,-1,0,0,0,0
MESH,Direct,/faculty/caroline-baillie/,6,,8,,0,,0,
CyberOps,Unknown - Data Not Available / Data Not Available,/masters-cyber-security-operations/lp/bva-cyber-security-operations-leadership/,6,3,9,4,0,0,0,0
CyberOps,Organic Social,/masters-cyber-security-operations/,6,-2,7,-2,0,0,0,0
Default - (not set),Organic Search,/student-support/disability-and-learning-difference-resource-center-dldrc/,6,1,6,0,0,0,0,0
MSLDT,Organic Search,.translate.goog/kirkpatrick-training-evaluation-model/,6,2,7,3,0,0,0,0
MSITL,Organic Search,/masters-in-information-technology-salary/,6,-2,7,0,0,0,0,0
LEPSL,Direct,/masters-law-enforcement-leadership/faculty/,6,5,4,3,0,0,0,0
MED,Organic Search,.translate.goog/education-inequity-and-homework/,6,2,6,0,0,0,0,0
Informatics,Direct,/5-health-care-big-data-companies-watch/,6,3,6,3,0,0,0,0
MSNP,Direct,/masters-nonprofit-leadership-management/lp/thank-you/,6,-3,6,-8,6,-2,1,0.11111111111111116
MSLDT,Email,/top-instructional-design-skills/,6,-57,7,-62,1,-4,0.16666666666666666,0.0873015873015873
Informatics,Organic Search,/advisory-board/hanley/,6,,8,,0,,0,
CyberOps,Direct,/cybersecurity-jobs-report/,6,4,6,4,0,0,0,0
MTS,Direct,/masters-theological-studies/let-us-pay-for-your-mts-program-application-fee/,6,3,6,3,2,2,0.3333333333333333,0.3333333333333333
MED,Organic Search,/faculty-spotlight-dr-ricardo-medina/,6,5,6,5,0,0,0,0
MSAAI,Direct,/introduction-to-computer-vision/,6,-4,6,-4,0,0,0,0
Data Science,Paid Social,/resources/msads-request-program-brochure/,6,-1,12,4,1,1,0.16666666666666666,0.16666666666666666
MESH,Direct,/environmental-planner-career/,6,0,5,-1,0,0,0,0
MSLDT,Referral,/job-aid-examples-template/,6,3,4,1,0,0,0,0
Informatics,Email,/masters-health-informatics/lp/learn-more/,6,-56,7,-57,0,-1,0,-0.016129032258064516
Informatics,Organic Search,/what-is-health-informatics/,6,1,7,-1,0,0,0,0
EML,Direct,/engineering-leadership-skills/,6,1,6,2,0,0,0,0
MSNP,Direct,/what-is-organizational-leadership/,6,-5,5,-5,0,0,0,0
Default - (not set),Direct,/engineering/,6,-7,6,-7,0,0,0,0
MSAAI,Organic Search,/faculty/andrew-van-benschoten/,6,4,6,4,0,0,0,0
"Default - computer-science,engineering,technology",Direct,/usd-gradright-partnership/,6,5,8,7,0,0,0,0
LEPSL,Referral,/improving-police-promotional-process/,6,-3,7,-12,0,0,0,0
CyberOps,Organic Social,/what-is-a-chief-security-officer-high-demand-skyrocketing-pay-for-csos/,6,,6,,0,,0,
EML,Unknown - Data Not Available / Data Not Available,/masters-engineering-management-leadership/lp/ppc/,6,-4,6,-8,0,-1,0,-0.1
CyberOps,Direct,/blog/,6,0,5,-1,0,0,0,0
MSITL,Direct,/masters-information-technology-leadership/classes/,6,-2,15,7,0,0,0,0
MSITL,Paid Search,/resources/free-itl-program-brochure/,6,3,7,4,0,0,0,0
MSLDT,Direct,/corporate-trainer-career/,6,1,6,1,0,0,0,0
CyberEng,Organic Search,/network-security-engineer/,6,5,7,6,0,0,0,0
MSAAI,Direct,/top-artificial-intelligence-companies-startups/,6,-7,6,-5,0,0,0,0
CyberOps,Direct,.translate.goog/top-cyber-security-threats/,6,5,6,5,0,0,0,0
MSAAI,Referral,/,6,4,20,18,0,0,0,0
LEPSL,Organic Search,/masters-law-enforcement-leadership/transfer-credit/,6,-2,7,-10,0,0,0,0
MSHA,AI Traffic,/logical-framework-approach/,6,3,3,0,0,0,0,0
CyberEng,Organic Search,/summer-cyber-security-program/,6,-2,11,1,0,0,0,0
LEPSL,Organic Search,/how-to-become-police-sergeant/,6,-9,6,-11,0,0,0,0
MTS,Organic Search,/masters-theological-studies/apply/,6,1,6,0,0,0,0,0
MED,Organic Search,/what-is-an-med-degree-explained/,6,3,5,2,0,0,0,0
MSNNL,Organic Search,/advisory-board/ryan/,6,1,8,3,0,0,0,0
MESH,Paid Social,/masters-engineering-sustainability-health/lp/ppc/thank-you/,6,3,6,3,6,4,1,0.33333333333333337
MTS,Organic Social,/masters-theological-studies/,6,-2,5,-3,0,0,0,0
MSAAI,Email,/masters-applied-artificial-intelligence/apply/,6,,9,,0,,0,
LEPSL,Organic Search,/top-ranked-law-enforcement-masters-degree/,6,4,15,11,0,0,0,0
MSLDT,Direct,/faculty/lisa-evans/,6,5,7,5,0,0,0,0
Default - (not set),Organic Search,/student-support/its-help-desk/,6,-4,6,-6,0,0,0,0
EML,Direct,/chief-engineer-officer-career/,6,-4,6,-4,0,0,0,0
MED,Direct,/master-education-vs-master-arts-teaching/,6,-11,4,-11,0,0,0,0
Informatics,Organic Search,/career-health-care-informatics-ideal-foreign-medical-graduates/,6,4,7,5,0,0,0,0
Default - (not set),Organic Search,/campus-programs/,6,1,6,1,0,0,0,0
Informatics,Organic Search,/health-informatics-job-description-explained/,6,0,5,-1,0,0,0,0
MSHA,Email,/masters-humanitarian-action/classes/,6,5,6,5,1,1,0.16666666666666666,0.16666666666666666
Data Science,Direct,/masters-applied-data-science/lp/let-us-pay-for-your-msads-program-application-fee/,6,4,4,3,0,0,0,0
CyberEng,Email,/masters-cyber-security-engineering/classes/,6,5,11,9,0,0,0,0
MSITL,Referral,/information-technology-trends/,6,3,5,2,0,0,0,0
MSLDT,Direct,/masters-learning-design-technology/app-waiver/,6,2,10,-1,0,-2,0,-0.5
MSLDT,Direct,/instructional-design-careers/,6,-4,4,-5,0,0,0,0
MSHA,Direct,/emergency-management-coordinator-career/,6,3,5,2,0,0,0,0
MED,Direct,/implementing-universal-design-learning/,6,4,4,2,0,0,0,0
"Default - computer-science,engineering,technology",Organic Search,/usd-gradright-partnership/,6,-2,6,-2,0,0,0,0
MSITL,Unknown - Data Not Available / Data Not Available,/masters-information-technology-leadership/lp/ppc/,6,4,34,32,3,3,0.5,0.5
LEPSL,Referral,/women-in-law-enforcement/,6,0,9,4,0,0,0,0
Informatics,Organic Search,/healthcare/,6,0,7,1,0,0,0,0
LEPSL,Organic Search,/resilience-in-law-enforcement/,6,-2,5,-2,0,0,0,0
Data Science,Organic Search,/data-architect-career/,6,-2,7,-1,0,0,0,0
MSAAI,Direct,/artificial-intelligence-engineer-career/,6,3,6,3,0,0,0,0
MSNP,Direct,/benefits-of-working-in-nonprofit/,6,-9,6,-10,0,0,0,0
MESH,Email,/masters-engineering-sustainability-health/apply/,6,4,6,3,0,0,0,0
MED,Organic Search,/teaching-students-with-autism/,6,,7,,0,,0,
MED,Email,/masters-in-education-requirements/,6,5,8,7,0,0,0,0
MTS,Email,/masters-theological-studies/apply/,6,1,6,-4,0,-1,0,-0.2
MSLDT,Organic Search,/instructional-design-career-guide/,6,-1,6,-5,0,0,0,0
MSNNL,Referral,/masters-nursing-leadership/lp/dyna/,6,2,6,-2,0,0,0,0
EML,Direct,/engineering-manager-vs-tech-lead/,6,2,6,2,0,0,0,0
Data Science,Organic Search,/faculty/mikael-graindorge/,6,4,8,5,0,0,0,0
Data Science,Direct,/13-essential-data-science-textbooks/,6,3,5,2,0,0,0,0
LEPSL,Referral,/police-communication-important-today/,6,5,6,5,0,0,0,0
Data Science,Organic Search,/data-consultant-career/,6,2,5,1,0,0,0,0
Informatics,Unknown - Data Not Available / Data Not Available,/masters-health-informatics/lp/study-healthcare-analytics/,6,5,12,6,0,-1,0,-1
MSAAI,Direct,/artificial-intelligence-salary-guide/,6,3,6,3,0,0,0,0
Default - (not set),Direct,/faculty/usd-msha-faculty/,6,5,7,6,0,0,0,0
MESH,Organic Search,/faculty/andrea-haverkamp/,6,1,7,1,0,0,0,0
Data Science,Email,/masters-applied-data-science/,6,,7,,0,,0,
MSNNL,Unknown - Data Not Available / Data Not Available,/masters-nursing-leadership/lp/ppc/,5,2,8,3,0,0,0,0
CyberOps,Direct,/threat-or-opportunity-big-data-and-cyber-security/,5,-6,5,-3,0,0,0,0
MSNP,Direct,/nonprofit-board-governance/,5,-7,5,-4,0,0,0,0
Data Science,Organic Search,/faculty/bilgenur-baloglu/,5,0,4,-1,0,0,0,0
LEPSL,Organic Search,/blog/police-leadership/,5,1,7,4,0,0,0,0
MSAAI,Referral,/introduction-to-computer-vision/,5,,5,,0,,0,
Default - (not set),Referral,,5,-1,5,-8,0,0,0,0
Default - (not set),Direct,/disruptive-innovation-examples/,5,-2,3,-3,0,0,0,0
MSITL,Direct,/it-leadership/,5,-1,5,0,0,0,0,0
Default - engineering,Direct,/research-and-development-manager-career-guide/,5,,4,,0,,0,
CyberEng,Paid Search,/masters-cyber-security-engineering/let-us-pay-for-your-cse-program-application-fee/,5,2,5,2,0,0,0,0
Data Science,Direct,/business-intelligence-developer/,5,1,5,1,0,0,0,0
MSNP,Organic Search,/,5,0,24,-43,0,0,0,0
Default - (not set),Direct,/contact-us-thank-you/,5,3,6,4,4,2,0.8,-0.19999999999999996
MTS,Unknown - Data Not Available / Data Not Available,/masters-theological-studies/lp/ppc/,5,0,7,1,0,0,0,0
Default - (not set),Paid Search,/masters-engineering-management-leadership/lp/ppc/,5,-1,3,-3,3,-3,0.6,-0.4
Data Science,Organic Search,/data-warehouse-engineer/,5,-3,6,-1,0,0,0,0
MTS,Organic Search,.translate.goog/ways-to-deepen-your-faith/,5,4,5,4,0,0,0,0
MSLDT,Direct,/instructional-design-courses/,5,,4,,0,,0,
MSLDT,Direct,/masters-learning-design-technology/related-articles/,5,,5,,0,,0,
MSAAI,Direct,/resources/msaai-artificial-intelligence-self-assessment/,5,-41,15,-39,0,0,0,0
MSHA,Direct,/resources/msha-how-a-masters-degree-can-benefit-your-humanitarian-career/,5,0,6,-1,0,0,0,0
MSLDT,Direct,/masters-engineering-sustainability-health/apply/,5,,5,,0,,0,
LEPSL,Organic Search,/classes/budget-finance-for-law-enforcement-leaders/,5,-5,8,-3,0,0,0,0
MED,Paid Search,/masters-education/specializations/,5,4,7,5,0,0,0,0
MTS,Direct,/theology-degree-salary/,5,0,5,0,0,0,0,0
MESH,Organic Search,.translate.goog/climate-change-analyst-career/,5,4,5,4,0,0,0,0
"Default - business-entrepreneurship,computer-science,technology",Organic Search,/is-a-masters-in-data-science-worth-it/,5,3,5,3,0,0,0,0
Default - (not set),Direct,/mba-interview-questions/,5,3,5,3,0,0,0,0
Informatics,Referral,/data-science-health-care/,5,,3,,0,,0,
MESH,Direct,/environmental-policy-analyst-career/,5,1,5,1,0,0,0,0
MSNNL,Direct,/masters-nursing-leadership/faculty/,5,,4,,0,,0,
EML,Referral,/future-engineering-trends/,5,4,12,11,0,0,0,0
CyberOps,Organic Search,/threat-or-opportunity-big-data-and-cyber-security/,5,3,7,5,0,0,0,0
Informatics,Email,/masters-health-informatics/apply/,5,0,6,1,0,0,0,0
CyberEng,Organic Social,/cyber-security-statistics/,5,,5,,0,,0,
MED,Referral,/rethinking-education-assessment-types/,5,1,9,4,0,0,0,0
"Default - computer-science,engineering,technology",Organic Social,/cyber-security/,5,,5,,0,,0,
MSAAI,Organic Search,/university-of-san-diego-launches-full-time-on-campus-masters-degree-programs-in-applied-artificial-intelligence-and-cyber-security-engineering/,5,,9,,0,,0,
Default - (not set),Email,/,5,-18,4,-22,0,0,0,0
LEPSL,Paid Search,/community-policing-through-leadership/,5,,6,,0,,0,
LEPSL,Referral,/masters-law-enforcement-leadership/transfer-credit/fbi-leeda/,5,-8,10,-12,0,0,0,0
MTS,Direct,/theological-education/,5,3,5,3,0,0,0,0
CyberEng,Organic Search,/classes/applied-cryptography-5/,5,2,5,1,0,0,0,0
LEPSL,Direct,/masters-law-enforcement-leadership/scholarships-grants/,5,-1,8,2,0,0,0,0
CyberEng,Direct,/cyber-security-coding/,5,1,5,2,0,0,0,0
CyberOps,Organic Search,/network-administrator-vs-systems-administrator/,5,1,6,0,0,0,0,0
MED,Direct,/the-secrets-to-successful-school-leadership/,5,4,5,4,0,0,0,0
MSLDT,Referral,/create-employee-training-program/,5,4,5,4,0,0,0,0
LEPSL,Referral,/how-to-become-a-police-lieutenant/,5,-11,6,-13,0,0,0,0
MSITL,Direct,/systems-engineer-career/,5,-1,5,-1,0,0,0,0
Informatics,Paid Search,/healthcare/,5,2,5,2,0,0,0,0
MESH,Paid Search,/ngo-careers/,5,,6,,0,,0,
Informatics,Organic Search,/education/,5,2,5,0,0,0,0,0
Default - (not set),Paid Social,/programs/,5,4,5,4,0,0,0,0
MSNP,AI Traffic,/nonprofit-grant-databases/,5,-1,5,-1,0,0,0,0
MED,Direct,/mba-vs-emba-8-key-differences-comparison-table/,5,2,5,2,0,0,0,0
MED,Organic Search,.translate.goog/best-masters-degrees-for-teachers/,5,1,5,1,0,0,0,0
MSAAI,Referral,/artificial-intelligence-finance/,5,-6,9,-1,0,0,0,0
Default - (not set),Organic Search,/online-leadership-courses/,5,-3,5,-3,0,0,0,0
MSNP,Referral,/grant-writing-for-nonprofits/,5,,5,,0,,0,
CyberEng,Organic Search,/how-to-become-a-cyber-threat-hunter/,5,2,4,2,0,0,0,0
MSITL,Organic Search,/,5,3,73,61,0,0,0,0
MESH,Organic Search,/,5,-3,13,-20,0,0,0,0
CyberOps,Organic Search,/top-paying-cybersecurity-jobs/,5,-7,5,-8,0,0,0,0
MSHA,Organic Social,/human-rights-violation-definition/,5,,5,,0,,0,
LEPSL,Organic Search,/faculty/tom-chaplin/,5,,11,,0,,0,
CyberEng,Direct,/masters-cyber-security-engineering/careers/,5,1,6,3,0,0,0,0
Default - (not set),Referral,/tuition-financial-aid/financial-aid/,5,4,3,3,0,0,0,0
MSAAI,Paid Search,/resources/free-ms-aai-program-brochure/,5,4,6,6,1,1,0.2,0.2
Data Science,Organic Search,/data-science-careers/,5,0,6,-1,0,0,0,0
MSAAI,Paid Social,/masters-applied-artificial-intelligence/,5,4,7,6,0,0,0,0
EML,Direct,/how-to-become-vp-engineering/,5,2,5,2,0,0,0,0
CyberEng,Organic Search,.translate.goog/what-is-cyberwarfare/,5,,5,,0,,0,
MSAAI,Organic Search,/masters-artificial-intelligence-vs-data-science/,5,0,5,2,0,0,0,0
MED,Direct,/resources/a-career-advancement-guide-for-educators-ebook/,5,-1,5,-2,0,0,0,0
Data Science,Direct,/business-analyst-vs-data-analyst-vs-data-scientist/,5,-1,5,-1,0,0,0,0
MSAAI,Organic Social,/artificial-intelligence-finance/,5,-3,4,-3,0,-1,0,-0.125
Default - (not set),Organic Search,/effective-leadership-skills/,5,4,6,5,0,0,0,0
LEPSL,Organic Search,/ambassador/maxime-schifano/,5,,5,,0,,0,
MSHA,Organic Search,/,5,3,24,15,0,0,0,0
LEPSL,Organic Search,/faculty/greg-morgan/,5,4,5,4,0,0,0,0
Informatics,Unknown - Data Not Available / Data Not Available,/masters-health-informatics/lp/health-informatics-for-nurses/,5,3,16,5,0,-1,0,-0.5
Default - (not set),Direct,/bachelors-nursing/bachelors-nursing-lp-ppc/,5,,5,,0,,0,
MSHA,Referral,/types-of-advocacy/,5,3,4,2,0,0,0,0
MED,Referral,/differentiated-instruction/,5,-4,5,-6,0,0,0,0
LEPSL,Unknown - policeone / directory,/masters-law-enforcement-leadership/lp/request-info/,5,-3,8,-7,0,0,0,0
MTS,Organic Social,/apologetics-catechesis-theological-studies-comparison/,5,,5,,0,,0,
MESH,Paid Search,/,5,2,25,15,2,2,0.4,0.4
MSITL,Direct,/sre-vs-devops/,5,,5,,0,,0,
LEPSL,Organic Search,/top-law-enforcement-blogs-websites/,5,-1,5,-1,0,0,0,0
CyberOps,Organic Search,/vulnerability-and-penetration-testing/,5,2,3,0,0,0,0,0
LEPSL,Direct,/risk-management-in-law-enforcement/,5,-1,5,-2,0,0,0,0
MED,Direct,/edutainment/,5,-8,5,-7,0,0,0,0
Informatics,Direct,/forms/,5,1,15,2,4,1,0.8,0.050000000000000044
MESH,Direct,/environmental-studies-vs-environmental-science-degree/,5,-3,4,-4,0,0,0,0
MTS,Referral,/masters-theological-studies/apply/,5,4,5,4,0,0,0,0
CyberOps,Organic Search,/how-to-become-a-security-consultant-career-guide/,5,0,5,0,0,0,0,0
CyberOps,Organic Search,/faculty/umesh-varma/,5,3,5,2,0,0,0,0
MTS,Organic Search,/resources/7-applications-of-theology-degree-ebook/,5,,5,,0,,0,
MSITL,Organic Search,.translate.goog/how-to-become-a-devops-engineer/,5,4,5,4,0,0,0,0
LEPSL,Paid Search,/masters-law-enforcement-leadership/,5,-6,12,-7,0,0,0,0
Default - (not set),Direct,/best-mba-alternatives/,5,2,5,2,0,0,0,0
MSLDT,Organic Search,/masters-learning-design-technology/classes/,5,-1,6,-1,0,0,0,0
CyberOps,Organic Search,/cyber-security-podcasts/,5,-8,7,-6,0,0,0,0
LEPSL,Organic Search,/a-career-in-law-enforcement-3-federal-jobs/,5,-12,5,-9,0,0,0,0
MED,Direct,/early-childhood-education-vs-elementary-education-masters/,5,,5,,0,,0,
Informatics,Direct,/health-informatics-impact-covid-19/,5,1,4,0,0,0,0,0
Default - (not set),Paid Social,/,5,-8,5,-8,0,0,0,0
MSHA,Organic Search,/humanitarian-corridor/,5,0,4,-1,0,0,0,0
LEPSL,Direct,/masters-in-law-enforcement-leadership-hits-1000-graduate-milestone/,5,,4,,0,,0,
MED,Direct,/can-you-teach-with-a-bachelors-degree/,5,0,5,0,0,0,0,0
CyberEng,Referral,/masters-cyber-security-engineering/,5,-4,8,-7,0,-1,0,-0.1111111111111111
LEPSL,Referral,/what-is-intelligence-led-policing/,5,2,8,4,0,0,0,0
MESH,Direct,/sustainability-degree-options/,5,-7,5,-10,0,0,0,0
Default - (not set),Direct,/masters-cyber-security-operations/,5,-1,19,-14,3,3,0.6,0.6
LEPSL,Organic Search,/masters-law-enforcement-leadership/scholarships-grants/,5,-4,5,-9,0,0,0,0
Informatics,Paid Search,/masters-health-informatics/lp/thank-you/,5,-7,3,-8,1,-3,0.2,-0.1333333333333333
MED,Referral,/what-is-educational-technology-definition-examples-impact/,5,0,5,0,0,0,0,0
LEPSL,Direct,/promoting-women-in-law-enforcement-leadership/,5,3,9,7,0,0,0,0
LEPSL,Direct,/best-police-leadership-books/,5,-4,4,-6,0,0,0,0
MESH,Direct,/renewable-energy-consultant-career/,5,4,6,5,0,0,0,0
MSNNL,AI Traffic,/masters-nursing-leadership/scholarships/,5,-1,5,-3,0,0,0,0
Informatics,Organic Search,.translate.goog/8-technologies-changing-healthcare/,5,0,6,0,0,0,0,0
Default - (not set),Direct,/blog/business-entrepreneurship/,5,0,5,-2,0,0,0,0
MSHA,Organic Search,/masters-humanitarian-action/lp/humanitarian-action/,5,-4,7,-9,0,0,0,0
CyberOps,Direct,/cyber-security-salaries-make-case-for-masters/,5,4,5,4,0,0,0,0
Default - (not set),Direct,/employer-partnership/baker-electric/,5,2,5,2,0,0,0,0
EML,Referral,/masters-engineering-management-leadership/apply/,5,-1,5,0,0,0,0,0
MED,Organic Search,.translate.goog/teacher-centered-vs-student-centered-learning/,5,-1,7,1,0,0,0,0
MSNP,Display,/masters-nonprofit-leadership-management/lp/dyna/,5,-140,3,-158,0,-3,0,-0.020689655172413793
MSNP,Direct,/volunteer-management/,5,1,5,1,0,0,0,0
Informatics,Unknown - Data Not Available / Data Not Available,/masters-health-informatics/lp/study-health-informatics/,5,-4,10,-2,1,1,0.2,0.2
EML,Organic Search,/masters-in-engineering-management-vs-mba/,5,0,6,1,0,0,0,0
MED,Organic Search,/grants-for-masters-degree-in-teaching/,5,-9,6,-12,0,0,0,0
LEPSL,Organic Search,/masters-law-enforcement-leadership/lp/law-enforcement/,5,0,13,8,2,2,0.4,0.4
Default - (not set),Paid Search,/leadership-management/,5,3,5,3,0,0,0,0
CyberEng,Unknown - Data Not Available / Data Not Available,/masters-cyber-security-engineering/lp/cyber-security-engineering/,5,2,12,8,1,1,0.2,0.2
Default - (not set),Organic Search,/faculty/michael-lawless/,5,2,7,1,0,0,0,0
Default - (not set),Organic Search,/student-support/graduate-admissions/,5,3,7,5,0,0,0,0
MSAAI,Referral,/ai-research-scientist-career/,5,0,12,8,0,0,0,0
MSITL,Direct,/it-management-leadership-certifications/,5,-7,5,-8,0,0,0,0
Informatics,Direct,/masters-health-informatics/faculty/,5,4,6,5,0,0,0,0
MSITL,Organic Search,/sre-vs-devops/,5,4,4,3,0,0,0,0
CyberOps,Direct,/network-administrator-vs-systems-administrator/,5,4,5,4,0,0,0,0
Data Science,Direct,/when-inference-meets-prediction-navigating-the-line-between-statistical-models-and-machine-learning/,5,-2,5,-2,0,0,0,0
MSAAI,Organic Search,.translate.goog/artificial-intelligence-scholarships/,5,4,5,4,0,0,0,0
MSAAI,AI Traffic,/artificial-intelligence-bootcamps/,5,-1,5,-1,0,0,0,0
Default - (not set),Direct,/employer-partnership/artemis-consulting/,5,,5,,0,,0,
MSAAI,Direct,/masters-cyber-security-engineering/,5,4,12,8,0,0,0,0
EML,Direct,/engineering-masters-scholarships/,5,2,7,4,0,0,0,0
Default - (not set),AI Traffic,/,5,1,7,2,0,0,0,0
MTS,Direct,/apologetics-catechesis-theological-studies-comparison/,5,-8,5,-9,0,0,0,0
CyberEng,Direct,/cryptanalyst-career-guide/,5,3,8,6,0,0,0,0
MTS,Organic Search,/faculty/juliet-mousseau/,5,2,5,2,0,0,0,0
Data Science,Organic Search,/storytelling-with-data-part-2/,5,4,5,2,0,0,0,0
MED,Direct,/forms/,5,3,16,10,4,2,0.8,-0.19999999999999996
MSNP,Unknown - facebook / social,/masters-nonprofit-leadership-management/,5,,5,,0,,0,
MSAAI,AI Traffic,/resources/msaai-online-artificial-intelligence-self-assessment/,5,,4,,0,,0,
MTS,Organic Search,/franciscan-spirituality-in-todays-world/,5,,10,,0,,0,
MSNNL,Direct,/12-types-of-msn-degrees-how-to-choose-the-best-nursing-track/,5,3,5,3,0,0,0,0
MESH,Referral,/masters-engineering-sustainability-health/faculty/,5,4,8,1,0,0,0,0
MED,Organic Search,/masters-education/scholarships-and-grants/,5,2,7,2,0,0,0,0
MSLDT,Direct,/learning-experience-design/,5,0,6,-1,0,0,0,0
Data Science,Organic Search,/masters-applied-data-science/lp/study-data-science/,5,-1,6,-1,0,0,0,0
MSHA,Direct,/what-makes-a-good-humanitarian-important-skills/,5,3,5,3,0,0,0,0
MITE,Email,/masters-innovation-technology-entrepreneurship/lp/dyna/,4,3,4,3,0,0,0,0
Default - (not set),Organic Search,/best-jobs-for-mba-graduates/,4,-4,5,-6,0,0,0,0
CyberOps,AI Traffic,/top-100-cybersecurity-companies/,4,1,3,1,0,0,0,0
MSHA,Paid Search,/humanitarian-aid-certificate-courses/,4,,6,,0,,0,
CyberEng,Organic Search,/chief-information-security-officer/,4,-5,4,-5,0,0,0,0
MESH,Direct,/advisory-board/paul-kadetz/,4,,2,,0,,0,
CyberOps,Organic Search,.translate.goog/cyber-security-architect/,4,,4,,0,,0,
MSAAI,Organic Search,/faculty/kahila-mokhtari/,4,,4,,0,,0,
MSITL,Paid Search,/masters-information-technology-leadership/classes/,4,1,3,1,0,0,0,0
EML,Direct,/engineering-career-path/,4,1,4,1,0,0,0,0
Default - (not set),Direct,/https:/onlinedegrees.sandiego.edu/masters-education/,4,,4,,0,,0,
Data Science,Direct,/how-to-become-data-analytics-manager/,4,2,4,2,0,0,0,0
MTS,Organic Search,/theology-of-retirement/,4,-2,7,1,0,0,0,0
Default - (not set),Organic Search,/student-support/upma-saini/,4,,4,,0,,0,
MTS,Direct,/resources/master-of-theological-studies-application-guide/,4,,4,,0,,0,
MSHA,Organic Search,/resources/msha-how-a-masters-degree-can-benefit-your-humanitarian-career/,4,1,13,10,0,0,0,0
Informatics,Direct,/do-you-need-health-informatics-certification/,4,-4,4,-4,0,0,0,0
MSLDT,Organic Search,/masters-learning-design-technology/faculty/,4,3,13,11,0,0,0,0
MSLDT,Organic Search,.translate.goog/instructional-design-models/,4,-1,6,1,0,0,0,0
MSNP,Direct,/nonprofit-fundraising-ideas/,4,-2,4,-1,0,0,0,0
MSNP,Direct,/grant-writing-for-nonprofits/,4,-4,3,-5,0,0,0,0
MED,AI Traffic,/manage-cell-phones-in-class-tips/,4,-3,4,-3,0,0,0,0
MSAAI,Organic Search,/masters-engineering-management-leadership/,4,2,10,-15,0,-2,0,-1
Default - (not set),Direct,/about/career-and-professional-resources/,4,-1,4,-3,0,0,0,0
Default - (not set),Direct,/lean-startup-methodology-explained/,4,3,5,4,0,0,0,0
EML,Organic Search,.translate.goog/future-engineering-trends/,4,-4,4,-7,0,0,0,0
Informatics,Email,/health-informatics-job-description-explained/,4,,4,,0,,0,
MSAAI,Direct,/masters-applied-data-science/,4,2,30,18,0,0,0,0
CyberEng,Organic Search,/is-cyber-security-hard/,4,3,4,3,0,0,0,0
CyberOps,AI Traffic,/entry-level-cyber-security-jobs-guide/,4,2,3,1,0,0,0,0
MSAAI,Unknown - facebook / social,/masters-applied-artificial-intelligence/,4,,6,,1,,0.25,
MSITL,AI Traffic,/it-careers-after-help-desk/,4,3,4,2,0,0,0,0
MTS,Direct,/why-theological-studies/,4,3,14,13,0,0,0,0
CyberEng,Direct,/how-to-become-a-cyber-threat-hunter/,4,2,4,2,0,0,0,0
Default - (not set),Unknown - tradedesk / ctv,/,4,1,4,1,0,0,0,0
MED,Organic Search,/professional-development-options-for-teachers-at-usd/,4,2,4,2,0,0,0,0
EML,Direct,/,4,-2,12,-3,0,0,0,0
Data Science,Direct,/faculty/ebrahim-k-tarshizi/,4,,4,,0,,0,
Informatics,Organic Search,/informatics-certificate-vs-degree-best/,4,-2,9,-1,0,0,0,0
MSNNL,Direct,/how-to-become-a-cno/,4,1,4,1,0,0,0,0
MED,Direct,/gfembed/,4,-1,8,-1,0,0,0,0
EML,Direct,/masters-in-engineering-management-vs-mba/,4,2,4,2,0,0,0,0
MESH,Organic Search,.translate.goog/high-paying-environmental-jobs/,4,-2,5,-1,0,0,0,0
Informatics,Organic Search,/bachelors-nursing/,4,,13,,1,,0.25,
CyberOps,Direct,/systems-administrator/,4,3,4,4,0,0,0,0
LEPSL,Paid Search,/masters-law-enforcement-leadership/ambassadors/,4,,4,,0,,0,
MSLDT,Organic Search,/instructional-design-masters-degree-worth-it/,4,-3,4,-2,0,0,0,0
MSNNL,Direct,/advisory-board/ryan/,4,,4,,0,,0,
MSNNL,Organic Social,/masters-nursing-leadership/,4,1,4,-4,0,0,0,0
CyberOps,Organic Search,/history-of-cyber-security-standards/,4,-6,3,-7,0,0,0,0
MTS,Paid Search,/masters-theological-studies/lp/ppc/thank-you/,4,2,3,2,2,1,0.5,0
MSAAI,Organic Search,.translate.goog/careers-using-python/,4,1,4,1,0,0,0,0
MSAAI,Organic Search,/study-artificial-intelligence-degree/,4,2,5,3,0,0,0,0
CyberOps,Organic Search,/faculty/danny-barnes/,4,-1,5,-1,0,0,0,0
Default - (not set),Direct,/faq/,4,-11,3,-12,0,0,0,0
MTS,Direct,/campus-minister/,4,1,4,1,0,0,0,0
Default - (not set),Email,/admissions/,4,-4,5,-4,0,0,0,0
LEPSL,Direct,/improving-police-promotional-process/,4,0,5,1,0,0,0,0
MSHA,Direct,/masters-humanitarian-action/lp/dyna/,4,-1,5,-8,0,0,0,0
Default - (not set),Referral,/admissions/,4,-1,8,3,0,0,0,0
Data Science,Direct,/data-science-vs-statistics-masters/,4,-2,4,-2,0,0,0,0
MSLDT,Organic Search,/instructional-designer-job/,4,0,6,1,0,0,0,0
MSLDT,Direct,/elearning-designer-career/,4,,4,,0,,0,
EML,Organic Search,.translate.goog/senior-engineer-vs-tech-lead-vs-lead-engineer/,4,-3,4,-3,0,0,0,0
CyberOps,Direct,/how-to-become-a-security-consultant-career-guide/,4,-4,4,-5,0,0,0,0
CyberOps,Direct,/is-a-cyber-security-certification-right-for-you/,4,3,4,3,0,0,0,0
MSLDT,Direct,/instructional-designer-job/,4,-3,4,-2,0,0,0,0
MSHA,Direct,/humanitarian-aid-certificate-courses/,4,2,3,1,0,0,0,0
CyberOps,Direct,/cyber-security-podcasts/,4,-10,4,-10,0,0,0,0
MED,Direct,.translate.goog/education-inequity-and-homework/,4,,4,,0,,0,
Informatics,Direct,/mha-vs-mph-vs-ms-health-informatics/,4,1,4,1,0,0,0,0
MSAAI,Referral,/artificial-intelligence-courses-and-certifications/,4,,2,,0,,0,
MED,Organic Search,/3-ways-to-create-inclusive-learning/,4,2,3,1,0,0,0,0
Default - (not set),Direct,/about/general-policies/,4,1,5,2,0,0,0,0
LEPSL,Organic Search,/ambassador/michael-rodriguez/,4,0,4,0,0,0,0,0
Default - (not set),Direct,ation-info/,4,0,7,1,0,0,0,0
MED,Organic Search,/mba-vs-emba-8-key-differences-comparison-table/,4,-16,4,-18,0,0,0,0
Default - (not set),Direct,/forms/csol-applicant/,4,,5,,0,,0,
LEPSL,Organic Search,/5-tips-for-a-successful-criminal-justice-career/,4,3,3,2,0,0,0,0
MTS,Organic Search,.translate.goog/theology-careers/,4,1,4,1,0,0,0,0
Default - (not set),Direct,/student-support/ava-ranson/,4,,4,,0,,0,
MSAAI,Organic Search,/resources/msaai-online-artificial-intelligence-self-assessment/,4,0,5,-6,0,0,0,0
MED,Organic Search,.translate.goog/what-is-educational-technology-definition-examples-impact/,4,-1,4,-1,0,0,0,0
MESH,Organic Search,.translate.goog/ngo-careers/,4,3,4,3,0,0,0,0
LEPSL,Direct,/faculty/erik-fritsvold/,4,2,5,0,0,0,0,0
MSLDT,Direct,/masters-learning-design-technology/testimonials/,4,2,13,2,0,0,0,0
EML,Paid Search,/masters-engineering-management-leadership/apply/,4,3,3,2,0,0,0,0
MSLDT,Referral,/masters-learning-design-technology/lp/uci/,4,2,4,2,0,0,0,0
MSNP,AI Traffic,/nonprofit-board-governance/,4,-5,2,-5,0,0,0,0
MED,AI Traffic,/educational-resources-for-teachers/,4,0,5,-5,0,0,0,0
MSAAI,Direct,/study-artificial-intelligence-degree/,4,0,4,1,0,0,0,0
MSHA,AI Traffic,/theory-of-change/,4,,3,,0,,0,
MED,Organic Search,/gfembed/,4,-2,6,-4,0,0,0,0
Data Science,Direct,/data-scientist-salary-guide/,4,-3,3,-4,0,0,0,0
Default - (not set),Organic Search,.translate.goog/transformational-leadership/,4,0,5,1,0,0,0,0
Informatics,Direct,/5-exciting-health-care-informatics-projects/,4,-1,5,0,0,0,0,0
MSLDT,Direct,/masters-learning-design-technology/faculty/,4,3,22,21,0,0,0,0
CyberOps,Organic Search,/faculty/matthew-d-hollandsworth-ph-d/,4,,4,,0,,0,
MSLDT,Referral,/kirkpatrick-training-evaluation-model/,4,-11,9,-2,0,0,0,0
CyberEng,Direct,/cyber-security-vs-software-engineering/,4,-42,4,-40,0,0,0,0
MSNNL,Direct,/admissions/how-to-apply/,4,,11,,0,,0,
MED,Organic Search,.translate.goog/differentiated-instruction/,4,3,4,3,0,0,0,0
MED,Organic Search,/resources/instructing-through-brain-informed-practices-online-presentation-thank-you/,4,,4,,0,,0,
CyberOps,Direct,/masters-cyber-security-engineering/,4,0,13,1,0,-1,0,-0.25
MED,Organic Search,/implementing-universal-design-learning/,4,2,4,0,0,0,0,0
MED,Organic Search,/alternative-teacher-certification-guide/,4,-3,4,-1,0,0,0,0
MSNNL,Direct,/resources/msads-request-program-brochure/,4,,33,,0,,0,
Informatics,AI Traffic,/masters-health-informatics/,4,2,6,3,1,1,0.25,0.25
MSLDT,Direct,/faculty/lindsay-oneill/,4,3,4,3,0,0,0,0
MTS,Direct,.translate.goog/theology-careers/,4,,4,,0,,0,
Default - (not set),Organic Search,/student-support/jessica-boyle/,4,1,5,1,0,0,0,0
MSNP,Organic Search,/masters-nonprofit-leadership-management/lp/ppc/,4,-24,10,-54,0,-2,0,-0.07142857142857142
Default - (not set),Organic Search,/faculty/james-gilb-ph-d/,4,,4,,0,,0,
MSLDT,AI Traffic,/addie-model-instructional-design/,4,3,7,6,0,0,0,0
Default - (not set),Organic Search,/employer-partnership/apsi/,4,,16,,0,,0,
MESH,Direct,/what-is-sustainable-development/,4,-8,4,-8,0,0,0,0
MTS,Direct,/resources/master-of-theological-studies-brochure/,4,,5,,1,,0.25,
MED,Organic Search,.translate.goog/co-teaching-models/,4,2,4,2,0,0,0,0
Data Science,Direct,/how-to-become-database-developer/,4,,4,,0,,0,
"Default - business-entrepreneurship,computer-science,engineering,technology",Direct,/masters-applied-data-science/lp/let-us-pay-for-your-msads-program-application-fee/,4,,4,,4,,1,
MSAAI,Unknown - Data Not Available / Data Not Available,/masters-applied-artificial-intelligence/lp/study-artificial-intelligence/,4,-2,6,-11,0,-2,0,-0.3333333333333333
CyberEng,Direct,/faculty/haydar-majeed/,4,0,2,-3,0,0,0,0
MESH,Organic Search,/how-to-become-an-environmental-engineer/,4,0,6,1,0,0,0,0
Data Science,Organic Search,/masters-applied-data-science/apply/,4,-7,3,-10,0,0,0,0
MED,Direct,/resources/9-reasons-master-education-degree-ebook/,4,-2,3,-2,0,0,0,0
MTS,Referral,/masters-theological-studies/classes/,4,3,4,0,0,0,0,0
MSAAI,Organic Search,.translate.goog/entry-level-ai-careers/,4,2,4,2,0,0,0,0
CyberOps,Direct,/10-entry-level-cyber-security-resume-interview-pitfalls/,4,2,4,2,0,0,0,0
LEPSL,Organic Social,/10-innovative-police-technologies/,4,2,4,2,0,0,0,0
MSLDT,Organic Search,/ambassador/cameron-salehi/,4,2,11,-8,0,0,0,0
EML,Referral,/masters-in-engineering-management-vs-mba/,4,,18,,0,,0,
MED,Organic Search,/early-childhood-education-vs-elementary-education-masters/,4,-1,5,1,0,0,0,0
MTS,Referral,/catholic-charism-comparison/,4,,4,,0,,0,
LEPSL,Referral,/community-policing-through-leadership/,4,,4,,0,,0,
CyberEng,Direct,/cyber-security-internships/,4,0,4,0,0,0,0,0
LEPSL,Email,/top-ranked-law-enforcement-masters-degree/,4,2,6,5,0,0,0,0
Default - (not set),Organic Search,/about/career-and-professional-resources/,4,3,4,3,0,0,0,0
MED,Direct,/resources/10-traits-of-successful-school-leaders/,4,2,6,4,0,0,0,0
Data Science,Direct,/data-engineer-career/,4,0,4,0,0,0,0,0
MSAAI,Organic Search,/faculty/amit-manghani/,4,0,4,0,0,0,0,0
EML,Organic Search,.translate.goog/principal-engineer-vs-senior-engineer/,4,3,5,4,0,0,0,0
Default - (not set),Direct,/employer-partnership/eset/,4,,4,,0,,0,
MSHA,Direct,/new-online-masters-degree-program-in-humanitarian-action/,4,3,4,2,0,0,0,0
LEPSL,Paid Social,/masters-law-enforcement-leadership/lp/thank-you/,4,3,4,3,2,1,0.5,-0.5
Informatics,Paid Search,/education/,4,-6,4,-8,0,-1,0,-0.1
Data Science,Paid Social,/how-to-become-data-analytics-manager/,4,,6,,0,,0,
MSLDT,Paid Search,/masters-learning-design-technology/lp/thank-you/,4,3,9,8,4,4,1,1
CyberEng,Display,/masters-cyber-security-engineering/,4,3,4,3,0,0,0,0
Default - (not set),Paid Search,/business-entrepreneurship/,4,0,4,0,0,0,0,0
MSNP,Organic Search,/nonprofit-cfo-career/,4,-21,4,-31,0,0,0,0
MSAAI,Organic Search,.translate.goog/ai-blogs/,4,-1,4,-1,0,0,0,0
MSHA,Direct,/masters-humanitarian-action/advisory-board/,4,0,6,2,0,0,0,0
MSAAI,Referral,/ai-blogs/,4,0,4,0,0,0,0,0
MSNP,Direct,/best-jobs-for-veterans-after-the-military/,4,,4,,0,,0,
MSNP,AI Traffic,/masters-nonprofit-leadership-management/,4,-1,12,3,1,1,0.25,0.25
Data Science,Organic Search,.translate.goog/best-computer-science-jobs/,4,3,4,3,0,0,0,0
LEPSL,Organic Search,/masters-law-enforcement-leadership/transfer-credit/command-college/,4,-1,4,-1,0,0,0,0
MED,Direct,/masters-education/careers/,4,3,3,2,0,0,0,0
Informatics,Direct,/masters-health-informatics/lp/thank-you/,4,-6,4,-6,4,-5,1,0.09999999999999998
Default - (not set),Organic Search,/tuition-financial-aid/additional-funding-options/,4,0,4,0,0,0,0,0
Data Science,Display,/business-intelligence-certifications/,4,,4,,0,,0,
CyberEng,Email,/masters-cyber-security-engineering/apply/,4,,4,,0,,0,
MESH,Direct,/masters-engineering-sustainability-health/lp/dyna/,4,1,12,9,0,0,0,0
MED,Organic Search,/masters-curriculum-instruction/,4,3,5,4,0,0,0,0
MESH,Direct,/masters-engineering-sustainability-health/lp/ppc/,4,-3,4,-5,0,0,0,0
MED,Direct,n/,4,,4,,0,,0,
LEPSL,Email,/blog/police-leadership/,4,2,9,4,0,0,0,0
MSLDT,Organic Search,/instructional-designer-vs-elearning-developer/,4,-3,4,-7,0,0,0,0
MTS,Organic Search,/campus-minister/,4,-2,4,-2,0,0,0,0
LEPSL,Email,/resources/law-enforcement-careers-ebook-thank-you/,4,-4,4,-7,0,-1,0,-0.125
MESH,Organic Search,/advisory-board/paul-kadetz/,4,,4,,0,,0,
MESH,Organic Search,.translate.goog/environmental-scientist-career/,4,1,4,1,0,0,0,0
Informatics,Organic Search,/masters-health-informatics/classes/,4,-1,6,-1,0,0,0,0
MSITL,Organic Search,/masters-degree-in-information-technology-worth-it/,4,2,4,2,0,0,0,0
Informatics,Direct,/nursing-informatics-vs-health-informatics/,4,1,4,1,0,0,0,0
Default - (not set),Direct,/faculty/jack-mccready/,4,2,3,1,0,0,0,0
CyberEng,Direct,/cyber-security-salary-california/,4,-2,3,-3,0,0,0,0
Data Science,Direct,.translate.goog/data-communication/,4,-2,4,-4,0,0,0,0
CyberOps,Paid Social,/masters-cyber-security-engineering/lp/cyber-security-engineering/,4,-2,18,-5,5,-4,1.25,-0.25
Informatics,Paid Search,/resources/health-informatics-career-guide/,4,1,6,-2,1,-1,0.25,-0.41666666666666663
LEPSL,Organic Search,/how-become-federal-correctional-officer/,4,-1,8,3,0,0,0,0
MTS,Organic Search,.translate.goog/why-study-theology/,4,2,4,2,0,0,0,0
Default - (not set),Organic Search,/gfembed/,4,-2,4,-2,0,0,0,0
MTS,Direct,/masters-theological-studies/lp/ppc/,4,-2,2,-3,0,0,0,0
Default - (not set),Organic Search,/masters-cyber-security-operations/,4,-3,19,-12,0,-3,0,-0.42857142857142855
MSITL,Direct,/masters-information-technology-leadership/classes/cyber-security-pathway/,4,2,6,2,0,0,0,0
MSAAI,Referral,/resources/msaai-online-artificial-intelligence-self-assessment/,4,2,3,0,0,0,0,0
LEPSL,Direct,/masters-law-enforcement-leadership/endorsements-testimonials/,4,2,5,2,0,0,0,0
CyberOps,Direct,/cyber-security-director/,4,1,4,1,0,0,0,0
EML,Referral,/masters-engineering-management-leadership/faculty/,4,2,9,3,0,-1,0,-0.5
MESH,Organic Search,/masters-engineering-sustainability-health/lp/dyna/,4,3,6,3,0,0,0,0
MSNNL,Organic Search,/classes/advanced-pathophysiology/,4,-6,5,-14,0,0,0,0
MESH,Direct,/how-to-become-an-environmental-engineer/,4,0,4,0,0,0,0,0
Data Science,Referral,/masters-data-analytics-worth-it/,4,,4,,0,,0,
Informatics,Direct,/forms/hci-applicant/,4,-1,4,-1,2,-1,0.5,-0.09999999999999998
MED,Organic Search,.translate.goog/effective-educational-leadership/,4,2,5,3,0,0,0,0
MSLDT,Direct,/classes/introduction-to-learning-technologies/,4,,2,,0,,0,
Default - (not set),Organic Search,/lean-startup-methodology-explained/,4,,4,,0,,0,
MED,Referral,/steam-education-in-schools/,4,-7,3,-9,0,0,0,0
MSHA,Referral,/masters-humanitarian-action/apply/,4,2,4,-2,0,0,0,0
MSLDT,Referral,/instructional-design-vs-learning-experience-design/,4,3,2,1,0,0,0,0
Informatics,Organic Search,/forms/,4,3,16,13,6,5,1.5,0.5
MSNP,Direct,/nonprofit-executive-director/,4,-3,4,-3,0,0,0,0
Default - (not set),Direct,/employer-partnership/general-dynamics-nassco/,4,-4,4,-4,0,0,0,0
MSHA,Organic Social,/masters-humanitarian-action/lp/dyna/,4,,4,,0,,0,
MSAAI,Organic Search,.translate.goog/machine-learning-podcast/,4,-3,4,-3,0,0,0,0
MSLDT,Direct,/elearning-developer/,4,-3,4,-4,0,0,0,0
MED,Referral,/mental-health-issues-in-schools/,4,-7,5,-6,0,0,0,0
CyberEng,Organic Search,/network-security-solutions/,4,-4,5,-2,0,0,0,0
CyberOps,Organic Search,.translate.goog/cyber-security-auditor-career-guide/,4,,4,,0,,0,
LEPSL,Direct,/police-promotion/,4,-4,5,-3,0,0,0,0
EML,Direct,/engineering-management-vs-technical-track/,4,-1,3,-2,0,0,0,0
MED,Paid Search,/resources/free-med-program-brochure/,4,-3,4,-6,0,0,0,0
MED,Organic Search,/girls-in-stem-how-teachers-can-help-break-stereotype/,4,0,3,0,0,0,0,0
CyberOps,Organic Search,.translate.goog/cybersecurity-analyst-career-guide/,4,,5,,0,,0,
CyberOps,Organic Search,/faculty/michelle-moore/,4,-7,5,-9,0,0,0,0
LEPSL,Referral,/masters-law-enforcement-leadership/transfer-credit/,4,3,7,6,0,0,0,0
MSAAI,AI Traffic,/masters-applied-artificial-intelligence/apply/,4,-2,7,2,3,3,0.75,0.75
MED,Direct,/programs/,4,2,20,13,0,0,0,0
MSAAI,Email,/resources/free-ms-aai-program-brochure/,4,,4,,0,,0,
LEPSL,Direct,/faculty/wendy-patrick/,4,-11,4,-12,0,0,0,0
Data Science,Direct,/applications-of-data-science-in-healthcare/,4,1,5,2,0,0,0,0
MSNP,Organic Search,/classes/leading-change-in-complex-ecosystems/,3,,2,,0,,0,
MTS,AI Traffic,/masters-theological-studies/,3,-1,9,5,0,0,0,0
Data Science,Organic Social,/data-scientist-salary-guide/,3,,3,,0,,0,
Data Science,Organic Search,/resources/data-science-self-assessment/,3,2,4,2,0,0,0,0
Informatics,Email,/masters-health-informatics/classes/,3,-4,6,-6,1,1,0.3333333333333333,0.3333333333333333
LEPSL,Organic Search,/ambassador/brad-beach/,3,,3,,0,,0,
MSHA,Organic Search,/masters-humanitarian-action/lp/dyna/,3,2,3,1,0,-1,0,-1
MSAAI,AI Traffic,/ai-trainer/,3,1,4,2,0,0,0,0
MSHA,Referral,/humanitarian-intervention-success-stories/,3,-2,3,-2,0,0,0,0
MSLDT,Organic Social,/addie-model-instructional-design/,3,,4,,0,,0,
MED,Referral,/masters-education/specializations/steam/,3,-13,4,-11,0,0,0,0
CyberOps,Paid Search,/masters-cyber-security-operations/classes/,3,-3,3,-8,0,-1,0,-0.16666666666666666
MESH,Organic Search,/faculty/willy-oppenheim/,3,-2,3,-2,0,0,0,0
MTS,Direct,/theology-of-retirement/,3,-1,2,-2,0,0,0,0
LEPSL,Organic Search,/ambassador/benjamin-moszkowicz/,3,1,5,3,0,0,0,0
MSNP,Paid Search,/masters-nonprofit-leadership-management/app-waiver/,3,1,4,2,0,-1,0,-0.5
MSHA,Organic Search,.translate.goog/logical-framework-approach/,3,1,3,1,0,0,0,0
CyberOps,Organic Search,/masters-cyber-security-engineering/,3,-5,9,-15,1,0,0.3333333333333333,0.20833333333333331
MSITL,Direct,/masters-in-information-technology-salary/,3,-3,3,-2,0,0,0,0
Informatics,Organic Search,/faculty/christopher-lee/,3,2,3,2,0,0,0,0
Default - (not set),Organic Search,/faculty/usd-msha-faculty/,3,,3,,0,,0,
Informatics,Organic Social,/masters-health-informatics/lp/health-informatics-for-nurses/,3,-1,3,-1,0,0,0,0
EML,Email,/masters-engineering-management-leadership/,3,-9,6,-13,0,-1,0,-0.08333333333333333
Default - (not set),Direct,/forms/msads-applicant/,3,,3,,0,,0,
MTS,Organic Search,/resources/master-of-theological-studies-application-guide/,3,,2,,0,,0,
MSLDT,Organic Search,/elearning-designer-career/,3,-2,3,-2,0,0,0,0
MSHA,Paid Search,/refugee-aid-careers/,3,,4,,0,,0,
MSAAI,AI Traffic,/machine-learning-engineer-career/,3,2,3,2,0,0,0,0
MED,Organic Search,/teaching-digital-literacy-in-the-classroom/,3,-1,3,-1,0,0,0,0
MSAAI,Organic Search,/student-support/benn-joyce/,3,,6,,0,,0,
MSITL,Paid Social,/masters-cyber-security-operations/lp/bva-cyber-security-operations-leadership/,3,,13,,3,,1,
MED,Direct,/masters-education/specializations/technology-and-innovation/,3,2,6,5,0,0,0,0
CyberEng,Referral,/what-is-cyberwarfare/,3,,4,,0,,0,
MED,Direct,/continuing-education-units-teachers-guide/,3,2,3,2,0,0,0,0
Data Science,Direct,/what-is-data-analytics/,3,-1,3,-1,0,0,0,0
Default - (not set),Organic Search,/education-inequity-and-homework/awe,3,,3,,0,,0,
CyberOps,Organic Search,/ca-paving-way-cyber-security-policy-ed-and-more/,3,,3,,0,,0,
Informatics,Direct,/health-informatics-shaping-future-health-information-management/,3,-3,15,7,0,0,0,0
LEPSL,Direct,/law-enforcement-technology/,3,,3,,0,,0,
Default - (not set),Display,/,3,0,4,2,0,0,0,0
CyberOps,Referral,/top-100-cybersecurity-companies/,3,0,3,1,0,0,0,0
MED,AI Traffic,/cooperative-learning-strategies/,3,2,3,2,0,0,0,0
CyberOps,Organic Search,/masters-cyber-security-operations/classes/,3,-8,4,-14,0,0,0,0
MSNP,Referral,/masters-nonprofit-leadership-management/app-waiver/,3,,3,,0,,0,
MED,Referral,/faculty/joseph-lathan/,3,0,3,0,0,0,0,0
EML,Direct,/masters-engineering-management-leadership/lp/ppc/,3,-7,9,-2,0,-1,0,-0.1
LEPSL,Direct,.translate.goog/10-innovative-police-technologies/,3,,3,,0,,0,
MSNP,Paid Social,/masters-nonprofit-leadership-management/lp/thank-you/,3,-4,3,-7,3,-4,1,0
MSNP,Organic Search,/education-inequity-and-homework/,3,2,23,17,0,0,0,0
MTS,Paid Search,/theology-careers/,3,2,3,2,0,0,0,0
Default - (not set),Unknown - linktree_admin_share / social,/about/state-authorization-status/,3,,3,,0,,0,
Default - (not set),Email,/admissions/how-to-apply/,3,-4,3,-4,0,0,0,0
LEPSL,Direct,/classes/budget-finance-for-law-enforcement-leaders/,3,,3,,0,,0,
MSITL,Referral,/masters-information-technology-leadership/,3,,3,,0,,0,
MSHA,Organic Search,/faculty/john-patterson/,3,-1,3,-1,0,0,0,0
Data Science,Organic Search,/faculty/ebrahim-k-tarshizi/,3,1,3,-1,0,0,0,0
MSNNL,Organic Search,/advisory-board/j-wymer/,3,2,3,2,0,0,0,0
LEPSL,Referral,/how-to-become-a-police-chief/,3,,1,,0,,0,
Default - business-entrepreneurship,Organic Search,.translate.goog/best-engineering-software/,3,,3,,0,,0,
CyberEng,Organic Search,/cyber-security-coding/,3,-4,3,-5,0,0,0,0
CyberOps,Direct,/chief-privacy-officer-career-guide/,3,-3,3,-3,0,0,0,0
MSAAI,Organic Search,/admissions/,3,,10,,0,,0,
MSITL,Organic Search,/information-systems-vs-information-technology/,3,0,3,0,0,0,0,0
MESH,Direct,/social-justice-careers/,3,-2,4,-1,0,0,0,0
MSHA,AI Traffic,/how-to-become-diplomat/,3,,2,,0,,0,
CyberOps,Organic Search,/masters-cyber-security-operations/faculty/,3,2,2,0,0,0,0,0
MSITL,Organic Social,/masters-information-technology-leadership/,3,2,3,2,0,0,0,0
MED,Direct,/masters-education/lp/online-med/,3,-9,4,-14,0,0,0,0
LEPSL,Organic Search,/ambassador/wes-herman/,3,,4,,0,,0,
MSNP,Direct,/masters-humanitarian-action/,3,-2,39,-8,2,2,0.6666666666666666,0.6666666666666666
MSITL,AI Traffic,/information-technology-trends/,3,-1,3,-1,0,0,0,0
CyberOps,Organic Search,.translate.goog/risk-manager-career-guide/,3,,4,,0,,0,
LEPSL,AI Traffic,/masters-law-enforcement-leadership/transfer-credit/fbina/,3,,3,,0,,0,
Data Science,Direct,/what-is-data-science/,3,1,2,0,0,0,0,0
CyberEng,Organic Social,/masters-cyber-security-engineering/,3,,3,,0,,0,
MSAAI,Referral,/masters-applied-artificial-intelligence/lp/study-artificial-intelligence/,3,1,9,7,0,0,0,0
LEPSL,Referral,/what-style-police-leadership-most-effective/,3,1,4,2,0,0,0,0
Data Science,Organic Search,/change-career-to-data-science/,3,1,3,2,0,0,0,0
Default - (not set),Organic Social,"/masters-applied-artificial-intelligence/﻿﻿",3,,3,,0,,0,
MED,Direct,/3-ways-to-create-inclusive-learning/,3,-2,3,-2,0,0,0,0
Default - (not set),Direct,/mesh-mixer-rsvp/,3,,4,,0,,0,
MED,Referral,/the-joys-and-challenges-of-teaching-black-history-month/,3,-49,3,-63,0,0,0,0
Default - engineering,Organic Search,/,3,,2,,0,,0,
LEPSL,Organic Search,/masters-in-public-administration-vs-masters-in-leadership/,3,2,2,1,0,0,0,0
Data Science,Organic Search,/faculty/john-chandler/,3,-1,2,-3,0,0,0,0
CyberOps,Organic Search,/why-cyber-security-is-a-great-career-option-for-military-veterans/,3,2,3,2,0,0,0,0
MED,Direct,/masters-education-non-teachers-offers-options/,3,1,3,1,0,0,0,0
MED,Direct,/masters-in-education-requirements/,3,-1,2,-2,0,0,0,0
LEPSL,Organic Search,/online-law-enforcement-education-offers-jail-deputy-options/,3,,4,,0,,0,
CyberOps,Direct,/resources/top-paying-cybersecurity-jobs/,3,-4,3,-4,0,0,0,0
MSITL,Direct,/how-to-become-a-devops-engineer/,3,-2,7,2,0,0,0,0
MSAAI,Organic Social,/masters-applied-artificial-intelligence/apply/,3,1,3,1,0,0,0,0
MSAAI,Organic Search,.translate.goog/ai-ethicist-career/,3,0,3,0,0,0,0,0
MED,Organic Search,/resources/guide-to-teaching-styles/,3,2,3,2,0,0,0,0
LEPSL,Organic Search,/masters-law-enforcement-leadership/students-agencies/,3,1,2,1,0,0,0,0
CyberOps,Organic Search,/how-to-start-career-in-cyber-security/,3,-6,4,-2,0,0,0,0
Data Science,Organic Search,/supervised-machine-learning-with-gradient-boosting/,3,-4,3,-3,0,0,0,0
MTS,Paid Search,/masters-theological-studies/faculty/,3,2,2,1,0,0,0,0
LEPSL,Organic Search,/masters-law-enforcement-leadership/lp/criminology/,3,1,6,4,1,1,0.3333333333333333,0.3333333333333333
MTS,Referral,/resources/master-of-theological-studies-application-guide/,3,2,3,2,0,0,0,0
MSLDT,Organic Search,/faculty/cindy-demarco/,3,,6,,0,,0,
MED,Organic Search,/resources/the-complete-list-of-teaching-methods/,3,0,4,2,0,0,0,0
MSHA,Direct,/offers/oed-leads/,3,0,3,0,0,0,0,0
Default - (not set),Paid Search,/admissions/military-veterans/,3,1,2,1,0,0,0,0
CyberEng,AI Traffic,/black-vs-gray-vs-white-hat-hackers/,3,,4,,0,,0,
CyberEng,Direct,/network-administrator-career-salary-guide/,3,-1,3,-1,0,0,0,0
MED,Direct,/masters-law-enforcement-leadership/,3,2,7,2,0,0,0,0
MTS,Direct,/masters-theological-studies/careers/,3,1,3,0,0,0,0,0
MSAAI,Email,/masters-applied-artificial-intelligence/careers/,3,,3,,0,,0,
Data Science,AI Traffic,/sports-analytics-careers/,3,2,4,3,0,0,0,0
Data Science,Paid Search,/faculty/ebrahim-k-tarshizi/,3,,3,,0,,0,
LEPSL,Paid Search,/criminal-justice/,3,-2,7,-10,0,0,0,0
CyberOps,Organic Search,/is-a-cyber-security-certification-right-for-you/,3,1,4,1,0,0,0,0
Default - (not set),Organic Search,/blog/business-entrepreneurship/,3,1,3,1,0,0,0,0
MSLDT,Organic Social,/what-is-instructional-design-examples/,3,2,3,1,0,0,0,0
MSITL,Organic Search,/how-to-start-it-career/,3,-2,10,-1,2,1,0.6666666666666666,0.4666666666666666
CyberEng,Direct,/masters-cyber-security-engineering/student-services/,3,1,3,0,0,0,0,0
MSHA,Direct,/masters-education/,3,2,16,14,0,0,0,0
CyberOps,Display,/masters-cyber-security-operations/masters-cyber-operations-leadership-program-outcomes/,3,,1,,0,,0,
MTS,Direct,/masters-theological-studies/faculty/,3,1,3,0,0,0,0,0
CyberOps,Paid Search,/masters-cyber-security-engineering/let-us-pay-for-your-cse-program-application-fee/,3,2,2,1,2,1,0.6666666666666666,-0.33333333333333337
MSNP,Organic Search,/humanitarian-careers/,3,0,7,-2,0,0,0,0
LEPSL,AI Traffic,/women-in-law-enforcement/,3,2,5,3,0,0,0,0
MSAAI,Organic Search,/university-of-san-diegos-ms-in-applied-artificial-intelligence-launching-new-course-agentic-ai-systems-in-summer-2026/,3,1,8,7,0,0,0,0
MSLDT,Email,/masters-learning-design-technology/,3,-3,6,-2,1,1,0.3333333333333333,0.3333333333333333
Default - (not set),Direct,.translate.goog/how-to-start-a-business/,3,,3,,0,,0,
LEPSL,Direct,/law-enforcement-salaries-spike-with-a-masters-degree/,3,,3,,0,,0,
CyberOps,Organic Search,/cyber-security-statistics/,3,0,8,-1,0,0,0,0
LEPSL,Email,/lieutenant-picks-usd-criminal-justice-masters-degree/,3,,3,,0,,0,
MED,Paid Search,/masters-education/specializations/special-ed/,3,,3,,0,,0,
MSAAI,Direct,/computer-science/,3,1,8,-1,2,2,0.6666666666666666,0.6666666666666666
Default - (not set),Organic Search,/masters-applied-data-science/,3,1,6,0,0,0,0,0
MED,Referral,/teacher-resume-examples/,3,-7,4,-6,0,0,0,0
CyberOps,Direct,/resources/cyber-newsletter-signup/,3,,3,,0,,0,
Informatics,Organic Search,/faculty/jonathan-mack/,3,0,2,-1,0,0,0,0
CyberEng,Direct,/become-a-computer-forensics-analyst/,3,1,3,1,0,0,0,0
MTS,Direct,/masters-cyber-security-engineering/,3,,7,,0,,0,
MSAAI,Direct,/search/get+upgraded+chatgpt/,3,,1,,0,,0,
MSLDT,Paid Search,/learning-design-technology-careers/,3,1,3,1,0,0,0,0
Data Science,Paid Search,/masters-applied-data-science/lp/let-us-pay-for-your-msads-program-application-fee/,3,2,3,2,0,0,0,0
Data Science,Organic Search,/how-to-become-data-analytics-manager/,3,0,4,1,0,0,0,0
MSNP,Direct,/masters-nonprofit-leadership-management/app-waiver/,3,-1,2,-2,0,0,0,0
LEPSL,Direct,/how-to-become-a-police-chief/,3,,3,,0,,0,
MSAAI,Direct,/artificial-intelligence/,3,,2,,0,,0,
"Default - computer-science,engineering,technology",Email,/cyber-security/,3,2,6,5,0,0,0,0
MED,Direct,/fastest-way-to-teaching-degree/,3,-6,8,-2,0,0,0,0
Default - (not set),Direct,/blog/sustainability/,3,1,3,1,0,0,0,0
MED,Direct,/masters-educational-technology-worth-it/,3,1,3,-1,0,0,0,0
MSNNL,Email,/masters-nursing-leadership/,3,0,9,5,0,0,0,0
"Default - business-entrepreneurship,computer-science,technology",AI Traffic,/ai-for-teachers/,3,-7,3,-9,0,0,0,0
MSNNL,Direct,/online-ms-nursing-nl/,3,,5,,0,,0,
Informatics,Paid Search,/healthcare-informatics-jobs-salary/,3,,2,,0,,0,
CyberOps,Organic Search,/bringing-gamification-to-cyber-security-training/,3,,3,,0,,0,
LEPSL,Organic Search,/faculty/dennis-nayor/,3,2,2,1,0,0,0,0
Default - (not set),Direct,/education-inequality-and-homework/,3,,3,,0,,0,
MTS,Organic Search,/faculty/mary-beth-ingham/,3,,6,,0,,0,
MED,Organic Search,/residue-of-covid-19-impact/,3,,3,,0,,0,
MSNNL,Direct,/director-of-nursing-career-guide/,3,0,10,7,0,0,0,0
Data Science,Direct,/financial-analyst-career/,3,2,3,2,0,0,0,0
MSNNL,Direct,/forms/,3,2,8,5,3,2,1,0
MSNNL,Organic Social,/nursing-leadership-roles/,3,,4,,0,,0,
LEPSL,Organic Search,/ambassador/luis-lealcontreras/,3,2,3,0,0,0,0,0
MSITL,Organic Search,/faculty/paul-evans/,3,,3,,0,,0,
MSNNL,Organic Social,/what-is-a-clinical-nurse-leader/,3,,3,,0,,0,
MESH,AI Traffic,/masters-engineering-sustainability-health/lp/ppc/,3,,3,,0,,0,
EML,Direct,/faculty/gb-singh/,3,-4,3,-3,0,0,0,0
EML,Email,/masters-engineering-management-leadership/lp/mseml-email-lp/,3,,3,,0,,0,
CyberEng,Direct,/cyber-incident-response/,3,1,4,2,0,0,0,0
MSITL,AI Traffic,/masters-information-technology-leadership/apply/,3,,2,,0,,0,
Default - (not set),Organic Search,/business-entrepreneurship/,3,0,2,-1,0,0,0,0
MSITL,Organic Search,/is-devops-a-good-career/,3,,3,,0,,0,
Default - (not set),Organic Search,/jobs-after-mba-entrepreneurship/,3,-1,3,0,0,0,0,0
CyberEng,Direct,/masters-cyber-security-engineering/lp/combined-degree/,3,0,4,1,0,0,0,0
Data Science,Organic Search,/how-to-become-database-developer/,3,-14,3,-12,0,0,0,0
MED,Direct,/special-education-masters-vs-masters-in-education-degree/,3,-2,3,-2,0,0,0,0
LEPSL,AI Traffic,/promoting-women-in-law-enforcement-leadership/,3,0,2,-1,0,0,0,0
Informatics,Organic Search,/faculty/josh-wymer/,3,,3,,0,,0,
MSITL,Referral,/masters-information-technology-leadership/classes/applied-ai-specialization/,3,,21,,0,,0,
Informatics,Paid Search,/masters-health-informatics/classes/,3,-2,3,-12,0,-1,0,-0.2
Default - (not set),Organic Search,/search/Why%252Bhomework%252Bshould%252Bbe%252Bbanned/page/1/,3,,3,,0,,0,
Informatics,Organic Search,/big-tech-invest-health-care-innovations-informatics/,3,-2,3,-1,0,0,0,0
Informatics,Organic Search,/nursing-informatics-vs-health-informatics/,3,-4,3,-2,0,0,0,0
MSNP,Referral,/ngo-vs-nonprofit/,3,,2,,0,,0,
MSHA,Email,/masters-humanitarian-action/lp/dyna/,3,-151,4,-182,0,-12,0,-0.07792207792207792
MTS,Organic Search,/masters-theological-studies/careers/,3,,5,,0,,0,
Default - (not set),Organic Search,/engineering/,3,-5,2,-5,0,0,0,0
Data Science,Direct,/faculty/naeim-bahrami/,3,2,2,1,0,0,0,0
MSHA,Organic Social,/theory-of-change/,3,-20,3,-19,0,0,0,0
MESH,Organic Search,/masters-engineering-sustainability-health/lp/ppc/,3,-6,3,-10,0,-1,0,-0.1111111111111111
MED,Direct,/what-is-an-med-degree-explained/,3,1,3,1,0,0,0,0
MSNP,Direct,/search/get+upgraded+chatgpt/,3,,11,,0,,0,
MSITL,Direct,/forms/,3,1,18,13,0,0,0,0
MTS,Organic Search,/faculty/darleen-pryds/,3,-1,4,0,0,0,0,0
MED,Organic Search,.translate.goog/instructional-leadership/,3,-2,3,-2,0,0,0,0
MSHA,Organic Search,.translate.goog/theory-of-change/,3,0,3,0,0,0,0,0
CyberOps,Direct,/how-to-start-career-in-cyber-security/,3,1,3,1,0,0,0,0
Informatics,Organic Search,/masters-health-informatics/careers/,3,2,2,1,0,0,0,0
MED,Direct,/education-inequity-aework/.nd-hom,3,2,6,4,0,0,0,0
Data Science,Direct,/masters-applied-data-science/msads-combined-degree/,3,,3,,0,,0,
MSAAI,Organic Search,/aws-azure-gcp-certification/,3,2,3,2,0,0,0,0
MSNP,Organic Search,/masters-nonprofit-leadership-management/lp/thank-you/,3,,3,,1,,0.3333333333333333,
MSAAI,Paid Search,/masters-applied-data-science/lp/study-data-science/,3,2,14,12,0,0,0,0
MSHA,Direct,/humanitarian-crises-around-the-world/,3,-2,3,-5,0,0,0,0
MED,Organic Search,/7-tips-pursuing-masters-degree-working-full-time-education/,3,1,3,1,0,0,0,0
MSNP,Direct,/masters-nonprofit-leadership-management/lp/ppc/,3,-13,3,-11,0,0,0,0
Default - (not set),Referral,/programs/,3,1,3,0,0,0,0,0
MSHA,Direct,/humanitarian-scholarships/,3,1,3,1,0,0,0,0
Data Science,Organic Search,/masters-applied-data-science/lp/let-us-pay-for-your-msads-program-application-fee/,3,,6,,0,,0,
MSAAI,AI Traffic,/ai-ethicist-career/,3,2,3,2,0,0,0,0
MSAAI,Direct,.translate.goog/artificial-intelligence-courses-and-certifications/,3,,5,,0,,0,
MESH,Direct,/masters-engineering-sustainability-health/let-us-pay-for-your-msesh-program-application-fee/,3,,7,,1,,0.3333333333333333,
CyberOps,Direct,/masters-cyber-security-operations/faculty/,3,,3,,0,,0,
MSLDT,Unknown - Data Not Available / Data Not Available,/masters-learning-design-technology/lp/study-learning-design-technology/,3,2,7,6,1,1,0.3333333333333333,0.3333333333333333
Data Science,Direct,/data-science-certifications/,3,1,3,1,0,0,0,0
MTS,Organic Search,/programs/,3,2,27,-6,1,-8,0.3333333333333333,-8.666666666666666
MTS,Organic Search,.translate.goog/what-is-lay-ministry/,3,0,3,0,0,0,0,0
MTS,Organic Search,.translate.goog/religious-vocational-discernment/,3,-1,3,-1,0,0,0,0
MSLDT,Direct,/masters-learning-design-technology/resources/,3,2,4,3,0,0,0,0
MSHA,Organic Search,.translate.goog/top-humanitarian-degrees/,3,,4,,0,,0,
MESH,Organic Search,/classes/environmental-justice/,3,2,8,7,0,0,0,0
MSHA,Referral,/examples-of-social-change/,3,-4,2,-4,0,0,0,0
LEPSL,Organic Search,/ambassador/james-nightingale/,3,,4,,0,,0,
Default - (not set),Referral,/tuition-financial-aid/tuition/,3,0,3,0,0,-1,0,-0.3333333333333333
MESH,Organic Social,/masters-engineering-sustainability-health/,3,,3,,0,,0,
Data Science,Organic Search,/how-to-become-a-software-engineer/,3,-2,5,-5,0,0,0,0
Default - (not set),Email,/employer-partnership/artemis-consulting/,3,,2,,0,,0,
LEPSL,Organic Search,/best-law-enforcement-online-training-and-resources/,3,-1,4,0,0,0,0,0
Data Science,Direct,/masters-applied-data-science/careers/,3,2,4,3,0,0,0,0
MSITL,Direct,/what-is-site-reliability-engineering/,3,-3,3,-3,0,0,0,0
MED,Direct,/technology-in-classroom/,3,-1,3,0,0,0,0,0
Data Science,Direct,/storytelling-with-data-part-1/,3,2,3,2,0,0,0,0
Default - business-entrepreneurship,Direct,/,3,,6,,0,,0,
LEPSL,Organic Search,/ambassador/christopher-skidmore/,3,,2,,0,,0,
MESH,Organic Search,/masters-in-sustainability-degree-comparison/,3,-3,4,-2,0,0,0,0
Default - (not set),Direct,/employer-partnership/apsi/,3,2,3,2,0,0,0,0
MED,Direct,/teaching-students-with-autism/,3,2,2,1,0,0,0,0
Default - (not set),AI Traffic,/employer-partnership/,3,0,2,-1,0,0,0,0
MED,AI Traffic,/adaptive-curriculum-for-special-education/,3,1,3,1,0,0,0,0
MTS,Direct,/resources/7-applications-of-theology-degree-ebook/,3,-5,9,0,1,1,0.3333333333333333,0.3333333333333333
MED,Direct,/resources/instructing-through-brain-informed-practices-online-presentation/,3,-1,3,-1,0,0,0,0
MSAAI,Direct,/masters-engineering-management-leadership/,3,1,20,12,0,0,0,0
Informatics,Direct,/what-is-clinical-informatics/,3,0,3,0,0,0,0,0
Default - (not set),AI Traffic,/admissions/,3,-2,7,0,1,1,0.3333333333333333,0.3333333333333333
MTS,Paid Social,/masters-theological-studies/,3,-162,3,-171,0,0,0,0
Informatics,Organic Search,/classes/introduction-health-care-information-management/,3,-1,4,-5,0,0,0,0
MSNNL,Organic Search,/advisory-board/de-veyra/,3,1,3,1,0,0,0,0
Default - (not set),Paid Search,/masters-applied-data-science/,3,,5,,0,,0,
MED,Direct,/master-of-education-salary/,3,-1,3,-2,0,0,0,0
MTS,Direct,/faculty/garrett-galvin/,3,-1,4,-2,0,0,0,0
MSNNL,Direct,/masters-applied-data-science/classes/,3,,23,,1,,0.3333333333333333,
CyberEng,AI Traffic,/cyber-security-internships/,3,,2,,0,,0,
MSITL,Organic Search,/masters-information-technology-leadership/classes/,3,,3,,0,,0,
Data Science,Organic Search,/faculty/siamak-aram/,3,,4,,0,,0,
MESH,Organic Search,/faculty/ned-mcmahon/,3,,3,,0,,0,
Default - (not set),Direct,/humanitarian-nonprofit/,3,-3,3,-3,0,0,0,0
MSAAI,Organic Search,/masters-health-informatics/,3,,39,,1,,0.3333333333333333,
Informatics,Paid Social,/masters-health-informatics/lp/thank-you/,3,-8,3,-6,2,-6,0.6666666666666666,-0.06060606060606066
MSAAI,Direct,/admissions/how-to-apply/,3,0,18,8,0,0,0,0
MSNNL,Unknown - Data Not Available / Data Not Available,/masters-nursing-leadership/nursing-educator-track/,3,2,6,4,0,0,0,0
Default - (not set),Paid Social,/masters-engineering-management-leadership/lp/ppc/,3,-3,3,-2,3,-2,1,0.16666666666666663
EML,Organic Search,/masters-engineering-management-leadership/faculty/,3,,4,,0,,0,
MSNP,Paid Search,/masters-nonprofit-leadership-management/classes/,3,-4,1,-4,0,0,0,0
MSITL,Organic Search,/masters-information-technology-leadership/apply/,3,2,3,2,0,0,0,0
Default - (not set),Direct,/student-support/office-of-financial-aid-services/,3,2,2,1,0,0,0,0
Default - (not set),Organic Search,/how-to-create-a-tech-startup-company-in-12-steps-2/,3,-4,4,-2,0,0,0,0
EML,Direct,/engineering-scholarships/,3,-9,3,-5,0,0,0,0
EML,Direct,/masters-applied-data-science/classes/,3,2,7,3,0,0,0,0
Data Science,Direct,/career-data-mining/,3,0,3,0,0,0,0,0
Data Science,Direct,/data-science-bootcamps/,3,-1,3,-1,0,0,0,0
EML,AI Traffic,/senior-engineer-vs-tech-lead-vs-lead-engineer/,3,,2,,0,,0,
MTS,Organic Search,/masters-theological-studies/lp/ppc/,3,-2,3,-2,0,0,0,0
MSNNL,Organic Search,/nurse-leader-vs-nurse-manager/,3,2,7,4,0,0,0,0
MED,Direct,/resources/the-complete-list-of-teaching-methods-thank-you/,3,,5,,4,,1.3333333333333333,
MED,AI Traffic,/resources/the-complete-list-of-teaching-methods/,3,-1,4,0,0,0,0,0
MSHA,Organic Search,/advisory-board/husquinet/,3,,6,,0,,0,
LEPSL,Organic Search,/masters-law-enforcement-leadership/endorsements-testimonials/,3,1,4,3,0,0,0,0
LEPSL,Organic Search,/faculty/james-r-davis/,3,0,3,0,0,0,0,0
MED,Direct,/masters-education/scholarships-and-grants/,3,2,3,2,0,0,0,0
Informatics,Organic Search,/faculty/tennille-gifford/,3,2,3,2,0,0,0,0
MSNP,Direct,/nonprofit-leadership/,3,0,3,0,0,0,0,0
CyberOps,Direct,/vulnerability-and-penetration-testing/,3,1,3,1,0,0,0,0
MSHA,Paid Social,/masters-humanitarian-action/lp/thank-you/,3,-2,3,-2,3,-2,1,0
MTS,AI Traffic,/catholic-charism-comparison/,3,1,3,1,0,0,0,0
Data Science,Direct,/business-intelligence-engineer-career/,3,-3,3,-3,0,0,0,0
Informatics,Paid Search,/masters-health-informatics/careers/,3,1,2,1,0,0,0,0
LEPSL,Direct,/how-become-federal-correctional-officer/,3,1,6,4,0,0,0,0
Default - (not set),Paid Search,/resources/msaai-artificial-intelligence-self-assessment/,3,,4,,0,,0,
CyberEng,Referral,/cyber-security-statistics/,3,-3,2,-3,0,0,0,0
CyberOps,Organic Search,/cybersecurity-analyst-career-guide/,3,-8,2,-6,0,0,0,0
MSLDT,Referral,/instructional-design-careers/,3,1,4,2,0,0,0,0
MSAAI,Unknown - linkedin / social,/university-of-san-diego-launches-full-time-on-campus-masters-degree-programs-in-applied-artificial-intelligence-and-cyber-security-engineering/,3,,4,,0,,0,
Data Science,Paid Search,/resources/data-science-self-assessment/,3,-2,5,0,0,0,0,0
CyberOps,Direct,/healthcare-cyber-security/,3,1,4,1,0,0,0,0
Default - (not set),Direct,/resources/data-science-self-assessment/,3,1,8,-7,0,0,0,0
MESH,Organic Search,/faculty/necla-tschirgi/,3,1,3,1,0,0,0,0
CyberOps,AI Traffic,/ethical-hacker-career-salary-guide/,3,2,2,1,0,0,0,0
MSAAI,Direct,.translate.goog/artificial-intelligence-education/,3,-1,4,0,0,0,0,0
LEPSL,Email,/faculty/benjamin-kelso/,3,,3,,0,,0,
Informatics,Referral,/masters-health-informatics/,3,-5,4,-18,0,0,0,0
LEPSL,AI Traffic,/police-media-relations-and-social-media/,3,,2,,0,,0,
MSLDT,Direct,/faculty/heather-leslie/,3,,2,,0,,0,
MSLDT,Direct,/faculty/trudy-blackmon/,3,,3,,0,,0,
CyberOps,Direct,/cisa-certification/,3,0,3,0,0,0,0,0
Default - (not set),Direct,/about/online-learning/,3,0,2,-1,0,0,0,0
EML,Organic Search,/,3,-2,7,-13,0,0,0,0
LEPSL,Organic Search,/online-programs/,3,2,10,7,0,0,0,0
MESH,Paid Search,/masters-engineering-sustainability-health/lp/dyna/,3,2,5,4,0,0,0,0
MED,Organic Search,/fastest-way-to-teaching-degree/,3,-46,3,-54,0,0,0,0
MED,AI Traffic,/brain-based-learning/,3,-10,2,-12,0,0,0,0
MESH,Organic Search,/faculty/ali-mariko-dressel/,3,2,4,3,0,0,0,0
MSAAI,Direct,/big-data-developer/,3,0,3,0,0,0,0,0
Data Science,Direct,/advisory-board/eric-colson/,2,,2,,0,,0,
LEPSL,Organic Search,/ambassador/dale-fors/,2,0,2,0,0,0,0,0
MSHA,Organic Search,/classes/data-visualization-and-analytics/,2,,2,,0,,0,
MTS,Organic Search,/,2,-1,51,29,0,0,0,0
CyberOps,Organic Search,/cybersecurity-vs-it-degree/,2,0,4,-1,0,0,0,0
Default - (not set),Organic Social,/blog/10-technologies-that-are-changing-health-care,2,,2,,0,,0,
EML,Email,/masters-engineering-management-leadership/lp/ppc/,2,1,2,1,0,0,0,0
LEPSL,Unknown - event / poker-chip,/masters-law-enforcement-leadership/lp/request-info/,2,,2,,0,,0,
Data Science,Direct,/data-analytics-consultant/,2,1,2,1,0,0,0,0
LEPSL,Direct,/resilience-in-law-enforcement/,2,0,2,0,0,0,0,0
Default - (not set),Direct,/lp/apply-now/,2,,2,,0,,0,
CyberOps,Organic Search,/resources/top-paying-cybersecurity-jobs/,2,-3,2,-3,0,0,0,0
MSNNL,Organic Search,/,2,,15,,0,,0,
Default - (not set),Direct,/student-support/one-stop-student-center/,2,-1,3,1,0,0,0,0
MSLDT,Direct,/masters-learning-design-technology/lp/instructional-design-for-teachers/,2,1,2,1,0,0,0,0
MESH,Direct,/masters-applied-data-science/,2,,15,,0,,0,
CyberEng,Direct,/chief-information-security-officer/,2,1,2,1,0,0,0,0
MSLDT,Paid Search,/masters-learning-design-technology/lp/osu/,2,,1,,0,,0,
EML,Direct,/masters-engineering-management-leadership/let-us-pay-for-your-eml-program-application-fee/,2,-1,2,-3,0,-1,0,-0.3333333333333333
LEPSL,Direct,/best-law-enforcement-online-training-and-resources/,2,,2,,0,,0,
LEPSL,Direct,/masters-law-enforcement-leadership/transfer-credit/perf-smip/,2,-3,2,-1,0,0,0,0
MED,Organic Search,/masters-educational-technology-worth-it/,2,-2,2,-1,0,0,0,0
MSNP,Organic Social,/nonprofit-executive-director/,2,,4,,0,,0,
CyberOps,Organic Search,/masters-cyber-security-operations/careers/,2,,1,,0,,0,
MTS,Referral,/masters-theological-studies/let-us-pay-for-your-mts-program-application-fee/,2,,2,,1,,0.5,
Default - (not set),Referral,/offers/oed-leads/,2,,2,,0,,0,
CyberEng,Direct,/chief-risk-officer/,2,-6,2,-6,0,0,0,0
MSAAI,Direct,/masters-artificial-intelligence-vs-data-science/,2,1,11,10,0,0,0,0
MSHA,Organic Search,/advisory-board/puechguirbal/,2,0,2,-2,0,0,0,0
Default - (not set),Organic Search,/author/joseph-lathan/,2,,2,,0,,0,
LEPSL,Email,/masters-law-enforcement-leadership/lp/request-info/,2,-53,2,-60,0,-2,0,-0.03636363636363636
MED,Organic Search,/masters-education/faculty/,2,-4,4,-5,0,0,0,0
MSNNL,Paid Social,/masters-nursing-leadership/lp/thank-you/,2,1,2,1,2,1,1,0
Data Science,Unknown - linkedin / social,/masters-applied-data-science/,2,,3,,0,,0,
LEPSL,Direct,/ambassador/tracy-volz-montez/,2,,2,,0,,0,
Informatics,Paid Search,/health-informatics-job-description-explained/,2,1,4,3,0,0,0,0
MSAAI,Organic Search,/resources/ai-checklist-thank-you/,2,,2,,1,,0.5,
Default - (not set),Direct,/education-inequality,2,,4,,0,,0,
MED,AI Traffic,/careers-masters-curriculum-instruction/,2,,1,,0,,0,
MED,Unknown - Data Not Available / Data Not Available,/masters-education/lp/online-med/,2,-3,7,-3,1,1,0.5,0.5
MSAAI,Unknown - fashion-valley-mall / ooh,/,2,,10,,0,,0,
MSLDT,Direct,/instructional-design-career-guide/,2,-3,2,-2,0,0,0,0
Informatics,Organic Search,/ms-msc-health-informatics-usa/,2,,2,,0,,0,
CyberEng,Display,/masters-cyber-security-engineering/classes/,2,1,3,1,0,0,0,0
LEPSL,Referral,/police-officer-wellness-programs/,2,0,2,1,0,0,0,0
MESH,AI Traffic,/masters-engineering-sustainability-health/apply/,2,,2,,0,,0,
Default - (not set),Display,/masters-applied-data-science/lp/study-data-science/,2,,6,,0,,0,
Default - (not set),Direct,/top-cyber-security-threats/,2,,5,,0,,0,
CyberOps,Organic Search,/cyber-security-director/,2,-5,2,-4,0,0,0,0
MSNP,Organic Search,/what-is-organizational-leadership/,2,-7,2,-5,0,0,0,0
Informatics,Organic Search,/classes/informatics-capstone/,2,,2,,0,,0,
Informatics,Paid Search,/informatics-nursing-essential-career/,2,,2,,0,,0,
MED,Direct,/how-educators-incorporate-steam-in-the-classroom/,2,,2,,0,,0,
MSHA,Direct,/humanitarian-program-coordinator/,2,-5,2,-7,0,0,0,0
MSAAI,Organic Search,/data-science-careers/,2,,6,,0,,0,
LEPSL,Email,/how-to-become-a-police-lieutenant/,2,,1,,0,,0,
CyberOps,Direct,/cybersecurity-analyst-career-guide/,2,1,2,1,0,0,0,0
MSAAI,Organic Search,/faculty/rod-albuyeh/,2,,2,,0,,0,
Default - (not set),Organic Social,/employer-partnership/xsite/,2,,2,,0,,0,
MESH,Direct,/environmental-compliance-officer-career/,2,-5,2,-4,0,0,0,0
MED,AI Traffic,/3-ways-to-create-inclusive-learning/,2,,1,,0,,0,
Informatics,Direct,/blog/healthcare/,2,-1,1,-3,0,0,0,0
Informatics,Organic Social,/masters-health-informatics/,2,1,2,1,0,0,0,0
MTS,Referral,/franciscan-spirituality-in-todays-world/,2,,2,,0,,0,
Data Science,Referral,/masters-applied-data-science/classes/,2,0,2,1,0,0,0,0
MTS,Organic Search,/faculty/joe-chinnici/,2,1,6,5,0,0,0,0
Informatics,Paid Social,/masters-health-informatics/health-informatics-track/,2,-1,2,0,0,0,0,0
Informatics,Referral,/masters-health-informatics/health-analytics-track/,2,,5,,0,,0,
Default - (not set),Direct,/top-cyber-security-blogs-websites/,2,,8,,0,,0,
LEPSL,AI Traffic,/search/when+was+it+written/,2,,2,,0,,0,
MSITL,Organic Search,/information-technology-scholarships/,2,,2,,0,,0,
Default - (not set),Organic Search,/employer-partnership/artemis-consulting/,2,,2,,0,,0,
EML,Organic Search,/advisory-board/ramon-lecanda/,2,,2,,0,,0,
MSLDT,Direct,/faculty/holly-shiflett/,2,,2,,0,,0,
MED,Direct,/faculty-spotlight-dr-reyes-quezada-2/,2,,2,,0,,0,
MESH,Direct,/community-health-worker-certification/,2,-3,8,3,0,0,0,0
MESH,Organic Search,/resources/meeting-the-planets-most-urgent-challenges/,2,,5,,2,,1,
CyberOps,Organic Search,/systems-administrator/,2,,2,,0,,0,
MSLDT,Organic Search,/masters-education/specializations/curriculum-and-instruction/,2,1,9,-2,0,0,0,0
MED,Organic Search,/how-to-get-a-teaching-certificate/,2,,2,,0,,0,
Informatics,Direct,/health-data-analyst/,2,-8,8,-2,0,0,0,0
LEPSL,Direct,/masters-law-enforcement-leadership/lp/refer-a-friend/,2,,2,,0,,0,
LEPSL,Referral,/shift-in-law-enforcement-leadership/,2,,2,,0,,0,
MSNP,Email,/masters-nonprofit-leadership-management/lp/dyna/,2,-157,3,-167,0,-6,0,-0.03773584905660377
CyberEng,Direct,/usd-alum-salesforce-security-engineer/,2,,2,,0,,0,
MTS,Organic Search,/why-theological-studies/,2,-4,2,-6,0,0,0,0
LEPSL,Organic Search,/lieutenant-picks-usd-criminal-justice-masters-degree/,2,-1,2,-2,0,0,0,0
Default - (not set),AI Traffic,/tuition-financial-aid/tuition/,2,-7,1,-9,0,0,0,0
CyberOps,Direct,/masters-cyber-security-engineering/let-us-pay-for-your-cse-program-application-fee/,2,0,3,-11,1,0,0.5,0
Default - (not set),AI Traffic,/top-cyber-security-blogs-websites/,2,,4,,0,,0,
MTS,Paid Search,/resources/master-of-theological-studies-brochure/,2,,2,,0,,0,
MSHA,AI Traffic,/humanitarian-careers/,2,,1,,0,,0,
CyberOps,Paid Search,/top-100-cybersecurity-companies/,2,,2,,0,,0,
MSLDT,Direct,/masters-cyber-security-engineering/lp/cyber-security-engineering/,2,,13,,0,,0,
CyberOps,Direct,/masters-cyber-security-operations/let-us-pay-for-your-csol-program-application-fee/,2,0,2,1,1,1,0.5,0.5
MSLDT,AI Traffic,/educational-technology-jobs/,2,,1,,0,,0,
MTS,Referral,/philosophy-degree-jobs/,2,,2,,0,,0,
MSAAI,Paid Search,/masters-engineering-management-leadership/,2,,18,,0,,0,
MSNNL,Direct,/masters-nursing-leadership/lp/nurse-cp/,2,,2,,0,,0,
LEPSL,Organic Search,/faculty/darrin-t-grondel/,2,1,2,1,0,0,0,0
MSAAI,Organic Search,/resources/msaai-on-campus-artificial-intelligence-self-assessment/,2,,3,,0,,0,
MTS,AI Traffic,/what-is-lay-ministry/,2,,2,,0,,0,
MSLDT,Paid Social,/right-masters-in-instructional-design-and-technology/,2,,2,,0,,0,
MESH,Direct,/masters-engineering-sustainability-health/faculty/,2,-2,3,-3,0,0,0,0
CyberOps,Direct,/faculty/paul-keener/,2,,2,,0,,0,
CyberOps,Display,/top-cyber-security-threats/,2,1,1,0,0,0,0,0
MSHA,Referral,/masters-humanitarian-action/lp/humanitarian-action/,2,1,1,0,0,0,0,0
Default - (not set),AI Traffic,/entrepreneurship-degree-worth-it/,2,,1,,0,,0,
Default - (not set),Direct,/can-information-security-degree,2,,2,,0,,0,
MSAAI,Organic Social,/masters-applied-artificial-intelligence/classes/,2,1,4,3,0,0,0,0
MSAAI,Email,/nlp-engineer-career/,2,,2,,0,,0,
Data Science,Organic Search,"/search/Assistive+Technology:+Tools+such+as+speech+recognition+software+transcribe+spoken+words+into+text,+helping+students+with+disabilities+such+as+hearing+impairments+or+dyslexia+to+participate+more+fully+in+the+classroom+by+converting+speech+to+text+and+vice+versa./",2,,2,,0,,0,
Default - (not set),Direct,/blog/technology/,2,-1,2,-1,0,0,0,0
CyberEng,Email,/cyber-security-statistics/,2,,2,,0,,0,
Informatics,Direct,/offers/oed-leads/,2,-1,2,-1,0,0,0,0
LEPSL,Direct,/ambassador/ryan-rodriguez/,2,,3,,0,,0,
MESH,Direct,/faculty/willy-oppenheim/,2,0,2,-1,0,0,0,0
MSNNL,Organic Search,/masters-learning-design-technology/,2,,93,,0,,0,
Data Science,Organic Search,/data-science-tools-of-the-trade-r-vs-python-2/,2,-4,1,-4,0,0,0,0
Default - (not set),Organic Search,/cyber-crime-investigator-career/,2,,6,,0,,0,
Default - (not set),Direct,/forms/ldt-applicant/,2,,2,,1,,0.5,
EML,Direct,/resources/from-engineer-to-leader/,2,-1,1,-2,0,0,0,0
LEPSL,Organic Search,.translate.goog/what-style-police-leadership-most-effective/,2,,2,,0,,0,
MTS,Organic Social,/how-to-pay-for-theology-degree/,2,1,2,1,0,0,0,0
MSAAI,Organic Search,/artificial-intelligence-engineer-career/,2,-6,3,-10,0,0,0,0
Informatics,Direct,/faculty/josh-wymer/,2,,2,,0,,0,
MSLDT,Organic Search,/careers-masters-curriculum-instruction/,2,-2,4,-7,0,0,0,0
Default - (not set),Organic Search,/faculty/jack-mccready/,2,,2,,0,,0,
MESH,Paid Social,/masters-engineering-sustainability-health/,2,1,2,0,0,0,0,0
Default - (not set),Organic Search,/masters-degree-innovation/,2,-3,2,-4,0,0,0,0
MED,Organic Search,/search/Homework+banned+resons/,2,,2,,0,,0,
LEPSL,Organic Search,/ambassador/brad-welch/,2,1,3,2,0,0,0,0
EML,Organic Search,.translate.goog/chief-engineer-officer-career/,2,0,2,0,0,0,0,0
Default - (not set),Organic Search,/employer-partnership/eset/,2,,1,,0,,0,
MED,Organic Search,.translate.goog/masters-in-special-education-careers/,2,,2,,0,,0,
MSNNL,Organic Social,/masters-in-nursing-worth-it/,2,,2,,0,,0,
CyberEng,Organic Search,/jobs-in-cybersecurity/,2,-1,2,-2,0,0,0,0
Informatics,Organic Search,/faculty/lilian-chan/,2,,2,,0,,0,
Default - (not set),Paid Search,/masters-applied-data-science/lp/study-data-science/,2,0,15,5,1,1,0.5,0.5
Informatics,Referral,/masters-health-informatics/lp/study-healthcare-analytics/,2,,4,,0,,0,
MSNNL,Paid Search,/masters-nursing-leadership/clinical-practicums/,2,,2,,0,,0,
MED,Paid Search,/about/state-authorization-status/,2,,6,,1,,0.5,
MESH,Paid Search,/programs/,2,,6,,0,,0,
MTS,Referral,/theology-careers/,2,,2,,0,,0,
MED,Organic Search,/masters-education/masters-education-resources/,2,,1,,0,,0,
Default - (not set),Referral,/lean-startup-methodology-explained/,2,,2,,0,,0,
MED,Organic Social,/teaching-to-every-students-unique-learning-style/,2,-2,1,-3,0,0,0,0
MED,Organic Social,/adaptive-curriculum-for-special-education/,2,,2,,0,,0,
MED,Organic Search,/faculty/denise-goulart/,2,,2,,0,,0,
Default - (not set),Email,/masters-cyber-security-engineering/,2,0,7,-16,0,0,0,0
MESH,Referral,/blog-msph-vs-mph-degree-comparison/,2,1,1,0,0,0,0,0
MESH,Organic Search,.translate.goog/sustainability-scholarships/,2,1,2,1,0,0,0,0
MSNNL,Direct,/faculty/msn-nl-program-directors/,2,,9,,0,,0,
LEPSL,AI Traffic,/10-innovative-police-technologies/,2,0,5,3,0,0,0,0
MSHA,Organic Search,.translate.goog/human-rights-violation-definition/,2,,3,,0,,0,
MSAAI,Paid Social,/masters-applied-artificial-intelligence/apply/,2,,2,,0,,0,
Default - (not set),Paid Social,/master-of-science-cyber-security-operations-leadership,2,0,2,0,0,0,0,0
"Default - ",Email,/masters-cyber-security-operations/lp/scholarship-email/,2,,2,,0,,0,
Data Science,Direct,/data-warehouse-engineer/,2,-1,2,-1,0,0,0,0
MTS,Email,/masters-theological-studies/lp/ppc/,2,,1,,0,,0,
MSLDT,Organic Social,/learning-objectives-examples/,2,1,1,0,0,0,0,0
Data Science,Direct,/ata-specialist-career/,2,0,2,0,0,0,0,0
LEPSL,AI Traffic,/police-communication-important-today/,2,-3,2,-3,0,0,0,0
CyberEng,Email,/masters-cyber-security-engineering/lp/dyna/,2,1,2,1,0,0,0,0
Default - (not set),Paid Search,/tuition-financial-aid/additional-funding-options/,2,0,1,0,0,0,0,0
MED,Direct,/online-teaching-certification-licensure-programs/,2,0,2,0,0,0,0,0
Default - (not set),Direct,/how-to-be-innovative-at-work/,2,0,2,0,0,0,0,0
MSNP,Paid Search,/masters-nonprofit-leadership-management/apply/,2,-3,3,-4,0,0,0,0
MSLDT,Referral,/ai-instructional-design/,2,-3,2,-3,0,0,0,0
Data Science,Organic Search,.translate.goog/how-to-become-data-analytics-manager/,2,,2,,0,,0,
MSLDT,Referral,/instructional-technologist-career/,2,,2,,0,,0,
MSAAI,Referral,/artificial-intelligence-scholarships/,2,,2,,0,,0,
Informatics,Organic Search,/faculty/tony-rosales/,2,,1,,0,,0,
MSLDT,Organic Search,.translate.goog/instructional-technology-tools/,2,-2,3,-1,0,0,0,0
Default - (not set),Organic Search,/education-inequity-andhomework/,2,,2,,0,,0,
MSITL,Direct,/masters-information-technology-leadership/lp/ppc/let-us-pay-for-your-msitl-application-fee/,2,,2,,0,,0,
CyberOps,Direct,/resources/getting-an-ms-cyber-security-8-considerations/,2,,2,,0,,0,
MED,Organic Search,.translate.goog/inclusive-education-strategies/,2,,2,,0,,0,
Informatics,Organic Search,/advisory-board/parizek/,2,1,2,1,0,0,0,0
CyberOps,Direct,/non-technical-cyber-security-jobs/,2,,2,,0,,0,
MSNP,Paid Search,/grant-writing-for-nonprofits/,2,,1,,0,,0,
MED,Organic Search,.translate.goog/brain-based-learning/,2,1,2,0,0,0,0,0
Default - (not set),Direct,/8-reasons-to-get-your-masters-degree-in-cyber-security,2,,2,,0,,0,
Informatics,Paid Search,/masters-health-informatics/lp/study-health-informatics-old-page/,2,,2,,0,,0,
MSAAI,Organic Search,/classes/probability-and-statistics-for-artificial-intelligence-maai-500/,2,-1,2,-1,0,0,0,0
EML,Organic Search,/engineering-management-masters-worth-it/,2,0,4,2,0,0,0,0
MESH,Organic Social,/blog-msph-vs-mph-degree-comparison/,2,,2,,0,,0,
"Default - ",Email,/masters-cyber-security-engineering/lp/tech-news/,2,,2,,0,,0,
MSHA,Organic Search,.translate.goog/humanitarian-intervention-success-stories/,2,,3,,0,,0,
MSAAI,Referral,/masters-applied-artificial-intelligence/faculty/,2,,4,,0,,0,
EML,AI Traffic,/engineering-leadership-skills/,2,,1,,0,,0,
Informatics,Email,/masters-health-informatics/health-analytics-track/,2,0,15,13,1,1,0.5,0.5
Data Science,Referral,/masters-applied-data-science/lp/study-data-science/,2,1,3,1,0,0,0,0
LEPSL,Unknown - Data Not Available / Data Not Available,/masters-law-enforcement-leadership/lp/law-enforcement/,2,1,3,1,0,0,0,0
MED,Direct,.translate.goog/teacher-centered-vs-student-centered-learning/,2,1,2,1,0,0,0,0
MSAAI,Organic Search,/masters-cyber-security-operations/,2,0,17,9,0,0,0,0
LEPSL,Paid Search,/masters-in-law-enforcement-leadership-hits-1000-graduate-milestone/,2,,3,,0,,0,
Default - (not set),Unknown - Data Not Available / Data Not Available,/,2,-2,7,0,0,0,0,0
Default - (not set),Organic Search,/top-cyber-security-threats/,2,-2,5,-13,0,0,0,0
CyberEng,Organic Search,/cybersecurity-masters-degree-comparison/,2,,2,,0,,0,
Data Science,Direct,/python-for-data-science/,2,0,2,0,0,0,0,0
MESH,Direct,/masters-engineering-sustainability-health/student-services-support-team/,2,,7,,0,,0,
MSNNL,Direct,/nurse-leader-career-paths-opportunities-thank-you/,2,,7,,0,,0,
Default - (not set),Unknown - facebook / social,/applied-artificial-intelligence/,2,,2,,0,,0,
MED,Direct,/resources/guide-to-teaching-styles/,2,,2,,0,,0,
MSITL,Email,/masters-information-technology-leadership/,2,-3,3,-3,0,0,0,0
MSAAI,Direct,/resources/ai-checklist-thank-you/,2,1,2,1,1,0,0.5,-0.5
MSAAI,Direct,/harnessing-the-power-of-generative-ai-tools-at-usd-ms-in-aai-program/,2,,3,,0,,0,
EML,Direct,/effective-engineering-manager/,2,1,3,2,0,0,0,0
MSAAI,Organic Search,/impact-of-chatgpt-on-ai-careers/,2,,2,,0,,0,
MTS,Organic Search,.translate.goog/philosophy-degree-jobs/,2,,2,,0,,0,
MED,Organic Search,.translate.goog/careers-masters-curriculum-instruction/,2,-6,2,-7,0,0,0,0
MED,Direct,/forms/med-gar/,2,,10,,0,,0,
MSHA,Email,/masters-humanitarian-action/app-waiver/,2,1,2,1,1,1,0.5,0.5
EML,Organic Search,/faculty/gb-singh/,2,0,3,1,0,0,0,0
MSNNL,Unknown - Data Not Available / Data Not Available,/masters-nursing-leadership/,2,,2,,0,,0,
Default - humanitarian-nonprofit,Direct,/,2,,5,,0,,0,
Informatics,Paid Social,/masters-health-informatics/health-analytics-track/,2,-3,2,-1,0,0,0,0
MESH,Direct,.translate.goog/ngo-careers/,2,1,2,1,0,0,0,0
MESH,Direct,/resources/sustainability-careers-ebook-thank-you/,2,1,5,5,0,0,0,0
EML,Organic Search,/masters-engineering-management-leadership/apply/,2,-4,1,-5,0,0,0,0
Default - (not set),Direct,/masters-applied-data-science/classes/,2,1,9,5,0,0,0,0
MSLDT,Direct,/masters-cyber-security-engineering/,2,,9,,0,,0,
Data Science,Paid Social,/best-degrees-data-science/,2,,2,,0,,0,
CyberEng,Direct,/is-cyber-security-hard/,2,0,2,0,0,0,0,0
MTS,Direct,/franciscan-spirituality-in-todays-world/,2,1,2,1,0,0,0,0
MSLDT,Organic Search,.translate.goog/learning-objectives-examples/,2,-2,5,0,0,0,0,0
MSNP,Direct,/resources/6-nonprofit-careers-ebook/,2,1,9,8,1,1,0.5,0.5
MED,Organic Search,/faculty/sobeida-velazquez/,2,-1,2,-1,0,0,0,0
MSNNL,Paid Social,/masters-nursing-leadership/,2,,2,,0,,0,
MSITL,Direct,/masters-health-informatics/,2,,20,,0,,0,
MSAAI,Organic Search,/classes/machine-learning-fundamentals-and-applications-maai-510/,2,0,1,-1,0,0,0,0
EML,Referral,/senior-engineer-vs-tech-lead-vs-lead-engineer/,2,,3,,0,,0,
MSAAI,AI Traffic,/impact-of-chatgpt-on-ai-careers/,2,,3,,0,,0,
Informatics,Organic Search,/masters-health-informatics/faculty/,2,1,10,10,0,0,0,0
Default - (not set),Direct,ce-thank-you-page-template/,2,,3,,0,,0,
CyberOps,Direct,/masters-cyber-security-operations/careers/,2,1,4,3,0,0,0,0
Default - (not set),Referral,/online-programs/,2,0,1,0,0,0,0,0
MSNP,Direct,/masters-engineering-sustainability-health/,2,0,22,17,1,1,0.5,0.5
LEPSL,Direct,/masters-law-enforcement-leadership/transfer-credit/command-college/,2,-4,2,-4,0,0,0,0
MESH,Organic Search,.translate.goog/climate-change-careers/,2,1,2,1,0,0,0,0
Default - (not set),Direct,/forms/msnp-application-evaluation/,2,1,2,1,0,0,0,0
CyberEng,Direct,/masters-cyber-security-engineering/program-outcomes/,2,1,0,-2,0,0,0,0
Data Science,Organic Search,/data-science/,2,-6,2,-9,0,0,0,0
MTS,Organic Search,/faculty/william-short/,2,0,2,0,0,0,0,0
MESH,Organic Search,/faculty/chris-byrne/,2,,2,,0,,0,
LEPSL,Organic Search,/ambassador/andrew-leyva/,2,1,2,1,0,0,0,0
Data Science,Direct,/women-in-data-science-where-we-are-where-were-going-and-why-it-matters/,2,1,1,0,0,0,0,0
CyberOps,Organic Search,/cyber-crime-investigator-career/,2,,5,,0,,0,
MED,Paid Search,/masters-education/specializations/steam/,2,,2,,0,,0,
LEPSL,AI Traffic,/law-enforcement-masters-fbinaa-alliance/,2,,1,,0,,0,
Default - (not set),AI Traffic,/admissions/international-students/,2,0,2,0,0,0,0,0
LEPSL,Direct,/criminal-justice-masters-degree-comparison/,2,-1,2,-1,0,0,0,0
Default - (not set),Organic Search,/search/Why%2Bhomework%2Bshould%2Bbe%2Bbanned/page/1/,2,,2,,0,,0,
LEPSL,Paid Social,/masters-law-enforcement-leadership/classes/,2,-4,2,-6,0,0,0,0
EML,Organic Search,/advisory-board/nandor-szots/,2,1,5,3,0,0,0,0
Default - (not set),Email,/resources/cybersecurity-job-market-webinar-thank-you/,2,-1,3,0,0,0,0,0
MSNNL,AI Traffic,/nursing-leadership-roles/,2,1,2,1,0,0,0,0
MSITL,Paid Search,/masters-applied-artificial-intelligence/lp/study-artificial-intelligence/,2,,5,,0,,0,
LEPSL,Organic Search,/faculty/maria-sarasua/,2,,2,,0,,0,
MSHA,Referral,/international-affairs-careers/,2,,2,,0,,0,
Informatics,Organic Search,/5-health-care-big-data-companies-watch/,2,-6,2,-5,0,0,0,0
MESH,Referral,/masters-engineering-sustainability-health/apply/,2,-3,4,0,0,0,0,0
MSAAI,Organic Search,/faculty/som-shahapurkar/,2,1,2,1,0,0,0,0
CyberEng,Referral,/faculty/nahid-farhady/,2,,1,,0,,0,
MSNNL,Direct,/masters-health-informatics/classes/,2,,4,,0,,0,
Default - (not set),Organic Search,/technology/,2,1,2,1,0,0,0,0
CyberOps,Direct,/transition-general-it-to-cybersecurity-engineering/,2,1,2,1,0,0,0,0
MESH,Paid Search,/masters-engineering-sustainability-health/resources/,2,,4,,0,,0,
Default - (not set),Direct,/resources/the-complete-list-of-teaching-methods-thank-you/,2,,2,,0,,0,
Data Science,Direct,/data-science-vs-statistics/,2,-1,2,-1,0,0,0,0
LEPSL,Organic Search,/faculty/steven-weiss/,2,0,5,-4,0,0,0,0
MSNNL,Direct,/faculty/polly-king/,2,,2,,0,,0,
MESH,Direct,/faculty/paul-kadetz/,2,,2,,0,,0,
MTS,Direct,/faith-formation/,2,-6,2,-6,0,0,0,0
Data Science,Organic Search,/faculty/mohammad-yavarimanesh/,2,-1,2,-2,0,0,0,0
MTS,Direct,/masters-theological-studies/lp/dyna/thank-you/,2,1,11,5,4,1,2,-1
MSITL,Organic Search,/masters-technology-management-vs-mba/,2,-8,2,-10,0,0,0,0
CyberOps,Direct,/history-of-cyber-security-standards/,2,,1,,0,,0,
MSHA,Referral,/social-advocacy-definition/,2,-3,2,-4,0,0,0,0
Informatics,AI Traffic,/big-tech-invest-health-care-innovations-informatics/,2,-1,1,-3,0,0,0,0
MED,Direct,/education/,2,-1,4,-3,0,0,0,0
MSAAI,Direct,/resources/career-in-ai-webinar/,2,1,2,-8,0,-1,0,-1
Informatics,Direct,/big-tech-invest-health-care-innovations-informatics/,2,0,2,0,0,0,0,0
MSNP,Direct,/masters-education/,2,,2,,0,,0,
Default - (not set),Direct,/masters-cyber-security-engineering/apply/,2,0,4,0,0,0,0,0
Informatics,Direct,/future-health-informatics/,2,-1,7,3,0,0,0,0
MSITL,Organic Search,.translate.goog/it-job-titles/,2,0,2,0,0,0,0,0
Data Science,Organic Search,.translate.goog/data-science-vs-statistics/,2,,2,,0,,0,
CyberOps,Organic Search,/lifetime-value-of-a-masters-degree-in-cyber-security/,2,1,2,1,0,0,0,0
CyberOps,Organic Search,/blog-cissp-certification/,2,0,3,1,0,0,0,0
Informatics,Organic Social,/what-skills-do-you-need-to-work-in-health-care-informatics/,2,,2,,0,,0,
MSNNL,Email,/masters-nursing-leadership/lp/nurse-cp/,2,-65,2,-66,0,0,0,0
LEPSL,Organic Search,/ambassador/primo-diaz/,2,,2,,0,,0,
MSAAI,Referral,/university-of-san-diegos-ms-in-applied-artificial-intelligence-launching-new-course-agentic-ai-systems-in-summer-2026/,2,0,2,1,0,0,0,0
MSNNL,Display,/resources/nurse-leader-career-paths-opportunities/,2,-73,3,-94,1,-19,0.5,0.23333333333333334
CyberOps,Referral,/masters-cyber-security-operations/,2,0,6,5,0,0,0,0
Data Science,Paid Search,/masters-applied-data-science/faculty/,2,,3,,0,,0,
MSNNL,Organic Search,/advisory-board/warlan/,2,-1,2,-1,0,0,0,0
MSLDT,Organic Search,/,2,-1,10,-8,0,0,0,0
MED,Organic Search,/resources/free-med-program-brochure/,2,-1,2,0,0,0,0,0
Default - (not set),Direct,/blog/engineering/,2,0,2,0,0,0,0,0
Informatics,Direct,/what-is-medical-informatics/,2,0,3,1,0,0,0,0
CyberEng,AI Traffic,/masters-cyber-security-engineering/apply/,2,0,3,1,0,0,0,0
MSNP,Direct,/masters-applied-data-science/msads-combined-degree/,2,,6,,0,,0,
MTS,Direct,/how-to-pay-for-theology-degree/,2,0,16,11,0,0,0,0
MED,Organic Search,/search/Homework+banned+/,2,,2,,0,,0,
Default - (not set),Organic Search,/about/sms-privacy-policy/,2,,2,,0,,0,
MSAAI,Organic Search,/masters-applied-artificial-intelligence/careers/,2,1,3,1,0,0,0,0
MSHA,Referral,/disaster-relief-jobs/,2,,2,,0,,0,
MTS,Paid Search,/,2,-3,6,-17,0,0,0,0
Default - (not set),Direct,/student-support/molly-patrick/,2,,3,,0,,0,
MSNP,Direct,/masters-nonprofit-leadership-management/student-services/,2,,3,,0,,0,
MSNP,Referral,/nonprofit-fundraising-ideas/,2,,1,,0,,0,
MED,Organic Social,/co-teaching-models/,2,,2,,0,,0,
Informatics,Organic Social,/8-technologies-changing-healthcare/,2,,2,,0,,0,
Default - (not set),Referral,/student-support/upma-saini/,2,,2,,0,,0,
MSAAI,AI Traffic,/the-ai-bill-a-critical-analysis-of-regulatory-frameworks/,2,0,1,0,0,0,0,0
MED,AI Traffic,/best-podcasts-for-teachers/,2,-3,1,-4,0,0,0,0
LEPSL,Organic Search,/ambassador/marvin-weinrick/,2,,7,,0,,0,
MTS,Email,/gods-timing-and-the-franciscan-calling/,2,0,2,0,0,0,0,0
MSNNL,Organic Search,/advisory-board/soriano/,2,1,2,1,0,0,0,0
LEPSL,Direct,/become-a-criminal-justice-instructor/,2,1,2,1,0,0,0,0
MTS,Paid Search,/resources/master-of-theological-studies-application-guide/,2,,3,,0,,0,
LEPSL,Unknown - Facebook / cpc,/what-style-police-leadership-most-effective/,2,,2,,0,,0,
MTS,Email,/franciscan-spirituality-in-todays-world/,2,,2,,0,,0,
Default - (not set),Display,/about/state-authorization-status/,2,-2,2,-1,0,0,0,0
MED,Paid Search,/masters-education/apply/,2,0,1,0,0,0,0,0
MSAAI,Organic Search,/usd-gradright-partnership/,2,0,5,3,0,0,0,0
Data Science,Organic Search,.translate.goog/quantitative-analyst-career/,2,1,2,1,0,0,0,0
MTS,Direct,/masters-nursing-leadership/,2,1,12,0,0,-1,0,-1
MED,Direct,/masters-curriculum-instruction/,2,1,2,1,0,0,0,0
Default - (not set),Direct,/https:/onlinedegrees.sandiego.edu/resources/online-learning-webinar-full/,2,,2,,0,,0,
MSNNL,Direct,/masters-health-informatics/,2,1,10,7,0,0,0,0
MSHA,Paid Search,/top-humanitarian-degrees/,2,,3,,0,,0,
MSITL,Direct,/masters-technology-management-vs-mba/,2,1,2,1,0,0,0,0
LEPSL,Direct,/about/state-authorization-status/,2,,7,,0,,0,
MSAAI,Direct,/search/language+development/,2,,2,,0,,0,
MSNP,Direct,/offers/oed-leads/,2,0,2,0,0,0,0,0
MED,Organic Search,/faculty/suzanne-van-steenbergen/,2,-1,3,-6,0,0,0,0
MED,Organic Search,/remote-teaching-resources-2/,2,,2,,0,,0,
Data Science,Organic Search,/faculty/vicente-malave/,2,,5,,0,,0,
CyberOps,Direct,/data-protection-officer-career-guide/,2,-4,2,-3,0,0,0,0
LEPSL,Organic Search,/faculty/benjamin-kelso/,2,0,3,1,0,0,0,0
Informatics,Direct,/himss-approved-informatics-degree/,2,,2,,0,,0,
MSNNL,Paid Social,/masters-nursing-leadership/nursing-educator-track/,2,-1,2,-1,0,0,0,0
MED,Direct,/search/Online+tuition/,2,,2,,0,,0,
CyberEng,Direct,/usd-cybersecurity-degree-program-receives-national-award/,2,,2,,0,,0,
EML,Direct,/advisory-board/jimmy-anklesaria/,2,1,3,2,0,0,0,0
MSLDT,Organic Social,/masters-learning-design-technology/classes/,2,,2,,0,,0,
Default - (not set),Direct,/masters-applied-data-science/,2,-3,13,-13,0,0,0,0
Informatics,Organic Search,/faculty/razel-milo/,2,-1,3,0,0,0,0,0
Data Science,Organic Search,/data-science-scholarships/,2,-1,2,-1,0,0,0,0
MED,Organic Search,/faculty/stephanie-dominguez/,2,,3,,0,,0,
Informatics,Paid Search,/what-skills-do-you-need-to-work-in-health-care-informatics/,2,-9,1,-13,0,0,0,0
MSNP,AI Traffic,/masters-nonprofit-leadership-management/classes/,2,0,1,-1,0,0,0,0
MSNNL,Direct,/classes/advanced-pathophysiology/,2,,2,,0,,0,
LEPSL,Organic Search,/ambassador/antonio-cortina/,2,1,2,1,0,0,0,0
CyberOps,Organic Search,.translate.goog/data-protection-officer-career-guide/,2,,2,,0,,0,
CyberOps,Organic Search,/faculty/sahar-mosleh/,2,1,2,1,0,0,0,0
Default - (not set),Organic Search,/faculty/brad-palm/,2,,2,,0,,0,
MSITL,Referral,/is-devops-a-good-career/,2,,1,,0,,0,
MSNP,Organic Social,/how-to-write-grant-proposals/,2,,2,,0,,0,
MTS,Email,/why-theological-studies/,2,,2,,0,,0,
MSNP,Paid Search,/,2,-1,31,19,0,0,0,0
MSNNL,Paid Search,/director-of-nursing-career-guide/,2,0,1,0,0,0,0,0
MSHA,Unknown - Data Not Available / Data Not Available,/masters-humanitarian-action/,2,-1,3,0,0,0,0,0
MTS,Organic Search,.translate.goog/st-francis-of-assisi-and-franciscan-theology/,2,,2,,0,,0,
Default - (not set),Direct,/blog/computer-science/,2,-2,2,-3,0,0,0,0
LEPSL,Organic Search,/ambassador/brandon-barclay/,2,-2,2,-2,0,0,0,0
MED,Organic Search,/search/Homework+banned+resons/page/2/,2,,2,,0,,0,
MSITL,Direct,/masters-engineering-management-leadership/,2,0,6,-27,0,0,0,0
MED,Organic Search,/student-support/feliciana-stevenson/,2,,3,,0,,0,
LEPSL,Direct,/police-community-relations/,2,,1,,0,,0,
LEPSL,Organic Search,/ambassador/luis-martinez-jr/,2,,2,,0,,0,
Data Science,Referral,/masters-applied-data-science/apply/,2,,1,,0,,0,
MSAAI,Organic Search,/ai-impact-on-pharma-4-0/,2,-2,2,-3,0,0,0,0
Data Science,Organic Search,/aws-certification-careers/,2,0,2,0,0,0,0,0
Default - (not set),Organic Search,/resources/cybersecurity-job-market-webinar-thank-you/,2,,7,,0,,0,
CyberOps,Organic Social,/top-cyber-security-threats/,2,-1,2,-2,0,0,0,0
Informatics,Referral,/health-informatics-impact-covid-19/,2,0,1,-2,0,0,0,0
MSAAI,Organic Search,/masters-applied-data-science/,2,1,5,1,0,0,0,0
MSHA,Organic Search,/programs/,2,,13,,0,,0,
MED,Organic Search,/are-charter-schools-better-in-creating-education-equity/,2,0,3,1,0,0,0,0
MESH,Organic Search,/degree-in-public-health/,2,-2,1,-3,0,0,0,0
Default - (not set),Direct,/trauma-informed-teaching-strategies/,2,,1,,0,,0,
MSNP,Direct,/programs/,2,1,8,4,0,0,0,0
Informatics,AI Traffic,/nurse-leader-vs-nurse-manager/,2,,3,,0,,0,
LEPSL,Organic Search,/federal-security-specialist-earns-law-enforcement-leadership-masters/,2,0,2,0,0,0,0,0
MSNNL,Email,/masters-nursing-leadership/apply/,2,,2,,0,,0,
Default - (not set),Organic Search,/student-support/natalie-oneal/,2,,2,,0,,0,
LEPSL,Email,/become-a-criminal-justice-instructor/,2,,2,,0,,0,
EML,Paid Search,/masters-engineering-management-leadership/board-of-advisors/,2,,4,,0,,0,
CyberOps,Organic Search,/faculty/brian-russell/,2,,4,,0,,0,
Default - (not set),Direct,/management-masters-vs-mba/,2,1,2,1,0,0,0,0
MSAAI,Direct,/classes/ethics-in-artificial-intelligence-maai-531/,2,,2,,0,,0,
MSLDT,Unknown - youtube / social,/masters-learning-design-technology/,2,,2,,0,,0,
MSAAI,Referral,/masters-applied-data-science/classes/,2,,21,,0,,0,
MSITL,Referral,/it-organizational-structure/,2,1,2,1,0,0,0,0
Default - (not set),Organic Search,/search/+/,2,-2,2,-2,0,0,0,0
Default - (not set),AI Traffic,/disruptive-innovation-examples/,2,,1,,0,,0,
MSAAI,AI Traffic,/artificial-intelligence-scholarships/,2,-1,2,-1,0,0,0,0
EML,AI Traffic,/engineering-management-leadership-certifications/,2,0,2,0,0,0,0,0
LEPSL,Direct,/police-education-study/,2,,2,,0,,0,
MSHA,Direct,/masters-engineering-sustainability-health/,2,,9,,0,,0,
Data Science,Direct,/masters-applied-data-science/testimonials/,2,0,3,0,0,0,0,0
Informatics,Organic Social,/,2,,12,,0,,0,
Data Science,Organic Search,/faculty/an-tran/,2,,2,,0,,0,
LEPSL,Direct,/law-enforcement-faculty-jonni-redick/,2,,2,,0,,0,
MSNP,Direct,/masters-nonprofit-leadership-management/faculty/,2,0,2,1,0,0,0,0
Default - (not set),Paid Search,/humanitarian-nonprofit/,2,,2,,0,,0,
MSITL,Unknown - email / nurture,/masters-information-technology-leadership/lp/ppc/let-us-pay-for-your-msitl-application-fee/,2,,2,,0,,0,
MED,Organic Search,.translate.goog/steam-education-in-schools/,2,1,2,1,0,0,0,0
Default - (not set),Paid Search,/masters-cyber-security-operations/lp/bva-cyber-security-operations-leadership/,2,-8,9,-53,0,-8,0,-0.8
MSITL,Direct,/aws-azure-gcp-certification/,2,,6,,0,,0,
MSLDT,Referral,/masters-learning-design-technology/classes/,2,,2,,0,,0,
MSNP,Paid Search,/best-nonprofit-degrees/,2,,2,,0,,0,
Default - (not set),AI Traffic,/transformational-leadership/,2,0,1,-2,0,0,0,0
MTS,Direct,/masters-cyber-security-engineering/classes/,2,,4,,0,,0,
MSNNL,Paid Search,/masters-nursing-leadership/scholarships/,2,-1,1,-1,0,0,0,0
CyberOps,Email,/masters-cyber-security-operations/lp/bva-cyber-security-operations-leadership/,2,,2,,0,,0,
MSNNL,Direct,/health-informatics-shaping-future-health-information-management/,2,,13,,0,,0,
LEPSL,Email,/police-media-relations-and-social-media/,2,,1,,0,,0,
CyberOps,AI Traffic,/masters-cyber-security-operations/,2,-1,2,-2,0,0,0,0
MSAAI,Referral,/resources/8-questions-artificial-intelligence-masters-ebook/,2,,2,,0,,0,
MSNNL,Organic Search,/masters-nursing-leadership/scholarships/,2,1,1,0,0,0,0,0
CyberOps,Organic Search,/masters-cyber-security-engineering/let-us-pay-for-your-cse-program-application-fee/,2,,2,,1,,0.5,
MSNP,Organic Search,/faculty/lyn-corbett/,2,,2,,0,,0,
MSNP,Organic Social,/masters-nonprofit-leadership-management/,2,-2,3,-4,0,-1,0,-0.25
LEPSL,Organic Search,/decision-making-authority-sid-heal/,2,-1,2,-1,0,0,0,0
MSNNL,Direct,/contact-us/,2,1,4,3,0,0,0,0
MED,Direct,/online-programs/,2,,10,,0,,0,
LEPSL,Organic Search,/police-chiefs-advice-earning-masters-degree-law-enforcement-leadership/,2,,7,,0,,0,
MED,Direct,/resources/free-med-program-brochure-thank-you/,2,-3,1,-4,1,-4,0.5,-0.5
Default - (not set),Unknown - email / nurture,/contact-us/,2,,2,,0,,0,
MSNNL,Organic Search,/masters-nursing-leadership/nursing-educator-track/,2,0,17,11,1,1,0.5,0.5
LEPSL,Organic Search,/ambassador/robert-ewing/,2,1,2,1,0,0,0,0
MSITL,Direct,/masters-information-technology-leadership/classes/data-science-elective/,2,0,4,2,0,0,0,0
Default - (not set),Email,/contact-us/,2,-1,3,0,0,0,0,0
CyberOps,Direct,/15-must-read-cyber-security-facts-figures-for-2019/,2,1,2,1,0,0,0,0
MSLDT,AI Traffic,/instructional-design-best-practices/,2,,1,,0,,0,
Default - (not set),Direct,/student-support/imari-washington/,2,,2,,0,,0,
Default - (not set),Organic Search,/masters-cyber-security-engineering/,2,-6,13,-23,1,1,0.5,0.5
MESH,Organic Search,/faculty/john-gulick/,2,0,3,2,0,0,0,0
CyberOps,Organic Search,.translate.goog/masters-cyber-security-operations/,2,,3,,0,,0,
Default - (not set),Organic Search,/faculty/ruddy-simonpour/,2,,2,,0,,0,
MED,Organic Search,.translate.goog/cooperative-learning-strategies/,2,0,2,0,0,0,0,0
MSHA,AI Traffic,/humanitarian-aid-certificate-courses/,2,1,1,-2,0,0,0,0
LEPSL,Organic Search,/faculty/jennifer-tejada/,2,,25,,0,,0,
LEPSL,Paid Search,/masters-law-enforcement-leadership/lp/thank-you/,2,0,1,0,1,0,0.5,0
MSNP,Referral,/nonprofit-grant-databases/,2,,2,,0,,0,
Informatics,Unknown - fashion-valley-mall / ooh,/healthcare/,2,,2,,0,,0,
CyberEng,Organic Search,.translate.goog/should-you-become-a-cyber-security-engineer/,2,0,2,0,0,0,0,0
LEPSL,Organic Search,/ambassador/eric-noble/,2,,2,,0,,0,
CyberOps,AI Traffic,/cyber-security-scholarships/,2,,2,,1,,0.5,
LEPSL,Organic Search,/masters-law-enforcement-leadership/lp/thank-you/,2,1,1,-1,1,1,0.5,0.5
Data Science,Direct,/resources/free-ms-ads-program-brochure-thank-you/,2,1,2,1,1,0,0.5,-0.5
Informatics,Organic Search,.translate.goog/what-is-medical-informatics/,2,0,2,0,0,0,0,0
MED,Organic Search,/faculty-spotlight-libby-butler/,2,,1,,0,,0,
MSITL,Organic Search,/masters-information-technology-leadership/classes/data-science-elective/,2,1,14,9,0,0,0,0
MSAAI,Referral,/ai-trainer/,2,0,1,-13,0,0,0,0
MSAAI,Unknown - facebook / social,/university-of-san-diego-launches-full-time-on-campus-masters-degree-programs-in-applied-artificial-intelligence-and-cyber-security-engineering/,2,,2,,0,,0,
CyberOps,Direct,.translate.goog/ethical-hacker-career-salary-guide/,2,-4,2,-4,0,0,0,0
Default - (not set),Direct,/forms/mts-applicant/,2,,3,,0,,0,
MED,Paid Search,/education-inequity-and-homework/,2,1,2,1,0,0,0,0
Default - (not set),Paid Search,/masters-cyber-security-operations/,2,1,11,0,0,0,0,0
MSNP,Email,/masters-nonprofit-leadership-management/,2,-1,3,-6,0,-1,0,-0.3333333333333333
Data Science,Direct,/how-to-become-a-software-engineer/,2,-1,3,0,0,0,0,0
MSHA,AI Traffic,/examples-of-social-change/,2,-1,2,0,0,0,0,0
MSHA,Direct,/changing-humanitarian-sector/,2,,18,,0,,0,
MSHA,Referral,/humanitarian-crises-around-the-world/,2,,1,,0,,0,
MSNP,Direct,/social-impact-careers/,2,0,3,-1,0,0,0,0
Informatics,Direct,/faculty/charisse-lyn-tabotabo/,2,,2,,0,,0,
Default - (not set),Direct,/jobs-after-mba-entrepreneurship/,2,1,2,1,0,0,0,0
Data Science,Referral,/quantitative-analyst-career/,2,,2,,0,,0,
CyberOps,Organic Search,/classes/cyber-security-law-privacy/,2,,2,,0,,0,
MESH,Organic Search,/faculty/roman-sidortsov/,2,,2,,0,,0,
MTS,Organic Search,/faculty/angela-zautcke/,2,-4,2,-3,0,0,0,0
CyberOps,Organic Search,/usd-cybersecurity-degree-program-ranked-9-in-fortune-education-list/,2,0,8,5,0,0,0,0
LEPSL,Email,/ambassador/wes-herman/,2,,4,,0,,0,
MSHA,Referral,/logical-framework-approach/,2,1,2,1,0,0,0,0
MSNNL,Direct,/healthcare-informatics-jobs-salary/,2,,23,,0,,0,
MED,Organic Search,/student-support/kirsten-anderson/,2,,2,,0,,0,
MED,Direct,/education-inequality-and-homework/,2,,8,,0,,0,
MSLDT,Direct,/admissions/international-students/,2,1,9,5,0,0,0,0
LEPSL,Direct,/classes/organizational-theory-change/,2,,2,,0,,0,
Default - humanitarian-nonprofit,Direct,/changing-humanitarian-sector/,2,,2,,0,,0,
LEPSL,Direct,/shift-in-law-enforcement-leadership/,2,-11,2,-7,0,0,0,0
MED,Organic Search,/the-secrets-to-successful-school-leadership/,2,-3,1,-4,0,0,0,0
MSLDT,Organic Search,/faculty/jeff-suarez-grant/,2,,2,,0,,0,
MTS,Direct,.translate.goog/nature-spirituality/,2,1,4,3,0,0,0,0
Informatics,Organic Search,/masters-health-informatics/lp/study-healthcare-analytics/,2,1,3,2,0,0,0,0
MSHA,Direct,/disaster-relief-jobs/,2,-6,3,-5,0,0,0,0
MED,Direct,/resources/instructing-through-brain-informed-practices-online-presentation-thank-you/,2,,2,,2,,1,
MED,Direct,/tuition-financial-aid/,2,,7,,0,,0,
EML,Organic Search,/programs/,2,1,10,8,0,0,0,0
LEPSL,Organic Search,/faculty/tory-kornblum/,2,1,2,1,0,0,0,0
Default - (not set),Direct,/student-support/chuck-bane/,2,,2,,0,,0,
LEPSL,AI Traffic,/what-is-intelligence-led-policing/,2,-1,2,-3,0,0,0,0
MTS,Organic Search,/incorporate-faith-in-career/,2,-1,2,-3,0,0,0,0
MSNNL,Organic Search,/bachelors-nursing/,2,,13,,0,,0,
MSLDT,AI Traffic,/career-changes-for-teachers/,2,0,2,0,0,0,0,0
MESH,Direct,/resources/mesh-program-brochure/,2,,2,,0,,0,
Default - (not set),Direct,/forms/mseml-gray-area-review/,2,,2,,0,,0,
Default - (not set),Direct,/blue-leadership-podcast/the-art-of-persistence-solving-the-christie-wilson-cold-case-homicide-with-nuno-tavares/,2,0,2,0,0,0,0,0
MESH,Referral,/community-health-degree-jobs/,2,0,1,-1,0,0,0,0
Default - (not set),Referral,/employer-partnership/g2ops/,2,-4,2,-17,0,0,0,0
MESH,Organic Search,/health-information-technology-jobs-salary/,2,,8,,0,,0,
MSAAI,AI Traffic,/artificial-intelligence-jobs/,2,-5,3,-2,0,0,0,0
CyberOps,AI Traffic,/cyber-security-information-security-network-security/,2,1,2,1,0,0,0,0
CyberOps,Direct,/usd-cybersecurity-degree-program-ranked-9-in-fortune-education-list/,2,,2,,0,,0,
MSLDT,Paid Social,/masters-learning-design-technology/,2,1,2,-2,0,0,0,0
MESH,Paid Search,/sustainability-degree-options/,2,,6,,0,,0,
MSNNL,Paid Search,/how-to-become-a-cno/,2,-1,2,-1,0,0,0,0
MSLDT,Organic Search,.translate.goog/instructional-designer-job/,2,0,3,1,0,0,0,0
LEPSL,Organic Search,/ai-in-law-enforcement/,2,0,3,1,0,0,0,0
MSNNL,AI Traffic,/masters-nursing-leadership/nursing-informatics-track/,2,1,1,0,0,0,0,0
MSAAI,AI Traffic,/masters-applied-artificial-intelligence/classes/,2,0,5,3,0,0,0,0
MSLDT,Organic Search,/masters-learning-design-technology/lp/instructional-design-for-teachers/,2,1,3,0,0,0,0,0
MSAAI,AI Traffic,/machine-learning-courses-and-certifications/,2,1,2,2,0,0,0,0
LEPSL,Paid Search,/leadership-management/,2,,6,,0,,0,
Default - (not set),Direct,/forms/mseml-application-evaluation/,2,0,3,1,2,1,1,0.5
MSNNL,Organic Search,/masters-in-nursing-worth-it/,2,-14,4,-10,0,0,0,0
MED,Organic Search,/programs/,2,-2,4,-14,0,0,0,0
LEPSL,Organic Social,/ambassador/rickey-hawkins/,2,,3,,0,,0,
Informatics,AI Traffic,/masters-health-informatics/apply/,2,-6,2,-7,0,0,0,0
Informatics,Direct,/masters-health-informatics/lp/lp-paid-search-analytics-test/,2,,2,,0,,0,
Default - (not set),Organic Search,/search/Why+homework+should+be+banned/page/1/,2,,2,,0,,0,
MSITL,Direct,/enterprise-it-management-guide/,2,1,2,1,0,0,0,0
MSAAI,Paid Social,/resources/8-questions-artificial-intelligence-masters-ebook/,2,,2,,0,,0,
CyberEng,Organic Search,/faculty/haydar-majeed/,2,-3,2,-2,0,0,0,0
CyberOps,Paid Search,/master-of-science-in-cyber-security-or-mba/,2,,2,,0,,0,
MED,Organic Search,/student-support/ashleigh-zellmer/,2,,3,,0,,0,
LEPSL,AI Traffic,/what-style-police-leadership-most-effective/,2,0,2,0,0,0,0,0
CyberEng,Email,/masters-cyber-security-engineering/lp/cyber-security-engineering-email/,2,,2,,0,,0,
"Default - business-entrepreneurship,computer-science,technology",Display,/ai-for-teachers/,2,,2,,0,,0,
CyberOps,Direct,/lifetime-value-of-a-masters-degree-in-cyber-security/,2,1,2,1,0,0,0,0
Informatics,Organic Search,/programs/,2,,6,,0,,0,
Default - (not set),Organic Search,/search/No+homeworke/,2,,2,,0,,0,
Default - humanitarian-nonprofit,Organic Search,/,2,,1,,0,,0,
MED,AI Traffic,/teacher-resume-examples/,2,,2,,0,,0,
LEPSL,Organic Search,/how-to-become-a-police-chief/,2,-1,4,1,0,0,0,0
"Default - computer-science,engineering,technology",Organic Search,/masters-cyber-security-operations/,2,,11,,0,,0,
MSAAI,Organic Search,.translate.goog/best-artificial-intelligence-degrees/,2,,2,,0,,0,
CyberEng,Direct,/cybersecurity-bootcamp-vs-degree/,2,,2,,0,,0,
CyberOps,Organic Search,/how-to-pick-best-online-cyber-security-program/,2,0,2,0,0,0,0,0
LEPSL,Referral,/masters-law-enforcement-leadership/transfer-credit/fbina/,2,1,2,1,0,0,0,0
MSNNL,Direct,/nursing-leadership-roles/,2,-3,1,-4,0,0,0,0
MED,Organic Search,/classes/critical-media-literacy/,2,0,1,-2,0,0,0,0
LEPSL,Organic Search,/programs/,2,0,5,-2,0,0,0,0
Informatics,Email,/masters-health-informatics/lp/study-health-informatics/,2,0,5,-3,0,0,0,0
MSAAI,Paid Search,/resources/an-inside-look-at-the-artificial-intelligence-masters-degree-webinar/thank-you/,2,1,1,0,0,-1,0,-1
MTS,AI Traffic,/what-is-liturgy/,2,,1,,0,,0,
MSAAI,Direct,/faculty/rod-albuyeh/,2,,2,,0,,0,
MED,Direct,/substitute-teacher-tips/,2,0,2,0,0,0,0,0
Default - (not set),Paid Social,/online-programs/,2,0,2,0,0,0,0,0
CyberOps,Organic Search,/how-to-become-cybersecurity-consultant/,2,,3,,0,,0,
MSNNL,Unknown - social / social,/resources/nurse-leader-career-paths-opportunities/,2,-27,2,-27,0,0,0,0
MSAAI,Organic Search,/education-inequity-and-homework/,2,,5,,0,,0,
CyberOps,Direct,/bringing-gamification-to-cyber-security-training/,2,1,1,0,0,0,0,0
Data Science,Organic Search,.translate.goog/database-engineer-career/,2,,2,,0,,0,
MTS,Email,/resources/master-of-theological-studies-application-guide/,2,,2,,0,,0,
MTS,Email,/masters-theological-studies/lp/dyna/thank-you/,2,,2,,1,,0.5,
MSLDT,Organic Social,/create-employee-training-program/,2,1,2,1,0,0,0,0
MSITL,Direct,/what-is-devops/,2,-2,2,-2,0,0,0,0
MSNP,AI Traffic,/volunteer-management-software/,2,1,1,0,0,0,0,0
MESH,Referral,/masters-engineering-sustainability-health/mesh-combined-degree/,2,1,2,1,0,0,0,0
MESH,Direct,/resources/sustainability-careers-ebook/,2,,5,,1,,0.5,
MTS,Unknown - ig / social,/masters-theological-studies/resources/,2,1,2,1,0,0,0,0
MSAAI,Direct,/resources/an-inside-look-at-the-artificial-intelligence-masters-degree-webinar/thank-you/,2,,2,,0,,0,
MSLDT,Direct,/masters-education/,2,1,6,2,0,0,0,0
LEPSL,Referral,/,2,,6,,0,,0,
MSITL,Organic Search,/enterprise-it-management-guide/,2,1,2,1,0,0,0,0
MSHA,Organic Search,.translate.goog/types-of-advocacy/,2,,2,,0,,0,
LEPSL,Direct,/police-management-training/,2,,2,,0,,0,
Default - (not set),Direct,/bachelors-nursing/complete-your-bsn-online-university-of-san-diego/,2,,2,,0,,0,
MTS,Paid Search,/masters-theological-studies/careers/,2,,4,,0,,0,
MSAAI,Referral,/resources/msaai-on-campus-artificial-intelligence-self-assessment/,2,-1,1,-9,0,0,0,0
Data Science,Display,/masters-applied-data-science/apply/,2,,2,,0,,0,
LEPSL,Referral,/masters-law-enforcement-leadership/lp/law-enforcement/,2,1,1,-1,0,0,0,0
Data Science,Organic Search,/data-engineer-career/,2,,2,,0,,0,
Data Science,Direct,/masters-data-analytics-worth-it/,2,0,2,0,0,0,0,0
EML,Organic Search,/resources/from-engineer-to-leader/,2,0,2,0,0,0,0,0
"Default - business-entrepreneurship,computer-science,engineering,technology",Paid Search,/masters-applied-data-science/lp/let-us-pay-for-your-msads-program-application-fee/,2,0,2,-6,2,0,1,0
MSLDT,Referral,/instructional-design-masters-degree-worth-it/,2,,2,,0,,0,
MSAAI,Organic Search,/classes/introduction-to-artificial-intelligence-maai-501/,2,,4,,0,,0,
MSNNL,Direct,/masters-nursing-leadership/lp/thank-you/,2,-2,2,-2,2,-2,1,0
MED,Organic Search,/faculty/kimberly-white-smith/,2,,2,,0,,0,
MED,Organic Social,/what-is-an-med-degree-explained/,2,,2,,0,,0,
CyberEng,Email,/masters-cyber-security-engineering/let-us-pay-for-your-cse-program-application-fee/,2,,2,,0,,0,
Data Science,Organic Search,/faculty/matthew-c-vanderbilt/,2,,2,,0,,0,
MED,Organic Search,/11-learning-and-teaching-resources/,2,1,2,1,0,0,0,0
MSAAI,Direct,/machine-learning-bootcamps/,2,,3,,0,,0,
MSAAI,Organic Search,.translate.goog/artificial-intelligence-developer-career/,2,1,2,1,0,0,0,0
MTS,AI Traffic,/what-is-ecospirituality/,2,,2,,0,,0,
"Default - business-entrepreneurship,computer-science,technology",Direct,/is-a-masters-in-data-science-worth-it/,2,-3,2,-3,0,0,0,0
MSLDT,Direct,/about/state-authorization-status/,2,,4,,0,,0,
CyberOps,Direct,/cybersecurity-masters-degree-guide/,2,1,2,2,0,0,0,0
LEPSL,Direct,/masters-cyber-security-operations/,2,1,9,7,0,0,0,0
MED,Direct,.translate.goog/complete-list-teaching-methods/,2,1,2,1,0,0,0,0
Default - (not set),AI Traffic,/about/state-authorization-status/,2,,2,,0,,0,
MSNP,Direct,/nonprofit-cfo-career/,2,,2,,0,,0,
MSAAI,Direct,/aws-azure-gcp-certification/,2,-1,60,57,0,0,0,0
CyberOps,Direct,/resources/which-cybersecurity-program-is-right-for-you/,2,1,2,1,0,0,0,0
Default - (not set),Organic Search,/blue-leadership-podcast/the-art-of-persistence-solving-the-christie-wilson-cold-case-homicide-with-nuno-tavares/,2,-3,2,-3,0,0,0,0
Default - (not set),Organic Search,/about/general-policies/,2,1,2,1,0,0,0,0
LEPSL,Organic Search,/faculty/maria-munayer/,2,0,2,-1,0,0,0,0
MSAAI,Direct,/most-searched-for-ai-jobs/,2,,2,,0,,0,
MTS,Direct,/masters-cyber-security-operations/,2,0,4,-13,0,0,0,0
MED,Organic Search,.translate.goog/complete-list-teaching-methods/,2,1,2,1,0,0,0,0
MESH,Direct,/masters-in-sustainability-degree-comparison/,2,-2,2,-2,0,0,0,0
MSITL,Organic Search,/resources/free-itl-program-brochure/,2,,8,,1,,0.5,
MSLDT,Direct,/resources/choosing-an-instructional-design-path-thank-you/,2,,6,,0,,0,
Default - (not set),AI Traffic,/mite-vs-mba-degree/,2,,1,,0,,0,
MSAAI,Email,/resources/8-questions-artificial-intelligence-masters-ebook/,2,,2,,0,,0,
MSITL,Referral,/masters-applied-artificial-intelligence/,2,1,14,9,0,0,0,0
"Default - computer-science,engineering,technology",Referral,/cyber-security/,2,1,2,0,0,0,0,0
Default - (not set),Direct,/organizational-change-strategies/,2,1,2,1,0,0,0,0
MED,Organic Search,.translate.goog/what-is-an-med-degree-explained/,2,,2,,0,,0,
MSHA,Organic Search,/masters-humanitarian-action/apply/,2,-6,1,-4,0,0,0,0
Default - (not set),Organic Search,/search/AI+is+Bbad/page/1/,2,,2,,0,,0,
MSAAI,AI Traffic,/aws-azure-gcp-certification/,2,,1,,0,,0,
MED,Organic Search,/faculty/charles-tre-watkins-iii/,2,,4,,0,,0,
CyberOps,Direct,/8-questions-cyber-security-graduate-degree/,2,,2,,0,,0,
EML,AI Traffic,/masters-engineering-management-leadership/,2,1,2,1,0,0,0,0
MSNP,Organic Search,/best-jobs-for-veterans-after-the-military/,2,-1,3,0,0,0,0,0
MSLDT,Referral,/educational-technology-jobs/,2,,2,,0,,0,
MSLDT,AI Traffic,/instructional-design-portfolio/,2,,4,,0,,0,
MSLDT,Organic Search,/faculty/david-haigh/,2,,2,,0,,0,
MSAAI,Referral,/classes/natural-language-processing-maai-520/,2,,1,,0,,0,
MED,Organic Search,/masters-education/specializations/technology-and-innovation/,2,1,7,6,1,1,0.5,0.5
Informatics,Direct,/faculty/wendy-cole/,2,,1,,0,,0,
MSLDT,Referral,/top-instructional-design-skills/,2,0,2,0,0,0,0,0
Data Science,Paid Social,/quantitative-analyst-career/,2,,2,,0,,0,
MSNNL,Organic Search,/online-ms-nursing-nl/,2,1,2,1,0,0,0,0
CyberOps,Direct,/masters-cyber-security-operations/scholarships-grants/,2,-3,2,-3,0,0,0,0
MED,Organic Search,/faculty/john-pekman/,2,,2,,0,,0,
CyberOps,Referral,/malware-analyst-career-guide/,2,-6,1,-5,0,0,0,0
MED,Referral,/resources/a-career-advancement-guide-for-educators-ebook/,2,,2,,0,,0,
LEPSL,Referral,/blog/police-leadership/,2,-11,2,-13,0,0,0,0
CyberOps,Organic Search,.translate.goog/what-is-a-chief-security-officer-high-demand-skyrocketing-pay-for-csos/,2,1,2,1,0,0,0,0
CyberOps,Direct,/education-and-cyber-security-talent-shortage/,2,,2,,0,,0,
CyberEng,AI Traffic,/masters-cyber-security-engineering/classes/,2,,1,,0,,0,
MSAAI,Organic Search,/classes/applied-probability-and-statistics-for-artificial-intelligence-maai-500/,2,,5,,0,,0,
MED,Direct,/search/Homework/,2,,2,,0,,0,
Data Science,Organic Search,/storytelling-with-data-part-1/,2,-3,2,-1,0,0,0,0
MED,Organic Search,/faculty/rebekka-jez/,2,0,1,0,0,0,0,0
LEPSL,Organic Search,/law-enforcement-going-back-to-college/,2,-1,2,0,0,0,0,0
Default - (not set),Organic Search,/top-100-cybersecurity-companies/,2,1,7,5,0,0,0,0
MED,Organic Search,/classes/educational-research-methodology/,2,1,2,1,0,0,0,0
MSNNL,Organic Search,/masters-health-informatics/,2,,13,,1,,0.5,
Default - (not set),Organic Search,/student-support/career-development-center/,2,-1,2,0,0,0,0,0
Default - (not set),Paid Social,/tuition-financial-aid/,2,1,2,1,0,0,0,0
MSNNL,Paid Search,/masters-health-informatics/lp/health-informatics-for-nurses/,2,-2,4,-13,0,-2,0,-0.5
Default - (not set),Direct,/resources/msads-request-program-brochure/,2,,8,,0,,0,
MTS,Organic Search,/masters-theological-studies/student-services-support-team/,1,,1,,0,,0,
MSITL,Organic Search,.translate.goog/how-to-become-a-site-reliability-engineer/,1,0,1,0,0,0,0,0
MSNP,Organic Search,/masters-learning-design-technology/lp/osu/,1,,86,,0,,0,
MSNP,Organic Search,/masters-education/,1,,116,,0,,0,
LEPSL,Organic Search,/faculty/manuel-rodriguez/,1,0,1,0,0,0,0,0
MSNP,Organic Search,/classes/resource-development-and-philanthropy/,1,,1,,0,,0,
LEPSL,Organic Search,/ambassador/benjamin-opfar/,1,,1,,0,,0,
MSNP,Paid Search,/donor-management-software/,1,,1,,0,,0,
MED,Organic Search,/about/,1,0,1,-4,0,0,0,0
MTS,Email,/theological-education/,1,,1,,0,,0,
MTS,Email,/theology-degree-salary/,1,,1,,0,,0,
Default - (not set),Organic Search,/search/Why%25252Bhomework%25252Bshould%25252Bbe%25252Bbanned/,1,,1,,0,,0,
Data Science,Organic Search,/masters-data-analytics-worth-it/,1,-3,1,-3,0,0,0,0
MSNP,Referral,/masters-nonprofit-leadership-management/lp/ppc/,1,,1,,0,,0,
MTS,Referral,/faculty/jeffrey-burns/,1,,1,,0,,0,
MED,AI Traffic,/teaching-to-every-students-unique-learning-style/,1,-5,1,-9,0,0,0,0
Informatics,Direct,/search/Dual+degree/,1,,1,,0,,0,
LEPSL,Organic Search,/masters-law-enforcement-leadership/lp/request-info/,1,0,1,-3,0,0,0,0
Default - (not set),Organic Search,/data-science-vs-software-engineering/,1,,4,,0,,0,
Informatics,Email,/admitted-students/,1,,16,,0,,0,
Informatics,Organic Search,/faculty/thidarat-tinnakornsrisuphap/,1,,1,,0,,0,
MSNNL,Organic Search,/advisory-board/fleischman/,1,-3,1,-3,0,0,0,0
MSLDT,Organic Search,/masters-learning-design-technology/related-articles/,1,,1,,0,,0,
EML,Referral,/masters-engineering-management-leadership/lp/ppc/,1,-4,1,-13,0,0,0,0
LEPSL,Direct,/tuition-financial-aid/,1,,5,,0,,0,
MESH,Direct,/masters-engineering-sustainability-health/resources/,1,-5,2,-6,0,0,0,0
LEPSL,Organic Search,.translate.goog/promoting-women-in-law-enforcement-leadership/,1,,1,,0,,0,
Default - (not set),Organic Search,/masters-applied-data-science/careers/,1,,3,,1,,1,
MESH,Direct,.translate.goog/high-paying-environmental-jobs/,1,0,1,0,0,0,0,0
LEPSL,Paid Search,/masters-law-enforcement-leadership/lp/public-safety/,1,0,1,0,0,0,0,0
MSHA,AI Traffic,/masters-humanitarian-action/apply/,1,,2,,0,,0,
MSITL,Organic Search,/ai-blogs/,1,,2,,0,,0,
Default - (not set),Unknown - fashion-valley-mall / ooh,/humanitarian-nonprofit/,1,,1,,0,,0,
MSAAI,Paid Search,/masters-applied-data-science/,1,,5,,0,,0,
MSLDT,Referral,/resources/things-to-know-about-careers-in-instructional-design/,1,-2,0,-3,0,0,0,0
MTS,Direct,/masters-engineering-management-leadership/,1,,1,,0,,0,
Default - (not set),AI Traffic,/artificial-intelligence-education-benefits/,1,,1,,0,,0,
MED,Direct,/how-to-become-teacher-in-california/,1,0,1,-4,0,0,0,0
LEPSL,Organic Search,/faculty/tyler-blondi/,1,-1,1,-1,0,0,0,0
Informatics,Paid Search,/faculty/josh-wymer/,1,,1,,0,,0,
Default - (not set),Direct,/gmat-exam-questions-answered/,1,,1,,0,,0,
LEPSL,Direct,/gordon-graham-risk-management-reading-list/,1,-4,1,-4,0,0,0,0
CyberEng,Referral,/masters-cyber-security-engineering/lp/email/,1,,1,,0,,0,
MSNNL,Paid Search,/masters-information-technology-leadership/lp/ppc/,1,,6,,2,,2,
MSAAI,Paid Search,/university-of-san-diegos-ms-in-applied-artificial-intelligence-launching-new-course-agentic-ai-systems-in-summer-2026/,1,,2,,0,,0,
MSAAI,Referral,/resources/free-ms-aai-program-brochure/,1,0,1,0,0,0,0,0
CyberOps,Paid Social,/masters-cyber-security-operations/apply/,1,,1,,0,,0,
Default - (not set),Paid Search,/master-of-science-cyber-security,1,,1,,0,,0,
Default - (not set),Organic Search,/data-communication/,1,,9,,0,,0,
MSITL,Organic Search,.translate.goog/network-computer-systems-administrator-career/,1,,1,,0,,0,
Informatics,Unknown - (not set) / organic,/what-skills-do-you-need-to-work-in-health-care-informatics/,1,,1,,0,,0,
"Default - business-entrepreneurship,computer-science,engineering,technology",Paid Search,/masters-applied-data-science/lp/study-data-science/,1,0,3,-2,1,1,1,1
Default - (not set),Organic Search,/masters-applied-data-science/classes/,1,,5,,0,,0,
MSLDT,Organic Search,/about/state-authorization-status/,1,,5,,0,,0,
MSNP,Paid Search,/nonprofit-certificate-programs/,1,,3,,0,,0,
Data Science,AI Traffic,/data-consultant-career/,1,0,1,0,0,0,0,0
Default - (not set),Direct,/faculty/james-gilb-ph-d/,1,,1,,0,,0,
MED,AI Traffic,/substitute-teacher-tips/,1,,1,,0,,0,
MSAAI,Organic Search,/employer-partnership/,1,,0,,0,,0,
MSNP,Paid Social,/masters-nonprofit-leadership-management/apply/,1,,1,,0,,0,
LEPSL,Direct,/university-of-san-diego-adds-online-masters-in-law-enforcement-and-public-safety-leadership/,1,,1,,0,,0,
MSAAI,Direct,/healthcare-informatics-jobs-salary/,1,,5,,0,,0,
Default - (not set),Organic Search,/startup-mentor/,1,,1,,0,,0,
Default - (not set),Display,/engineering/,1,,1,,0,,0,
MSLDT,Direct,/faculty/jeff-suarez-grant/,1,,1,,0,,0,
EML,Direct,/how-to-become-an-engineering-manager/,1,-4,1,-3,0,0,0,0
LEPSL,Organic Search,/masters-law-enforcement-leadership/ambassadors/,1,-1,1,-1,0,0,0,0
Default - (not set),Organic Search,/search/examples/,1,,1,,0,,0,
MED,Organic Search,/masters-learning-design-technology/app-waiver/,1,,1,,1,,1,
MSNNL,Paid Search,/masters-nursing-leadership/faculty/,1,,1,,0,,0,
MSAAI,Organic Search,/most-searched-for-ai-jobs/,1,0,1,0,0,0,0,0
CyberOps,AI Traffic,/10-entry-level-cyber-security-resume-interview-pitfalls/,1,0,1,0,0,0,0,0
MTS,Direct,/ai-trainer/,1,,4,,0,,0,
MED,Referral,/employer-partnership/eset/,1,,2,,0,,0,
CyberOps,AI Traffic,/cyber-security-podcasts/,1,,1,,0,,0,
MSNNL,Referral,/masters-nursing-leadership/,1,,1,,0,,0,
Default - (not set),AI Traffic,/mba-interview-questions/,1,-5,1,-3,0,0,0,0
Informatics,Organic Search,/masters-applied-data-science/,1,0,3,-3,0,0,0,0
Default - (not set),Direct,/education-inequity-and-homework/nd,1,,1,,0,,0,
CyberOps,Organic Search,/classes/enterprise-security-architecture/,1,,1,,0,,0,
MSITL,Direct,/technology/,1,,15,,0,,0,
MTS,Paid Search,/resources/mts-program-brochure-thank-you/,1,,1,,1,,1,
MSNP,Organic Search,/faculty/kenneth-hurst/,1,0,1,0,0,0,0,0
MSHA,Organic Search,/faculty/necla-tschirgi/,1,,6,,0,,0,
LEPSL,Direct,/ambassador/luis-martinez-jr/,1,,1,,0,,0,
MSLDT,Direct,/about/,1,,4,,0,,0,
MESH,Referral,/career-changes-for-engineers/,1,,2,,0,,0,
LEPSL,Direct,/faculty/dave-nisleit/,1,,1,,0,,0,
MSNNL,Direct,/search/year+this+was+published/,1,,1,,0,,0,
MTS,Paid Social,/masters-theological-studies/resources/,1,,2,,0,,0,
Default - (not set),Email,/about/state-authorization-status/,1,-2,1,-1,0,0,0,0
MESH,Direct,/classes/getting-to-zero-waste/,1,,1,,0,,0,
MSLDT,Direct,/masters-humanitarian-action/apply/,1,,5,,0,,0,
MTS,Email,/resources/master-of-theological-studies-brochure/,1,,2,,0,,0,
CyberEng,Organic Search,/masters-cyber-security-engineering/careers/,1,,1,,0,,0,
Default - (not set),Direct,/forms/mesh-applicant/,1,0,2,0,0,0,0,0
MTS,AI Traffic,/masters-theological-studies/classes/,1,,1,,0,,0,
MED,Direct,/search/Early+childhood+/,1,,1,,0,,0,
EML,Direct,/masters-engineering-management-leadership/app-waiver/,1,,1,,0,,0,
MESH,Direct,/faculty/andrea-haverkamp/,1,0,1,0,0,0,0,0
MED,AI Traffic,/admissions/,1,,4,,0,,0,
Default - (not set),Organic Search,.translate.goog/how-to-be-innovative-at-work/,1,0,1,0,0,0,0,0
LEPSL,Organic Search,/search/Less+homework+for+those+who+are+part+of+the+school%27s+productions./,1,,1,,0,,0,
Default - (not set),Organic Search,/data-science-masters-degrees-comparison/,1,,4,,0,,0,
Data Science,Direct,/data-architect-career/,1,-1,1,-1,0,0,0,0
MED,Organic Search,/search/Assistive+Technology%3A+Tools+such+as+speech+recognition+software+transcribe+spoken+words+into+text%2C+helping+students+with+disabilities+such+as+hearing+impairments+or+dyslexia+to+participate+more+fully+in+the+classroom+by+converting+speech+to+text+and+vice+versa./,1,,1,,0,,0,
MED,Direct,/masters-cyber-security-operations/classes/,1,,4,,0,,0,
LEPSL,Organic Social,/police-communication-important-today/,1,,1,,0,,0,
EML,AI Traffic,/engineering-management-vs-technical-track/,1,,1,,0,,0,
MSNNL,Organic Search,/classes/capstone-course/,1,,107,,0,,0,
Default - business-entrepreneurship,Referral,/best-engineering-software/,1,,1,,0,,0,
"Default - computer-science,engineering,technology",Paid Search,/masters-cyber-security-operations/lp/bva-cyber-security-operations-leadership/,1,-1,5,-8,0,0,0,0
MSLDT,Referral,/masters-learning-design-technology/,1,-2,3,-1,0,0,0,0
MSNNL,Organic Search,/programs/,1,,3,,0,,0,
MTS,Organic Search,/faculty/johannes-freyer/,1,,1,,0,,0,
MED,Organic Search,/faculty/rachel-homel-rice/,1,0,2,1,0,0,0,0
EML,Direct,/masters-engineering-management-leadership/board-of-advisors/,1,-2,1,-2,0,0,0,0
MSAAI,Unknown - ig / social,/university-of-san-diego-launches-full-time-on-campus-masters-degree-programs-in-applied-artificial-intelligence-and-cyber-security-engineering/,1,,2,,0,,0,
EML,AI Traffic,/,1,,3,,0,,0,
MSLDT,Referral,/addie-model-instructional-design/,1,-2,1,-2,0,0,0,0
Informatics,Paid Search,/mha-vs-mph-vs-ms-health-informatics/,1,,3,,0,,0,
MSAAI,Organic Search,/computer-science/,1,0,2,-3,0,-2,0,-2
MSLDT,Direct,/information-systems-vs-information-technology/,1,,9,,0,,0,
LEPSL,Direct,/ambassador/cristina-saeteurn/,1,,2,,0,,0,
MSAAI,Direct,/masters-applied-data-science/classes/,1,-2,3,-9,0,0,0,0
MSNP,Referral,/business-masters-degrees-types/,1,,1,,0,,0,
LEPSL,Organic Search,/faculty/brian-goldberg/,1,,1,,0,,0,
About,Direct,/,1,,1,,0,,0,
MSAAI,Organic Search,/resources/career-in-ai-webinar/,1,0,1,0,0,0,0,0
MESH,AI Traffic,/climate-change-careers/,1,,2,,0,,0,
LEPSL,Organic Search,/the-importance-of-building-trust-inside-your-community/,1,-3,1,-3,0,0,0,0
CyberOps,Email,/masters-cyber-security-engineering/,1,,0,,0,,0,
LEPSL,Organic Social,/why-police-officer-education-is-important/,1,,1,,0,,0,
Data Science,Organic Search,/resources/msads-request-program-brochure/,1,,1,,0,,0,
MSAAI,Unknown - fashion-valley-mall / ooh,/masters-applied-artificial-intelligence/,1,,1,,0,,0,
MED,Direct,/is-blended-learning-the-next-big-thing-in-education/,1,-4,1,-4,0,0,0,0
MSLDT,Organic Search,/admissions/military-veterans/,1,0,4,-11,0,0,0,0
MED,Direct,/online-teaching-strategies/,1,0,1,0,0,0,0,0
MSITL,Unknown - Data Not Available / Data Not Available,/masters-cyber-security-operations/lp/bva-cyber-security-operations-leadership/,1,,17,,0,,0,
MSNP,Referral,/admissions/how-to-apply/,1,,4,,0,,0,
MSAAI,Direct,/software-engineer-to-machine-learning-engineer/,1,,1,,0,,0,
EML,Organic Search,/admissions/international-students/,1,,0,,0,,0,
MSNNL,Direct,/healthcare/,1,,4,,0,,0,
MTS,Organic Search,/resources/master-of-theological-studies-brochure/,1,,0,,0,,0,
MTS,AI Traffic,/masters-theological-studies/apply/,1,,1,,0,,0,
MED,Email,/substitute-teacher-tips/,1,0,1,0,0,0,0,0
MED,Direct,/classes/master-education-orientation/,1,,1,,0,,0,
CyberEng,Direct,/masters-cyber-security-engineering/lp/email/,1,,1,,0,,0,
MED,Direct,/faculty/tess-reid/,1,,1,,0,,0,
Default - (not set),Organic Search,/cyber-security-podcasts/,1,,3,,0,,0,
Data Science,Organic Search,/data-analyst-careers-and-salary/,1,-3,2,-2,0,0,0,0
MSLDT,Direct,/instructional-designer-vs-elearning-developer/,1,0,2,1,0,0,0,0
MED,Organic Search,/classes/social-justice-and-educational-equity/,1,,2,,0,,0,
CyberOps,Direct,/masters-cyber-security-operations/lp/smartbrief-display/,1,,0,,0,,0,
MSNP,Organic Search,/masters-education/specializations/special-ed/,1,,3,,0,,0,
CyberEng,Direct,alary-california/,1,,2,,0,,0,
MSLDT,AI Traffic,/learning-design-technology-careers/,1,,1,,0,,0,
Default - (not set),Direct,/getting-masters-degree-online/,1,-2,1,-3,0,0,0,0
MED,Direct,/search/Master+in+Education+/,1,,1,,0,,0,
LEPSL,Referral,/masters-in-law-enforcement-leadership-hits-1000-graduate-milestone/,1,,1,,0,,0,
LEPSL,Paid Search,/online-programs/,1,,1,,0,,0,
MED,AI Traffic,/masters-education/careers/,1,,1,,0,,0,
MED,Email,/teaching-license-reciprocity-guide/,1,0,1,0,0,0,0,0
EML,Paid Search,/masters-cyber-security-engineering/lp/cyber-security-engineering/,1,,3,,0,,0,
MSLDT,Paid Search,/instructional-design-courses/,1,,0,,0,,0,
MSITL,Organic Social,/it-career-paths/,1,,1,,0,,0,
CyberEng,Unknown - Data Not Available / Data Not Available,/masters-cyber-security-engineering/,1,,1,,0,,0,
Default - (not set),Unknown - Data Not Available / Data Not Available,/admissions/,1,,1,,0,,0,
MED,Direct,/search/Tuition+for+online+masters+in+ED/,1,,1,,0,,0,
Data Science,Direct,/resources/planning-your-future-a-career-in-data-science/,1,-1,1,-4,0,0,0,0
Informatics,Direct,/resources/health-informatics-career-guide/,1,,1,,0,,0,
MED,Direct,/search/is+homework+neccesary+for+students+success/,1,,1,,0,,0,
LEPSL,Direct,/masters-law-enforcement-leadership/lp/criminal-justice/,1,,2,,0,,0,
MTS,Direct,.translate.goog/ways-to-deepen-your-faith/,1,,1,,0,,0,
MTS,Direct,/resources/mts-program-brochure-thank-you/,1,,1,,0,,0,
MESH,Direct,/resources/mesh-information-session-webinar/,1,-1,1,-1,0,0,0,0
LEPSL,Direct,/admissions/how-to-apply/,1,-1,3,-5,0,0,0,0
MSNP,Direct,/masters-law-enforcement-leadership/faculty/,1,,5,,0,,0,
Default - (not set),Email,/tuition-financial-aid/,1,0,2,-1,0,0,0,0
Informatics,Direct,/masters-health-informatics/lp/rv-edu/,1,,1,,0,,0,
CyberOps,Direct,/master-of-science-in-cyber-security-or-mba/,1,-1,1,-1,0,0,0,0
Default - (not set),Organic Search,/faculty/bharath-inti/,1,,1,,0,,0,
Default - (not set),Direct,/search/Established/,1,,1,,0,,0,
MSNP,Unknown - Data Not Available / Data Not Available,/masters-nonprofit-leadership-management/lp/ppc/,1,,2,,0,,0,
MED,Direct,/resources/guide-to-teaching-styles-thank-you/,1,0,1,0,1,0,1,0
MSITL,Organic Search,/artificial-intelligence-bootcamps/,1,,5,,0,,0,
Informatics,Organic Search,.translate.goog/nurse-leader-vs-nurse-manager/,1,,1,,0,,0,
MSNNL,Direct,/masters-applied-artificial-intelligence/classes/,1,,2,,0,,0,
MED,AI Traffic,/masters-education/specializations/special-ed/,1,,1,,0,,0,
MSHA,Unknown - ihsa / social,/masters-humanitarian-action/faculty/,1,,1,,0,,0,
Data Science,Organic Social,/masters-applied-data-science/,1,0,1,-3,0,0,0,0
Default - (not set),Organic Search,/leadership-management/,1,-2,1,-2,0,0,0,0
MED,Organic Search,/dr-joseph-lathan-lifelong-advocate-for-educators-named-director-of-online-m-ed-at-university-of-san-diego/,1,,1,,0,,0,
Default - (not set),Direct,/blog/cyber-security/page/6/,1,,1,,0,,0,
Default - (not set),Direct,/classes/capstone-development/,1,,1,,0,,0,
Default - (not set),Email,/business-entrepreneurship/,1,,1,,0,,0,
MSAAI,Unknown - linkedin / social,/masters-applied-artificial-intelligence/,1,,1,,0,,0,
Default - (not set),Unknown - ig / social,/online-programs/,1,,1,,0,,0,
Default - (not set),Referral,/admissions/international-students/,1,,0,,0,,0,
Informatics,Direct,/is-health-informatics-degree-worth-it/,1,-3,1,-25,0,0,0,0
MSLDT,Direct,/search/Tuition+for+online+masters+in+ED/page/2/,1,,1,,0,,0,
MSITL,Direct,/itl-ebook-download/,1,,13,,0,,0,
Informatics,Direct,/masters-health-informatics/healthcare-leadership-track/,1,,1,,0,,0,
MSNNL,Direct,/tuition-financial-aid/,1,,4,,0,,0,
MTS,Direct,gical-education/,1,,2,,0,,0,
MED,Direct,/author/joseph-lathan/,1,,2,,0,,0,
MSHA,Direct,.translate.goog/theory-of-change/,1,,1,,0,,0,
LEPSL,Organic Search,.translate.goog/what-is-intelligence-led-policing/,1,0,1,0,0,0,0,0
Default - (not set),Organic Search,/forms/msaai-applicant/,1,0,6,4,0,0,0,0
MSNNL,Email,/masters-nursing-leadership/apply-for-free-usd-msn-in-nursing-leadership-online/,1,,1,,0,,0,
Informatics,Organic Search,/faculty/kathleen-stacy/,1,,1,,0,,0,
EML,Organic Search,/advisory-board/paul-massih/,1,,1,,0,,0,
MSLDT,Organic Search,/classes/organizational-theory-change/,1,,26,,0,,0,
MSAAI,Referral,/artificial-intelligence/,1,0,3,3,0,0,0,0
MSAAI,Referral,/masters-applied-data-science/,1,-1,6,-8,0,0,0,0
MSNNL,Organic Search,/advisory-board/herman/,1,,2,,0,,0,
Data Science,Organic Search,/masters-applied-data-science/msads-combined-degree/,1,,1,,0,,0,
MSNP,Paid Search,/business-masters-degrees-types/,1,,1,,0,,0,
MESH,Paid Search,/blog/sustainability/,1,0,2,-2,0,0,0,0
Default - (not set),Unknown - EMAIL / USD CSOL 15Mar26 Masterclass OPM IDB Nurtur2,/masters-cyber-security-operations/,1,,2,,0,,0,
Informatics,Paid Search,/search/Biostatistics/,1,,1,,0,,0,
LEPSL,Organic Search,/ambassador/james-britt/,1,-2,1,-2,0,0,0,0
MSITL,Direct,/masters-applied-artificial-intelligence/classes/,1,-1,14,2,0,0,0,0
MTS,Paid Social,/masters-theological-studies/lp/ppc/thank-you/,1,,1,,1,,1,
MSAAI,Referral,/aws-azure-gcp-certification/,1,,2,,0,,0,
Informatics,Unknown - Data Not Available / Data Not Available,/,1,,4,,0,,0,
Default - (not set),Display,/tuition-financial-aid/tuition/,1,-1,0,-2,0,0,0,0
EML,Paid Search,/classes/decision-analysis/,1,,1,,0,,0,
MTS,Direct,/masters-cyber-security-operations/apply/,1,,2,,0,,0,
MTS,Paid Search,/admissions/,1,,14,,0,,0,
CyberEng,Direct,/faculty/nahid-farhady/,1,0,1,0,0,0,0,0
MED,Direct,.translate.goog/differentiated-instruction/,1,,1,,0,,0,
MTS,Organic Search,/faculty/linh-hoang/,1,-1,1,-1,0,0,0,0
MED,Direct,/search/why+homework+is+good/,1,,1,,0,,0,
Default - (not set),Referral,/ebook-getting-an-ms-cyber-security-8-  considerations/,1,,2,,0,,0,
MSNP,Direct,/resources/msha-how-a-masters-degree-can-benefit-your-humanitarian-career/,1,,17,,0,,0,
CyberEng,Direct,/classes/introduction-to-cybersecurity-concepts-and-tools/,1,,1,,0,,0,
EML,Direct,.translate.goog/senior-engineer-vs-tech-lead-vs-lead-engineer/,1,,1,,0,,0,
MTS,Direct,/employer-partnership/,1,,3,,0,,0,
MESH,Direct,/masters-engineering-sustainability-health/lp/mesh-webinar-thank-you-page/,1,0,1,0,1,0,1,0
MED,Organic Search,/search/Texts+about+why+homework+should+be+banned/page/3/,1,,1,,0,,0,
MESH,Organic Search,/online-programs/,1,0,13,6,1,1,1,1
MSAAI,Organic Search,/search/Texts+about+why+homework+should+be+banned/page/2/,1,,1,,0,,0,
MSAAI,Direct,/emails/LDT/usdonlinelog=,1,,1,,0,,0,
CyberOps,AI Traffic,/why-cyber-security-is-a-great-career-option-for-military-veterans/,1,,1,,0,,0,
MSAAI,Organic Search,/machine-learning-engineer-vs-data-scientist/,1,-1,1,-1,0,0,0,0
MSLDT,Email,/instructional-design-portfolio/,1,,1,,0,,0,
Default - (not set),AI Traffic,/tuition-financial-aid/additional-funding-options/,1,,1,,0,,0,
MED,Direct,/search/is+homework+necessary+for+students+success/,1,,1,,0,,0,
MSHA,Direct,/emails/MTS/Computer.png=,1,,1,,0,,0,
MSHA,Direct,/emails/MESH/MESH-ema=,1,,1,,0,,0,
"Default - business-entrepreneurship,computer-science,engineering,technology",Direct,/resources/msads-request-program-brochure/,1,0,1,-2,1,0,1,0
MED,Organic Search,/search/Is+Homework+Necessary,1,,1,,0,,0,
CyberOps,Organic Search,/faculty/ashton-mozano/,1,-1,1,-1,0,0,0,0
MESH,Organic Search,/masters-engineering-sustainability-health/resources/,1,,1,,0,,0,
MTS,Organic Search,.translate.goog/moral-theology/,1,-1,1,-1,0,0,0,0
EML,Organic Search,/about/learning-outcomes/,1,,4,,0,,0,
MSNNL,Direct,/masters-in-special-education-careers/,1,,8,,0,,0,
MTS,Direct,/masters-humanitarian-action/app-waiver/,1,0,17,11,0,0,0,0
MSLDT,Direct,/masters-humanitarian-action/,1,0,3,-2,0,0,0,0
Data Science,Organic Search,.translate.goog/business-intelligence-certifications/,1,,1,,0,,0,
MSNP,Organic Search,/faculty/andrea-boozer/,1,-1,1,-1,0,0,0,0
EML,AI Traffic,/engineering-scholarships/,1,,1,,0,,0,
Default - (not set),Direct,/education-inquity-and-homework,1,,1,,0,,0,
Default - (not set),Email,/programs/,1,,0,,0,,0,
MSAAI,Direct,/admitted-students/,1,,3,,0,,0,
MSLDT,Direct,/resources/msads-request-program-brochure/,1,,2,,0,,0,
MSAAI,Paid Social,/resources/msaai-online-artificial-intelligence-self-assessment/,1,,1,,0,,0,
Default - engineering,Direct,/,1,-1,5,-4,0,0,0,0
MSLDT,Paid Social,/what-is-instructional-design-examples/,1,,1,,0,,0,
LEPSL,Paid Search,/become-a-criminal-justice-instructor/,1,,1,,0,,0,
MSLDT,AI Traffic,/instructional-technologist-career/,1,,1,,0,,0,
Default - (not set),Direct,/how-to-become-an-intrapreneur/,1,-3,1,-2,0,0,0,0
LEPSL,Direct,/academic-credit-for-law-enforcement-training/,1,,1,,0,,0,
MED,Direct,/search/homework+ban/,1,,2,,0,,0,
MSHA,Direct,/masters-applied-data-science/lp/let-us-pay-for-your-msads-program-application-fee/,1,0,7,5,0,0,0,0
LEPSL,Organic Search,/faculty/jonni-redick/,1,0,1,0,0,0,0,0
MSNP,Organic Search,/what-makes-a-good-humanitarian-important-skills/,1,,5,,0,,0,
Default - (not set),Direct,/author/carlton-c-oneal/,1,,1,,0,,0,
LEPSL,Organic Search,/ambassador/amy-sariotti/,1,-1,1,-1,0,0,0,0
LEPSL,Organic Search,/faculty/jim-jenkins/,1,,1,,0,,0,
MSHA,Organic Search,.translate.goog/what-makes-a-good-humanitarian-important-skills/,1,,2,,0,,0,
CyberOps,Organic Search,/masters-cyber-security-operations/masters-cyber-operations-leadership-program-outcomes/,1,,0,,0,,0,
MSLDT,Organic Search,.translate.goog/top-instructional-design-software/,1,-1,1,-1,0,0,0,0
MSITL,Organic Social,/logical-framework-approach/,1,,0,,0,,0,
LEPSL,AI Traffic,/why-police-officer-education-is-important/,1,,1,,0,,0,
MSLDT,Organic Search,/masters-learning-design-technology/resources/,1,,2,,0,,0,
MTS,Referral,/why-theological-studies/,1,,9,,0,,0,
MSLDT,Organic Search,.translate.goog/elearning-developer/,1,,1,,0,,0,
EML,Organic Search,/student-support/academic-director/,1,,6,,0,,0,
Default - (not set),Paid Search,/masters-applied-data-science/faculty/,1,,5,,0,,0,
MSLDT,Paid Search,/educational-technology-jobs/,1,0,1,0,0,0,0,0
Default - (not set),Display,/tuition-financial-aid/,1,0,1,0,0,0,0,0
CyberEng,Organic Search,.translate.goog/cyber-crime-investigator-career/,1,-1,1,-2,0,0,0,0
MSHA,Organic Search,/masters-humanitarian-action/classes/,1,-3,1,-4,0,0,0,0
Informatics,AI Traffic,/masters-health-informatics/lp/study-healthcare-analytics/,1,,1,,0,,0,
Data Science,Direct,.translate.goog/career-data-mining/,1,,1,,0,,0,
MSHA,Organic Search,/resources/msha-how-a-masters-degree-can-benefit-your-humanitarian-career-thank-you/,1,-1,1,0,1,1,1,1
MSAAI,Direct,/10/innovative/police/technologies/,1,,4,,0,,0,
MESH,Direct,/degree-in-public-health/,1,0,1,0,0,0,0,0
MED,Direct,/search/is+homework+neccesary/,1,,1,,0,,0,
MSNNL,Direct,/masters-applied-artificial-intelligence/,1,,2,,0,,0,
MSHA,Direct,/classes/humanitarian-diplomacy/,1,,1,,0,,0,
MESH,Direct,/advisory-board/georgina-yeboah/,1,,1,,0,,0,
MESH,Referral,/jobs-that-make-difference/,1,,1,,0,,0,
MSAAI,Organic Search,/education/,1,,3,,0,,0,
MSNP,Referral,/nonprofit-executive-director/,1,,1,,0,,0,
MSAAI,Referral,/ethics-in-ai/,1,,2,,0,,0,
LEPSL,Referral,/police-conflict-management-strategies/,1,0,1,0,0,0,0,0
MESH,Organic Search,/faculty/minoo-gupta/,1,,1,,0,,0,
EML,Organic Search,/masters-engineering-management-leadership/board-of-advisors/,1,,2,,0,,0,
Default - (not set),Organic Search,/education-inequity-and-homework/ when was this written,1,,1,,0,,0,
CyberOps,Organic Search,/masters-cyber-security-engineering/apply/,1,,2,,0,,0,
MTS,Referral,/nature-spirituality/,1,-1,1,0,0,0,0,0
CyberOps,Referral,/best-jobs-in-cyber-security/,1,-3,1,-2,0,0,0,0
Data Science,Referral,/data-communication/,1,-1,4,2,0,0,0,0
MSAAI,Paid Search,/masters-applied-artificial-intelligence/careers/,1,,1,,0,,0,
MSAAI,Paid Search,/masters-applied-artificial-intelligence/faculty/,1,0,1,-5,0,0,0,0
LEPSL,Unknown - fashion-valley-mall / ooh,/criminal-justice/,1,,1,,0,,0,
MED,Paid Search,/faculty-spotlight-chris-garcia/,1,,1,,0,,0,
MSHA,Display,/masters-humanitarian-action/lp/thank-you/,1,,0,,0,,0,
MTS,Paid Search,/masters-theological-studies/lp/dyna/,1,0,1,0,0,0,0,0
LEPSL,Paid Search,/first-class-graduates-masters-law-enforcement-leadership/,1,,0,,0,,0,
Data Science,Direct,/faculty/vicente-malave/,1,,1,,0,,0,
CyberEng,Referral,/black-vs-gray-vs-white-hat-hackers/,1,,1,,0,,0,
MED,Direct,/search/what+kind+of+stress+can+kids+encounter+when+having+to+much+homework/,1,,1,,0,,0,
MSAAI,Referral,/offers/oed-leads/,1,,2,,0,,0,
MTS,Direct,/masters-information-technology-leadership/,1,0,2,-6,0,0,0,0
LEPSL,Email,/criminal-justice/,1,,1,,0,,0,
EML,Referral,/resources/from-engineer-to-leader/,1,,3,,1,,1,
MSLDT,Organic Social,/instructional-technology-tools/,1,-1,1,-1,0,0,0,0
MSAAI,Paid Search,/resources/free-ms-aai-program-brochure-thank-you/,1,,0,,0,,0,
MSAAI,Paid Search,/classes/ethics-in-artificial-intelligence-maai-531/,1,,1,,0,,0,
MSHA,Unknown - ihsa / social,/faculty/casey-myers/,1,,1,,0,,0,
Default - (not set),Unknown - linkedin / social,/applied-artificial-intelligence/,1,,1,,0,,0,
CyberEng,AI Traffic,/cybersecurity-vs-it-degree/,1,,1,,0,,0,
LEPSL,Paid Search,/masters-law-enforcement-leadership/endorsements-testimonials/,1,0,1,0,0,0,0,0
MED,AI Traffic,/masters-education/specializations/school-leadership/,1,-2,1,-3,0,0,0,0
MSHA,Unknown - ihsa / social,/masters-humanitarian-action/app-waiver/,1,,2,,0,,0,
MSNP,Direct,/search/Funding’/,1,,1,,0,,0,
MED,Paid Social,/resources/free-med-program-brochure/,1,-3,1,-3,0,0,0,0
Informatics,Direct,/online-programs/,1,0,2,-1,0,0,0,0
Default - (not set),Direct,/faculty/dr-ramesh-rajagopalan-phd/,1,,1,,0,,0,
Data Science,Direct,/faculty/roozbeh-sadeghian/,1,,1,,0,,0,
MED,Direct,/masters-education/lp/request-info-rv/,1,,1,,0,,0,
MSNNL,Organic Search,/masters-education/,1,,7,,0,,0,
Default - (not set),Organic Search,/masters-cyber-security-engineering/classes/,1,0,0,-5,0,0,0,0
MSITL,Direct,/resources/free-msitl-program-brochure-thank-you/,1,,1,,1,,1,
Informatics,Organic Search,/faculty/michael-kurliand/,1,-2,1,-3,0,0,0,0
Data Science,Organic Search,.translate.goog/database-administrator-career/,1,,1,,0,,0,
MED,Organic Social,/cooperative-learning-strategies/,1,-1,1,-1,0,0,0,0
MSITL,Referral,/ai-trainer/,1,,22,,0,,0,
MSITL,Paid Social,/masters-cyber-security-engineering/lp/cyber-security-engineering/,1,-1,2,-4,0,-1,0,-0.5
Default - (not set),Display,/masters-cyber-security-operations/,1,-2,2,-18,1,1,1,1
MSAAI,Unknown - zalo / zalo,/artificial-intelligence-education/,1,0,1,0,0,0,0,0
CyberOps,Direct,/is-cyber-security-hard/,1,,4,,0,,0,
MTS,Direct,obs-in-cyber-security/,1,,15,,0,,0,
MSAAI,Direct,/faq/,1,,3,,0,,0,
MED,AI Traffic,/masters-education/specializations/technology-and-innovation/,1,0,1,0,0,0,0,0
Informatics,AI Traffic,/health-informatics-impact-covid-19/,1,,1,,0,,0,
Default - (not set),Direct,/resources/questions-to-ask-before-selecting-an-it-leadership-degree/,1,,2,,0,,0,
MSLDT,Direct,/it-job-titles/,1,,3,,0,,0,
MESH,Direct,/resources/mesh-program-brochure-thank-you/,1,,44,,0,,0,
Default - (not set),Direct,/forms/msaai-gar/,1,0,1,1,0,0,0,0
CyberOps,Direct,/finding-a-career-in-cyber-security-tips-and-resources/,1,-4,1,-4,0,0,0,0
CyberEng,Direct,/classes/security-test-engineering/,1,,1,,0,,0,
MED,Organic Search,.translate.goog/rethinking-education-assessment-types/,1,0,1,0,0,0,0,0
MED,Direct,/faculty/rucheeta-kulkarni/,1,,1,,0,,0,
MSAAI,Direct,/resources/msads-request-program-brochure/,1,-4,6,3,0,0,0,0
EML,Organic Search,/head-of-product-career/,1,,2,,0,,0,
MSAAI,Organic Search,/masters-applied-artificial-intelligence/lp/request-info-rv/,1,,1,,0,,0,
CyberOps,Referral,/cyber-security-specialist-career-guide/,1,,1,,0,,0,
Default - (not set),AI Traffic,/technology-in-education/,1,,1,,0,,0,
CyberOps,Organic Social,/masters-cyber-security-operations/classes/,1,,1,,0,,0,
MSNNL,Organic Search,/education-inequity-and-homework/,1,0,6,4,0,0,0,0
MSAAI,Email,/masters-cyber-security-engineering/,1,,4,,0,,0,
Informatics,Direct,/masters-health-informatics/lp/request-info-2/,1,,0,,0,,0,
MED,Direct,/education-online-learning/,1,,1,,0,,0,
LEPSL,Direct,/masters-health-informatics/,1,0,3,0,0,0,0,0
MSNNL,Organic Search,/student-support/natalie-oneal/,1,,15,,0,,0,
MSLDT,Direct,/masters-engineering-management-leadership/,1,-1,4,-3,0,0,0,0
MSHA,Organic Search,/admissions/,1,,2,,0,,0,
EML,Organic Search,/advisory-board/silvia-de-dea/,1,,1,,0,,0,
MSLDT,Organic Search,/masters-learning-design-technology/transfer-credit/,1,,1,,0,,0,
MED,Organic Search,/resources/the-complete-list-of-teaching-methods-thank-you/,1,,0,,0,,0,
Data Science,Unknown - optin monster / exit overlay,/masters-applied-data-science/lp/let-us-pay-for-your-msads-program-application-fee/,1,0,1,1,0,0,0,0
MED,AI Traffic,/masters-education/specializations/steam/,1,0,1,0,0,0,0,0
MSNP,Organic Search,/classes/policy-advocacy-leadership/,1,,1,,0,,0,
LEPSL,Direct,/classes/organizational-leadership/,1,,1,,0,,0,
LEPSL,Direct,/classes/public-safety-law/,1,,1,,0,,0,
LEPSL,Direct,/classes/communication-law-enforcement-leaders/,1,,1,,0,,0,
MSLDT,Direct,/learning-design-technology-careers/,1,0,1,0,0,0,0,0
LEPSL,Referral,/masters-law-enforcement-leadership/classes/,1,-3,1,-5,0,0,0,0
MSAAI,Paid Search,/blog/computer-science/,1,,2,,0,,0,
MSAAI,Organic Search,/from-devops-to-mlops-a-comprehensive-guide-to-migrating-and-adding-services/,1,0,1,0,0,0,0,0
Data Science,AI Traffic,/business-intelligence-certifications/,1,-2,1,-2,0,0,0,0
MED,Organic Search,.translate.goog/manage-cell-phones-in-class-tips/,1,0,1,-1,0,0,0,0
MESH,Organic Search,/masters-engineering-sustainability-health/faculty/,1,0,2,1,0,0,0,0
MSITL,Direct,/is-devops-a-good-career/,1,-1,1,-1,0,0,0,0
MSITL,Referral,/masters-cyber-security-operations/,1,,3,,0,,0,
MSAAI,Organic Search,.translate.goog/business-intelligence-analyst-career/,1,0,1,0,0,0,0,0
MED,AI Traffic,/search/differentiated+/,1,,0,,0,,0,
MSAAI,Paid Social,/what-is-data-science/,1,,2,,0,,0,
MSAAI,Referral,/nlp-engineer-career/,1,,1,,0,,0,
Informatics,Direct,/programs/,1,0,3,-5,0,0,0,0
MSNP,Paid Search,/masters-humanitarian-action/lp/humanitarian-action/,1,0,3,-4,0,0,0,0
MSHA,Direct,/advisory-board/husquinet/,1,0,1,0,0,0,0,0
EML,Referral,/masters-engineering-management-leadership/app-waiver/,1,,0,,0,,0,
LEPSL,Direct,/masters-law-enforcement-leadership/lp/fop/,1,-1,4,2,1,1,1,1
MSAAI,Direct,/masters-cyber-security-engineering/classes/,1,,5,,0,,0,
CyberOps,Paid Search,/masters-cyber-security-operations/apply/,1,-5,11,6,2,2,2,2
MTS,Direct,/masters-education/,1,,4,,0,,0,
MSHA,Direct,/organizational-capacity/,1,,0,,0,,0,
MSNP,Direct,/nonprofit-careers/,1,0,0,-1,0,0,0,0
Default - (not set),Direct,/how-to-create-a-tech-startup-company-in-12-steps-2/,1,-1,1,-2,0,0,0,0
EML,Referral,/faculty/gb-singh/,1,0,2,1,0,0,0,0
MSLDT,Direct,/masters-learning-design-technology/lp/thank-you/,1,-1,1,-1,1,-1,1,0
Informatics,Organic Search,/faculty/brenda-boone/,1,0,1,0,0,0,0,0
MSAAI,Direct,/faculty/edwin-addison-ai/,1,,1,,0,,0,
MSITL,Unknown - email / nurture,/masters-information-technology-leadership/,1,,1,,0,,0,
MSNP,Organic Search,/healthcare/,1,,0,,0,,0,
MSAAI,Organic Search,/about/career-and-professional-resources/,1,,2,,0,,0,
MTS,Direct,s-lay-ministry/,1,,1,,0,,0,
CyberOps,Referral,/what-is-a-chief-security-officer-high-demand-skyrocketing-pay-for-csos/,1,,2,,0,,0,
LEPSL,AI Traffic,/faculty/erik-fritsvold/,1,,1,,0,,0,
MESH,Paid Search,/faculty/jon-colon/,1,,2,,0,,0,
EML,Display,/masters-engineering-management-leadership/,1,-1,1,-1,0,0,0,0
MSNP,Direct,/masters-law-enforcement-leadership/,1,0,13,5,0,-1,0,-1
MSITL,Organic Search,/faculty/raheleh-dilmaghani/,1,,1,,0,,0,
MSITL,Direct,/masters-cyber-security-engineering/apply/,1,,2,,0,,0,
MSNNL,AI Traffic,/masters-nursing-leadership/,1,,2,,0,,0,
MSHA,Direct,/programs/,1,,3,,0,,0,
Default - (not set),Direct,/masters-health-informatics/lp/lp-paid-search-analytics-test/,1,,1,,0,,0,
MED,Organic Search,.translate.goog/teach-in-private-or-public-school/,1,,4,,0,,0,
Default - (not set),Organic Search,/blue-leadership-podcast/,1,,1,,0,,0,
Data Science,Direct,/resources/questions-to-ask-masters-data-science-checklist/,1,-2,1,-2,0,0,0,0
MED,Direct,/search/Add+drop/,1,,1,,0,,0,
Informatics,Organic Search,/advisory-board/kohrumel/,1,0,1,0,0,0,0,0
MSHA,Organic Search,/faculty/ernest-ogbozor/,1,,1,,0,,0,
MED,Organic Search,/faculty-spotlight-chris-garcia/,1,,1,,0,,0,
LEPSL,Direct,/masters-law-enforcement-leadership/lp/request-info/,1,-16,1,-16,0,0,0,0
MED,Organic Social,/effective-educational-leadership/,1,-1,2,-1,0,0,0,0
CyberOps,Referral,/masters-cyber-security-operations/lp/bva-cyber-security-operations-leadership/,1,,6,,0,,0,
Informatics,Referral,/what-skills-do-you-need-to-work-in-health-care-informatics/,1,-1,2,0,0,0,0,0
LEPSL,Direct,/faculty/tyler-blondi/,1,,1,,0,,0,
MTS,Email,/masters-applied-artificial-intelligence/,1,,37,,0,,0,
MSITL,Paid Search,/masters-humanitarian-action/lp/humanitarian-action/,1,,2,,0,,0,
MSNP,Display,/masters-cyber-security-operations/,1,,6,,0,,0,
Informatics,Organic Search,/informatics-nursing-essential-career/,1,0,3,-2,0,0,0,0
LEPSL,Organic Search,/ambassador/brian-bubar/,1,0,1,0,0,0,0,0
MED,Organic Search,/how-educators-incorporate-steam-in-the-classroom/,1,,1,,0,,0,
MSHA,Unknown - Data Not Available / Data Not Available,/masters-humanitarian-action/lp/humanitarian-action/,1,-8,2,-12,0,0,0,0
MED,Direct,/teaching-digital-literacy-in-the-classroom/,1,0,1,0,0,0,0,0
MESH,Direct,/search/organic+chemistry/,1,,1,,0,,0,
MESH,Organic Search,/admissions/,1,0,1,-3,0,0,0,0
MED,Direct,/search/Tuition+for+online+programs+/,1,,1,,0,,0,
MSNP,Organic Search,/faculty/marcus-lam/,1,,1,,0,,0,
MED,Referral,/about/state-authorization-status/,1,0,6,2,0,0,0,0
Data Science,AI Traffic,/masters-applied-data-science/,1,,1,,0,,0,
MTS,Paid Search,/blog/theology/,1,,3,,0,,0,
MSLDT,Direct,.translate.goog/masters-learning-design-technology/,1,,1,,0,,0,
LEPSL,Organic Search,/search/James+Sabak/,1,,1,,0,,0,
Default - (not set),Organic Search,/about/student-complaints/,1,0,1,0,0,0,0,0
LEPSL,AI Traffic,/masters-law-enforcement-leadership/,1,0,1,0,0,0,0,0
MSAAI,Organic Search,/masters-health-informatics/health-analytics-track/,1,,5,,0,,0,
CyberOps,Direct,/classes/foundations-of-cyber-security/,1,,1,,0,,0,
Default - (not set),Direct,/education-inequity-and-homework/\,1,,1,,0,,0,
Default - (not set),Direct,/about/student-complaints/,1,,1,,0,,0,
LEPSL,Direct,/masters-engineering-management-leadership/,1,,2,,0,,0,
Default - (not set),Direct,/classes/advanced-health-care-information-management/,1,,1,,0,,0,
Data Science,Direct,/classes/probability-and-statistics-for-data-science/,1,,1,,0,,0,
MSNP,Direct,/about/state-authorization-status/,1,,14,,1,,1,
Default - (not set),Organic Search,/author/joseph-lathan/page/2,1,,1,,0,,0,
LEPSL,Organic Search,/ambassador/brandon-sanchez/,1,0,1,0,0,0,0,0
MTS,Referral,/what-is-liturgy/,1,-4,1,-3,0,0,0,0
CyberOps,Referral,/blog/,1,,1,,0,,0,
MSAAI,AI Traffic,/entry-level-ai-careers/,1,-1,1,-5,0,0,0,0
Informatics,AI Traffic,/masters-health-informatics/health-informatics-track/,1,,1,,0,,0,
Informatics,AI Traffic,/masters-health-informatics/health-analytics-track/,1,,1,,0,,0,
MSAAI,AI Traffic,/resources/msaai-artificial-intelligence-self-assessment/,1,0,2,-2,0,0,0,0
Default - (not set),AI Traffic,/smartphones-in-the-classroom/,1,,1,,0,,0,
MED,Organic Search,.translate.goog/3-ways-to-create-inclusive-learning/,1,,1,,0,,0,
MTS,Email,/jobs-for-catholics/,1,,1,,0,,0,
MTS,Referral,/religious-vocational-discernment/,1,,1,,0,,0,
LEPSL,Email,/masters-law-enforcement-leadership/students-agencies/,1,-1,4,2,0,0,0,0
MSAAI,Organic Search,.translate.goog/artificial-intelligence-business/,1,-4,1,-8,0,0,0,0
MTS,Organic Search,/masters-theological-studies/faculty/,1,,1,,0,,0,
LEPSL,AI Traffic,/how-become-federal-correctional-officer/,1,,1,,0,,0,
Default - computer-science,Direct,/what-is-dbaas/,1,0,1,-1,0,0,0,0
Data Science,Direct,/advisory-board/jules-malin/,1,,1,,0,,0,
Default - (not set),Organic Search,/life-skills-education-in-schools/ when was it created,1,,1,,0,,0,
Data Science,Direct,/storytelling-with-data-part-2/,1,-8,1,-5,0,0,0,0
MED,Organic Search,/search/published/,1,,5,,0,,0,
MED,Organic Search,/search/Why+homework+should+be+banned/,1,0,1,0,0,0,0,0
Data Science,Organic Search,/data-protection-officer-career-guide/,1,,4,,0,,0,
CyberOps,Organic Search,/cyber-security-salaries-make-case-for-masters/,1,0,2,1,0,0,0,0
MSNP,Direct,/masters-humanitarian-action/apply/,1,0,2,-7,0,0,0,0
MTS,Paid Search,/masters-information-technology-leadership/lp/ppc/,1,,7,,0,,0,
CyberOps,Paid Social,/masters-cyber-security-engineering/let-us-pay-for-your-cse-program-application-fee/,1,0,1,0,1,0,1,0
MSNNL,Paid Search,/online-ms-nursing-nl/,1,,1,,0,,0,
LEPSL,Direct,/faculty/jeffrey-jordon/,1,,1,,0,,0,
Data Science,Organic Search,.translate.goog/data-science-in-finance/,1,,1,,0,,0,
MED,Direct,.translate.goog/implementing-universal-design-learning/,1,,1,,0,,0,
MESH,Direct,/masters-engineering-management-leadership/,1,0,3,-4,0,0,0,0
Default - (not set),Referral,/blog/computer-science/,1,,12,,0,,0,
Default - (not set),Organic Search,/search/No+homework+causes+less+stress/page/1/,1,,1,,0,,0,
MTS,Direct,/masters-theological-studies/resources/,1,,1,,0,,0,
Default - (not set),Email,/employer-partnership/,1,-2,0,-4,0,0,0,0
MESH,AI Traffic,/6-best-urban-planning-careers-degree-salary-guide/,1,-1,1,0,0,0,0,0
Default - (not set),Direct,/about/online-learning/student-support/,1,0,0,-1,0,0,0,0
MED,Direct,/search/should+homework+be+optional/,1,,2,,0,,0,
MESH,Direct,/mesh-scholarship-awarded/,1,0,1,-1,0,0,0,0
Default - (not set),Direct,/search/70-20-10/,1,,1,,0,,0,
MSNNL,Direct,/resources/msaai-online-artificial-intelligence-self-assessment/,1,,4,,0,,0,
MESH,Direct,/advisory-board/michelle-gonzalez/,1,,1,,0,,0,
MED,Organic Search,/author/joseph-lathan/,1,0,2,0,0,0,0,0
Default - (not set),Organic Search,/education-inequity-and-homeworkz,1,,1,,0,,0,
CyberOps,Organic Search,/classes/cyber-security-operations/,1,,2,,0,,0,
LEPSL,Direct,/lieutenant-picks-usd-criminal-justice-masters-degree/,1,,1,,0,,0,
MSHA,Direct,/emails/MTS/Gra=,1,,1,,0,,0,
MED,Organic Search,/admissions/how-to-apply/,1,,1,,0,,0,
MSLDT,Referral,/training-and-development-specialist/,1,,1,,0,,0,
MSLDT,Referral,/what-is-learning-design/,1,,1,,0,,0,
MSLDT,Referral,/instructional-design-interview-questions/,1,,1,,0,,0,
CyberEng,Direct,/network-security-engineer/,1,0,1,0,0,0,0,0
MSITL,AI Traffic,/masters-in-information-technology-salary/,1,,1,,0,,0,
Default - (not set),Paid Social,/resources/msaai-artificial-intelligence-self-assessment/,1,-1,1,-1,0,0,0,0
MSNNL,Organic Search,/classes/advanced-nurse-clinician-practicum/,1,,1,,0,,0,
LEPSL,Unknown - ig / social,/masters-law-enforcement-leadership/,1,,1,,0,,0,
MSNNL,Organic Search,/offers/oed-leads/,1,,2,,0,,0,
Informatics,Organic Search,/masters-health-informatics/healthcare-leadership-track/,1,,1,,0,,0,
Default - (not set),Organic Search,/getting-masters-degree-online/,1,-1,1,-1,0,0,0,0
MTS,Direct,.translate.goog/how-to-become-a-spiritual-director/,1,,1,,0,,0,
CyberOps,Direct,/resources/cyber-security-scholarship-checklist/,1,,1,,0,,0,
MTS,Direct,/gfembed/,1,,5,,0,,0,
MTS,Organic Search,/masters-humanitarian-action/app-waiver/,1,,3,,0,,0,
MED,Direct,s-education/,1,,1,,0,,0,
CyberOps,Direct,.translate.goog/resources/top-paying-cybersecurity-jobs/,1,,1,,0,,0,
MTS,Organic Search,/seeing-our-brokenness-with-compassion/,1,,1,,0,,0,
MSNP,Organic Search,.translate.goog/ngo-vs-nonprofit/,1,,1,,0,,0,
CyberOps,Organic Search,/resources/cyber-newsletter-signup/,1,,1,,0,,0,
LEPSL,Organic Search,/faculty/adolfo-gonzales/,1,,1,,0,,0,
CyberOps,Organic Search,.translate.goog/cisa-certification/,1,-1,1,-1,0,0,0,0
MED,Referral,/blog/education/,1,0,1,-1,0,0,0,0
MSLDT,Referral,/masters-information-technology-leadership/classes/,1,,0,,0,,0,
MSLDT,Organic Social,/resources/things-to-know-about-careers-in-instructional-design/,1,,1,,0,,0,
LEPSL,Paid Search,/masters-law-enforcement-leadership/apply/,1,,1,,0,,0,
LEPSL,Email,/masters-in-public-administration-vs-masters-in-leadership/,1,,0,,0,,0,
MED,Email,/resources/inside-look-med-webinar-thank-you/,1,,0,,0,,0,
MSLDT,Direct,/faculty/david-haigh/,1,-2,1,-1,0,0,0,0
MED,Direct,/search/banning+homework/,1,,1,,0,,0,
Default - (not set),Direct,/search/commencement/,1,,1,,0,,0,
MSLDT,Organic Search,/technology-degrees/,1,,2,,0,,0,
MED,Direct,/about/state-authorization-status/,1,,2,,0,,0,
CyberOps,Organic Search,/cyber-road-trip/,1,,1,,0,,0,
MSLDT,Organic Search,.translate.goog/addie-model-instructional-design/,1,-1,1,-1,0,0,0,0
MESH,AI Traffic,/high-paying-environmental-jobs/,1,0,1,0,0,0,0,0
Default - (not set),Direct,/faculty/shailja-somani/,1,,3,,0,,0,
MSNP,Direct,/best-degrees-data-science/,1,,1,,0,,0,
LEPSL,Direct,/faculty/ryan-sheehy/,1,,1,,0,,0,
CyberEng,Direct,/masters-cyber-security-engineering/testimonials/,1,,1,,0,,0,
MSNP,Organic Search,/resources/6-nonprofit-careers-ebook/,1,0,0,0,0,0,0,0
CyberOps,Organic Search,/cyber-security-coding/,1,,2,,0,,0,
MED,Organic Search,/student-support/amy-zapatka/,1,,1,,0,,0,
Default - (not set),Organic Search,/student-support/imari-washington/,1,0,1,0,0,0,0,0
Default - (not set),Referral,/black-vs-gray-white-hat-hackers/,1,,1,,0,,0,
Default - (not set),Referral,/resources/complete-guide-to-teacher-centered-vs-student-centered-learning-thank-you/,1,,1,,0,,0,
MED,Direct,.translate.goog/brain-based-learning/,1,,1,,0,,0,
MSLDT,Email,/masters-learning-design-technology/apply/,1,0,1,-1,0,0,0,0
Informatics,Paid Search,/tuition-financial-aid/,1,,4,,0,,0,
MSHA,Paid Search,/international-aid-worker-tips/,1,,1,,0,,0,
MESH,Email,/resources/msesh-information-session-webinar-thank-you/,1,,1,,1,,1,
Default - (not set),Paid Social,/tuition-financial-aid/tuition/,1,0,1,0,0,0,0,0
Informatics,Paid Social,/healthcare/,1,-1,1,-1,0,0,0,0
MSLDT,Email,/masters-learning-design-technology/lp/instructional-design-for-teachers/,1,,1,,0,,0,
MED,Direct,-captain-promotion-guide/,1,,3,,0,,0,
MSHA,Referral,/humanitarian-aid-certificate-courses/,1,,1,,0,,0,
Informatics,Direct,/tuition-financial-aid/financial-aid/,1,,3,,0,,0,
MED,Direct,/teaching-to-every- students-unique-learning-style/,1,,4,,0,,0,
MTS,Direct,.translate.goog/resources/7-applications-of-theology-degree-ebook/,1,0,1,-1,0,0,0,0
MSITL,Direct,/resources/information-technology-leadership-degree-webinar/,1,,1,,0,,0,
LEPSL,Direct,/top-law-enforcement-blogs-websites/,1,,1,,0,,0,
MSITL,Organic Search,.translate.goog/it-leadership/,1,,1,,0,,0,
MESH,AI Traffic,/masters-in-sustainability-degree-comparison/,1,,1,,0,,0,
EML,AI Traffic,/engineering-manager-vs-tech-lead/,1,0,1,0,0,0,0,0
MESH,Organic Search,/online-masters-degree-integrates-sustainability-health-and-engineering/,1,0,1,0,0,0,0,0
Default - (not set),Organic Search,/classes/secure-network-engineering-2/,1,,3,,0,,0,
EML,Organic Search,.translate.goog/engineering-manager-skills/,1,-1,1,-1,0,0,0,0
LEPSL,Organic Search,/ambassador/rickey-hawkins/,1,,1,,0,,0,
Data Science,Email,/masters-applied-data-science/lp/let-us-pay-for-your-msads-program-application-fee/,1,,1,,0,,0,
MSAAI,Organic Social,/masters-applied-artificial-intelligence/lp/study-artificial-intelligence/,1,0,2,-7,0,0,0,0
Default - (not set),Referral,/how-to-become-an-intrapreneur/,1,,1,,0,,0,
Informatics,Referral,/online-programs/,1,,2,,0,,0,
"Default - engineering,sustainability",Paid Search,/blog/sustainability/,1,,2,,0,,0,
Informatics,Email,/masters-health-informatics/lp/health-informatics-for-nurses/,1,,1,,0,,0,
Informatics,Email,/what-skills-do-you-need-to-work-in-health-care-informatics/,1,,11,,0,,0,
MSLDT,Organic Search,/admissions/,1,,4,,0,,0,
LEPSL,Organic Search,/masters-law-enforcement-leadership/transfer-credit/perf-smip/,1,-5,1,-6,0,0,0,0
MESH,Organic Search,/classes/sustainable-water/,1,,1,,0,,0,
MED,Referral,/search/student+success+center/,1,,0,,0,,0,
MED,Referral,/when-teachers-become-learners/,1,,1,,0,,0,
MSHA,Unknown - ig / social,/social-advocacy-definition/,1,,1,,0,,0,
Default - (not set),Direct,/ethical-hacker-career-salary-guide/,1,,5,,0,,0,
MSITL,Organic Search,/msit-vs-mba-degree/,1,,1,,0,,0,
CyberEng,Organic Social,/masters-cyber-security-engineering/apply/,1,,1,,0,,0,
MSNNL,Direct,.translate.goog/masters-nursing-leadership/,1,,2,,0,,0,
EML,Direct,/engineering/,1,0,4,0,0,0,0,0
MSHA,Direct,/masters-humanitarian-action/student-services/,1,0,3,2,0,0,0,0
LEPSL,Direct,/faculty/jonni-redick/,1,,1,,0,,0,
Default - (not set),Direct,/wp-content/uploads/2024/01/USD-Which-Cybersecurity-Prog[…]56323906&utm_content=356323906&utm_source=hs_automation,1,,1,,0,,0,
Default - (not set),Organic Search,/threat-or-opportunity-big-data-and-cyber-security/,1,,0,,0,,0,
LEPSL,Email,/masters-law-enforcement-leadership/ambassadors/,1,-1,1,-2,0,0,0,0
MTS,Referral,/resources/master-of-theological-studies-application-guide-thank-you/,1,,1,,1,,1,
MSHA,Organic Search,/offers/oed-leads/,1,,4,,0,,0,
MED,Organic Search,/jennifer-gagner/,1,,1,,0,,0,
MSHA,Referral,/admitted-students/,1,,3,,0,,0,
MSAAI,Paid Search,/resources/msads-request-program-brochure/,1,,15,,0,,0,
MESH,Paid Search,/environmental-consultant-career/,1,,0,,0,,0,
MSNNL,Direct,/education/,1,,5,,0,,0,
EML,Paid Search,/engineering-management-masters-worth-it/,1,,1,,0,,0,
MTS,Referral,/faculty/joe-chinnici/,1,,1,,0,,0,
Default - (not set),Direct,/understanding-catholic-vocational-discernment,1,,0,,0,,0,
MSLDT,Direct,/search/sli+transfer+credt/,1,,15,,0,,0,
MTS,Referral,/faculty/mary-beth-ingham/,1,,1,,0,,0,
CyberOps,Direct,.translate.goog/10-reasons-to-get-your-masters-degree-in-cyber-security/,1,,1,,0,,0,
LEPSL,Direct,/ambassador/brandon-barclay/,1,0,1,0,0,0,0,0
Informatics,Unknown - Data Not Available / Data Not Available,/masters-health-informatics/lp/thank-you/,1,,1,,0,,0,
Default - (not set),Unknown - Data Not Available / Data Not Available,/tuition-financial-aid/tuition/,1,,1,,0,,0,
Data Science,Organic Search,/advisory-board/albert-wang/,1,,1,,0,,0,
LEPSL,Organic Search,/ambassador/cristina-saeteurn/,1,,1,,0,,0,
Default - (not set),Direct,/understanding-catholic-vocational-discernment/,1,,2,,0,,0,
Default - (not set),Organic Search,/education-inequity-and homework/,1,,1,,0,,0,
MSNNL,Organic Search,/faculty/briony-dubose/,1,,1,,0,,0,
MSNNL,Paid Search,/masters-health-informatics/,1,,3,,0,,0,
Informatics,Paid Search,/bachelors-nursing/,1,,1,,0,,0,
Default - (not set),Unknown - ihsa / social,/about/,1,,1,,0,,0,
MTS,AI Traffic,/how-to-pay-for-theology-degree/,1,,1,,0,,0,
EML,AI Traffic,/tuition-financial-aid/tuition/,1,,2,,0,,0,
LEPSL,Direct,"/search/high+stress,+burnout+and+sleep+deprivation/",1,,1,,0,,0,
CyberEng,Email,/how-to-become-a-cyber-threat-hunter/,1,0,1,0,0,0,0,0
MED,Direct,/search/homework/,1,,1,,0,,0,
LEPSL,Direct,/lessons-in-police-leadership-phil-hansen/,1,0,1,0,0,0,0,0
Data Science,Direct,/data-science-in-finance/,1,-2,1,-2,0,0,0,0
MED,Direct,/residue-of-covid-19-impact/,1,0,1,0,0,0,0,0
Default - (not set),Direct,logy/,1,,1,,0,,0,
MSLDT,AI Traffic,/instructional-design-certificate-vs-masters-degree/,1,,1,,0,,0,
MED,Organic Search,/resources/9-reasons-master-education-degree-ebook/,1,,1,,0,,0,
MED,Organic Search,/search/should+you+do+homework+and+then+have+fun+pro+side/,1,,1,,0,,0,
Default - (not set),Organic Search,/forms/msads-gar/,1,,1,,0,,0,
MSLDT,Organic Search,/masters-learning-design-technology/apply/,1,-3,1,-7,0,0,0,0
EML,Organic Search,/master-of-engineering-management-careers/,1,,1,,0,,0,
LEPSL,Organic Search,/admissions/,1,,3,,0,,0,
MSLDT,Organic Search,/what-is-data-analytics/,1,,10,,0,,0,
MSLDT,AI Traffic,/job-aid-examples-template/,1,0,1,0,0,0,0,0
Default - business-entrepreneurship,Referral,/top-engineering-leaders/,1,,1,,0,,0,
MSAAI,Referral,/masters-cyber-security-engineering/,1,0,20,13,0,0,0,0
MSHA,Organic Search,.translate.goog/international-social-work/,1,0,1,0,0,0,0,0
MSHA,Organic Search,/masters-humanitarian-action/app-waiver/,1,,1,,0,,0,
CyberOps,Direct,/classes/secure-software-design-and-development/,1,,1,,0,,0,
MSLDT,Paid Search,/tuition-financial-aid/tuition/,1,,2,,0,,0,
MSHA,AI Traffic,/humanitarian-crises-around-the-world/,1,0,1,0,0,0,0,0
Default - (not set),Referral,/faq/,1,-1,1,-1,0,0,0,0
Default - (not set),Email,/tuition-financial-aid/tuition/,1,-1,3,0,0,0,0,0
LEPSL,Direct,/faculty/james-r-davis/,1,,1,,0,,0,
MED,AI Traffic,/what-is-educational-technology-definition-examples-impact/,1,0,1,0,0,0,0,0
LEPSL,Email,/university-of-san-diego-adds-online-masters-in-law-enforcement-and-public-safety-leadership/,1,,1,,0,,0,
MSAAI,Organic Search,/admissions/how-to-apply/,1,,3,,0,,0,
Default - (not set),Referral,/blog/leadership-management/,1,,0,,0,,0,
MSAAI,Unknown - Keystone / ReadMoreSchoolWebsiteCTA,/masters-applied-artificial-intelligence/,1,-1,0,-3,0,0,0,0
MSLDT,Email,/instructional-design-courses/,1,,1,,0,,0,
Default - (not set),Email,/about/career-and-professional-resources/,1,,1,,0,,0,
Default - (not set),Paid Search,/admissions/international-students/,1,0,1,-2,0,0,0,0
MSAAI,Direct,.translate.goog/artificial-intelligence-salary-guide/,1,,1,,0,,0,
MSHA,Direct,/classes/foundations-peace-justice-and-social-change/,1,,1,,0,,0,
Default - (not set),Direct,/is-homework-necessary/,1,,1,,0,,0,
MED,Direct,/search/STEM/,1,,1,,0,,0,
MTS,Direct,/nonprofit-grant-databases/,1,,11,,0,,0,
MSITL,Paid Social,/resources/free-itl-program-brochure/,1,-2,1,-4,0,-1,0,-0.3333333333333333
MSLDT,Direct,/masters-learning-design-technology/lp/dyna/,1,0,0,0,0,0,0,0
MSAAI,Direct,/classes/data-analytics-and-internet-of-things-maai-530/,1,,1,,0,,0,
MTS,Direct,/masters-cyber-security-engineering/student-services/,1,,1,,0,,0,
MSITL,Direct,/masters-cyber-security-engineering/classes/,1,,3,,0,,0,
MSNNL,Paid Search,/admissions/how-to-apply/,1,,3,,0,,0,
Default - (not set),Organic Search,/blog/technology/,1,0,1,-2,0,0,0,0
Default - (not set),Organic Search,/faculty/michele-mcconnell/,1,0,1,0,0,0,0,0
MED,Direct,/education-inequity-and-homework/\,1,,4,,0,,0,
MESH,Direct,.translate.goog/sustainability-engineer-career/,1,,1,,0,,0,
MED,Direct,/7-tips-pursuing-masters-degree-working-full-time-education/,1,-2,1,-2,0,0,0,0
MSHA,Paid Search,/masters-humanitarian-action/lp/thank-you/,1,-2,1,-1,1,1,1,1
EML,Referral,/masters-cyber-security-engineering/,1,,0,,0,,0,
Default - (not set),Organic Search,/resources/msaai-artificial-intelligence-self-assessment/,1,-1,1,-2,0,0,0,0
Data Science,Organic Social,/resources/questions-to-ask-masters-data-science-checklist/,1,,1,,0,,0,
MSITL,Referral,/sports-analytics-careers/,1,,33,,0,,0,
Default - (not set),Direct,/ms-cyber-security-engineering/,1,,1,,0,,0,
MSAAI,Paid Search,/resources/msaai-on-campus-artificial-intelligence-self-assessment/,1,,1,,0,,0,
Informatics,Direct,/about/career-and-professional-resources/,1,,5,,0,,0,
Default - (not set),Paid Social,/quantitative-analyst-career/,1,,3,,0,,0,
Default - computer-science,Display,/masters-applied-data-science/lp/study-data-science/,1,,4,,1,,1,
MESH,Direct,/faculty/georgina-yeboah/,1,,1,,0,,0,
MED,Email,/resources/career-in-ai-webinar-thank-you/,1,,1,,0,,0,
CyberEng,Direct,/faculty/doug-magedman/,1,-1,1,-1,0,0,0,0
MSAAI,Unknown - zalo / zalo,/ai-impact-on-job-market/,1,,1,,0,,0,
CyberOps,Email,/cyber-security-statistics/,1,,2,,0,,0,
CyberOps,Email,/best-jobs-in-cyber-security/,1,,1,,0,,0,
MED,Direct,/student-profile-joshua-truax/,1,,1,,0,,0,
MSLDT,Direct,/instructional-design-cover-letter-guide/,1,-2,1,-2,0,0,0,0
Data Science,Direct,/data-science-vs-computer-science/,1,-1,1,-1,0,0,0,0
CyberEng,Direct,/cybersecurity-masters-degree-comparison/,1,,1,,0,,0,
"Default - engineering,healthcare,sustainability",Direct,/resources/meeting-the-planets-most-urgent-challenges/,1,0,1,0,0,0,0,0
MSITL,Direct,/ai-for-teachers/,1,,3,,0,,0,
MED,Organic Search,/top-22-med/,1,,1,,0,,0,
Informatics,Direct,/faculty/dorothy-ohagan/,1,,6,,0,,0,
MSITL,Organic Search,/masters-information-technology-leadership/classes/applied-ai-specialization/,1,,0,,0,,0,
"Default - computer-science,engineering,technology",Direct,/masters-cyber-security-operations/,1,0,5,2,1,0,1,0
Default - (not set),Direct,/coding-salary/,1,,2,,0,,0,
Data Science,Organic Search,/advisory-board/eric-colson/,1,0,1,0,0,0,0,0
MSNP,Organic Search,/student-support/ashleigh-zellmer/,1,,23,,0,,0,
LEPSL,Organic Search,/ambassador/daniel-hays/,1,,1,,0,,0,
Default - (not set),Organic Search,/classes/digital-forensics-incident-response/,1,,2,,0,,0,
MSLDT,Direct,/masters-learning-design-technology/lp/osu/,1,,1,,0,,0,
MTS,Direct,/blog/theology/,1,0,1,-1,0,0,0,0
MTS,AI Traffic,/philosophy-degree-jobs/,1,,1,,0,,0,
MSLDT,Paid Search,/health-informatics-job-description-explained/,1,,1,,0,,0,
MESH,Paid Search,/online-programs/,1,,5,,0,,0,
MTS,Paid Search,/master-of-theology-vs-divinity-vs-ministry-degrees/,1,-1,1,-1,0,0,0,0
Data Science,AI Traffic,/data-science-bootcamps/,1,,1,,0,,0,
Default - (not set),Direct,/masters-education/cybersecurity.sandiego.edu,1,,1,,0,,0,
MSITL,Direct,/resources/free-ms-aai-program-brochure/,1,,7,,0,,0,
"Default - engineering,sustainability",Referral,/usd-mesh-aashe-rating/,1,,1,,0,,0,
Informatics,Organic Search,/advisory-board/berkovich/,1,,1,,0,,0,
MED,Direct,/resources/webinar-teaching-race/,1,,1,,0,,0,
MSHA,Referral,/masters-humanitarian-action/classes/,1,,1,,0,,0,
Default - (not set),AI Traffic,/programs/,1,0,1,0,0,0,0,0
CyberOps,Direct,/faculty/william-hess/,1,,1,,0,,0,
Default - (not set),Direct,/search/Gradright/,1,,0,,0,,0,
MSNP,Direct,/classes/resource-development-and-philanthropy/,1,,1,,0,,0,
MSLDT,Paid Search,/addie-model-instructional-design/,1,,1,,0,,0,
Default - (not set),Direct,/vulnerability-and-penetration-testing/,1,,2,,0,,0,
CyberEng,Direct,/masters-cyber-security-engineering/let-us-pay-for-your-cse-program-application-fee/,1,-5,1,-4,0,0,0,0
Default - (not set),Direct,/student-support/katie-gonzales/,1,,1,,0,,0,
MSITL,Direct,/masters-degree-in-information-technology-worth-it/,1,,1,,0,,0,
MED,Organic Search,/teaching-digital-literacy-to-21st-century-students/,1,0,1,0,0,0,0,0
CyberOps,Organic Search,.translate.goog/women-cyber-security-reasons-to-enter-field/,1,,1,,0,,0,
Informatics,Direct,/search/faculty/,1,,1,,0,,0,
MED,Direct,/search/why+does+homework+cause+stress/,1,,1,,0,,0,
MTS,Direct,/masters-theological-studies/lp/mts-ppc/,1,,1,,0,,0,
MSITL,Organic Search,.translate.goog/what-is-devops/,1,,1,,0,,0,
CyberEng,Direct,/masters-cyber-security-engineering/lp/blackhat/,1,,1,,0,,0,
MSNNL,Organic Search,/online-programs/,1,,3,,0,,0,
MED,Organic Search,/tuition-financial-aid/,1,,3,,0,,0,
CyberOps,Organic Search,.translate.goog/10-reasons-to-get-your-masters-degree-in-cyber-security/,1,,2,,0,,0,
Informatics,Direct,/masters-health-informatics/lp/request-info/,1,0,1,0,0,0,0,0
Informatics,Direct,/classes/strategic-planning-management-health-systems/,1,,1,,0,,0,
MTS,Organic Search,/tuition-financial-aid/financial-aid/,1,,12,,0,,0,
MSHA,AI Traffic,/types-of-advocacy/,1,,1,,0,,0,
CyberEng,Organic Search,/masters-cyber-security-engineering/program-outcomes/,1,0,4,3,0,0,0,0
MSHA,Direct,.translate.goog/examples-of-social-change/,1,0,1,0,0,0,0,0
MSLDT,Paid Search,/resources/things-to-know-about-careers-in-instructional-design/,1,0,1,0,0,0,0,0
MSNP,Paid Social,/nonprofit-leadership/,1,,1,,0,,0,
Default - (not set),Direct,/education-inequailty,1,,1,,0,,0,
Informatics,Organic Search,.translate.goog/what-is-clinical-informatics/,1,-1,1,-1,0,0,0,0
MSNP,Direct,/faculty/laura-deitrick/,1,,8,,0,,0,
Informatics,Direct,/how-to-get-a-job-in-health-informatics/,1,-2,1,-2,0,0,0,0
MTS,Direct,/faculty/angela-zautcke/,1,,1,,0,,0,
Default - (not set),Referral,/master-cyber-security-engineering/lp/techtarget/,1,,1,,0,,0,
LEPSL,Organic Search,/admissions/how-to-apply/,1,,1,,0,,0,
MED,AI Traffic,/masters-in-special-education-careers/,1,,1,,0,,0,
MTS,Paid Search,/masters-learning-design-technology/lp/study-learning-design-technology/,1,,5,,0,,0,
MTS,Email,/masters-theological-studies/lp/ncr/,1,-1,1,-2,0,0,0,0
Default - (not set),Direct,/educarion-inequility-and-homework,1,,1,,0,,0,
CyberEng,Organic Search,/classes/introduction-to-cybersecurity-concepts-and-tools/,1,0,1,0,0,0,0,0
MSAAI,Organic Search,/cyber-security-internships/,1,,10,,1,,1,
MSLDT,Paid Search,/what-is-instructional-design-examples/,1,0,0,-1,0,0,0,0
Default - (not set),Organic Search,/ethical-hacker-career-salary-guide/,1,,3,,0,,0,
CyberEng,Organic Search,/masters-cyber-security-engineering/scholarships-and-grants/,1,,1,,0,,0,
Informatics,Direct,/masters-health-informatics/testimonials/,1,0,1,0,0,0,0,0
MSHA,Direct,/is-homework-necessary/](https:/onlinedegrees.sandiego.edu/is-homework-necessary/,1,,1,,0,,0,
MED,Direct,/faculty/elizabeth-ferguson/,1,,1,,0,,0,
MSNP,Referral,/,1,,3,,0,,0,
LEPSL,Referral,/online-programs/,1,,11,,0,,0,
LEPSL,Referral,/masters-law-enforcement-leadership/ambassadors/,1,0,1,0,0,0,0,0
MTS,Email,/theology-careers/,1,,1,,0,,0,
LEPSL,Organic Search,/faculty/jay-bishop/,1,0,3,2,0,0,0,0
MSAAI,Organic Search,/software-engineer-to-machine-learning-engineer/,1,0,1,0,0,0,0,0
MTS,Display,/masters-theological-studies/classes/,1,-1,1,-1,0,0,0,0
Default - (not set),Direct,/faculty/brad-palm/,1,,1,,0,,0,
LEPSL,Direct,/faculty/greg-morgan/,1,,1,,0,,0,
MSLDT,Organic Social,/ai-instructional-design/,1,-3,1,-3,0,0,0,0
MED,Direct,/search/+pros+and+cons+about+homework+for+kids+/,1,,1,,0,,0,
LEPSL,Email,/,1,,2,,0,,0,
MSNNL,Direct,-programs/,1,,3,,0,,0,
MSHA,Referral,/masters-humanitarian-action/lp/dyna/,1,,4,,1,,1,
MSAAI,Unknown - canva / iframely,/application-of-ai-in-robotics/,1,,1,,0,,0,
LEPSL,Unknown - fashion-valley-mall / ooh,/,1,,2,,0,,0,
MED,Organic Search,/top-online-education-programs/,1,-2,1,-4,0,0,0,0
MTS,Email,/masters-theological-studies/careers/,1,,2,,0,,0,
MED,Direct,.translate.goog/mental-health-issues-in-schools/,1,,1,,0,,0,
MED,Direct,/grants-for-masters-degree-in-teaching/,1,,1,,0,,0,
MSNNL,Direct,/masters-law-enforcement-leadership/lp/re=,1,,1,,0,,0,
Data Science,Direct,/masters-applied-data-science/faculty/,1,-1,2,1,0,0,0,0
Default - (not set),Direct,/education-inequilt-and-homework/,1,,1,,0,,0,
Default - (not set),Organic Search,/ who made this atricel /,1,,1,,0,,0,
MSNNL,Direct,/masters-law-enforcement-leadership/lp/r=,1,,1,,0,,0,
MSLDT,Organic Search,/ambassador/laurence-vogt-tetaz/,1,,1,,0,,0,
Default - (not set),Organic Social,/masters-applied-artificial-intelligence/��,1,,1,,0,,0,
Default - (not set),Direct,/cyber-security-salary-california/,1,,3,,0,,0,
MTS,Direct,/what-is-a-nurse-administrator/,1,,9,,0,,0,
MSNP,Direct,/resources/msnp-program-brochure/,1,,2,,0,,0,
MSNNL,Direct,/faculty/stacy-nilsen/,1,,1,,0,,0,
MSAAI,Direct,/masters-health-informatics/health-analytics-track/,1,,2,,0,,0,
MSNNL,Direct,/forms/msn-application-evaluation/,1,,1,,1,,1,
Default - (not set),Direct,/search/The+Impact+of+AI+on+the+Job+Market+and+Employment+Opportunities/page/1/,1,,1,,0,,0,
Data Science,Organic Search,/data-science-masters-degrees-comparison/,1,-1,1,-1,0,0,0,0
MSNNL,Direct,/programs/,1,,25,,0,,0,
MSAAI,Direct,/masters-health-informatics/apply/,1,,4,,0,,0,
MED,Paid Social,/,1,,2,,0,,0,
MSAAI,Direct,/programs/,1,-1,8,-5,0,0,0,0
MSLDT,Email,/masters-learning-design-technology/classes/,1,,1,,0,,0,
MSITL,Unknown - Data Not Available / Data Not Available,/resources/free-itl-program-brochure/,1,0,1,0,0,0,0,0
Default - (not set),Unknown - Data Not Available / Data Not Available,/online-programs/,1,,1,,0,,0,
MSLDT,AI Traffic,/instructional-designer-job/,1,0,1,0,0,0,0,0
MSITL,Direct,/masters-cyber-security-operations/apply/,1,0,4,3,0,0,0,0
MSITL,Unknown - Data Not Available / Data Not Available,/masters-information-technology-leadership/classes/,1,,1,,0,,0,
MTS,Direct,/masters-theological-studies/student-services-support-team/,1,,1,,0,,0,
LEPSL,Organic Search,/ambassador/steven-swetman/,1,-2,2,-2,0,0,0,0
MSLDT,Referral,/top-instructional-design-software/,1,-3,1,-2,0,0,0,0
MSHA,Direct,/classes/logistics-for-humanitarian-relief/,1,,1,,0,,0,
MESH,Direct,/faculty/chris-byrne/,1,,1,,0,,0,
MSNNL,Email,/masters-nursing-leadership/classes/,1,,1,,0,,0,
MSLDT,AI Traffic,/top-instructional-design-software/,1,,1,,0,,0,
Default - (not set),Direct,/bachelors-nursing,1,,1,,0,,0,
MSLDT,Direct,/masters-engineering-sustainability-health/let-us-pay-for-your-msesh-program-application-fee/,1,,10,,1,,1,
MED,Direct,/search/benefits+of+not+having+homework++/,1,,1,,0,,0,
Default - (not set),Organic Social,/bringing-a-product-to-market/,1,,1,,0,,0,
Informatics,Direct,/masters-health-informatics/lp/study-health-informatics-old-page/,1,,1,,0,,0,
MED,Direct,/best-podcasts-for-teachers/,1,-1,1,-1,0,0,0,0
MSAAI,Organic Search,/tuition-financial-aid/financial-aid/,1,,8,,0,,0,
CyberEng,Referral,/from-no-technical-experience-to-information-security-analyst-adrian-villegas-story/,1,,1,,0,,0,
LEPSL,Organic Search,/blog/leadership-management/,1,,3,,0,,0,
MED,Organic Search,/classes/teaching-digital-readers/,1,0,3,-4,0,0,0,0
Default - (not set),Paid Social,/tuition-financial-aid/financial-aid/,1,,1,,0,,0,
MSLDT,Organic Search,/resources/things-to-know-about-careers-in-instructional-design-thank-you/,1,,0,,0,,0,
Default - (not set),Organic Search,/student-support/lela-reagan/,1,,1,,0,,0,
CyberOps,Referral,/network-administrator-vs-systems-administrator/,1,,1,,0,,0,
MESH,AI Traffic,/blog-msph-vs-mph-degree-comparison/,1,,1,,0,,0,
Data Science,Organic Search,/faculty/erin-cooke/,1,-4,1,-6,0,0,0,0
Default - (not set),Unknown - Data Not Available / Data Not Available,/masters-engineering-management-leadership/lp/ppc/,1,,1,,1,,1,
Data Science,Organic Search,/faculty/sean-coyne/,1,,1,,0,,0,
CyberOps,Direct,/masters-cyber-security-operations/testimonials/,1,,1,,0,,0,
Default - (not set),AI Traffic,/classroom-management-strategies/,1,,2,,0,,0,
MED,Direct,/admissions/international-students/,1,-1,2,-3,0,0,0,0
Informatics,Referral,/what-is-health-care-analytics/,1,,1,,0,,0,
EML,Direct,/about/online-learning/course-experience/,1,-1,2,-3,0,0,0,0
Data Science,Organic Search,.translate.goog/data-science-careers/,1,,1,,0,,0,
MSLDT,Paid Social,/masters-learning-design-technology/classes/,1,,1,,0,,0,
LEPSL,Organic Search,/ambassador/laura-peck/,1,-2,1,-3,0,0,0,0
MSNP,Direct,/masters-nonprofit-leadership-management/lp/dyna/,1,-5,4,-57,0,0,0,0
MSAAI,Organic Search,/usd-launches-online-masters-degree-in-applied-artificial-intelligence/,1,,3,,0,,0,
MED,Direct,/search/Stealth+teaching/,1,,1,,0,,0,
MTS,Direct,/admissions/,1,0,14,11,0,0,0,0
MSLDT,AI Traffic,/instructional-design-interview-questions/,1,0,1,0,0,0,0,0
MED,Direct,/faculty/angelica-sleiman/,1,,1,,0,,0,
Default - (not set),Email,/campus-programs/,1,,1,,0,,0,
Informatics,Direct,/admissions/how-to-apply/,1,-1,2,-5,0,-1,0,-0.5
MSAAI,Direct,/imagining-healthcare-in-the-era-of-machine-learning-and-artificial-intelligence/,1,,8,,0,,0,
MED,Email,/masters-education/specializations/steam/,1,-1,0,-1,0,0,0,0
"Default - computer-science,leadership-management,technology",Direct,/resources/ms-innovation-technology-entrepreneurship-degree-admissions-event/,1,,1,,0,,0,
MSHA,Direct,/masters-health-informatics/apply/,1,,6,,0,,0,
Default - (not set),Direct,/employer-partnership/copenbarger-copenbarger/,1,,1,,0,,0,
CyberOps,Organic Search,/faculty/todd-raines/,1,,2,,0,,0,
Default - (not set),Direct,/how-to-start-career-cyber-security,1,,1,,0,,0,
LEPSL,Direct,/online-programs/,1,-2,3,-7,0,0,0,0
MTS,Direct,/masters-theological-studies/lp/ppc/thank-you/,1,-2,1,-2,1,-2,1,0
LEPSL,Direct,/ambassador/aaron-hollemon/,1,,1,,0,,0,
LEPSL,Organic Social,/women-in-law-enforcement/,1,-1,2,0,0,0,0,0
MSAAI,Direct,/faculty/dallin-munger/,1,,1,,0,,0,
MSHA,Direct,/resources/mesh-program-brochure/,1,,1,,0,,0,
MED,Direct,/professional-development-options-for-teachers-at-usd/,1,0,1,0,0,0,0,0
CyberEng,Organic Search,/become-a-computer-forensics-analyst/,1,-6,1,-7,0,0,0,0
Default - (not set),Direct,/faculty/eric-brubaker/,1,-1,1,-1,0,0,0,0
CyberOps,Direct,/why-cyber-security-is-a-great-career-option-for-military-veterans/,1,-3,1,-3,0,0,0,0
CyberOps,Direct,/information-security-analyst/,1,0,1,0,0,0,0,0
MSAAI,Direct,/ai-impact-on-pharma-4-0/,1,,3,,0,,0,
EML,Referral,/masters-engineering-management-leadership/let-us-pay-for-your-eml-program-application-fee/,1,-2,0,-1,0,0,0,0
MED,Organic Search,/faculty/jason-jimenez/,1,,1,,0,,0,
EML,Organic Search,/admissions/military-veterans/,1,,1,,0,,0,
Default - (not set),Direct,/education-inequity-and-homework/https:/,1,,5,,0,,0,
MSNP,Organic Search,/international-affairs-careers/,1,,2,,0,,0,
MSLDT,Direct,/offers/oed-leads/,1,,18,,0,,0,
MSNP,AI Traffic,/nonprofit-executive-director/,1,0,1,0,0,0,0,0
Informatics,Direct,/search/should+hw+be+optional/,1,,1,,0,,0,
MSAAI,Organic Search,/faculty/anna-marbut/,1,,1,,0,,0,
MSHA,Direct,/emails/MTS/Cal=,1,,1,,0,,0,
MESH,Organic Search,/student-spotlight-mahtaub-golab/,1,-2,1,-2,0,0,0,0
MSAAI,Direct,/classes/computational-roots-cyber-security/,1,,2,,0,,0,
EML,Direct,/masters-cyber-security-engineering/lp/cyber-security-engineering/,1,,8,,1,,1,
MSNP,AI Traffic,/nonprofit-fundraising-ideas/,1,-1,1,-2,0,0,0,0
Data Science,Organic Search,.translate.goog/sports-analytics-careers/,1,0,1,0,0,0,0,0
Data Science,Organic Search,.translate.goog/how-to-become-database-developer/,1,,1,,0,,0,
EML,Direct,.translate.goog/resources/from-engineer-to-leader/,1,,2,,0,,0,
MESH,Direct,/faculty/rodney-reynolds/,1,-1,1,-1,0,0,0,0
Default - (not set),Organic Search,/education-inequity-and-homework/\,1,-1,1,-1,0,0,0,0
LEPSL,Organic Search,/ambassador/raymond-garcia/,1,,1,,0,,0,
Default - (not set),Display,/masters-cyber-security-engineering/lp/cyber-security-engineering/,1,,5,,0,,0,
LEPSL,Organic Search,/ambassador/daniel-moss/,1,,1,,0,,0,
Default - (not set),Organic Search,/search/oreo/,1,,1,,0,,0,
Data Science,Referral,/masters-applied-data-science/lp/let-us-pay-for-your-msads-program-application-fee/,1,-2,0,-1,0,0,0,0
CyberOps,Referral,/cyber-security-scholarships/,1,0,1,0,0,0,0,0
LEPSL,Organic Search,/classes/public-safety-law/,1,,1,,0,,0,
LEPSL,Paid Search,/faq/,1,,2,,0,,0,
MSNNL,Organic Search,/masters-cyber-security-operations/,1,,5,,0,,0,
Default - (not set),Organic Search,/contact-us/,1,0,1,0,0,0,0,0
Data Science,Organic Search,.translate.goog/how-to-become-a-computer-scientist-salary-career-guide/,1,0,1,0,0,0,0,0
CyberEng,AI Traffic,/network-security-engineer/,1,,1,,0,,0,
Default - (not set),Email,/masters-cyber-security-engineering/scholarships-and-grants/,1,,2,,0,,0,
CyberOps,Direct,/become-a-computer-forensics-analyst/,1,,4,,0,,0,
MSLDT,Referral,/elearning-developer/,1,,1,,0,,0,
MSHA,Direct,/masters-engineering-sustainability-health/let-us-pay-for-your-msesh-program-application-fee/,1,,8,,0,,0,
MSLDT,Referral,/right-masters-in-instructional-design-and-technology/,1,0,1,0,0,0,0,0
MSNP,Direct,/admissions/,1,,6,,1,,1,
CyberOps,AI Traffic,/malware-analyst-career-guide/,1,,1,,0,,0,
LEPSL,Email,/ambassador/julie-rodriguez/,1,,1,,0,,0,
MSLDT,Email,/masters-learning-design-technology/testimonials/,1,,1,,0,,0,
CyberEng,Organic Social,/masters-cyber-security-engineering/classes/,1,,1,,0,,0,
MED,Direct,/search/AI/,1,,8,,0,,0,
MSNP,AI Traffic,/masters-nonprofit-leadership-management/lp/ppc/,1,,1,,0,,0,
MSAAI,AI Traffic,/artificial-intelligence-finance/,1,-3,3,-2,0,0,0,0
Informatics,Email,/masters-health-informatics/faculty/,1,0,1,-2,0,0,0,0
MTS,Organic Search,/finding-my-franciscan-voice-spotlight-on-denise-clare/,1,,1,,0,,0,
MSHA,Organic Search,/masters-humanitarian-action/faculty/,1,-4,3,-4,0,0,0,0
Default - (not set),Unknown - Facebook / cpc,/med/facebook/master-of-education/,1,,2,,0,,0,
MED,Organic Search,/search/Why+homework+does+more+harm+than+good/,1,,1,,0,,0,
MSNNL,Paid Search,/12-types-of-msn-degrees-how-to-choose-the-best-nursing-track/,1,-4,1,-13,0,0,0,0
Default - (not set),Organic Search,/about/online-learning/,1,0,1,0,0,0,0,0
CyberOps,Email,/blog/,1,0,0,-1,0,0,0,0
MSITL,Paid Search,/,1,-1,5,-12,0,0,0,0
MSNP,Direct,/masters-learning-design-technology/related-articles/,1,,4,,0,,0,
MED,Organic Search,/masters-education/careers/,1,0,0,-1,0,0,0,0
MSAAI,Email,/university-of-san-diego-launches-full-time-on-campus-masters-degree-programs-in-applied-artificial-intelligence-and-cyber-security-engineering/,1,,2,,0,,0,
MSLDT,Organic Search,.translate.goog/job-aid-examples-template/,1,,1,,0,,0,
MTS,Direct,/faculty/william-short/,1,,1,,0,,0,
MTS,Referral,/what-is-lay-ministry/,1,,1,,0,,0,
MSAAI,Direct,/masters-cyber-security-engineering/apply/,1,,3,,0,,0,
MSITL,Paid Search,/masters-information-technology-leadership/classes/cyber-security-pathway/,1,,1,,0,,0,
LEPSL,Direct,/campus-programs/,1,,8,,0,,0,
Data Science,Direct,/top-online-cloud-computing-courses/,1,,1,,0,,0,
Default - (not set),Paid Search,/campus-programs/,1,-1,1,-1,0,0,0,0
MSITL,Email,/masters-information-technology-leadership/apply/,1,,3,,0,,0,
Default - (not set),Organic Search,/entrepreneurship-degree-worth-it/,1,,1,,0,,0,
MSNP,Direct,/forms/msha-application-evaluation/,1,0,8,-3,0,-2,0,-2
CyberOps,Direct,/classes/csolappliedcryptography/,1,0,1,0,0,0,0,0
MED,Direct,.translate.goog/inclusive-education-strategies/,1,,1,,0,,0,
MSAAI,Organic Search,/search/article+about+hamwork/,1,,1,,0,,0,
MED,Organic Search,/resources/inside-look-med-webinar/,1,,1,,0,,0,
Data Science,Organic Search,/top-cyber-security-blogs-websites/,1,,2,,0,,0,
MSAAI,Direct,/masters-applied-data-science/lp/study-data-science/,1,,2,,0,,0,
MED,Direct,/student-spotlight-teacher-applies-m-ed-inspiration-to-her-work-in-the-classroom/,1,,1,,0,,0,
Informatics,Direct,/resources/health-informatics-careers-thank-you/,1,-2,1,-2,1,-2,1,0
MESH,Organic Search,.translate.goog/what-is-sustainable-development/,1,,1,,0,,0,
MTS,Direct,/artificial-intelligence-scholarships/,1,,5,,0,,0,
Default - (not set),Organic Search,/contact-us-thank-you/,1,,0,,0,,0,
Default - (not set),Direct,/masters-cyber-security-engineering/ ou evento da Embry-Riddle,1,,1,,0,,0,
LEPSL,Organic Search,/ambassador/melissa-klawuhn/,1,,1,,0,,0,
"Default - business-entrepreneurship,computer-science,engineering,technology",Organic Search,/masters-applied-data-science/classes/,1,,3,,1,,1,
MSHA,Paid Search,/theory-of-change/,1,,1,,0,,0,
MED,Direct,/search/psychology/,1,,1,,0,,0,
LEPSL,Direct,/resources/lepsl-program-webinar-thank-you/,1,0,1,0,0,0,0,0
Informatics,AI Traffic,/faculty/wendy-cole/,1,,1,,0,,0,
LEPSL,Organic Search,/law-enforcement-masters-fbinaa-alliance/,1,0,1,0,0,0,0,0
MSHA,Organic Search,/faculty/stephen-commins/,1,,1,,0,,0,
"Default - computer-science,engineering,technology",Unknown - facebook / social,/cyber-security/,1,,1,,0,,0,
LEPSL,AI Traffic,/masters-law-enforcement-leadership/scholarships-grants/,1,,1,,0,,0,
MSAAI,Organic Search,/masters-applied-artificial-intelligence/advisory-board/,1,0,0,-1,0,0,0,0
MESH,Organic Search,/faculty/susan-abookire/,1,0,1,-2,0,0,0,0
CyberOps,Organic Search,/is-a-cyber-security-engineering-degree-right-for-you/,1,-13,1,-15,0,0,0,0
LEPSL,Organic Search,/blog/humanitarian-nonprofit/,1,,14,,0,,0,
MTS,Organic Search,.translate.goog/what-is-ecospirituality/,1,,1,,0,,0,
Data Science,Organic Search,.translate.goog/data-warehouse-engineer/,1,,1,,0,,0,
Default - (not set),Organic Search,/lp/apply-now/,1,,1,,0,,0,
MTS,Organic Search,.translate.goog/incorporate-faith-in-career/,1,0,1,0,0,0,0,0
MSITL,Organic Search,/computer-science/,1,,5,,0,,0,
MSNNL,Paid Search,/nursing-leadership-roles/,1,0,1,0,0,0,0,0
MED,AI Traffic,/effective-educational-leadership/,1,0,2,1,0,0,0,0
Data Science,AI Traffic,/masters-applied-data-science/lp/study-data-science/,1,-1,2,-1,0,0,0,0
MSLDT,Organic Search,/ambassador/virginia-passamentt/,1,,12,,0,,0,
MSNP,Referral,/public-administration-careers/,1,0,1,0,0,0,0,0
LEPSL,Organic Search,/ambassador/ryan-rodriguez/,1,0,1,0,0,0,0,0
Informatics,Referral,/ai-healthcare/,1,0,1,0,0,0,0,0
Data Science,AI Traffic,/resources/msads-request-program-brochure/,1,,0,,0,,0,
MSLDT,AI Traffic,/top-instructional-design-skills/,1,,1,,0,,0,
MSNNL,Paid Search,/masters-learning-design-technology/lp/study-learning-design-technology/,1,,2,,0,,0,
MTS,Organic Search,/faculty/jeffrey-burns/,1,-4,1,-5,0,0,0,0
Default - (not set),Unknown - fashion-valley-mall / ooh,/technology/,1,,1,,0,,0,
MSLDT,Paid Search,/about/online-learning/,1,,7,,0,,0,
MSAAI,Referral,/employer-partnership/axos/,1,,5,,0,,0,
LEPSL,Email,/police-officer-wellness-programs/,1,-3,14,7,0,0,0,0
MSHA,Unknown - ihsa / social,/masters-humanitarian-action/apply/,1,,18,,0,,0,
MSLDT,Direct,/brain-based-learning/,1,,1,,0,,0,
MSNNL,AI Traffic,/nurse-leader-vs-nurse-manager/,1,,3,,0,,0,
CyberOps,Direct,/network-forensics/,1,0,1,0,0,0,0,0
LEPSL,Direct,/faculty/matthew-odeane/,1,-1,1,0,0,0,0,0
Informatics,Direct,/employer-partnership/,1,,4,,0,,0,
MSAAI,Email,/masters-applied-artificial-intelligence/classes/,1,-1,1,0,0,0,0,0
MSITL,AI Traffic,/enterprise-it-management-guide/,1,,1,,0,,0,
MED,Unknown - Data Not Available / Data Not Available,/resources/free-med-program-brochure-thank-you/,1,,0,,0,,0,
EML,Direct,/masters-applied-data-science/,1,-1,1,-6,0,0,0,0
LEPSL,Direct,/classes/conflict-resolution-decision-making/,1,,1,,0,,0,
LEPSL,Direct,/ambassador/antonio-cortina/,1,,2,,0,,0,
MESH,Direct,/masters-health-informatics/classes/,1,,4,,0,,0,
Default - (not set),Direct,/faculty/gary-takahashi/,1,,1,,0,,0,
MSLDT,Organic Social,/articulate-vs-captivate/,1,,4,,0,,0,
CyberOps,Organic Search,.translate.goog/cyber-security-specialist-career-guide/,1,0,1,0,0,0,0,0
MESH,Organic Search,/masters-engineering-sustainability-health/mesh-combined-degree/,1,-1,1,-3,0,0,0,0
LEPSL,Organic Search,/ambassador/jamison-maehler/,1,-4,2,-8,0,0,0,0
MED,Organic Search,/faculty/melanie-brown/,1,,1,,0,,0,
Default - engineering,Direct,/data-architect-career/,1,,8,,0,,0,
Default - (not set),Direct,/safeview-redirect/tc_frame.html,1,,2,,0,,0,
LEPSL,Organic Search,/masters-law-enforcement-leadership/transfer-credit/fbina/,1,-3,1,-4,0,0,0,0
MSITL,Direct,/business-intelligence-certifications/,1,,9,,0,,0,
Informatics,Organic Social,/faculty/juhi-israni/,1,,1,,0,,0,
Default - (not set),Organic Social,/technology/,1,,1,,0,,0,
MSAAI,Paid Search,/masters-cyber-security-engineering/lp/cyber-security-engineering/,1,-1,6,-3,1,1,1,1
LEPSL,Direct,/forms/lepsl-applicant/,1,-6,1,-11,0,0,0,0
MED,Organic Search,/search/benefits+of+homework/,1,,1,,0,,0,
Informatics,Paid Search,/nurse-leader-vs-nurse-manager/,1,,1,,0,,0,
MED,Direct,.translate.goog/best-masters-degrees-for-teachers/,1,0,1,0,0,0,0,0
MESH,Paid Search,/high-paying-environmental-jobs/,1,0,1,0,0,0,0,0
MSAAI,Paid Search,/masters-health-informatics/,1,,16,,0,,0,
Informatics,Paid Search,/search/Biostatistics+/,1,,4,,0,,0,
MSLDT,Organic Search,.translate.goog/what-is-learning-design/,1,,1,,0,,0,
CyberOps,Direct,er-security/,1,,3,,0,,0,
MED,AI Traffic,/steam-education-in-schools/,1,,1,,0,,0,
Default - (not set),Direct,/forms/csol-gar/,1,,1,,0,,0,
Informatics,Organic Search,/future-health-informatics/,1,,2,,0,,0,
MSAAI,AI Traffic,/ethics-in-ai/,1,-1,1,-1,0,0,0,0
MSITL,Organic Search,.translate.goog/information-technology-scholarships/,1,0,1,0,0,0,0,0
CyberOps,Unknown - EMAIL / USD CSOL 15Mar26 Masterclass OPM IDB Nurtur2,/masters-cyber-security-operations/,1,,1,,0,,0,
LEPSL,Organic Search,/faculty/todd-oneto/,1,-1,2,0,0,0,0,0
LEPSL,Email,/masters-law-enforcement-leadership/lp/law-enforcement/,1,0,1,-1,0,0,0,0
MSNP,Direct,/admissions/how-to-apply/,1,0,5,0,0,-1,0,-1
CyberOps,Organic Search,/healthcare-cyber-security/,1,0,1,0,0,0,0,0
Default - (not set),Organic Search,/student-support/the-soles-graduate-student-writing-center/,1,0,1,0,0,0,0,0
Default - (not set),Organic Search,.translate.goog/admissions/,1,,1,,0,,0,
MSNP,Direct,/faculty/kenneth-hurst/,1,,1,,0,,0,
MSAAI,Direct,/online-programs/,1,-2,6,-1,1,1,1,1
CyberOps,Direct,/is-a-cyber-security-engineering-degree-right-for-you/,1,-1,1,-1,0,0,0,0
MSNNL,Organic Search,/advisory-board/kassity-krich/,1,,1,,0,,0,
MSLDT,Direct,/sustainability-scholarships/,1,,4,,0,,0,
CyberOps,Organic Social,/10-reasons-to-get-your-masters-degree-in-cyber-security/,1,,1,,0,,0,
MESH,Direct,/masters-applied-data-science/classes/,1,,3,,0,,0,
MTS,Direct,.translate.goog/why-study-theology/,1,-2,1,-3,0,0,0,0
Default - (not set),Organic Search,/faculty/jerry-locke/,1,,1,,0,,0,
Informatics,AI Traffic,/what-skills-do-you-need-to-work-in-health-care-informatics/,1,-2,1,-2,0,0,0,0
Default - (not set),Organic Social,/masters-cyber-security-operations/,1,0,3,-2,0,-3,0,-3
MSLDT,AI Traffic,/articulate-vs-captivate/,1,,1,,0,,0,
Default - (not set),Direct,/entrepreneurship-degree-worth-it/,1,,1,,0,,0,
MSHA,Direct,/faculty/usd-msha-faculty/,1,,9,,0,,0,
MSNP,Paid Social,/masters-nonprofit-leadership-management/,1,-5,2,-4,0,0,0,0
EML,Direct,/employer-partnership/xsite/,1,,4,,0,,0,
CyberOps,Organic Search,/women-cyber-security-reasons-to-enter-field/,1,0,1,0,0,0,0,0
MSAAI,Referral,/admissions/international-students/,1,,2,,0,,0,
MSITL,Paid Search,/resources/free-msitl-program-brochure-thank-you/,1,-1,1,-1,1,-1,1,0
EML,Organic Search,.translate.goog/engineering-leadership/,1,,1,,0,,0,
Default - (not set),Referral,/blog/,1,,1,,0,,0,
MSAAI,Organic Search,/masters-applied-artificial-intelligence/student-services/,1,-2,1,-6,0,0,0,0
MED,Referral,/resources/inside-look-med-webinar/,1,,1,,0,,0,
Informatics,Organic Search,/masters-health-informatics/board-of-advisors/,1,,0,,0,,0,
MSLDT,Paid Search,/masters-learning-design-technology/apply/,1,0,1,0,0,0,0,0
MESH,Email,/masters-engineering-sustainability-health/mesh-combined-degree/,1,,1,,0,,0,
MTS,AI Traffic,/moral-theology/,1,0,1,0,0,0,0,0
MSAAI,Email,/resources/msaai-online-artificial-intelligence-self-assessment/,1,,1,,0,,0,
MTS,Direct,/masters-nursing-leadership/lp/ppc/,1,,10,,0,,0,
MSHA,Organic Search,/masters-engineering-sustainability-health/,1,,1,,0,,0,
MSAAI,Organic Search,/masters-education/,1,-1,2,-3,0,0,0,0
MSAAI,Unknown - linkedin-organic / social,/nlp-engineer-career/,1,,1,,0,,0,
MSAAI,Direct,.translate.goog/masters-applied-artificial-intelligence/,1,,1,,0,,0,
Default - (not set),Organic Search,/information-security-analyst/,1,,7,,0,,0,
MSLDT,Email,/instructional-design-vs-learning-experience-design/,1,,2,,0,,0,
Default - (not set),Display,/offers/oed-leads/,1,,1,,0,,0,
CyberEng,Referral,/network-forensics-tools/,1,0,1,0,0,0,0,0
MTS,Organic Search,/faculty/joe-lonergan/,1,,1,,0,,0,
MTS,Direct,/author/dr-darleen-pryds/,1,,2,,0,,0,
MED,Direct,/humanitarian-nonprofit/,1,,2,,0,,0,
Data Science,Direct,/data-science-masters-degrees-comparison/,1,0,1,0,0,0,0,0
LEPSL,Direct,/programs/,1,0,3,1,0,0,0,0
MSLDT,Direct,/instructional-design-certificate-vs-masters-degree/,1,0,1,0,0,0,0,0
Informatics,Direct,/advisory-board/rosales/,1,,1,,0,,0,
MSLDT,Direct,/instructional-design-masters-degree-worth-it/,1,-3,1,-4,0,0,0,0
MSAAI,Referral,/is-a-masters-in-data-science-worth-it/,1,,4,,0,,0,
LEPSL,AI Traffic,/masters-law-enforcement-leadership/classes/,1,,1,,0,,0,
"Default - engineering,sustainability",Organic Search,/usd-mesh-aashe-rating/,1,,1,,0,,0,
Default - (not set),Organic Search,/education-inequity-and-homework/ wikipedia,1,,1,,0,,0,
MESH,Direct,/student-spotlight-mahtaub-golab/,1,0,1,0,0,0,0,0
MED,Paid Search,/search/Spanish/,1,,1,,0,,0,
MSNNL,Paid Social,/masters-nursing-leadership/apply/,1,-3,1,-3,0,0,0,0
MSITL,Direct,/masters-applied-artificial-intelligence/,1,,13,,1,,1,
Informatics,Direct,.translate.goog/what-is-clinical-informatics/,1,,1,,0,,0,
Default - (not set),Organic Search,/blog/computer-science/,1,-2,0,-3,0,0,0,0
Default - (not set),Organic Search,/faculty/derek-swenningsen/,1,0,1,-1,0,0,0,0
MED,Referral,/masters-education/,1,-2,5,1,1,1,1,1
MSNNL,Direct,/resources/free-ms-ads-program-brochure-thank-you/,1,,12,,0,,0,
CyberEng,Direct,/masters-cyber-security-engineering/lp/smartbrief-display/,1,-1,0,-1,0,0,0,0
MSAAI,Direct,.translate.goog/artificial-intelligence-finance/,1,,1,,0,,0,
MED,Direct,/search/homwork+should+be+required/,1,,4,,0,,0,
EML,Email,/,1,,3,,0,,0,
MED,Email,/resources/inside-look-med-webinar/,1,0,2,0,1,1,1,1
MSAAI,Direct,/admissions/international-students/,1,-3,2,-11,0,0,0,0
MSAAI,Direct,/masters-applied-data-science/msads-combined-degree/,1,,1,,0,,0,
MESH,Paid Search,/sustainability-engineer-career/,1,,1,,0,,0,
LEPSL,Organic Search,/ambassador/julie-rodriguez/,1,0,1,0,0,0,0,0
MSNP,Paid Search,/masters-nonprofit-leadership-management/lp/thank-you/,1,-1,1,-1,1,-1,1,0
MTS,Direct,/franciscan-theology-reading-list/,1,0,1,0,0,0,0,0
Default - (not set),Organic Social,/transformational-leadership/,1,,1,,0,,0,
MTS,Display,/masters-theological-studies/apply/,1,0,1,0,0,0,0,0
Default - (not set),Organic Search,/top-cyber-security-blogs-websites/,1,,2,,0,,0,
LEPSL,Direct,/faculty/mickey-williams/,1,-2,1,-1,0,0,0,0
LEPSL,Paid Social,/masters-law-enforcement-leadership/,1,-1,1,-1,0,0,0,0
MSAAI,Organic Search,/tuition-financial-aid/tuition/,1,,7,,0,,0,
LEPSL,Organic Search,/masters-law-enforcement-leadership/transfer-credit/sherman-block-sli/,1,-4,1,-3,0,0,0,0
MSAAI,Organic Search,/imagining-healthcare-in-the-era-of-machine-learning-and-artificial-intelligence/,1,0,1,-1,0,0,0,0
MSAAI,Direct,/classes/probability-and-statistics-for-artificial-intelligence-maai-500/,1,0,1,0,0,0,0,0
Data Science,Organic Search,/data-science-vs-computer-science/,1,,1,,0,,0,
CyberEng,Email,/masters-cyber-security-engineering/faculty/,1,,1,,0,,0,
MSAAI,Direct,/employer-partnership/,1,-3,5,-9,0,0,0,0
LEPSL,Organic Search,/ambassador/holly-martinez/,1,0,1,-2,0,0,0,0
MSNP,Direct,/melissa-villagomez-empowering-others-through-nonprofit-leadership/,1,,1,,0,,0,
MED,Organic Search,/faculty/rucheeta-kulkarni/,1,,1,,0,,0,
LEPSL,AI Traffic,/ai-in-law-enforcement/,1,,2,,0,,0,
Default - (not set),Organic Search,/blue-leadership-podcast/captain-jolie-macias-tactical-training-and-swat-leadership/,1,-1,1,-1,0,0,0,0
LEPSL,Direct,/faculty/nuno-tavares/,1,,1,,0,,0,
MESH,Direct,/faculty/jessica-mikels/,1,,1,,0,,0,
MSLDT,Direct,/search/curriculum/,1,,1,,0,,0,
MSNNL,Direct,/how-to-get-a-job-in-health-informatics/,1,,9,,0,,0,
MED,Paid Search,/masters-education/scholarships-and-grants/,1,,1,,0,,0,
MSITL,Direct,/search/Information+Assurance+vs.+Cybersecurity:+Roles+Explained/,1,,1,,0,,0,
Default - (not set),Direct,/blog/leadership-management/,1,-2,1,-2,0,0,0,0
Default - (not set),Direct,/data-science-bootcamp-vs-masters-degree/#:~:text=As%20noted%20by%20Forbes%2C%20these,1,,1,,0,,0,
MSNP,Organic Search,/programs/,1,-1,2,-11,0,0,0,0
MSAAI,Paid Search,/resources/8-questions-artificial-intelligence-masters-ebook/,1,,1,,1,,1,
MSAAI,Referral,/artificial-intelligence-engineer-career/,1,,1,,0,,0,
Default - (not set),Direct,n-financial-aid/,1,,0,,0,,0,
MED,Paid Social,/masters-education/,1,-2,1,-2,0,0,0,0
CyberEng,Organic Search,/masters-cyber-security-engineering/lp/combined-degree/,1,,1,,0,,0,
MSLDT,Direct,/masters-law-enforcement-leadership/ambassadors/,1,,16,,0,,0,
MED,Organic Search,/faculty/juanita-campbell-rodriguez/,1,,2,,0,,0,
MSITL,AI Traffic,/it-organizational-structure/,1,-1,1,-1,0,0,0,0
MSAAI,AI Traffic,/most-searched-for-ai-jobs/,1,,1,,0,,0,
MED,Direct,/11-learning-and-teaching-resources/,1,,1,,0,,0,
Informatics,Direct,/classes/systems-analysis-design-health-care-informatics/,1,,1,,0,,0,
MSHA,Direct,.translate.goog/faculty/usd-msha-faculty/,1,,4,,0,,0,
MTS,Direct,/classes/history-unity-diversity-change-over-time/,1,,1,,0,,0,
EML,Direct,/masters-cyber-security-operations/classes/,1,,1,,0,,0,
MESH,AI Traffic,/what-is-sustainable-development/,1,0,1,0,0,0,0,0
MSAAI,Organic Search,/about/state-authorization-status/,1,,2,,0,,0,
Default - (not set),Direct,/michael-manriquez-msn/,1,,1,,0,,0,
Default - (not set),Direct,/mba-vs-emba-8-key-differences-comparison-table/#:~:text=Cost%20%E2%80%93%20This%20is%20fully%20dependent,1,,1,,0,,0,
MED,Organic Search,.translate.goog/teacher-salaries-analysis/,1,,1,,0,,0,
MSAAI,Organic Search,/faculty/mark-christenson/,1,,1,,0,,0,
Default - (not set),Direct,/employer-partnership/red-door-interactive/,1,,1,,0,,0,
MED,Direct,/search/how+can+homework+caue+stress/,1,,2,,0,,0,
Default - (not set),Organic Search,/student-support/copley-library/,1,0,1,0,0,0,0,0
MSNP,Referral,/resources/online-masters-degree-evaluation-guide/msn-nl-thanks/,1,,3,,0,,0,
MED,Referral,/masters-cyber-security-engineering/lp/cyber-security-engineering/,1,,5,,0,,0,
MSNNL,Direct,/online-programs/,1,0,3,0,0,0,0,0
MSAAI,Referral,/machine-learning-engineer-career/,1,,1,,0,,0,
MSAAI,Referral,/online-programs/,1,,5,,0,,0,
MSNP,Display,/public-administration-careers/,1,,0,,0,,0,
MSAAI,Display,/masters-applied-artificial-intelligence/classes/,1,0,7,6,2,2,2,2
MED,Organic Search,/search/Homework%2Bbanned%2Bresons/,1,,1,,0,,0,
Data Science,Direct,/classes/data-science-programming/,1,,3,,0,,0,
MESH,Organic Social,/sustainability-degree-options/,1,-2,1,-2,0,0,0,0
MSAAI,AI Traffic,/machine-learning-bootcamps/,1,,1,,0,,0,
MSHA,Organic Search,/jobs-that-make-difference/,1,,2,,0,,0,
Informatics,Direct,/advisory-board/ohagan/,1,-1,2,0,0,0,0,0
Data Science,Direct,/data-science-tools-of-the-trade-r-vs-python-2/,1,-1,1,-1,0,0,0,0
MTS,AI Traffic,/serving-god/,1,-1,1,-1,0,0,0,0
"Default - computer-science,engineering,technology",Direct,/top-cyber-security-threats/,1,,8,,0,,0,
Default - (not set),AI Traffic,/student-support/disability-and-learning-difference-resource-center-dldrc/,1,,2,,0,,0,
MED,Direct,.translate.goog/education-specialist/,1,0,1,0,0,0,0,0
MTS,Organic Search,/faculty/patty-jimenez/,1,0,3,2,0,0,0,0
Informatics,Direct,/advisory-board/kuelbs/,1,,0,,0,,0,
MSHA,Organic Search,/cyber-security-salary-california/,1,,4,,0,,0,
MTS,AI Traffic,/theology-of-retirement/,1,-1,2,1,0,0,0,0
CyberOps,Unknown - Data Not Available / Data Not Available,/masters-cyber-security-operations/apply/,1,,1,,0,,0,
EML,Direct,/masters-cyber-security-operations/,1,-1,6,1,0,0,0,0
MSHA,Referral,/top-humanitarian-degrees/,1,,1,,0,,0,
Default - (not set),Paid Search,/blog/sustainability/,1,,0,,0,,0,
MSHA,Email,/masters-humanitarian-action/student-services/,1,,0,,0,,0,
Default - (not set),AI Traffic,/admissions/military-veterans/,1,,2,,0,,0,
EML,Referral,/tuition-financial-aid/financial-aid/,1,,3,,0,,0,
Default - (not set),Paid Social,/admissions/how-to-apply/,1,,1,,0,,0,
MTS,Unknown - Data Not Available / Data Not Available,/masters-theological-studies/apply/,1,0,1,0,0,0,0,0
LEPSL,Organic Search,/ambassador/brian-george/,1,0,1,0,0,0,0,0
MSLDT,Email,/masters-learning-design-technology/related-articles/,1,,1,,0,,0,
MSNP,AI Traffic,/how-to-write-grant-proposals/,1,,1,,0,,0,
CyberEng,Direct,/student-support/academic-director/,1,,1,,0,,0,
MSNNL,Direct,/masters-in-nursing-worth-it/,1,-1,1,-1,0,0,0,0
MSLDT,Direct,/top-ranked-law-enforcement-masters-degree/,1,,4,,0,,0,
LEPSL,Organic Search,/ambassador/randy-moody/,1,0,1,0,0,0,0,0
MTS,Organic Search,.translate.goog/how-to-become-a-spiritual-director/,1,,1,,0,,0,
MED,Organic Search,/search/homework/,1,,1,,0,,0,
MED,Direct,/masters-learning-design-technology/app-waiver/,1,,1,,1,,1,
CyberOps,Referral,/faculty/michelle-moore/,1,0,1,0,0,0,0,0
MSLDT,Paid Search,/instructional-design-careers/,1,-4,1,-6,0,0,0,0
MESH,Direct,/resources/mesh-info-session-webinar-registration/,1,,1,,0,,0,
LEPSL,Direct,/bachelors-nursing/,1,,4,,0,,0,
Default - (not set),Display,/online-programs/,1,,1,,0,,0,
Default - (not set),Direct,/emails/=,1,,1,,0,,0,
MED,Organic Search,/online-teaching-strategies/,1,-3,1,-3,0,0,0,0
CyberOps,Direct,/ca-paving-way-cyber-security-policy-ed-and-more/,1,,1,,0,,0,
Default - (not set),Direct,/cooperative-learning-strategies/Main,1,,2,,0,,0,
MED,Organic Search,/teaching-stem/,1,,4,,0,,0,
MSNNL,Email,/resources/nurse-leader-career-paths-opportunities/,1,,1,,0,,0,
"Default - computer-science,engineering,technology",Organic Search,/top-paying-cybersecurity-jobs/,1,,3,,1,,1,
MSLDT,Direct,.translate.goog/what-is-instructional-design-examples/,1,,1,,0,,0,
EML,Organic Search,.translate.goog/lead-engineer-career/,1,,1,,0,,0,
MSNP,Organic Search,/social-impact-careers/,1,-2,1,-1,0,0,0,0
MSNP,AI Traffic,/volunteer-management/,1,-2,1,-1,0,0,0,0
MSITL,Direct,/resources/ms-itl-info-session-webinar-registration/,1,,1,,0,,0,
MSLDT,Organic Search,.translate.goog/ai-instructional-design/,1,0,3,2,0,0,0,0
Default - (not set),Organic Search,/forms/ldt-applicant/,1,,0,,0,,0,
Default - (not set),Direct,/resources/why-every-aspiring-startup-entrepreneur-tech-exec-needs-to-know-about-connectivity/,1,0,1,-5,0,0,0,0
Informatics,Organic Search,/forms/ldt-applicant/,1,,1,,0,,0,
MSITL,Organic Search,.translate.goog/information-systems-vs-information-technology/,1,,1,,0,,0,
MED,Unknown - Data Not Available / Data Not Available,/,1,,5,,0,,0,
MED,Organic Search,/faculty/elizabeth-ferguson/,1,,1,,0,,0,
MSNP,Unknown - ihsa / social,/masters-humanitarian-action/,1,,3,,0,,0,
Default - (not set),Email,/technology/,1,,1,,0,,0,
CyberOps,Organic Search,/network-forensics-tools/,1,,3,,0,,0,
LEPSL,Direct,-captain-promotion-guide/,1,,4,,0,,0,
MSNNL,Organic Search,/advisory-board/albert-wang/,1,,21,,0,,0,
MSHA,Direct,/humanitarian-corridor/,1,0,1,0,0,0,0,0
MSNNL,Direct,/faculty/jannise-baclig/,1,0,2,0,0,0,0,0
MSNNL,Organic Search,/masters-nursing-leadership/faculty/,1,,0,,0,,0,
Data Science,Unknown - facebook / social,/masters-applied-data-science/lp/study-data-science/,1,,1,,0,,0,
MSITL,Referral,/classes/probability-and-statistics-for-artificial-intelligence-maai-500/,1,,11,,0,,0,
MSAAI,Organic Search,/advisory-board/vitor-carvalho/,1,-1,5,-7,0,0,0,0
MSAAI,Direct,/faculty/isabella-oakes/,1,,2,,0,,0,
MSITL,Direct,/search/Probability+sampling+/,1,,1,,0,,0,
MSHA,Direct,/search/Sponsors/,1,,1,,0,,0,
MSLDT,Direct,/masters-law-enforcement-leadership/,1,0,0,-5,0,0,0,0
MSNNL,Organic Search,.translate.goog/what-is-a-nurse-administrator/,1,-3,1,-4,0,0,0,0
MSLDT,Organic Social,/masters-learning-design-technology/apply/,1,,1,,0,,0,
Default - (not set),Direct,/search/Sponsors/page/1/,1,,1,,0,,0,
Default - (not set),Direct,/search/Funding%E2%80%99/page/1/,1,,1,,0,,0,
MTS,Email,/what-is-lay-ministry/,1,,1,,0,,0,
MSAAI,Direct,/tuition-financial-aid/,1,-1,9,0,0,-1,0,-0.5
MTS,Email,/online-mts-benefits/,1,,1,,0,,0,
Informatics,Paid Social,/data-science-vs-software-engineering/,1,,1,,0,,0,
LEPSL,Direct,/faculty/mike-loarie/,1,,1,,0,,0,
MED,Organic Search,/search/why+should+we+not+have+homework/,1,,1,,0,,0,
Data Science,Paid Social,/resources/free-ms-ads-program-brochure-thank-you/,1,,1,,0,,0,
Default - (not set),Direct,/tesol-certificate,1,,6,,0,,0,
LEPSL,Email,/ai-in-law-enforcement/,1,,1,,0,,0,
LEPSL,Organic Search,/faculty/jeffrey-jordon/,1,0,1,0,0,0,0,0
Default - (not set),Direct,/search/business+administration/,1,,1,,0,,0,
LEPSL,Organic Search,/faculty/gary-morrison/,1,,1,,0,,0,
Default - (not set),Organic Search,/offers/oed-leads/,1,,2,,0,,0,
MSAAI,Paid Social,/masters-engineering-management-leadership/lp/ppc/,1,-1,10,-3,0,-1,0,-0.5
MSNNL,Organic Search,/faculty/polly-king/,1,,4,,0,,0,
Informatics,Direct,/top-100-cybersecurity-companies/,1,,2,,0,,0,
MSITL,Organic Search,/online-programs/,1,,2,,0,,0,
MTS,Referral,/faith-formation/,1,,1,,0,,0,
EML,Referral,/engineering-manager-vs-tech-lead/,1,,1,,0,,0,
Default - (not set),Organic Search,/search/pain/,1,,1,,0,,0,
MED,Unknown - facebook / social,/what-is-an-med-degree-explained/,1,,2,,0,,0,
MSLDT,Paid Search,/ai-instructional-design/,1,,2,,0,,0,
MSAAI,Paid Search,/masters-cyber-security-operations/lp/bva-cyber-security-operations-leadership/,1,0,2,-7,0,0,0,0
"Default - business-entrepreneurship,computer-science,technology",Referral,/ai-for-teachers/,1,0,1,0,0,0,0,0
MED,Paid Search,/classes/master-education-orientation/,1,,1,,0,,0,
EML,Paid Search,/,1,-1,8,1,0,0,0,0
MTS,Email,/masters-cyber-security-engineering/,1,,21,,1,,1,
Default - (not set),Email,/events/,1,,1,,0,,0,
MTS,Direct,-captain-promotion-guide/,1,,4,,0,,0,
MSNNL,AI Traffic,/masters-nursing-leadership/apply/,1,,1,,0,,0,
MTS,Email,/masters-theological-studies/faculty/,1,0,3,2,0,0,0,0
MSHA,Paid Search,/masters-humanitarian-action/app-waiver/,1,-2,0,-4,0,-1,0,-0.3333333333333333
CyberEng,Direct,/search/Where+are+the+best+cities+to+work+for+Cyber+security,1,,1,,0,,0,
MED,Direct,/beginning-the-new-year-successfully/,1,0,1,0,0,0,0,0
Default - (not set),Direct,/search/freetime/,1,,1,,0,,0,
Default - (not set),Organic Search,/malware-analyst-career-guide/,1,,3,,0,,0,
Default - (not set),Display,/masters-cyber-security-engineering/lp/smartbrief-display/,1,0,6,-5,0,-3,0,-3
Default - (not set),Direct,/student-support/graduate-student-life/,1,,1,,0,,0,
MED,Organic Search,/search/Homework+is+good+/,1,,1,,0,,0,
MSNP,Organic Search,/resources/nonprofit-career-landscape-webinar/,1,,1,,0,,0,
CyberOps,Organic Search,/15-must-read-cyber-security-facts-figures-for-2019/,1,,1,,0,,0,
MSNNL,Display,/director-of-nursing-career-guide/,1,-15,4,-11,0,0,0,0
Informatics,Direct,/masters-health-informatics/board-of-advisors/,1,-1,1,0,0,0,0,0
MSAAI,Direct,/forms/,1,0,3,-2,0,0,0,0
MED,Organic Search,/search/why+homework+is+good/,1,,1,,0,,0,
LEPSL,Direct,/masters-law-enforcement-leadership/transfer-credit/fbina/,1,-1,1,-6,0,0,0,0
MTS,Referral,/faculty/patty-jimenez/,1,,1,,0,,0,
MED,Organic Search,/student-spotlight-teacher-applies-m-ed-inspiration-to-her-work-in-the-classroom/,1,0,1,0,0,0,0,0
Data Science,Referral,/sports-analytics-careers/,1,0,1,0,0,0,0,0
MTS,Referral,/blog/theology/,1,,1,,0,,0,
MED,Direct,/search/how+many+people+get+stresst+by+homework/,1,,1,,0,,0,
LEPSL,Organic Search,/search/reducing+stress/,1,,1,,0,,0,
Informatics,Paid Social,/bachelors-nursing/,1,,1,,0,,0,
MTS,Referral,/faculty/johannes-freyer/,1,,1,,0,,0,
MSAAI,Organic Search,/search/AAI+flyer/,1,,2,,0,,0,
CyberEng,Referral,/masters-cyber-security-engineering/lp/techtarget/,1,,1,,0,,0,
LEPSL,Organic Search,/ambassador/geoffrey-decesari/,1,,1,,0,,0,
CyberOps,Referral,/cybersecurity-analyst-career-guide/,1,,2,,0,,0,
MTS,Referral,/faculty/keith-warner/,1,,1,,0,,0,
LEPSL,AI Traffic,/police-management-training/,1,,1,,0,,0,
MSNP,Organic Search,/nonprofit-management-mba/,1,,1,,0,,0,
MSITL,Direct,/search/operating+systems/,1,,1,,0,,0,
MESH,Organic Search,/search/how+many+years+of+school+to+become+an+environmental+engineer/,1,,1,,0,,0,
Data Science,Direct,/are-coding-bootcamps-worth-it/,1,,1,,0,,0,
MED,Referral,/admissions/how-to-apply/,1,,5,,0,,0,
MSNP,Organic Search,/melissa-villagomez-empowering-others-through-nonprofit-leadership/,1,,1,,0,,0,
MSLDT,Referral,/masters-learning-design-technology/apply/,1,,1,,0,,0,
MSAAI,Organic Search,/faculty/mirsardar-esmaeili/,1,,4,,0,,0,
LEPSL,Organic Social,/masters-law-enforcement-leadership/lp/law-enforcement/,1,,1,,0,,0,
Default - (not set),Unknown - fashion-valley-mall / ooh,/admissions/international-students/,1,,1,,0,,0,
"Default - business-entrepreneurship,computer-science,engineering,technology",Paid Search,/masters-applied-data-science/,1,,6,,2,,2,
Default - (not set),Paid Social,/about/,1,,1,,0,,0,
LEPSL,Organic Search,.translate.goog/police-communication-important-today/,1,-2,1,-2,0,0,0,0
MTS,Referral,/serving-god/,1,,1,,0,,0,
CyberEng,Referral,/network-security-solutions/,1,0,1,0,0,0,0,0
Default - (not set),Unknown - linkedin / social,/masters-cyber-security-engineering/,1,,3,,0,,0,
Informatics,Paid Social,/,1,,3,,0,,0,
Data Science,Organic Search,.translate.goog/data-science-vs-software-engineering/,1,,1,,0,,0,
LEPSL,Direct,/top-ranked-law-enforcement-masters-degree/,1,0,1,-1,0,0,0,0
MED,Direct,/resources/inside-look-med-webinar/,1,0,1,0,0,0,0,0
Informatics,Paid Search,/do-you-need-health-informatics-certification/,1,0,1,0,0,0,0,0
CyberOps,Direct,/masters-cyber-security-engineering/classes/,1,,3,,1,,1,
MED,Direct,/teaching-digital-literacy-to-21st-century-students/,1,,1,,0,,0,
LEPSL,Organic Search,/faculty/carmelin-rivera/,1,,2,,0,,0,
MSNP,Organic Social,/public-administration-careers/,1,0,1,0,0,0,0,0
CyberOps,Paid Search,/cyber-security-scholarships/,1,0,1,-1,0,0,0,0
LEPSL,AI Traffic,/masters-law-enforcement-leadership/lp/lasdu/,1,,1,,0,,0,
MSITL,AI Traffic,/masters-information-technology-leadership/,1,,5,,0,,0,
Default - (not set),Referral,/employer-partnership/eset/,1,,2,,0,,0,
MSNP,Organic Social,/nonprofit-leadership/,1,,1,,0,,0,
MSNNL,Direct,/it-job-titles/,1,,6,,1,,1,
CyberOps,Organic Search,/classes/foundations-of-cyber-security/,1,,1,,0,,0,
Data Science,Organic Search,.translate.goog/best-degrees-data-science/,1,,1,,0,,0,
MSHA,Paid Search,/masters-law-enforcement-leadership/lp/law-enforcement/,1,,8,,0,,0,
MSNP,Email,/masters-nonprofit-leadership-management/classes/,1,-2,1,-4,0,0,0,0
CyberOps,Direct,/cyber-security-risk-management/,1,,1,,0,,0,
MED,Paid Search,/education/,1,,0,,0,,0,
MSLDT,Paid Search,/masters-engineering-management-leadership/lp/ppc/,1,0,6,-1,0,0,0,0
MTS,Direct,/resources/mts-coffee-with-advisor/,1,,1,,0,,0,
MTS,Direct,/masters-engineering-management-leadership/apply/,1,,2,,0,,0,
MSHA,Direct,/ethical-hacker-career-salary-guide/,1,,11,,0,,0,
Default - (not set),Direct,/programs/master-of-science-in-cyber-security-engineering,1,,1,,0,,0,
Data Science,Organic Search,/what-is-data-science/,1,-6,1,-6,0,0,0,0
MSAAI,Direct,/top-cyber-security-blogs-websites/,1,,3,,0,,0,
MSLDT,Organic Search,/education-inequity-and-homework/,1,0,3,-6,0,0,0,0
MESH,Direct,/education/,1,,7,,0,,0,
MSNNL,AI Traffic,/masters-nursing-leadership/classes/,1,,1,,0,,0,
LEPSL,Direct,/faculty/darrin-t-grondel/,1,,1,,0,,0,
MSLDT,Referral,/articulate-vs-captivate/,1,0,1,0,0,0,0,0
MED,Email,/resources/free-med-program-brochure-thank-you/,1,,1,,0,,0,
Default - (not set),Direct,/search/trueed/,1,,1,,0,,0,
CyberOps,Direct,/resources/top-paying-cybersecurity-jobs-thank-you/,1,,1,,1,,1,
MSAAI,Direct,/about/,1,0,2,0,0,0,0,0
MSHA,Direct,/masters-humanitarian-action/lp/humanitarian-action/,1,-6,1,-4,0,0,0,0
Default - (not set),Organic Search,/gmat-exam-questions-answered/,1,0,1,-1,0,0,0,0
Data Science,Organic Search,/classes/capstone-project/,1,,1,,0,,0,
MTS,Organic Search,/masters-theological-studies/lp/dyna/,1,,1,,0,,0,
Informatics,Organic Search,/faculty/barbara-berkovich/,1,0,2,2,0,0,0,0
MESH,Direct,/faculty/josephine-nabukenya/,1,,1,,0,,0,
CyberEng,Organic Search,/classes/security-test-engineering/,1,,1,,0,,0,
CyberOps,AI Traffic,/information-assurance-vs-cybersecurity/,1,,1,,0,,0,
Default - (not set),Direct,/usd-enrollment-process-in-6-steps/,1,,1,,0,,0,
CyberOps,Organic Search,/faculty/william-hess/,1,-1,1,-2,0,0,0,0
LEPSL,Direct,/masters-law-enforcement-leadership/lp/criminology/,1,-2,1,-1,0,0,0,0
MSAAI,Direct,/masters-applied-data-science/faculty/,1,,2,,0,,0,
LEPSL,Direct,/resources/law-enforcement-careers-ebook-thank-you/,1,0,1,0,1,0,1,0
MSHA,Referral,/tuition-financial-aid/tuition/,1,0,2,2,0,0,0,0
CyberOps,Organic Search,/faculty/donald-beidermann/,1,-1,1,-6,0,0,0,0
MESH,Organic Search,/resources/mesh-information-session-webinar/,1,0,1,0,0,0,0,0
MSHA,Organic Search,/advisory-board/patterson/,1,,1,,0,,0,
MSITL,Direct,/masters-cyber-security-operations/,1,0,10,2,0,0,0,0
LEPSL,Organic Search,/faculty/kristine-allison/,1,,1,,0,,0,
CyberOps,Organic Search,.translate.goog/how-to-become-a-security-consultant-career-guide/,1,0,1,0,0,0,0,0
MSITL,Organic Search,/university-of-san-diegos-ms-in-applied-artificial-intelligence-launching-new-course-agentic-ai-systems-in-summer-2026/,1,,7,,0,,0,
MSLDT,Paid Search,/masters-health-informatics/classes/,1,0,3,-4,0,0,0,0
EML,Organic Search,.translate.goog/engineering-scholarships/,1,,1,,0,,0,
Data Science,Referral,/masters-applied-data-science/faculty/,1,,1,,0,,0,
CyberOps,Organic Search,/information-security-analyst/,1,,1,,0,,0,
MED,Organic Search,/faculty-spotlight-dr-swett/,1,,1,,0,,0,
LEPSL,Organic Search,/ambassador/samuel-gonzalez/,1,-1,2,0,0,0,0,0
Default - (not set),Organic Search,/cyber-security-statistics/,1,,11,,0,,0,
MESH,Paid Search,/masters-engineering-management-leadership/curriculum/,1,,8,,1,,1,
LEPSL,Organic Search,/faculty/nuno-tavares/,1,0,1,0,0,0,0,0
MED,Organic Search,/student-spotlight-chantell-robinson/,1,0,1,0,0,0,0,0
Data Science,AI Traffic,/storytelling-with-data-part-1/,1,,1,,0,,0,
MTS,Paid Search,/programs/,1,,1,,0,,0,
Informatics,Organic Social,/education/,1,,1,,0,,0,
Default - (not set),AI Traffic,/resources/msaai-artificial-intelligence-self-assessment/,1,,1,,0,,0,
MSITL,Organic Social,/it-organizational-structure/,1,,1,,0,,0,
"Default - business-entrepreneurship,computer-science,engineering,technology",Paid Search,/resources/msads-request-program-brochure/,1,,0,,0,,0,
MSHA,Paid Search,/,1,-4,2,-23,0,-1,0,-0.2
MSAAI,Organic Search,/top-artificial-intelligence-companies-startups/,1,-9,1,-9,0,0,0,0
EML,Organic Social,/future-engineering-trends/,1,0,1,0,0,0,0,0
Data Science,Referral,/etl-developer-career/,1,,1,,0,,0,
Default - (not set),Organic Social,/is-homework-necessary/,1,,2,,0,,0,
MSNNL,Referral,/nursing-leadership-roles/,1,,1,,0,,0,
MSLDT,Direct,/blog/innovation-technology-and-entrepreneurship/page/2/,1,,1,,0,,0,
MSAAI,Paid Search,/artificial-intelligence-education/,1,-4,1,-2,0,0,0,0
MESH,Affiliate,/masters-engineering-sustainability-health/lp/dyna/,1,-1,1,-1,0,0,0,0
Default - (not set),Organic Search,/business-intelligence-certifications/,1,,3,,0,,0,
MSAAI,Paid Social,/masters-health-informatics/lp/health-informatics-for-nurses/,1,,5,,0,,0,
MESH,AI Traffic,/environmental-policy-analyst-career/,1,,3,,0,,0,
MSITL,Referral,/it-job-titles/,1,-2,1,-1,0,0,0,0
Default - (not set),Organic Social,/programs/,1,,1,,0,,0,
CyberOps,Direct,/how-to-pick-best-online-cyber-security-program/,1,-1,1,-1,0,0,0,0
MSLDT,Direct,/programs/,1,0,17,15,1,1,1,1
MSNNL,Direct,/resources/data-science-masters-degree-application-free-guide/,1,,0,,0,,0,
Data Science,Direct,/aws-certification-careers/,1,-1,1,-1,0,0,0,0
MSLDT,Direct,.translate.goog/learning-objectives-examples/,1,-1,1,-1,0,0,0,0
Default - (not set),Direct,/admissions/international-studies-at-university-of-san-diego/,1,,1,,0,,0,
"Default - computer-science,engineering,technology",Direct,/information-assurance-vs-cybersecurity/,1,,1,,0,,0,
Default - (not set),Organic Search,/ communication-in-criminal-justice/ Author: University of San Diego Publishing Date: Not clearly listed (website article,1,,1,,0,,0,
MTS,Organic Search,/blog/theology/,1,,0,,0,,0,
MSHA,Organic Search,.translate.goog/international-affairs-careers/,1,-5,1,-5,0,0,0,0
LEPSL,Direct,/ambassador/sig-neri/,1,,2,,0,,0,
MSAAI,Organic Search,/advisory-board/rajeev-jain/,1,,1,,0,,0,
MED,Organic Social,/instructional-leadership/,1,,1,,0,,0,
MED,Direct,/masters-law-enforcement-leadership/endorsements-testimonials/,1,,2,,0,,0,
MSAAI,Direct,/engineering/,1,,4,,0,,0,
CyberOps,Referral,/entry-level-cyber-security-jobs-guide/,1,,1,,0,,0,
Informatics,Organic Search,/student-support/ashley-dominguez/,1,0,1,0,0,0,0,0
MSAAI,Email,/tuition-financial-aid/tuition/,1,,2,,0,,0,
MESH,Direct,/masters-health-informatics/,1,0,2,-3,0,0,0,0
MED,Organic Search,/resources/career-in-ai-webinar-thank-you/,1,-4,1,-2,0,0,0,0
Informatics,Paid Search,/masters-applied-data-science/lp/study-data-science/,1,,5,,0,,0,
MED,Organic Search,/faculty/maya-kalyanpur/,1,,1,,0,,0,
MED,Organic Search,/resources/10-traits-of-successful-school-leaders-thank-you/,1,0,0,-1,0,-1,0,-1
EML,Direct,/resources/engineering-leadership-skills-webinar/,1,,15,,2,,2,
MSAAI,Direct,.translate.goog/ai-impact-on-job-market/,1,-2,1,-2,0,0,0,0
MSLDT,Unknown - youtube / social,/top-instructional-design-software/,1,,1,,0,,0,
MED,Organic Search,/faculty/tiffanee-saunders/,1,,1,,0,,0,
LEPSL,Organic Search,/ambassador/virginia-passamentt/,1,,1,,0,,0,
MED,Direct,/masters-education/student-services/,1,-1,1,0,0,0,0,0
Data Science,AI Traffic,/companies-hiring-data-scientists/,1,0,4,3,0,0,0,0
Default - (not set),Organic Search,/faculty-spotlight-carlton-oneal/,1,0,1,0,0,0,0,0
LEPSL,Referral,/faculty/adolfo-gonzales/,1,,1,,0,,0,
MSLDT,Referral,/masters-applied-artificial-intelligence/,1,,16,,0,,0,
MESH,Email,/masters-engineering-sustainability-health/resources/,1,-2,1,-4,0,0,0,0
CyberOps,Direct,/women-cyber-security-reasons-to-enter-field/,1,-1,1,-1,0,0,0,0
MED,Paid Search,/teacher-resume-examples/,1,,1,,0,,0,
MED,Referral,/edutainment/,1,,1,,0,,0,
MSHA,Organic Social,/international-affairs-careers/,1,,1,,0,,0,
Default - business-entrepreneurship,Organic Social,/best-engineering-software/,1,-3,1,-2,0,0,0,0
Default - (not set),Organic Search,/forms/msaai-gar/,1,,0,,0,,0,
MSLDT,Paid Search,/masters-education/app-waiver/,1,,2,,0,,0,
MTS,Referral,/about/state-authorization-status/,1,,2,,0,,0,
MSITL,Referral,/tuition-financial-aid/,1,,10,,0,,0,
Data Science,AI Traffic,/13-essential-data-science-textbooks/,1,0,1,0,0,0,0,0
Default - (not set),Direct,/search/nutricion/,1,,1,,0,,0,
Default - (not set),Referral,/admissions/military-veterans/,1,0,1,0,0,0,0,0
MSHA,Unknown - ihsa / social,/admissions/how-to-apply/,1,,2,,0,,0,
LEPSL,Direct,/best-degrees-federal-law-enforcement-jobs/,1,-5,1,-5,0,0,0,0
CyberOps,Organic Search,/faculty/mansi-thakar/,1,-1,1,-1,0,0,0,0
MSNP,Direct,/faculty/andrea-boozer/,1,0,1,-1,0,0,0,0
Default - (not set),Organic Search,/ceh-certification/,1,,4,,0,,0,
EML,Referral,/masters-engineering-management-leadership/board-of-advisors/,1,0,1,0,0,0,0,0
MED,Organic Search,/education-inequity-and-homework/‌,1,,2,,0,,0,
MED,Direct,/teacher-salary-by-state-since-2000/,1,-1,1,-1,0,0,0,0
Default - (not set),Organic Search,/blog/humanitarian-nonprofit/,1,0,1,0,0,0,0,0
Data Science,Referral,/storytelling-with-data-part-2/,1,0,2,1,0,0,0,0
MED,Organic Search,/masters-law-enforcement-leadership/,1,,2,,0,,0,
MED,AI Traffic,/inclusive-education-strategies/,1,-1,1,-3,0,0,0,0
MED,AI Traffic,/best-paying-school-districts-ca-teachers/,1,-2,1,-2,0,0,0,0
MSAAI,Organic Search,/student-support/ashley-dominguez/,1,,3,,0,,0,
MSNNL,Direct,/search/graduation/,1,,1,,0,,0,
LEPSL,Direct,/masters-law-enforcement-leadership/students-agencies/,1,-2,1,-3,0,0,0,0
MSLDT,Direct,/computer-science/,1,,2,,0,,0,
MED,Direct,/classes/catholic-school-leadership-optional/,1,0,1,0,0,0,0,0
MED,Direct,/resources/10-traits-of-successful-school-leaders-thank-you/,1,0,1,-1,1,0,1,0
Default - (not set),Organic Search,/resources/the-complete-list-of-teaching-methods-thank-you/,1,,0,,0,,0,
MSAAI,Direct,/faculty/andrew-van-benschoten/,1,-2,1,-3,0,0,0,0
LEPSL,Unknown - ihsa / social,/search/vacancies/,1,,0,,0,,0,
MTS,Referral,/gods-timing-and-the-franciscan-calling/,1,,1,,0,,0,
MSAAI,Organic Search,/faq/,1,,2,,0,,0,
CyberOps,Organic Search,/faculty/melanie-thomas/,1,,1,,0,,0,
Data Science,Organic Search,/faculty/roozbeh-sadeghian/,1,,1,,0,,0,
Informatics,Direct,/admissions/,1,,2,,0,,0,
MSAAI,Direct,/dr-ebrahim-tarshizi-co-director-of-center-for-digital-civil-society/,1,,1,,0,,0,
MSLDT,Organic Search,/programs/,1,,4,,0,,0,
MESH,Direct,/masters-cyber-security-operations/,1,,5,,0,,0,
MTS,Direct,/classes/capstone-finding-your-voice-in-the-franciscan-tradition/,1,,1,,0,,0,
CyberEng,Organic Search,/classes/digital-forensics-incident-response/,1,0,1,-2,0,0,0,0
Default - (not set),Direct,/forms/msha-application-evaluation/,1,,1,,0,,0,
CyberEng,Paid Search,/masters-cyber-security-engineering/scholarships-and-grants/,1,0,1,-1,0,0,0,0
MSITL,Organic Social,/information-technology-trends/,1,,1,,0,,0,
Default - computer-science,Organic Search,/what-is-dbaas/,1,-1,1,-1,0,0,0,0
MED,Organic Search,/education-inequality-and-homework/,1,,2,,0,,0,
MED,Organic Search,/search/+homework+should+not+be+required+to+be+finished+because+students+get+distracted+and+stressed+with+loud+noises+at+home/,1,,1,,0,,0,
MSITL,Referral,/artificial-intelligence-business/,1,,10,,0,,0,
MED,Organic Search,/classes/catholic-school-leadership-optional/,1,,1,,0,,0,
MED,Organic Social,/rethinking-education-assessment-types/,1,-6,1,-8,0,0,0,0
LEPSL,Organic Search,/blue-leadership-podcast/the-art-of-persistence-solving-the-christie-wilson-cold-case-homicide-with-nuno-tavares/,1,,2,,0,,0,
MESH,Paid Search,/resources/msesh-information-session-webinar-thank-you/,1,,2,,0,,0,
MED,Paid Search,/programs/,1,,9,,0,,0,
MSLDT,Paid Search,/contact-us-thank-you/,1,,3,,1,,1,
"Default - business-entrepreneurship,computer-science,technology",Referral,/is-a-masters-in-data-science-worth-it/,1,,2,,0,,0,
Default - (not set),Display,/classes/network-visualization-and-vulnerable-detection/,1,,4,,0,,0,
Default - (not set),Organic Search,/student-support/program-assistant/,1,,1,,0,,0,
MSLDT,Referral,/learning-objectives-examples/,1,-4,1,-2,0,0,0,0
MSLDT,Paid Search,/about/state-authorization-status/,1,0,4,1,0,0,0,0
MSAAI,Organic Search,.translate.goog/ethics-in-artificial-intelligence/,1,-6,1,-7,0,0,0,0
Data Science,Referral,/data-scientist-salary-guide/,1,,2,,0,,0,
CyberEng,Paid Social,/masters-cyber-security-engineering/let-us-pay-for-your-cse-program-application-fee/,1,-2,1,-3,0,0,0,0
MSLDT,Paid Social,/masters-learning-design-technology/resources/,1,0,1,0,0,0,0,0
CyberOps,Direct,/how-to-become-cybersecurity-consultant/,1,,1,,0,,0,
CyberOps,Direct,/faculty/todd-raines/,1,-1,1,-1,0,0,0,0
MSHA,Paid Search,/humanitarian-careers/,1,,1,,0,,0,
CyberOps,AI Traffic,/systems-administrator/,1,,1,,0,,0,
MSHA,Paid Social,/masters-humanitarian-action/,1,-2,1,-2,0,0,0,0
LEPSL,Referral,/masters-law-enforcement-leadership/lp/criminal-justice/,1,-2,3,0,0,0,0,0
Data Science,Paid Search,/resources/data-science-masters-degree-application-free-guide/,1,,1,,0,,0,
MSAAI,Referral,/resources/msaai-artificial-intelligence-self-assessment/,1,-11,20,-4,0,0,0,0
MSNP,Paid Social,/,1,0,4,-3,0,0,0,0
Default - (not set),Organic Social,/the-university-of-san-diego-partners-with-avenu-learning-to-offer-online-degrees-in-india/,1,,1,,0,,0,
MTS,Direct,.translate.goog/moral-theology/,1,,1,,0,,0,
MED,Organic Search,/faculty/adan-escobedo-sanchez/,1,,1,,0,,0,
MSAAI,Email,/resources/an-inside-look-at-the-artificial-intelligence-masters-degree-webinar/thank-you/,1,,1,,0,,0,
CyberOps,Email,/resources/top-paying-cybersecurity-jobs/,1,,2,,0,,0,
MSNNL,Paid Search,/what-is-a-nurse-administrator/,1,,1,,0,,0,
MSLDT,Organic Search,/teacher-centered-vs-student-centered-learning/,1,,2,,0,,0,
MSAAI,Direct,/search/computer+science+degree/,1,,1,,0,,0,
MSNNL,Direct,/masters-nursing-leadership/lp/preceptor-information/,1,,1,,0,,0,
LEPSL,Direct,/first-class-graduates-masters-law-enforcement-leadership/,1,,1,,0,,0,
EML,Direct,/masters-engineering-management-leadership/student-services-support-team/,1,0,0,-1,0,0,0,0
MED,Direct,.translate.goog/effective-educational-leadership/,1,0,1,0,0,0,0,0
Default - (not set),Direct,/best-paying-non-clinical-healthcare-careers/,1,,2,,0,,0,
MTS,Direct,/online-mts-benefits/,1,0,1,0,0,0,0,0
EML,Direct,/masters-cyber-security-engineering/,1,0,2,-1,0,0,0,0
MSLDT,Referral,/masters-information-technology-leadership/lp/ppc/,1,,4,,0,,0,
Data Science,Direct,/masters-applied-data-science/student-services/,1,,1,,0,,0,
MED,Direct,/faculty/maria-teresa-casena-bontempo/,1,0,1,0,0,0,0,0
MSHA,Direct,/faculty/hector-vivero/,1,,1,,0,,0,
CyberOps,Organic Search,.translate.goog/top-paying-cybersecurity-jobs/,1,-1,3,-3,0,0,0,0
Default - (not set),Organic Search,/education-inequity-and-homework/ is fhere mulitiple perspecttives in that,1,,1,,0,,0,
MED,Direct,/faculty-spotlight-dr-ricardo-medina/,1,0,1,0,0,0,0,0
Informatics,Organic Search,/faculty/wendy-cole/,1,-1,1,-1,0,0,0,0
MED,Direct,/search/Why+homework+should+be+banned/,1,,2,,0,,0,
Default - (not set),Direct,/education-inequality-and-homework,1,0,1,0,0,0,0,0
Informatics,Organic Search,.translate.goog/what-skills-do-you-need-to-work-in-health-care-informatics/,1,,1,,0,,0,
LEPSL,Organic Search,/ambassador/jay-alvarado/,1,0,1,0,0,0,0,0
MED,AI Traffic,/professional-development-options-for-teachers-at-usd/,1,-1,1,-2,0,0,0,0
MSAAI,Paid Social,/masters-applied-data-science/lp/study-data-science/,1,0,2,-3,0,-1,0,-1
MTS,Referral,/masters-theological-studies/lp/ppc/,1,0,1,0,0,0,0,0
MESH,Referral,/masters-engineering-management-leadership/,1,,5,,0,,0,
MSNNL,Organic Search,/faculty/sheree-scott/,1,-1,1,-4,0,0,0,0
CyberOps,Organic Search,/non-technical-cyber-security-jobs/,1,-1,3,2,0,0,0,0
CyberEng,Referral,/cyber-security-vs-software-engineering/,1,,1,,0,,0,
Default - (not set),Email,/tuition-financial-aid/financial-aid/,1,,1,,0,,0,
MED,Direct,/teaching-license-reciprocity-guide/,1,-1,1,-1,0,0,0,0
MSLDT,AI Traffic,/masters-learning-design-technology/,1,0,1,0,0,0,0,0
MESH,Organic Search,/faculty/kristen-goodrich/,1,,1,,0,,0,
Data Science,Direct,/data-science-bootcamp-vs-masters-degree/,1,-1,1,-1,0,0,0,0
MSHA,Organic Search,/masters-health-informatics/,1,,12,,0,,0,
CyberOps,AI Traffic,/best-industries-cyber-security-job-seekers/,1,-1,1,0,0,0,0,0
LEPSL,AI Traffic,/best-police-leadership-books/,1,-1,1,0,0,0,0,0
Informatics,Direct,/usd-gradright-partnership/,1,,3,,0,,0,
Default - (not set),Direct,/masters-applied-data-science/apply/,1,0,3,0,0,-1,0,-1
MED,Direct,/search/claim+on+how+is+school+bringing+students+stress/,1,,1,,0,,0,
LEPSL,Email,/lessons-in-police-leadership-phil-hansen/,1,,0,,0,,0,
LEPSL,Organic Search,/law-enforcement-faculty-jeffrey-jordon/,1,-3,1,-2,0,0,0,0
MED,Direct,"/search/fostering+emotional+intelligence,+resilience,+and+adaptability/",1,,4,,0,,0,
MED,Direct,/faculty-spotlight-chris-garcia/,1,0,2,1,0,0,0,0
Data Science,Organic Search,.translate.goog/companies-hiring-data-scientists/,1,,3,,0,,0,
Informatics,Paid Search,/faculty/dorothy-ohagan/,1,,0,,0,,0,
LEPSL,Unknown - policeone / directory,/masters-law-enforcement-leadership/classes/,1,,0,,0,,0,
MSNNL,Direct,/masters-health-informatics/careers/,1,,44,,0,,0,
MSITL,Direct,/healthcare-informatics-jobs-salary/,1,,2,,0,,0,
MSLDT,Direct,/tuition-financial-aid/,1,,4,,0,,0,
MTS,Referral,/how-to-pay-for-theology-degree/,1,,1,,0,,0,
MTS,Referral,/faculty/angela-zautcke/,1,,1,,0,,0,
MSAAI,Paid Social,/resources/free-ms-aai-program-brochure-thank-you/,1,0,1,0,1,0,1,0
MSHA,Paid Search,/masters-humanitarian-action/classes/,1,,1,,0,,0,
Data Science,AI Traffic,/masters-applied-data-science/apply/,1,0,1,0,0,0,0,0
MSNP,Organic Search,/masters-learning-design-technology/classes/,1,,25,,1,,1,
MESH,Direct,/masters-law-enforcement-leadership/transfer-credit/,1,,7,,0,,0,
MSAAI,Direct,/faculty/haydar-majeed/,1,,3,,0,,0,
Default - (not set),Direct,/faculty/alec-henning-ms/,1,,3,,0,,0,
LEPSL,Organic Search,/masters-law-enforcement-leadership/lp/ntoa/,1,-1,3,1,0,0,0,0
Informatics,Organic Search,/advisory-board/chan/,1,0,1,0,0,0,0,0
MED,Organic Search,/resources/complete-guide-to-teacher-centered-vs-student-centered-learning-thank-you/,1,,1,,1,,1,
CyberOps,Organic Search,/classes/ms-cyber-security-operations-and-leadership-capstone/,1,0,1,0,0,0,0,0
LEPSL,Direct,/faculty/tory-kornblum/,1,,1,,0,,0,
MESH,Direct,/admissions/,1,0,5,-7,0,0,0,0
MSAAI,Direct,.translate.goog/nlp-engineer-career/,1,,1,,0,,0,
MSAAI,Direct,/best-jobs-in-cyber-security/,1,,4,,0,,0,
Informatics,Direct,,1,,6,,0,,0,
MED,AI Traffic,/masters-education/apply/,1,-3,1,-9,0,0,0,0
MSNP,Organic Search,.translate.goog/public-administration-careers/,1,-1,1,-1,0,0,0,0
MSAAI,Direct,/artificial-intelligence-degree-path/,1,0,1,0,0,0,0,0
Default - (not set),Direct,/masters-cyber-security-operations/apply/,1,,3,,0,,0,
MTS,AI Traffic,/franciscan-spirituality-in-todays-world/,1,,1,,0,,0,
MSLDT,Organic Search,/masters-education/,1,0,9,-21,0,0,0,0
Default - (not set),Organic Search,/faculty/abdulelah-habib/,1,,2,,0,,0,
MESH,Display,/masters-engineering-sustainability-health/lp/ppc/,1,,1,,0,,0,
Default - (not set),Unknown - fashion-valley-mall / ooh,/business-entrepreneurship/,1,,1,,0,,0,
MED,Referral,/beginning-the-new-year-successfully/,1,0,1,-1,0,0,0,0
MSITL,Direct,/msit-vs-mba-degree/,1,0,1,0,0,0,0,0
MSNNL,Organic Search,/faculty/tom-chaplin/,1,,35,,0,,0,
MSHA,Organic Search,/resources/cyber-security-scholarship-checklist/,1,,40,,3,,3,
Informatics,Organic Social,/what-is-medical-informatics/,1,,1,,0,,0,
MESH,Organic Search,/classes/getting-to-zero-waste/,1,,4,,0,,0,
LEPSL,Organic Search,/resources/law-enforcement-careers-ebook-thank-you/,1,,1,,1,,1,
MSNP,Organic Search,/ai-governance/,1,,3,,0,,0,
Data Science,Organic Search,/masters-applied-data-science/faculty/,1,,1,,0,,0,
Default - (not set),Direct,/classes/advanced-health-care-analysis/,1,,1,,0,,0,
CyberOps,Organic Search,.translate.goog/top-cyber-security-threats/,1,0,1,0,0,0,0,0
"Default - engineering,sustainability",Paid Search,/usd-mesh-aashe-rating/,1,,1,,0,,0,
MSAAI,Organic Social,/masters-applied-artificial-intelligence/advisory-board/,1,,0,,0,,0,
MSAAI,AI Traffic,/best-artificial-intelligence-degrees/,1,,1,,0,,0,
MED,Direct,/masters-cyber-security-engineering/lp/combined-degree/,1,,2,,0,,0,
CyberOps,Direct,.translate.goog/top-100-cybersecurity-companies/,1,-1,1,-1,0,0,0,0
MTS,Referral,/masters-theological-studies/faculty/,1,-2,1,-4,0,0,0,0
MTS,AI Traffic,/theology-careers/,1,,1,,0,,0,
MED,AI Traffic,/online-leadership-courses/,1,,3,,0,,0,
LEPSL,Organic Search,/ambassador/sig-neri/,1,0,1,0,0,0,0,0
MSNNL,Organic Search,/employer-partnership/apsi/,1,,22,,0,,0,
Data Science,Organic Search,/women-in-data-science-where-we-are-where-were-going-and-why-it-matters/,1,0,1,0,0,0,0,0
MED,Direct,/how-to-get-a-teaching-certificate/,1,0,1,0,0,0,0,0
MSAAI,Organic Search,/online-programs/,1,-1,2,-18,0,0,0,0
MESH,Direct,/masters-education/,1,,1,,0,,0,
MSNP,Organic Search,/masters-education/faculty/,1,,12,,0,,0,
MSAAI,AI Traffic,/masters-applied-artificial-intelligence/careers/,1,,1,,0,,0,
CyberEng,Organic Search,/faculty/nikolas-behar/,1,,1,,0,,0,
MED,Organic Search,/online-programs/,1,-1,8,3,0,0,0,0
Default - (not set),Direct,/student-support/nina-geissler/,1,,1,,0,,0,
CyberOps,Direct,/using-biomimicry-to-combat-cyber-security-attacks-using-biomimicry-to-combat-cyber-security-attacks/,1,,1,,0,,0,
CyberEng,Email,/cybersecurity-iot/,1,,3,,0,,0,
MED,Direct,/masters-cyber-security-operations/,1,,2,,0,,0,
MTS,Direct,.translate.goog/how-to-get-more-involved-in-church/,1,,2,,0,,0,
Data Science,Direct,/data-analyst-careers-and-salary/,1,0,3,2,0,0,0,0
Data Science,Direct,/database-administrator-career/,1,-2,1,-2,0,0,0,0
MED,Organic Search,/classes/family-school-community-partnerships/,1,,1,,0,,0,
CyberOps,Direct,/resources/entry-level-cyber-security-career-guide/,1,,1,,0,,0,
MSAAI,AI Traffic,/admissions/,1,,3,,0,,0,
CyberEng,Organic Search,/masters-cyber-security-engineering/testimonials/,1,,1,,0,,0,
Default - (not set),Organic Search,.translate.goog/how-to-become-an-entrepreneur/,1,-1,1,-1,0,0,0,0
Default - (not set),Direct,.translate.goog/admissions/how-to-apply/,1,,1,,0,,0,
Informatics,Paid Search,/8-technologies-changing-healthcare/,1,,1,,0,,0,
MSNNL,Direct,/tuition-financial-aid/tuition/,1,,5,,0,,0,
MSHA,AI Traffic,/human-rights-violation-definition/,1,,1,,0,,0,
Data Science,Organic Search,/masters-applied-data-science/advisory-board/,1,,1,,0,,0,
EML,Direct,/masters-cyber-security-engineering/apply/,1,,11,,0,,0,
LEPSL,Organic Search,/academic-credit-for-law-enforcement-training/,1,-1,1,-12,0,0,0,0
LEPSL,Organic Search,/usds-online-masters-will-cater-to-officers-schedules/,1,,1,,0,,0,
MED,Organic Search,/faculty/tanner-mizel/,1,0,1,0,0,0,0,0
MESH,Paid Search,/masters-health-informatics/lp/study-healthcare-analytics/,1,,4,,0,,0,
Data Science,Organic Search,/top-online-cloud-computing-courses/,1,,1,,0,,0,
CyberOps,Direct,/masters-cyber-security-operations/student-services/,1,,1,,0,,0,
MESH,Direct,/classes/informatics-capstone/,1,,0,,0,,0,
Default - (not set),Organic Search,/network-forensics-tools/,1,,3,,0,,0,
MED,Organic Search,/faculty/eleonor-castillo/,1,,1,,0,,0,
Default - (not set),Direct,/classes/management-health-system-care-delivery-outcomes/,1,,1,,0,,0,
MSNP,Direct,/resources/nonprofit-career-landscape-webinar-thank-you/,1,,12,,0,,0,
Data Science,Organic Search,.translate.goog/supervised-machine-learning-with-gradient-boosting/,1,,1,,0,,0,
MED,Organic Search,/search/should+we+get+rid+of+homework/,1,,1,,0,,0,
MSLDT,Organic Search,.translate.goog/career-changes-for-teachers/,1,,1,,0,,0,
MED,Organic Search,.translate.goog/teaching-to-every-students-unique-learning-style/,1,,1,,0,,0,
MED,Organic Search,/resources/guide-to-teaching-styles-thank-you/,1,0,1,-2,1,1,1,1
Default - (not set),Paid Search,/about/,1,-1,4,1,0,0,0,0
MSAAI,Direct,/cyber-security-specialist-career-guide/,1,,3,,0,,0,
Default - (not set),Direct,/offers,1,,1,,0,,0,
MSNNL,Direct,/masters-engineering-sustainability-health/let-us-pay-for-your-msesh-program-application-fee/,1,,6,,1,,1,
CyberOps,Direct,.translate.goog/what-is-a-chief-security-officer-high-demand-skyrocketing-pay-for-csos/,1,,1,,0,,0,
MTS,Organic Search,.translate.goog/how-to-become-a-catholic-school-teacher/,1,,1,,0,,0,
CyberOps,Paid Social,/masters-cyber-security-operations/,1,-1,1,-3,0,0,0,0
MED,Direct,/resources/women-in-engineering-webinar/,1,,2,,1,,1,
MSHA,Direct,/classes/disaster-management-and-prevention/,1,,1,,0,,0,
MTS,Direct,/faculty/juliet-mousseau/,1,0,1,0,0,0,0,0
Default - (not set),Direct,/search/Duolingo+score/,1,,2,,0,,0,
Default - (not set),Organic Search,/humanitarian-nonprofit/,1,-2,1,-2,0,0,0,0
MTS,Organic Search,/classes/ecclesiology-being-the-21st-century-church/,1,,1,,0,,0,
LEPSL,Referral,/police-promotion/,1,,1,,0,,0,
MTS,Direct,/search/yk+that+layna+likes+u+rigtht/,1,,1,,0,,0,
MSHA,Direct,/search/War+crimes/,1,,1,,0,,0,
MSLDT,Organic Search,/masters-learning-design-technology/lp/osu/,1,-2,1,-1,0,0,0,0
MESH,Organic Search,/search/climate+scieneist+/,1,,1,,0,,0,
MSLDT,Organic Search,/faculty/tameka-harris/,1,-1,1,-1,0,0,0,0
MSNP,AI Traffic,/grant-writing-for-nonprofits/,1,,2,,0,,0,
MSAAI,Direct,/masters-cyber-security-operations/,1,0,2,0,0,0,0,0
MESH,Direct,/masters-law-enforcement-leadership/transfer-credit/sherman-block-sli/,1,,4,,0,,0,
MED,Direct,/faculty-spotlight-dr-swett/,1,,1,,0,,0,
MSAAI,Direct,/about/state-authorization-status/,1,0,3,0,0,0,0,0
MSITL,Direct,/masters-information-technology-leadership/faculty/,1,,1,,0,,0,
Informatics,Referral,/bachelors-nursing/bachelors-nursing-lp-ppc/,1,,2,,0,,0,
Data Science,Organic Search,/search/Publisher/,1,,1,,0,,0,
MSAAI,Unknown - facebook / social,/masters-applied-artificial-intelligence/lp/study-artificial-intelligence/,1,,1,,0,,0,
Data Science,Paid Search,/resources/free-ms-ads-program-brochure-thank-you/,1,0,1,0,1,0,1,0
EML,AI Traffic,/master-of-engineering-management-careers/,1,,1,,0,,0,
Informatics,Referral,/bachelors-nursing/,1,,0,,0,,0,
LEPSL,Organic Search,/masters-law-enforcement-leadership/transfer-credit/san-diego-regional-leadership-institute/,1,,1,,0,,0,
CyberEng,Direct,/network-security-solutions/,1,-8,1,-8,0,0,0,0
MSNNL,Organic Search,/degree-in-public-health/,1,,17,,0,,0,
MTS,Paid Social,/masters-theological-studies/apply/,1,,2,,0,,0,
MED,Organic Search,/faculty/tess-nunn-eves/,1,,1,,0,,0,
MED,Direct,/about/career-and-professional-resources/,1,,7,,0,,0,
MSLDT,Organic Search,/classes/program-design-assessment-and-evaluation/,1,,1,,0,,0,
MSNNL,Organic Search,/masters-nursing-leadership/nursing-informatics-track/,1,,5,,0,,0,
MTS,Paid Search,/religious-studies-degree-jobs/,1,,2,,0,,0,
CyberOps,AI Traffic,/is-a-cyber-security-certification-right-for-you/,1,,1,,0,,0,
EML,Referral,/principal-engineer-vs-senior-engineer/,1,,3,,0,,0,
MED,Paid Search,/resources/free-med-program-brochure-thank-you/,1,-1,0,-1,0,-1,0,-0.5
Default - (not set),Email,/masters-cyber-security-operations/,1,,3,,0,,0,
MTS,Referral,/faculty/martin-carbajo-nunez/,1,,1,,0,,0,
MTS,Referral,/franciscan-theology-reading-list/,1,,1,,0,,0,
MSLDT,Organic Search,/masters-learning-design-technology/student-services/,1,,0,,0,,0,
MED,Organic Search,/faculty/amanda-roth/,1,,2,,0,,0,
Default - (not set),Organic Search,/faculty/sandy-buczynski/,1,,1,,0,,0,
MTS,Referral,/faculty/linh-hoang/,1,,1,,0,,0,
Informatics,AI Traffic,/do-you-need-health-informatics-certification/,1,-1,1,-1,0,0,0,0
MTS,Referral,/faculty/william-short/,1,,1,,0,,0,
MSNNL,Direct,/masters-health-informatics/apply/,1,,10,,0,,0,
MSITL,Direct,/admissions/international-students/,1,,6,,0,,0,
MTS,Referral,/faculty/juliet-mousseau/,1,,1,,0,,0,
Data Science,Paid Social,/masters-applied-data-science/classes/,1,-5,1,-9,0,0,0,0
LEPSL,Direct,y/jennifer-tejada/,1,,1,,0,,0,
MSNP,Referral,/nonprofit-jobs/,1,,1,,0,,0,
Data Science,Direct,/usd-partners-with-ready-tensor-for-data-science-hackathon/,1,,1,,0,,0,
MSNNL,Direct,/masters-information-technology-leadership/,1,,2,,0,,0,
Default - (not set),Email,/masters-cyber-security-engineering/classes/,1,,2,,0,,0,
Data Science,Direct,/change-career-to-data-science/,1,,1,,0,,0,
MSAAI,Organic Search,/search/Texts+about+why+homework+should+be+banned/page/4/,1,,1,,0,,0,
MED,Direct,/search/should+homework+be+banned/,1,,1,,0,,0,
MTS,Direct,/masters-applied-data-science/classes/,1,,4,,0,,0,
MESH,Direct,/faculty/necla-tschirgi/,1,0,1,0,0,0,0,0
MSHA,Direct,/masters-humanitarian-action/lp/thank-you/,1,-15,1,-17,1,-14,1,0.0625
MED,Organic Search,/7-steps-to-finding-the-best-masters-in-education-program/,1,,1,,0,,0,
MSAAI,Unknown - twitter / social,/masters-applied-artificial-intelligence/,1,,1,,0,,0,
LEPSL,Organic Search,/faculty/craig-schwartz/,1,0,1,0,0,0,0,0
MSAAI,Direct,/masters-cyber-security-engineering/student-services/,1,,11,,0,,0,
Default - (not set),Direct,.translate.goog/how-to-become-an-entrepreneur/,1,,1,,0,,0,
MED,Paid Search,/mba-vs-emba-8-key-differences-comparison-table/,1,,0,,0,,0,
MSLDT,Organic Search,/technology-in-the-classroom/,1,,2,,0,,0,
MSITL,Direct,/masters-engineering-management-leadership/board-of-advisors/,1,,5,,0,,0,
MSNNL,Unknown - tableposter / offline,/masters-nursing-leadership/lp/dyna/,1,0,1,-1,0,-1,0,-1
Informatics,AI Traffic,/healthcare-informatics-jobs-salary/,1,,1,,0,,0,
Informatics,Direct,/faculty/kathleen-klimpel/,1,,1,,0,,0,
EML,Direct,/engineering-leadership/,1,-2,2,1,0,0,0,0
MSHA,Direct,/masters-law-enforcement-leadership/transfer-credit/fbi-leeda/,1,,3,,0,,0,
MSNP,Direct,/forms/msnp-application-evaluation/,1,,1,,1,,1,
MSHA,Direct,/masters-engineering-sustainability-health/classes/,1,,2,,0,,0,
Default - (not set),Organic Search,/shift-in- law-enforcement-leadership/,1,,1,,0,,0,
MSHA,Direct,/admissions/how-to-apply/,1,,3,,0,,0,
Informatics,Paid Search,/search/transcripts/,1,,0,,0,,0,
MESH,Organic Search,/search/what+skills+would+you+need+to+have+to+become+an+environmental+engineer/,1,,1,,0,,0,