program_category,default_channel,Landing_page,Session,sessions_yoy_difference,Pageview,pageview_yoy_difference,Conversions,conversions_yoy_difference,Conversion_Rate,conversion_rate_yoy_percent_difference
MED,Organic Search,/education-inequity-and-homework/,13192,-24331,15289,-28511,0,-12,0,-0.00031980385363643635
MED,Direct,/education-inequity-and-homework/,4114,-90,4331,-548,0,0,0,0
"scnr_engine_sink_tracer_44601ad2e5edeeb69b747adc0af7af7e_ec777ec98cfa0e4b0d1cd1bb2ec37414""'`--)()\""&",Direct,"edeeb69b747adc0af7af7e_ec777ec98cfa0e4b0d1cd1bb2ec37414""'`--)()\""&%1'-;%00",1750,,1693,,0,,0,
null,Direct,emRoot%\\win.ini &rem,1640,,1578,,0,,0,
MSAAI,Organic Search,/artificial-intelligence-education/,1542,-16190,1602,-17099,1,-22,0.0006485084306095979,-0.0006485815761578282
MED,Organic Search,/life-skills-education-in-schools/,899,,1005,,0,,0,
MESH,Paid Social,/masters-engineering-sustainability-health/lp/ppc/,816,699,917,797,63,62,0.07720588235294118,0.06865887380593264
MSAAI,Paid Social,/masters-applied-artificial-intelligence/lp/study-artificial-intelligence/,763,628,890,735,48,43,0.06290956749672345,0.02587253045968642
MSAAI,Direct,/artificial-intelligence-education/,731,-3049,735,-3495,2,-7,0.0027359781121751026,0.0003550257312227214
MSAAI,Organic Search,/artificial-intelligence-business/,663,-1799,668,-1736,1,-5,0.0015082956259426848,-0.0009287474284846102
MESH,Paid Search,/masters-engineering-sustainability-health/lp/ppc/,605,-718,775,-910,37,-35,0.06115702479338843,0.0067352560859054375
Default - (not set),Direct,/,541,540,657,656,1,1,0.0018484288354898336,0.0018484288354898336
MESH,Display,/masters-engineering-sustainability-health/,511,510,511,511,0,0,0,0
MESH,Organic Search,/high-paying-environmental-jobs/,490,,534,,2,,0.004081632653061225,
MSNP,Paid Social,/masters-nonprofit-leadership-management/lp/ppc/,488,285,552,340,42,38,0.0860655737704918,0.06636114027295485
MSLDT,Paid Social,/masters-learning-design-technology/lp/instructional-design-for-teachers/,482,,550,,30,,0.06224066390041494,
MED,Organic Search,/complete-list-teaching-methods/,481,-1788,555,-2061,6,-35,0.012474012474012475,-0.00559562172607567
CyberOps,Paid Search,/masters-cyber-security-operations/lp/bva-cyber-security-operations-leadership/,469,-647,573,-858,33,-40,0.07036247334754797,0.004950286967619649
MSAAI,Organic Search,/ai-impact-on-job-market/,469,-2468,518,-2524,0,-2,0,-0.0006809669731018045
MTS,Paid Search,/masters-theological-studies/lp/ppc/,452,-1041,579,-1412,21,-89,0.046460176991150445,-0.02721698308922464
MSAAI,Organic Search,/artificial-intelligence-jobs/,446,-5515,477,-5693,2,-5,0.004484304932735426,0.003310005318576728
CyberEng,Paid Social,/masters-cyber-security-engineering/lp/cyber-security-engineering/,422,379,467,421,24,22,0.05687203791469194,0.010360410007715197
MED,Organic Search,/best-masters-degrees-for-teachers/,410,-1395,459,-1509,2,-1,0.004878048780487805,0.00321599891899196
CyberOps,Organic Search,/top-100-cybersecurity-companies/,409,-495,395,-441,0,-1,0,-0.0011061946902654867
CyberOps,Paid Social,/masters-cyber-security-operations/lp/bva-cyber-security-operations-leadership/,408,300,463,329,30,22,0.07352941176470588,-0.0005446623093681852
MED,Organic Search,/best-paying-school-districts-ca-teachers/,398,-727,421,-739,0,0,0,0
MSNNL,Paid Search,/masters-nursing-leadership/lp/ppc/,380,-191,595,-134,17,14,0.04473684210526316,0.03948290164992165
MSAAI,Organic Search,/ai-blogs/,373,-768,377,-734,0,0,0,0
MED,Organic Search,/brain-based-learning/,364,-854,372,-918,1,-7,0.0027472527472527475,-0.0038208917519262343
MTS,Email,/masters-theological-studies/lp/dyna/,349,28,453,-91,24,10,0.06876790830945559,0.025154201144346557
Informatics,Paid Social,/masters-health-informatics/lp/health-informatics-for-nurses/,342,-589,389,-674,20,-44,0.05847953216374269,-0.010263754624656882
MSNNL,Paid Social,/masters-nursing-leadership/lp/ppc/,338,337,431,430,15,15,0.04437869822485207,0.04437869822485207
MED,Organic Search,/teacher-centered-vs-student-centered-learning/,334,-2551,386,-3247,0,-30,0,-0.010398613518197574
MSHA,Organic Search,/humanitarian-careers/,330,-845,352,-887,2,-3,0.006060606060606061,0.0018052869116698903
MSAAI,Direct,/masters-applied-artificial-intelligence/,320,-159,532,-497,5,-18,0.015625,-0.03239170146137787
MTS,Organic Search,/serving-god/,319,-2737,376,-2887,0,-6,0,-0.001963350785340314
MED,Referral,/education-inequity-and-homework/,319,-601,365,-601,0,0,0,0
MTS,Organic Search,/what-is-liturgy/,316,-423,334,-479,0,-1,0,-0.0013531799729364006
CyberOps,Organic Search,/top-cyber-security-threats/,314,-3897,329,-3981,0,-5,0,-0.0011873664212776064
MSHA,Organic Search,/humanitarian-intervention-success-stories/,309,-218,314,-260,0,0,0,0
Data Science,Paid Social,/masters-applied-data-science/lp/study-data-science/,305,67,321,50,1,-1,0.003278688524590164,-0.005124672819947651
MSHA,Organic Search,/how-to-become-diplomat/,296,-319,312,-325,0,0,0,0
MSLDT,Paid Search,/masters-learning-design-technology/lp/study-learning-design-technology/,292,-523,382,-669,19,-27,0.06506849315068493,0.008626775359273885
MTS,Paid Social,/masters-theological-studies/lp/ppc/,284,110,312,131,14,10,0.04929577464788732,0.026307268900760884
LEPSL,Paid Social,/masters-law-enforcement-leadership/lp/law-enforcement/,281,,299,,13,,0.046263345195729534,
MED,Direct,/teacher-centered-vs-student-centered-learning/,280,-406,292,-616,0,-11,0,-0.016034985422740525
MSNP,Paid Search,/masters-nonprofit-leadership-management/lp/ppc/,279,-626,355,-808,17,-48,0.06093189964157706,-0.01089130477831244
MSHA,Paid Social,/masters-humanitarian-action/lp/humanitarian-action/,270,36,313,8,26,0,0.0962962962962963,-0.014814814814814808
Informatics,Paid Search,/masters-health-informatics/lp/study-health-informatics/,270,-202,360,-305,14,-16,0.05185185185185185,-0.011707470182046452
MED,Direct,/life-skills-education-in-schools/,266,,270,,0,,0,
Default - (not set),Paid Search,/,265,,393,,2,,0.007547169811320755,
MSLDT,Organic Search,/kirkpatrick-training-evaluation-model/,264,-105,254,-102,2,1,0.007575757575757576,0.004865730475486573
MSITL,Paid Search,/masters-information-technology-leadership/lp/ppc/,260,-265,356,-374,17,-12,0.06538461538461539,0.01014652014652015
MSAAI,Organic Search,/application-of-ai-in-robotics/,258,-411,277,-454,0,-4,0,-0.005979073243647235
Default - (not set),Organic Search,/,254,,372,,0,,0,
MESH,Display,/masters-engineering-sustainability-health/lp/dyna/,253,,254,,1,,0.003952569169960474,
MSAAI,Paid Search,/masters-applied-artificial-intelligence/lp/study-artificial-intelligence/,246,-899,381,-1360,23,-53,0.09349593495934959,0.027120389107821205
Informatics,Organic Search,/8-technologies-changing-healthcare/,244,-1778,256,-1856,0,-1,0,-0.0004945598417408506
EML,Paid Social,/masters-engineering-management-leadership/lp/ppc/,243,98,272,125,13,13,0.053497942386831275,0.053497942386831275
MSAAI,Organic Search,/masters-applied-artificial-intelligence/,241,-442,453,-837,11,-16,0.04564315352697095,0.006111674756839179
Informatics,Paid Search,/masters-health-informatics/lp/study-healthcare-analytics/,238,-206,278,-248,10,-10,0.04201680672268908,-0.003028238322355964
Informatics,Direct,/masters-health-informatics/,234,-140,400,-270,3,-6,0.01282051282051282,-0.011243658302481831
LEPSL,Organic Search,/10-innovative-police-technologies/,232,-1110,222,-1142,0,0,0,0
Default - (not set),Organic Search,/how-to-become-an-entrepreneur/,223,,244,,0,,0,
MSAAI,Organic Search,/ai-ethicist-career/,219,-649,229,-776,2,-13,0.0091324200913242,-0.008148685899459211
MED,Direct,/complete-list-teaching-methods/,215,-361,227,-414,1,-3,0.004651162790697674,-0.0022932816537467697
CyberEng,Paid Search,/masters-cyber-security-engineering/lp/cyber-security-engineering/,214,-683,245,-895,12,-37,0.056074766355140186,0.0014482334677377307
MSAAI,Organic Search,/entry-level-ai-careers/,210,-227,239,-268,1,-3,0.004761904761904762,-0.004391413315898441
CyberOps,Direct,/top-cyber-security-threats/,206,-664,202,-690,0,-1,0,-0.0011494252873563218
MSAAI,Direct,/ai-impact-on-job-market/,205,-260,222,-296,0,-1,0,-0.002150537634408602
MSHA,Organic Search,/human-rights-violation-definition/,204,,233,,0,,0,
Default - (not set),Direct,/how-to-become-an-entrepreneur/,202,,193,,0,,0,
MSITL,Paid Social,/masters-information-technology-leadership/lp/ppc/,202,147,268,201,18,14,0.0891089108910891,0.01638163816381638
MTS,Organic Search,/theology-careers/,200,-291,218,-290,0,-2,0,-0.004073319755600814
MED,Organic Search,/effective-educational-leadership/,200,-1478,260,-2162,3,-12,0.015,0.006060786650774731
LEPSL,Direct,/masters-law-enforcement-leadership/,198,-94,282,-231,1,1,0.005050505050505051,0.005050505050505051
CyberOps,Organic Search,/top-cyber-security-blogs-websites/,192,-1421,179,-1393,0,-2,0,-0.0012399256044637321
MSAAI,Direct,/artificial-intelligence-business/,192,-288,175,-314,0,0,0,0
EML,Paid Search,/masters-engineering-management-leadership/lp/ppc/,186,-889,248,-1252,17,-40,0.0913978494623656,0.03837459364841211
MSLDT,Organic Search,/instructional-design-models/,185,-271,177,-268,1,-5,0.005405405405405406,-0.007752489331436699
MTS,Organic Search,/catholic-charism-comparison/,184,-176,195,-178,0,0,0,0
Informatics,Paid Search,/masters-health-informatics/lp/health-informatics-for-nurses/,183,-572,224,-717,14,-51,0.07650273224043716,-0.009589982991350915
MSITL,Organic Search,/it-job-titles/,181,-628,173,-602,0,0,0,0
MSHA,Direct,/humanitarian-careers/,179,84,181,72,0,0,0,0
MSHA,Organic Search,/international-aid-worker-tips/,176,-311,199,-329,2,-1,0.011363636363636364,0.005203472092589136
MED,Direct,/effective-educational-leadership/,176,-98,199,-200,0,-2,0,-0.0072992700729927005
MSLDT,Organic Search,/what-is-instructional-design-examples/,174,-401,200,-411,2,-1,0.011494252873563218,0.006276861569215392
LEPSL,Organic Search,/police-communication-important-today/,174,-551,190,-671,0,0,0,0
MED,Organic Search,/teaching-to-every-students-unique-learning-style/,174,-736,207,-1212,4,-1,0.022988505747126436,0.01749400025262094
MED,Paid Search,/masters-education/lp/online-med/,171,-688,264,-979,29,-15,0.1695906432748538,0.11836829170325891
MED,Organic Search,/cooperative-learning-strategies/,170,-1128,187,-1179,1,1,0.0058823529411764705,0.0058823529411764705
Default - (not set),Direct,/about/state-authorization-status/,164,,167,,0,,0,
MSHA,Organic Search,/theory-of-change/,163,-17,157,-8,0,0,0,0
MSAAI,Referral,/artificial-intelligence-education/,163,-389,187,-398,0,-1,0,-0.0018115942028985507
CyberOps,Direct,/top-100-cybersecurity-companies/,160,-7145,161,-9021,0,0,0,0
LEPSL,Paid Search,/masters-law-enforcement-leadership/lp/law-enforcement/,158,145,187,168,13,12,0.08227848101265822,0.005355404089581295
MSAAI,Organic Search,/ai-trainer/,157,-394,168,-400,0,-4,0,-0.007259528130671506
MSAAI,Organic Search,/artificial-intelligence-finance/,156,-569,147,-580,1,0,0.00641025641025641,0.0050309460654288235
MED,Organic Search,/rethinking-education-assessment-types/,155,-49,147,-58,0,0,0,0
LEPSL,Organic Search,/masters-law-enforcement-leadership/,154,-94,273,-252,1,-3,0.006493506493506494,-0.009635525764558022
MSHA,Organic Search,/examples-of-social-change/,153,,157,,0,,0,
EML,Organic Search,/future-engineering-trends/,152,,154,,0,,0,
LEPSL,Direct,/10-innovative-police-technologies/,150,-176,147,-175,0,0,0,0
Informatics,Organic Search,/health-information-technology-jobs-salary/,150,-833,162,-911,0,-3,0,-0.003051881993896236
MSAAI,Direct,/masters-applied-artificial-intelligence/apply/,147,51,212,87,2,1,0.013605442176870748,0.0031887755102040817
MED,Organic Search,/careers-masters-curriculum-instruction/,147,97,161,95,0,0,0,0
MED,Organic Search,/manage-cell-phones-in-class-tips/,145,,156,,0,,0,
Informatics,Organic Search,/masters-health-informatics/,144,-78,277,-138,4,-5,0.027777777777777776,-0.012762762762762767
MSAAI,Direct,/artificial-intelligence-jobs/,144,-626,145,-781,0,-1,0,-0.0012987012987012987
null,Direct,/education-inequity-and-homework/,138,,138,,0,,0,
MSLDT,Organic Search,/job-aid-examples-template/,138,-297,130,-283,0,0,0,0
CyberEng,Direct,/masters-cyber-security-engineering/,137,-89,162,-263,0,-5,0,-0.022123893805309734
MSAAI,Direct,/masters-applied-artificial-intelligence/classes/,137,24,165,23,3,1,0.021897810218978103,0.004198695174730316
MESH,Organic Search,/sustainability-scholarships/,134,-50,139,-46,0,0,0,0
EML,Direct,/masters-engineering-management-leadership/,134,11,181,-18,0,0,0,0
CyberOps,Display,/masters-cyber-security-operations/lp/smartbrief-display/,134,-48,149,-49,6,-2,0.04477611940298507,0.0008200754469411126
Default - (not set),Paid Social,/lp/apply-now/,131,130,135,132,0,0,0,0
MTS,Direct,/what-is-liturgy/,130,-82,154,-95,1,1,0.007692307692307693,0.007692307692307693
MESH,Organic Search,/climate-change-careers/,129,-140,136,-118,0,-2,0,-0.007434944237918215
MSNNL,Paid Search,/masters-nursing-leadership/nursing-educator-track/,129,,195,,1,,0.007751937984496124,
MSNP,Organic Search,/nonprofit-jobs/,127,20,132,14,0,-2,0,-0.018691588785046728
LEPSL,Organic Search,/women-in-law-enforcement/,127,-539,130,-558,0,0,0,0
MSHA,Organic Search,/logical-framework-approach/,127,43,124,32,0,0,0,0
Default - (not set),Organic Search,/transformational-leadership/,124,,120,,0,,0,
MTS,Direct,/serving-god/,124,-400,131,-468,0,0,0,0
MSNP,Direct,/masters-nonprofit-leadership-management/,123,-22,260,-14,5,4,0.04065040650406504,0.03375385477992711
MED,Organic Search,/steam-education-in-schools/,123,-533,144,-528,0,-1,0,-0.001524390243902439
MSLDT,Organic Search,/addie-model-instructional-design/,123,-75,114,-91,0,0,0,0
MSLDT,Direct,/masters-learning-design-technology/,123,18,207,22,1,-1,0.008130081300813009,-0.01091753774680604
MED,Organic Search,/educational-resources-for-teachers/,121,-456,117,-451,0,0,0,0
MED,Direct,/faculty/joseph-lathan/,120,52,139,55,0,0,0,0
CyberEng,Display,/masters-cyber-security-engineering/lp/smartbrief-display/,119,-67,128,-54,1,-2,0.008403361344537815,-0.007725670913526701
CyberOps,Direct,/top-cyber-security-blogs-websites/,119,-446,109,-482,0,-2,0,-0.0035398230088495575
MSHA,Paid Search,/masters-humanitarian-action/lp/humanitarian-action/,118,-422,168,-571,13,-38,0.11016949152542373,0.015725047080979285
MESH,Organic Search,/6-best-urban-planning-careers-degree-salary-guide/,118,-238,122,-259,0,0,0,0
MED,Organic Search,/inclusive-education-strategies/,117,-518,121,-532,0,0,0,0
Data Science,Paid Search,/masters-applied-data-science/lp/study-data-science/,116,-705,145,-1111,3,-41,0.02586206896551724,-0.027731110084421858
MSHA,Organic Search,/types-of-advocacy/,113,,114,,0,,0,
MED,Organic Search,/adaptive-curriculum-for-special-education/,113,,125,,0,,0,
MED,Organic Search,/teacher-cover-letter-examples/,110,-424,100,-366,4,-2,0.03636363636363636,0.025127681307456587
MED,Organic Search,/faculty/joseph-lathan/,109,-14,119,-18,0,0,0,0
MSAAI,Organic Search,/artificial-intelligence-courses-and-certifications/,108,103,110,95,1,1,0.009259259259259259,0.009259259259259259
MED,Organic Search,/summer-jobs-teachers/,108,-103,105,-104,0,0,0,0
LEPSL,Organic Search,/what-style-police-leadership-most-effective/,106,-570,112,-588,0,-3,0,-0.004437869822485207
MED,Organic Search,/what-is-educational-technology-definition-examples-impact/,104,-946,120,-1116,0,-1,0,-0.0009523809523809524
MSAAI,Organic Search,/careers-using-python/,104,-713,114,-744,0,-1,0,-0.0012239902080783353
MSAAI,Direct,/ai-blogs/,103,-59,105,-58,0,0,0,0
MSLDT,Organic Search,/career-changes-for-teachers/,103,-779,113,-867,0,-3,0,-0.003401360544217687
MSLDT,Direct,/instructional-design-models/,102,-23,109,-16,0,0,0,0
MED,Direct,/brain-based-learning/,102,-182,99,-224,0,-1,0,-0.0035211267605633804
EML,Organic Search,/principal-engineer-vs-senior-engineer/,101,,100,,1,,0.009900990099009901,
LEPSL,Organic Search,/what-is-intelligence-led-policing/,100,-487,96,-497,0,0,0,0
CyberOps,Direct,/masters-cyber-security-operations/,100,-83,131,-276,1,-2,0.01,-0.00639344262295082
EML,Organic Search,/senior-engineer-vs-tech-lead-vs-lead-engineer/,100,-618,99,-585,0,0,0,0
MSAAI,Email,/masters-applied-artificial-intelligence/,100,83,148,114,1,0,0.01,-0.0488235294117647
MSITL,Organic Search,/information-technology-trends/,99,-312,104,-356,0,-3,0,-0.0072992700729927005
MED,Organic Search,/co-teaching-models/,98,-129,91,-137,0,0,0,0
MSNP,Organic Search,/best-nonprofit-degrees/,97,-52,115,-53,0,-2,0,-0.013422818791946308
MESH,Organic Search,/community-health-degree-jobs/,97,-273,103,-248,0,-1,0,-0.002702702702702703
MSLDT,Direct,/kirkpatrick-training-evaluation-model/,96,-38,88,-40,0,0,0,0
MTS,Organic Search,/ministry-careers/,95,-352,96,-373,0,0,0,0
MSHA,Unknown - ihsa / social,/masters-humanitarian-action/,94,,145,,8,,0.0851063829787234,
MSNNL,Display,/masters-nursing-leadership/lp/nurse-cp/,93,,99,,0,,0,
MSHA,Direct,/how-to-become-diplomat/,93,34,99,37,0,0,0,0
MED,Direct,/masters-education/,93,-167,171,-359,1,-10,0.010752688172043012,-0.031555004135649295
LEPSL,Direct,/community-policing-through-leadership/,92,85,85,79,0,0,0,0
CyberEng,Organic Search,/cyber-security-statistics/,91,-128,87,-96,0,0,0,0
MESH,Direct,/high-paying-environmental-jobs/,89,,96,,0,,0,
Data Science,Display,/masters-applied-data-science/lp/study-data-science/,88,,91,,0,,0,
MED,Direct,/what-is-educational-technology-definition-examples-impact/,88,-306,83,-397,0,0,0,0
MSLDT,Organic Search,/create-employee-training-program/,86,-952,91,-932,0,-3,0,-0.002890173410404624
Data Science,Organic Search,/quantitative-analyst-career/,85,-310,85,-343,0,0,0,0
MED,Organic Search,/per-pupil-education-spending-by-state/,84,-57,84,-59,0,0,0,0
Informatics,Direct,/8-technologies-changing-healthcare/,83,-404,77,-473,0,0,0,0
MSAAI,Display,/masters-applied-artificial-intelligence/lp/study-artificial-intelligence/,82,-528,90,-676,1,0,0.012195121951219513,0.01055577768892443
EML,Direct,/future-engineering-trends/,82,,79,,0,,0,
MED,Referral,/teacher-centered-vs-student-centered-learning/,82,-49,84,-49,3,2,0.036585365853658534,0.028951778067398994
MTS,Organic Search,/liturgy-of-the-hours/,81,,83,,0,,0,
MSLDT,Paid Social,/masters-learning-design-technology/lp/study-learning-design-technology/,81,-37,86,-43,1,-1,0.012345679012345678,-0.004603473530027203
MED,AI Traffic,/education-inequity-and-homework/,80,-302,89,-373,0,0,0,0
CyberOps,Organic Search,/ethical-hacker-career-salary-guide/,79,-679,90,-841,0,-2,0,-0.002638522427440633
MED,Direct,/co-teaching-models/,79,24,64,0,0,0,0,0
MTS,Organic Search,/how-to-become-a-spiritual-director/,79,,84,,0,,0,
MTS,Organic Search,/jobs-for-catholics/,79,-102,88,-134,0,-2,0,-0.011049723756906077
MSHA,Organic Search,/top-humanitarian-degrees/,79,-275,84,-364,0,-4,0,-0.011299435028248588
MESH,Organic Search,/career-changes-for-engineers/,77,-95,79,-90,0,0,0,0
MSLDT,Organic Search,/learning-objectives-examples/,76,,76,,0,,0,
MED,Organic Search,/differentiated-instruction/,76,-367,73,-387,0,0,0,0
MSNNL,Paid Search,/masters-nursing-leadership/apply/,76,73,99,92,1,1,0.013157894736842105,0.013157894736842105
MSAAI,Direct,/artificial-intelligence-finance/,76,-181,72,-197,0,0,0,0
Data Science,Direct,/masters-applied-data-science/,74,-124,98,-194,1,-2,0.013513513513513514,-0.0016380016380016377
MED,Direct,/best-masters-degrees-for-teachers/,74,-2173,78,-2889,0,0,0,0
MSLDT,Organic Search,/top-instructional-design-software/,74,-240,71,-211,1,1,0.013513513513513514,0.013513513513513514
MED,Direct,/teaching-to-every-students-unique-learning-style/,73,-189,84,-285,0,-2,0,-0.007633587786259542
MESH,Organic Search,/ngo-careers/,71,-385,75,-385,1,1,0.014084507042253521,0.014084507042253521
MSAAI,Direct,/application-of-ai-in-robotics/,71,-5724,70,-6332,0,-1,0,-0.0001725625539257981
MED,Organic Search,/instructional-leadership/,71,-118,71,-148,0,-1,0,-0.005291005291005291
MSAAI,Organic Search,/machine-learning-podcast/,70,-272,72,-277,0,0,0,0
Default - (not set),Organic Search,/programs/,70,,97,,0,,0,
Default - (not set),Direct,/tuition-financial-aid/tuition/,70,,75,,0,,0,
MSHA,Direct,/masters-humanitarian-action/,70,-8,120,-30,0,-3,0,-0.038461538461538464
MED,Direct,/steam-education-in-schools/,69,-125,70,-152,0,0,0,0
MSITL,Direct,/it-job-titles/,69,-25,92,-9,0,0,0,0
MTS,Direct,/masters-theological-studies/,69,-91,119,-155,0,-2,0,-0.0125
EML,Display,/masters-engineering-management-leadership/lp/ppc/,69,-710,70,-798,1,-24,0.014492753623188406,-0.01759967256423136
MED,Direct,/inclusive-education-strategies/,68,-300,68,-359,0,-1,0,-0.002717391304347826
MED,Direct,/differentiated-instruction/,68,-138,60,-146,0,0,0,0
"Default - business-entrepreneurship,computer-science,technology",Organic Search,/ai-for-teachers/,67,,69,,0,,0,
MSNNL,Direct,/masters-nursing-leadership/,67,2,153,24,3,0,0.04477611940298507,-0.0013777267508610844
MED,Organic Search,/masters-education/,67,-157,97,-303,1,-3,0.014925373134328358,-0.0029317697228144982
MTS,Direct,/catholic-charism-comparison/,66,4,70,2,0,0,0,0
MSAAI,Referral,/artificial-intelligence-business/,66,12,65,14,2,2,0.030303030303030304,0.030303030303030304
MSHA,Direct,/examples-of-social-change/,65,,68,,0,,0,
MSLDT,Organic Social,/instructional-design-interview-questions/,64,,66,,0,,0,
MSHA,Direct,/humanitarian-intervention-success-stories/,64,0,71,-27,1,1,0.015625,0.015625
MSLDT,Organic Search,/masters-learning-design-technology/,64,-84,150,-117,1,0,0.015625,0.008868243243243243
MED,Direct,/teacher-resume-examples/,63,-93,57,-102,3,1,0.047619047619047616,0.0347985347985348
CyberEng,Organic Search,/cyber-crime-investigator-career/,63,-295,68,-370,0,-1,0,-0.002793296089385475
MSLDT,Organic Search,/instructional-technology-tools/,63,-347,62,-343,1,1,0.015873015873015872,0.015873015873015872
MSITL,Organic Search,/it-careers-after-help-desk/,63,-76,61,-77,0,0,0,0
MSITL,Organic Search,/technology-degrees/,63,45,67,42,0,0,0,0
MSAAI,Organic Search,/best-artificial-intelligence-degrees/,62,-987,65,-1219,1,-9,0.016129032258064516,0.006596143792859558
MED,Direct,/cooperative-learning-strategies/,62,-126,56,-152,0,-2,0,-0.010638297872340425
MSNP,Organic Search,/nonprofit-grant-databases/,62,-361,62,-325,1,1,0.016129032258064516,0.016129032258064516
MSHA,Direct,/human-rights-violation-definition/,62,,69,,0,,0,
MSAAI,Direct,/ai-ethicist-career/,62,-94,61,-116,0,-1,0,-0.00641025641025641
MSHA,Organic Search,/international-affairs-careers/,61,-226,67,-227,0,0,0,0
LEPSL,Organic Search,/top-5-trends-in-law-enforcement/,61,-293,64,-323,0,0,0,0
CyberEng,Direct,/masters-cyber-security-engineering/classes/,61,-8,61,-5,0,0,0,0
MSLDT,Direct,/what-is-instructional-design-examples/,61,-111,60,-125,0,0,0,0
MED,Direct,/adaptive-curriculum-for-special-education/,60,,55,,0,,0,
MSNP,Organic Search,/grant-writer-career/,60,36,71,38,0,0,0,0
LEPSL,Organic Search,/why-police-officer-education-is-important/,60,-128,59,-148,0,0,0,0
Default - (not set),Direct,/admissions/how-to-apply/,60,,67,,2,,0.03333333333333333,
EML,Organic Search,/masters-engineering-management-leadership/,59,-5,106,5,1,0,0.01694915254237288,0.0013241525423728813
MSNP,Organic Search,/ngo-vs-nonprofit/,59,,60,,0,,0,
MSLDT,Referral,/instructional-design-models/,59,47,57,46,0,0,0,0
CyberEng,Organic Search,/network-forensics-tools/,58,-319,50,-301,0,0,0,0
MTS,Organic Search,/religious-vocational-discernment/,58,-144,62,-143,0,0,0,0
Informatics,Paid Social,/masters-health-informatics/lp/study-health-informatics/,57,2,60,-6,1,-1,0.017543859649122806,-0.018819776714513556
Default - (not set),Organic Search,/student-support/office-of-financial-aid-services/,57,30,63,31,0,0,0,0
Default - (not set),Direct,/admissions/,56,,66,,2,,0.03571428571428571,
Default - (not set),Direct,/online-programs/,56,,57,,0,,0,
MTS,Organic Search,/why-study-theology/,56,-331,59,-369,0,-1,0,-0.002583979328165375
CyberEng,Organic Search,/masters-cyber-security-engineering/,55,-96,79,-236,0,-4,0,-0.026490066225165563
MED,Organic Search,/teacher-resume-examples/,55,-1231,63,-1177,2,-49,0.03636363636363636,-0.0032942174466280214
MTS,Organic Search,/how-to-regain-your-faith/,54,-178,57,-202,0,0,0,0
MSNP,Organic Search,/nonprofit-executive-director/,53,30,59,27,0,-1,0,-0.043478260869565216
MSNP,Organic Search,/nonprofit-operations-career/,52,,53,,0,,0,
CyberOps,Direct,/ethical-hacker-career-salary-guide/,52,-112,58,-167,0,-2,0,-0.012195121951219513
MSITL,Direct,/information-technology-trends/,52,-60,51,-81,0,0,0,0
MSAAI,Direct,/ai-trainer/,52,-11,55,-15,0,0,0,0
CyberEng,Organic Search,/black-vs-gray-vs-white-hat-hackers/,51,-198,48,-268,0,0,0,0
Data Science,Organic Search,/sports-analytics-careers/,51,-52,62,-37,1,1,0.0196078431372549,0.0196078431372549
MSAAI,Paid Search,/masters-applied-artificial-intelligence/,50,-38,73,-88,2,-5,0.04,-0.03954545454545454
LEPSL,Organic Search,/police-conflict-management-strategies/,50,-75,52,-78,0,0,0,0
Default - (not set),Direct,/programs/,50,,72,,2,,0.04,
LEPSL,Email,/masters-law-enforcement-leadership/,50,-23,57,-47,1,1,0.02,0.02
MSHA,Direct,/logical-framework-approach/,50,43,50,43,0,0,0,0
MED,Direct,/rethinking-education-assessment-types/,49,1,53,-8,0,0,0,0
MSITL,Organic Search,/it-organizational-structure/,49,-1,44,-5,0,0,0,0
MESH,Direct,/masters-engineering-sustainability-health/,49,-26,57,-88,0,-2,0,-0.02666666666666667
MSAAI,AI Traffic,/ai-blogs/,49,-40,57,-41,0,0,0,0
MSNP,Organic Search,/masters-nonprofit-leadership-management/,49,-29,86,-74,5,2,0.10204081632653061,0.06357927786499215
CyberOps,Organic Search,/masters-cyber-security-operations/,49,-68,95,-148,2,-1,0.04081632653061224,0.015175300889586602
MSHA,Organic Search,/social-advocacy-definition/,49,,46,,0,,0,
MED,Direct,/manage-cell-phones-in-class-tips/,49,,52,,0,,0,
MSNNL,Paid Search,/masters-nursing-leadership/nursing-informatics-track/,49,,88,,1,,0.02040816326530612,
MSAAI,AI Traffic,/artificial-intelligence-education/,49,-1248,56,-1478,0,-2,0,-0.0015420200462606013
MESH,Organic Search,/top-degrees-for-social-justice-careers/,48,-69,55,-71,0,0,0,0
MSAAI,Organic Search,/artificial-intelligence-scholarships/,48,-531,55,-527,0,-8,0,-0.013816925734024179
MSITL,Display,/masters-information-technology-leadership/lp/ppc/,48,,52,,3,,0.0625,
EML,Organic Search,/engineering-manager-skills/,47,-99,44,-91,0,0,0,0
MSLDT,Direct,/create-employee-training-program/,47,-115,47,-124,0,0,0,0
MSAAI,Referral,/masters-applied-artificial-intelligence/,47,-149,126,-332,6,-4,0.1276595744680851,0.07663916630481979
LEPSL,Direct,/what-style-police-leadership-most-effective/,46,-89,51,-109,0,0,0,0
Informatics,Direct,/masters-health-informatics/health-informatics-track/,46,9,48,11,0,0,0,0
Data Science,Direct,/masters-applied-data-science/classes/,45,-10,63,-25,0,-1,0,-0.01818181818181818
MED,Referral,/co-teaching-models/,45,34,41,30,0,0,0,0
MED,AI Traffic,/complete-list-teaching-methods/,45,-5,53,-13,0,0,0,0
Informatics,Direct,/masters-health-informatics/health-analytics-track/,45,22,58,38,2,2,0.044444444444444446,0.044444444444444446
MED,Direct,/instructional-leadership/,45,10,41,3,0,0,0,0
MESH,Direct,/ngo-careers/,45,-195,47,-228,0,-1,0,-0.004166666666666667
MED,Organic Search,/what-grade-should-you-teach/,44,,44,,0,,0,
MTS,Organic Search,/what-is-lay-ministry/,44,-280,48,-321,0,0,0,0
MSLDT,Direct,/job-aid-examples-template/,44,-5,43,0,0,0,0,0
MTS,Paid Search,/masters-theological-studies/apply/,44,-57,76,-47,0,-1,0,-0.009900990099009901
EML,Organic Search,/engineering-management-leadership-certifications/,44,-140,41,-143,0,-1,0,-0.005434782608695652
Default - (not set),Direct,/tuition-financial-aid/,44,,68,,0,,0,
MTS,Organic Search,/what-is-ecospirituality/,43,-129,47,-135,0,0,0,0
Default - (not set),Organic Search,/tuition-financial-aid/tuition/,43,,39,,0,,0,
MSNP,Organic Search,/public-administration-careers/,43,,44,,0,,0,
MTS,Organic Search,/how-to-become-a-catholic-school-teacher/,43,-141,52,-152,0,0,0,0
MTS,Display,/masters-theological-studies/,43,,55,,0,,0,
MSAAI,Organic Search,/machine-learning-engineer-career/,43,-177,50,-176,0,0,0,0
MED,Organic Search,/master-education-vs-master-arts-teaching/,42,-226,47,-230,0,0,0,0
MTS,Organic Search,/moral-theology/,42,-163,54,-193,1,1,0.023809523809523808,0.023809523809523808
CyberEng,Organic Search,/cybersecurity-vs-it-degree/,42,-99,45,-106,0,0,0,0
MSLDT,Organic Social,/masters-learning-design-technology/,42,23,45,10,0,0,0,0
LEPSL,Referral,/masters-law-enforcement-leadership/lp/fop/,42,-113,47,-119,0,-5,0,-0.03225806451612903
MSAAI,Direct,/resources/msaai-online-artificial-intelligence-self-assessment/,42,,58,,0,,0,
MESH,Organic Search,/environmental-justice-careers/,42,,41,,0,,0,
MTS,Organic Search,/ways-to-deepen-your-faith/,42,2,47,0,0,0,0,0
MSLDT,Direct,/addie-model-instructional-design/,42,6,48,12,0,0,0,0
MED,Referral,/complete-list-teaching-methods/,42,-154,48,-166,0,-3,0,-0.015306122448979591
Default - (not set),Direct,/employer-partnership/,42,-71,54,-127,1,1,0.023809523809523808,0.023809523809523808
MESH,Organic Search,/environmental-science-vs-engineering-degree/,41,-84,44,-73,0,0,0,0
Default - (not set),Direct,/admitted-students/,41,,42,,0,,0,
MSAAI,Organic Search,/artificial-intelligence-developer-career/,41,-134,41,-161,0,0,0,0
MED,Organic Search,/masters-education/specializations/steam/,41,-13,52,-24,0,-2,0,-0.037037037037037035
CyberEng,Email,/masters-cyber-security-engineering/,40,35,50,42,0,0,0,0
LEPSL,Direct,/police-communication-important-today/,40,-57,41,-63,0,0,0,0
MTS,Organic Search,/philosophy-degree-jobs/,40,-347,41,-358,0,0,0,0
MSAAI,Organic Search,/masters-applied-artificial-intelligence/apply/,40,0,73,32,0,-1,0,-0.025
MESH,Organic Search,/social-justice-careers/,40,-64,43,-63,0,0,0,0
CyberEng,Organic Search,/masters-cyber-security-engineering/lp/cyber-security-engineering/,40,19,56,32,2,1,0.05,0.0023809523809523864
MSLDT,Organic Search,/how-to-become-a-curriculum-designer/,40,-161,40,-181,2,1,0.05,0.04502487562189055
MED,Direct,/educational-resources-for-teachers/,39,-16,38,-26,0,0,0,0
Default - business-entrepreneurship,Organic Search,/best-engineering-software/,39,,37,,0,,0,
LEPSL,Direct,/masters-law-enforcement-leadership/classes/,39,4,44,10,0,0,0,0
MSITL,Direct,/masters-information-technology-leadership/,39,-18,61,-94,1,-3,0.02564102564102564,-0.044534412955465584
MED,Direct,/masters-education/specializations/special-ed/,39,15,76,45,0,-1,0,-0.041666666666666664
CyberEng,Direct,/masters-cyber-security-engineering/apply/,39,-64,41,-82,0,-1,0,-0.009708737864077669
MSAAI,Organic Search,/masters-applied-artificial-intelligence/classes/,39,-47,57,-65,2,-1,0.05128205128205128,0.016398330351818723
MESH,Organic Search,/jobs-that-make-difference/,38,-190,38,-204,0,0,0,0
MSAAI,Organic Search,/ai-governance/,38,-68,32,-75,2,0,0.05263157894736842,0.033763654419066536
MED,Direct,/bilingual-education/,38,16,28,1,0,0,0,0
MESH,Organic Search,/blog-msph-vs-mph-degree-comparison/,38,-186,38,-181,0,0,0,0
Default - (not set),Direct,/forms/,38,-18,83,-183,4,-4,0.10526315789473684,-0.03759398496240601
Informatics,Direct,/,37,-3,112,-50,0,-2,0,-0.05
MED,Organic Search,/technology-in-the-classroom/,37,-41,37,-54,0,0,0,0
MSAAI,Organic Search,/ethics-in-artificial-intelligence/,37,-29,35,-18,0,0,0,0
MTS,Organic Search,/how-to-get-more-involved-in-church/,36,-315,36,-349,0,0,0,0
LEPSL,Organic Search,/criminal-justice-masters-degree-comparison/,36,-72,39,-82,0,0,0,0
CyberEng,Direct,/cyber-security-statistics/,36,5,32,-3,0,0,0,0
MTS,Organic Search,/nature-spirituality/,36,-205,40,-208,0,0,0,0
Informatics,Organic Search,/healthcare-informatics-jobs-salary/,36,-19,40,-12,0,0,0,0
Data Science,Organic Search,/coding-salary/,36,1,42,-1,0,0,0,0
LEPSL,Direct,/what-is-intelligence-led-policing/,36,-22,33,-20,0,0,0,0
MSLDT,Direct,/instructional-technology-tools/,35,-112,38,-126,0,0,0,0
Default - (not set),Organic Search,/bringing-a-product-to-market/,35,,33,,0,,0,
MED,Direct,/best-paying-school-districts-ca-teachers/,35,-29,36,-29,0,0,0,0
Default - (not set),Organic Search,/online-programs/,35,,42,,0,,0,
MTS,Organic Search,/religious-studies-degree-jobs/,35,-115,37,-119,0,0,0,0
MESH,Email,/masters-engineering-sustainability-health/lp/dyna/,35,-133,39,-134,0,0,0,0
Data Science,Direct,/masters-applied-data-science/apply/,35,0,36,-31,0,0,0,0
MTS,Direct,/minimalist-catholic/,35,8,38,4,0,0,0,0
LEPSL,Display,/masters-law-enforcement-leadership/lp/request-info/,34,-27,35,-38,0,-2,0,-0.03278688524590164
MTS,Direct,/theology-careers/,34,-23,38,-20,0,0,0,0
MSAAI,Paid Social,/masters-applied-artificial-intelligence/classes/,34,,34,,0,,0,
MSNP,Organic Search,/business-masters-degrees-types/,34,-18,34,-17,0,0,0,0
MSLDT,Direct,/learning-objectives-examples/,34,,41,,0,,0,
CyberOps,Referral,/cyber-security-information-security-network-security/,34,11,37,9,0,0,0,0
MSHA,Organic Search,/refugee-aid-careers/,34,-59,43,-46,0,0,0,0
MSAAI,Direct,/entry-level-ai-careers/,33,-29,32,-36,0,0,0,0
MTS,Organic Search,/st-francis-of-assisi-and-franciscan-theology/,33,-165,32,-233,0,0,0,0
MSNP,Direct,/masters-nonprofit-leadership-management/classes/,33,0,34,-37,0,0,0,0
Data Science,Organic Search,/what-is-data-analytics/,33,-62,32,-52,0,0,0,0
MSLDT,Direct,/top-instructional-design-software/,33,2,34,1,1,1,0.030303030303030304,0.030303030303030304
MED,Organic Search,/education-specialist/,33,-134,36,-137,0,0,0,0
LEPSL,Organic Search,/why-military-vets-should-consider-career-in-criminal-justice/,33,17,35,20,0,0,0,0
LEPSL,Organic Search,/masters-law-enforcement-leadership/classes/,33,-8,42,-5,1,1,0.030303030303030304,0.030303030303030304
Data Science,Organic Search,/masters-applied-data-science/,33,-73,47,-196,0,-4,0,-0.03773584905660377
Informatics,Paid Search,/,33,-99,135,-284,0,-3,0,-0.022727272727272728
MSLDT,Organic Search,/instructional-technologist-career/,33,7,27,1,0,0,0,0
MED,Organic Search,/bilingual-education/,32,-141,26,-143,0,0,0,0
MSAAI,Organic Search,/open-source-ai-tools/,32,-12,36,-4,1,1,0.03125,0.03125
MSHA,Direct,/theory-of-change/,32,-3,30,-8,0,0,0,0
MESH,Organic Search,/best-sustainability-podcasts/,32,-89,30,-81,0,0,0,0
MESH,Organic Search,/environmental-scientist-career/,32,-57,30,-59,0,0,0,0
MSAAI,Direct,/ethics-in-artificial-intelligence/,32,-17,31,-25,0,0,0,0
MED,Direct,/masters-education/apply/,32,5,33,11,0,0,0,0
MESH,Organic Search,/community-health-worker-certification/,32,,34,,0,,0,
MESH,Organic Search,/environmental-policy-analyst-career/,32,-51,33,-53,0,0,0,0
MSLDT,Organic Search,/instructional-design-interview-questions/,32,,28,,0,,0,
MESH,Direct,/masters-engineering-sustainability-health/apply/,32,-73,36,-166,0,-2,0,-0.01904761904761905
MED,Referral,/brain-based-learning/,32,-41,27,-43,0,0,0,0
MED,Organic Search,/teach-in-private-or-public-school/,31,,33,,0,,0,
MSHA,Organic Search,/emergency-management-coordinator-career/,31,-34,30,-43,0,0,0,0
MESH,Organic Search,/sustainability-consultant-career/,31,-16,35,-11,1,1,0.03225806451612903,0.03225806451612903
Data Science,Organic Search,/data-science-vs-software-engineering/,31,-280,30,-270,0,0,0,0
MSAAI,Direct,/ai-research-scientist-career/,31,-46,32,-78,0,0,0,0
MSNP,Organic Search,/benefits-of-working-in-nonprofit/,31,-14,32,-16,0,0,0,0
MTS,Organic Search,/minimalist-catholic/,31,-74,34,-78,0,0,0,0
Informatics,Direct,/masters-health-informatics/apply/,31,-20,29,-35,1,1,0.03225806451612903,0.03225806451612903
MESH,Organic Search,/sustainability-degree-options/,31,-22,32,-22,0,0,0,0
MESH,Direct,/masters-engineering-sustainability-health/classes/,30,-16,34,-23,0,0,0,0
CyberOps,Organic Search,/best-jobs-in-cyber-security/,30,-367,31,-440,0,-2,0,-0.005037783375314861
MTS,Direct,/nature-spirituality/,30,-27,26,-40,0,0,0,0
MED,Organic Search,/best-teacher-blogs/,30,-259,36,-300,0,-1,0,-0.0034602076124567475
MED,Paid Social,/masters-education/lp/online-med/,30,-72,31,-81,2,-2,0.06666666666666667,0.027450980392156862
MSAAI,Organic Search,/nlp-engineer-career/,30,-198,29,-214,0,-1,0,-0.0043859649122807015
Data Science,Organic Search,/business-intelligence-certifications/,30,-185,31,-192,0,0,0,0
Data Science,Direct,/resources/msads-request-program-brochure/,29,20,39,28,3,2,0.10344827586206896,-0.007662835249042141
MSNNL,Unknown - social / social,/masters-nursing-leadership/lp/nurse-cp/,29,,28,,0,,0,
MSAAI,Organic Search,/artificial-intelligence-bootcamps/,29,-49,29,-51,0,0,0,0
Data Science,Paid Social,/data-science-vs-software-engineering/,29,,28,,0,,0,
Data Science,Organic Search,/companies-hiring-data-scientists/,29,27,31,29,0,0,0,0
CyberEng,Organic Search,/cyber-security-salary-california/,29,,30,,0,,0,
Default - (not set),Direct,/offers/oed-leads/,29,-103,33,-240,0,0,0,0
Informatics,Organic Search,/nurse-leader-vs-nurse-manager/,29,,32,,0,,0,
MED,Organic Search,/masters-education/specializations/,29,13,27,-13,0,0,0,0
MTS,Direct,/religious-vocational-discernment/,29,-2,27,-13,0,0,0,0
LEPSL,Organic Search,/community-policing-through-leadership/,29,13,37,23,0,0,0,0
Data Science,Organic Search,/data-scientist-salary-guide/,28,-6,30,-9,0,0,0,0
Data Science,Organic Search,/data-communication/,28,-298,32,-311,0,0,0,0
CyberEng,Organic Search,/cyber-threat-intelligence-analyst/,28,-125,23,-181,0,0,0,0
MSLDT,Organic Search,/ai-instructional-design/,28,-17,33,-20,1,1,0.03571428571428571,0.03571428571428571
Informatics,Direct,/education/,28,10,28,10,0,0,0,0
MSHA,Direct,/types-of-advocacy/,28,,30,,0,,0,
EML,Direct,/principal-engineer-vs-senior-engineer/,27,,27,,0,,0,
MSNP,Organic Search,/donor-management-software/,27,,28,,0,,0,
CyberOps,Organic Search,/cyber-security-information-security-network-security/,27,-319,25,-359,0,-2,0,-0.005780346820809248
CyberOps,Direct,/cyber-security-information-security-network-security/,27,-97,23,-103,0,0,0,0
LEPSL,Referral,/masters-law-enforcement-leadership/,27,-28,49,-68,0,-1,0,-0.01818181818181818
MSLDT,Organic Search,/educational-technology-jobs/,27,-131,28,-148,0,-1,0,-0.006329113924050633
MSAAI,AI Traffic,/artificial-intelligence-courses-and-certifications/,27,25,27,24,0,0,0,0
MSAAI,Direct,/resources/free-ms-aai-program-brochure/,27,13,41,19,2,1,0.07407407407407407,0.0026455026455026454
MSNNL,Direct,/masters-nursing-leadership/apply/,27,18,32,-1,0,0,0,0
Default - (not set),Organic Search,/admissions/,27,,30,,1,,0.037037037037037035,
MED,Direct,/,26,-82,110,-377,0,0,0,0
Informatics,Direct,/masters-health-informatics/classes/,26,6,25,-54,0,-1,0,-0.05
MSITL,Organic Search,/systems-engineer-career/,26,-151,26,-139,0,0,0,0
MSAAI,Organic Search,.translate.goog/artificial-intelligence-education/,26,-25,29,-26,0,0,0,0
Default - (not set),Organic Search,/admitted-students/,26,,29,,0,,0,
MTS,Organic Search,/masters-theological-studies/,26,-45,90,-92,0,-6,0,-0.08450704225352113
MSAAI,Direct,/masters-applied-artificial-intelligence/lp/study-artificial-intelligence/,26,-72,28,-132,0,-2,0,-0.02040816326530612
MSHA,Direct,/international-aid-worker-tips/,26,-132,32,-132,0,0,0,0
CyberOps,Direct,/masters-cyber-security-operations/classes/,26,-14,26,-20,0,0,0,0
Default - (not set),Direct,/gfembed/,26,21,26,20,0,0,0,0
MTS,Organic Search,.translate.goog/what-is-liturgy/,26,-41,30,-54,0,0,0,0
Data Science,Referral,/business-intelligence-certifications/,26,25,30,29,0,0,0,0
Informatics,Paid Search,/masters-health-informatics/,26,-7,48,-7,1,1,0.038461538461538464,0.038461538461538464
EML,Organic Search,/chief-engineer-officer-career/,26,-141,26,-156,0,-2,0,-0.011976047904191617
MSLDT,Direct,/masters-learning-design-technology/apply/,26,5,43,2,0,0,0,0
LEPSL,Organic Search,/masters-law-enforcement-leadership/lp/criminal-justice/,26,-2,38,-21,3,-3,0.11538461538461539,-0.09890109890109888
MSNP,Organic Search,/nonprofit-certificate-programs/,26,-72,30,-93,0,-2,0,-0.02040816326530612
Default - (not set),Organic Search,/mba-interview-questions/,26,-9,21,-10,0,0,0,0
EML,Organic Search,/lead-engineer-career/,26,-82,30,-84,1,1,0.038461538461538464,0.038461538461538464
MTS,Direct,/liturgy-of-the-hours/,26,,31,,0,,0,
MESH,Direct,/sustainability-scholarships/,26,-11,27,-8,0,0,0,0
MED,Organic Search,/,25,-110,74,-429,0,-1,0,-0.007407407407407408
Informatics,Organic Search,/what-skills-do-you-need-to-work-in-health-care-informatics/,25,-131,25,-137,0,-2,0,-0.01282051282051282
CyberOps,Organic Search,/information-assurance-vs-cybersecurity/,25,-122,30,-114,0,-1,0,-0.006802721088435374
MSAAI,Organic Search,/ai-research-scientist-career/,25,-373,25,-413,0,0,0,0
LEPSL,Direct,/masters-law-enforcement-leadership/apply/,25,15,24,17,0,0,0,0
MESH,Direct,/career-changes-for-engineers/,25,-60,24,-95,0,0,0,0
Informatics,Direct,/bachelors-nursing/,25,,37,,0,,0,
MESH,Organic Search,/sustainability-engineer-career/,25,-59,23,-61,0,0,0,0
MSITL,Direct,/masters-information-technology-leadership/lp/ppc/,25,-9,36,-43,2,2,0.08,0.08
MSAAI,Direct,/artificial-intelligence-scholarships/,25,-53,25,-64,0,0,0,0
Data Science,Organic Search,/how-to-become-a-computer-scientist-salary-career-guide/,24,-39,22,-51,0,0,0,0
CyberEng,Direct,/black-vs-gray-vs-white-hat-hackers/,24,-20,23,-35,0,0,0,0
Informatics,Organic Search,/health-information-management-vs-health-informatics/,24,-122,25,-126,0,-1,0,-0.00684931506849315
MSHA,Organic Search,/humanitarian-aid-certificate-courses/,24,-46,32,-32,0,0,0,0
MED,Organic Social,/education-inequity-and-homework/,24,-130,36,-217,0,0,0,0
LEPSL,Direct,/women-in-law-enforcement/,24,-100,23,-127,0,0,0,0
MSLDT,Direct,/instructional-design-interview-questions/,24,,30,,0,,0,
CyberEng,Paid Search,/masters-cyber-security-engineering/,24,-7,28,-15,0,-2,0,-0.06451612903225806
MED,Organic Search,/can-you-teach-with-a-bachelors-degree/,24,-216,26,-242,0,0,0,0
CyberEng,AI Traffic,/masters-cyber-security-engineering/,24,16,25,19,0,0,0,0
MSLDT,Organic Search,/what-is-learning-design/,23,-89,29,-99,0,0,0,0
Informatics,Organic Search,/ai-healthcare/,23,-147,25,-159,0,0,0,0
Informatics,Direct,/health-information-technology-jobs-salary/,23,-39,23,-41,0,0,0,0
MSITL,Paid Search,/masters-information-technology-leadership/classes/applied-ai-specialization/,23,,36,,2,,0.08695652173913043,
MSNP,Direct,/nonprofit-jobs/,23,7,22,-9,0,0,0,0
Informatics,Organic Search,/do-you-need-health-informatics-certification/,23,-54,31,-69,0,-1,0,-0.012987012987012988
MED,Direct,/masters-education/specializations/curriculum-and-instruction/,23,-17,29,-33,0,-1,0,-0.025
MSAAI,Paid Search,/masters-applied-artificial-intelligence/apply/,23,-38,34,-49,0,-2,0,-0.03278688524590164
MSHA,Direct,/masters-humanitarian-action/classes/,23,-8,30,-33,1,0,0.043478260869565216,0.011220196353436185
MTS,Direct,/st-francis-of-assisi-and-franciscan-theology/,23,-41,15,-49,0,0,0,0
MESH,Direct,/6-best-urban-planning-careers-degree-salary-guide/,23,-29,25,-28,0,0,0,0
MSITL,Organic Search,/it-career-paths/,23,-181,21,-179,0,0,0,0
MSLDT,Organic Search,/learning-experience-design/,23,-15,32,-10,0,0,0,0
MSITL,Organic Search,/how-to-become-a-site-reliability-engineer/,22,-31,23,-32,0,0,0,0
LEPSL,Organic Search,/risk-management-in-law-enforcement/,22,-75,21,-88,0,0,0,0
EML,Direct,/masters-engineering-management-leadership/curriculum/,22,16,26,18,0,0,0,0
MTS,Email,/masters-theological-studies/,22,6,42,9,4,3,0.18181818181818182,0.11931818181818182
LEPSL,Direct,/blog/police-leadership/,22,17,39,34,0,0,0,0
CyberOps,Organic Search,/malware-analyst-career-guide/,22,-110,22,-142,0,-2,0,-0.015151515151515152
Data Science,Direct,/best-computer-science-jobs/,22,-24,23,-36,0,0,0,0
MESH,Direct,/environmental-scientist-career/,22,-20,23,-25,0,0,0,0
LEPSL,Organic Search,/faculty/wendy-patrick/,22,-69,24,-73,0,0,0,0
MED,Direct,/careers-masters-curriculum-instruction/,22,13,22,13,0,0,0,0
Informatics,Organic Search,/5-exciting-health-care-informatics-projects/,22,-84,24,-86,0,-1,0,-0.009433962264150943
MSLDT,Direct,/masters-learning-design-technology/classes/,22,8,60,35,0,0,0,0
EML,Organic Search,/manage-engineering-team/,21,-38,21,-32,0,0,0,0
MED,Referral,/instructional-leadership/,21,,29,,0,,0,
MTS,Paid Search,/masters-theological-studies/,21,-72,27,-101,0,-3,0,-0.03225806451612903
MED,Organic Search,/masters-education/specializations/curriculum-and-instruction/,21,-8,23,-37,0,-3,0,-0.10344827586206896
MSAAI,Organic Search,/data-scientist-vs-artificial-intelligence-engineer/,21,-348,20,-342,0,0,0,0
Default - (not set),Referral,/,21,,31,,0,,0,
EML,Referral,/masters-engineering-management-leadership/,21,2,41,8,2,2,0.09523809523809523,0.09523809523809523
MSNNL,Organic Search,/nursing-leadership-roles/,21,,23,,0,,0,
CyberOps,Organic Search,/cyber-security-specialist-career-guide/,21,-69,30,-78,0,0,0,0
MSLDT,Direct,/,21,-5,146,-69,0,0,0,0
CyberEng,Organic Search,/cyber-security-vs-software-engineering/,21,,23,,0,,0,
MTS,Referral,/masters-theological-studies/,21,-45,29,-192,1,-8,0.047619047619047616,-0.08874458874458874
MSHA,Organic Search,/what-makes-a-good-humanitarian-important-skills/,21,-77,21,-77,0,0,0,0
MESH,Direct,/climate-change-careers/,21,-9,22,-11,0,0,0,0
CyberEng,Direct,/cyber-crime-investigator-career/,21,-37,20,-55,0,0,0,0
MSLDT,Organic Search,/instructional-design-vs-learning-experience-design/,21,-13,23,-12,1,1,0.047619047619047616,0.047619047619047616
MESH,Organic Search,/best-sustainability-certifications/,21,-206,23,-194,0,-1,0,-0.004405286343612335
MED,Direct,/masters-education/specializations/,21,-8,24,-7,0,0,0,0
CyberOps,Direct,/cryptographer-career/,21,-3,19,-8,0,0,0,0
MESH,Organic Search,/environmental-studies-vs-environmental-science-degree/,21,-69,21,-69,0,0,0,0
MED,Organic Search,/masters-education-non-teachers-offers-options/,21,-126,27,-182,1,-1,0.047619047619047616,0.03401360544217687
MSAAI,Direct,/university-of-san-diego-launches-full-time-on-campus-masters-degree-programs-in-applied-artificial-intelligence-and-cyber-security-engineering/,21,,26,,0,,0,
MSNP,Organic Search,/volunteer-management-software/,20,13,21,14,0,0,0,0
MSNP,Referral,/masters-nonprofit-leadership-management/,20,-20,32,-54,0,-1,0,-0.025
MSNNL,Direct,/masters-nursing-leadership/classes/,20,12,31,25,0,0,0,0
Default - (not set),Paid Search,/tuition-financial-aid/tuition/,20,,22,,0,,0,
MESH,Paid Search,/masters-engineering-sustainability-health/,20,4,27,-26,0,0,0,0
MSLDT,Referral,/instructional-design-best-practices/,20,-17,17,-15,0,0,0,0
MSLDT,Organic Search,/instructional-design-best-practices/,20,-76,19,-83,1,-1,0.05,0.02916666666666667
MED,Direct,/masters-education/specializations/school-leadership/,20,-11,27,-12,0,0,0,0
CyberEng,Unknown - hackgd-conference / offline,/masters-cyber-security-engineering/lp/dyna/,20,,31,,10,,0.5,
MESH,Organic Search,/environmental-planner-career/,20,,18,,0,,0,
Default - (not set),Direct,/about/,20,-1,26,2,0,0,0,0
EML,Paid Search,/masters-engineering-management-leadership/,20,-10,21,-21,0,0,0,0
CyberOps,Organic Search,/data-protection-officer-career-guide/,20,-101,20,-107,0,0,0,0
Data Science,Direct,/quantitative-analyst-career/,20,-69,18,-76,0,0,0,0
EML,Organic Search,/engineering-masters-degrees/,20,-21,21,-29,0,0,0,0
Informatics,Organic Search,/masters-health-informatics/apply/,20,-8,24,-1,0,0,0,0
Informatics,Direct,/what-is-health-informatics/,20,-4,18,-20,0,0,0,0
MSAAI,Direct,/artificial-intelligence-courses-and-certifications/,20,16,17,8,0,0,0,0
Data Science,Direct,/resources/data-science-self-assessment/,20,2,21,-3,0,0,0,0
MSNNL,Direct,/,20,4,167,3,1,1,0.05,0.05
MSAAI,Paid Search,/masters-applied-artificial-intelligence/classes/,20,-64,26,-30,0,0,0,0
Default - (not set),Organic Search,/admissions/military-veterans/,20,-1,28,2,0,0,0,0
CyberOps,Organic Search,/ceh-certification/,20,-298,21,-309,0,0,0,0
MESH,Organic Search,/environmental-compliance-officer-career/,20,19,20,19,0,0,0,0
"Default - business-entrepreneurship,computer-science,technology",Direct,/ai-for-teachers/,20,,19,,0,,0,
MED,Organic Search,/masters-education/specializations/school-leadership/,19,4,22,0,0,-1,0,-0.06666666666666667
MSLDT,Organic Search,/top-instructional-design-skills/,19,-24,24,-32,0,0,0,0
MSNP,Direct,/masters-nonprofit-leadership-management/apply/,19,3,56,32,0,0,0,0
CyberOps,Organic Search,/10-reasons-to-get-your-masters-degree-in-cyber-security/,19,-141,21,-154,0,0,0,0
MSITL,Organic Social,/masters-information-technology-leadership/lp/ppc/,19,,29,,1,,0.05263157894736842,
MSAAI,Organic Social,/masters-applied-artificial-intelligence/,19,4,24,-1,1,1,0.05263157894736842,0.05263157894736842
CyberEng,Organic Search,/should-you-become-a-cyber-security-engineer/,19,-269,23,-285,0,-4,0,-0.013888888888888888
Default - (not set),Direct,/admissions/international-students/,19,,18,,0,,0,
MTS,Email,/masters-theological-studies/classes/,19,14,27,22,0,0,0,0
MSITL,Direct,/it-leadership-skills/,19,3,19,4,0,0,0,0
EML,Direct,/engineering-manager-skills/,19,-5,19,-9,0,0,0,0
MSHA,Organic Search,/masters-humanitarian-action/,19,-35,31,-37,1,0,0.05263157894736842,0.0341130604288499
MSNNL,Direct,/masters-nursing-leadership/nursing-informatics-track/,19,,23,,0,,0,
LEPSL,Organic Search,/police-officer-wellness-programs/,19,-13,21,-9,0,0,0,0
MTS,Paid Search,/masters-theological-studies/classes/,19,-27,31,-51,1,-1,0.05263157894736842,0.009153318077803202
MSNNL,Organic Search,/how-to-become-a-cno/,19,,27,,1,,0.05263157894736842,
LEPSL,Direct,/top-5-trends-in-law-enforcement/,19,-29,18,-36,0,0,0,0
MSNP,Organic Search,/nonprofit-board-governance/,18,-5,17,-14,0,0,0,0
Informatics,Organic Search,/what-is-health-care-analytics/,18,-166,16,-181,0,0,0,0
Informatics,Organic Search,/,18,-23,56,-95,0,0,0,0
MSITL,Organic Search,/information-technology-management/,18,-54,18,-52,0,0,0,0
MSAAI,Direct,/machine-learning-engineer-career/,18,-27,19,-55,0,0,0,0
MSITL,Organic Search,/it-leadership/,18,-66,19,-90,0,0,0,0
MSAAI,Direct,/machine-learning-podcast/,18,-76,17,-79,0,0,0,0
MSLDT,Organic Search,/articulate-vs-captivate/,18,-4,16,-4,0,0,0,0
MED,Organic Search,/teacher-salaries-analysis/,18,-134,15,-146,0,0,0,0
MSAAI,Direct,/,18,-54,61,-352,0,0,0,0
Informatics,Direct,/healthcare-informatics-jobs-salary/,18,-12,30,-13,0,0,0,0
MSHA,Organic Search,.translate.goog/how-to-become-diplomat/,18,-7,18,-11,0,0,0,0
MSLDT,Referral,/what-is-instructional-design-examples/,18,-148,14,-149,0,-4,0,-0.024096385542168676
CyberOps,Organic Search,/risk-manager-career-guide/,18,-244,19,-303,0,0,0,0
Data Science,Organic Search,/career-data-mining/,18,-100,20,-112,0,0,0,0
MED,Organic Search,/masters-education/apply/,18,4,15,-22,0,0,0,0
MSHA,Direct,/international-affairs-careers/,18,-6,19,-5,0,0,0,0
Default - (not set),Organic Search,/how-to-start-a-business/,17,10,20,14,0,0,0,0
MSITL,Organic Search,/it-management-leadership-certifications/,17,-115,17,-99,0,0,0,0
MESH,Referral,/masters-engineering-sustainability-health/,17,-10,25,-44,0,0,0,0
MESH,Direct,/,17,-11,74,-106,0,0,0,0
MSHA,Organic Social,/logical-framework-approach/,17,,27,,0,,0,
Informatics,Direct,/healthcare/,17,5,18,7,0,0,0,0
CyberOps,Direct,/best-jobs-in-cyber-security/,17,-181,17,-221,0,-1,0,-0.005050505050505051
MTS,Display,/masters-theological-studies/lp/dyna/,17,-130,18,-161,0,0,0,0
LEPSL,Direct,/masters-law-enforcement-leadership/transfer-credit/,17,8,24,10,0,0,0,0
CyberOps,AI Traffic,/top-cyber-security-blogs-websites/,17,-80,17,-96,0,0,0,0
MSNP,Direct,/best-nonprofit-degrees/,17,7,36,22,0,0,0,0
MSAAI,Organic Social,/university-of-san-diego-launches-full-time-on-campus-masters-degree-programs-in-applied-artificial-intelligence-and-cyber-security-engineering/,17,,36,,0,,0,
Data Science,Organic Search,/best-degrees-data-science/,17,-332,17,-371,0,-1,0,-0.0028653295128939827
Default - (not set),Paid Search,/about/state-authorization-status/,17,,14,,0,,0,
CyberOps,Organic Search,/cisa-certification/,17,-177,17,-174,0,-1,0,-0.005154639175257732
MED,Organic Search,/substitute-teacher-tips/,17,,19,,0,,0,
MTS,Organic Search,/theological-education/,17,-36,19,-37,0,0,0,0
MTS,Organic Search,/what-is-theological-studies/,17,-64,15,-71,0,0,0,0
MTS,Organic Search,.translate.goog/serving-god/,17,-86,17,-96,0,0,0,0
MTS,Direct,/ministry-careers/,17,-16,20,-15,0,0,0,0
EML,Direct,/senior-engineer-vs-tech-lead-vs-lead-engineer/,17,-25,15,-30,0,0,0,0
Data Science,Referral,/masters-applied-data-science/,17,-87,17,-188,0,-9,0,-0.08653846153846154
MTS,Direct,/religious-studies-degree-jobs/,17,-6,18,-9,0,0,0,0
Default - (not set),Direct,/tuition-financial-aid/financial-aid/,17,-9,21,-12,0,-2,0,-0.07692307692307693
CyberOps,Direct,/top-paying-cybersecurity-jobs/,17,-79,21,-98,0,0,0,0
MSAAI,Direct,/careers-using-python/,16,-140,18,-150,0,0,0,0
LEPSL,Email,/community-policing-through-leadership/,16,,17,,0,,0,
MSLDT,Direct,/instructional-design-best-practices/,16,-8,16,-3,0,0,0,0
MESH,Organic Search,/masters-engineering-sustainability-health/,16,-21,26,-44,2,1,0.125,0.09797297297297297
Default - (not set),Unknown - fashion-valley-mall / ooh,/,16,,17,,0,,0,
MSAAI,Paid Social,/resources/free-ms-aai-program-brochure/,16,,16,,0,,0,
Informatics,Direct,/health-information-technology-terminology/,16,-26,18,-22,1,1,0.0625,0.0625
MSAAI,AI Traffic,/artificial-intelligence-business/,16,-73,20,-64,0,0,0,0
MESH,Paid Search,/masters-engineering-sustainability-health/classes/,16,8,25,12,0,0,0,0
LEPSL,Organic Search,/police-captain-promotion-guide/,16,1,13,-3,0,0,0,0
Data Science,Organic Search,/best-computer-science-jobs/,16,-131,18,-129,0,-1,0,-0.006802721088435374
CyberOps,Organic Search,/cryptographer-career/,16,-172,22,-200,0,-1,0,-0.005319148936170213
MESH,Organic Search,/climate-change-analyst-career/,16,-128,21,-128,0,0,0,0
MSAAI,Direct,/university-of-san-diegos-ms-in-applied-artificial-intelligence-launching-new-course-agentic-ai-systems-in-summer-2026/,16,,19,,0,,0,
LEPSL,Organic Search,/police-promotion/,16,-58,19,-56,0,0,0,0
MSHA,Direct,/top-humanitarian-degrees/,16,-19,17,-33,0,-1,0,-0.02857142857142857
CyberEng,Direct,/should-you-become-a-cyber-security-engineer/,16,-22,16,-23,0,0,0,0
LEPSL,Organic Search,/criminal-justice/,16,-22,23,-43,0,-1,0,-0.02631578947368421
CyberOps,Organic Search,/cyber-security-scholarships/,16,-31,15,-31,0,-1,0,-0.02127659574468085
MSNP,Direct,/,16,-12,113,-154,1,-6,0.0625,-0.1875
Data Science,Paid Search,/masters-applied-data-science/classes/,16,2,15,0,0,0,0,0
MTS,Direct,/why-study-theology/,16,-75,16,-79,0,0,0,0
Informatics,Direct,/ai-healthcare/,16,-26,17,-24,0,0,0,0
Informatics,Organic Search,/masters-health-informatics/health-analytics-track/,16,-38,26,-82,2,0,0.125,0.08796296296296297
CyberOps,Referral,/top-cyber-security-blogs-websites/,15,-61,23,-58,0,0,0,0
MSNP,Organic Search,/volunteer-management/,15,-1,12,-14,0,0,0,0
EML,Direct,/masters-engineering-management-leadership/apply/,15,5,20,5,0,0,0,0
MED,Direct,/teacher-salaries-analysis/,15,3,14,0,0,0,0,0
Data Science,Organic Search,/python-for-data-science/,15,-56,14,-57,0,0,0,0
MSLDT,Referral,/masters-learning-design-technology/lp/osu/,15,-41,30,-71,0,-4,0,-0.07142857142857142
CyberOps,Organic Search,/best-industries-cyber-security-job-seekers/,15,-46,15,-38,0,0,0,0
MSAAI,AI Traffic,/masters-applied-artificial-intelligence/,15,-24,19,-70,0,-4,0,-0.10256410256410256
MTS,Direct,/what-is-lay-ministry/,15,-28,16,-28,0,0,0,0
MESH,Organic Search,/masters-engineering-sustainability-health/classes/,15,-37,21,-91,0,0,0,0
CyberOps,Organic Search,/entry-level-cyber-security-jobs-guide/,15,-340,19,-382,0,-3,0,-0.008450704225352112
CyberOps,Direct,/ceh-certification/,15,-49,15,-58,0,0,0,0
MSHA,Direct,/social-advocacy-definition/,15,,13,,0,,0,
MED,Referral,/inclusive-education-strategies/,15,-57,16,-58,0,0,0,0
MSNNL,Organic Search,/what-is-a-nurse-administrator/,15,,17,,0,,0,
MSAAI,Paid Search,/resources/msaai-online-artificial-intelligence-self-assessment/,15,,20,,0,,0,
MTS,Direct,/masters-theological-studies/classes/,15,-11,19,-13,0,0,0,0
MSITL,Direct,/resources/free-itl-program-brochure/,15,7,37,29,0,0,0,0
Data Science,Organic Search,/database-engineer-career/,15,-38,17,-41,0,0,0,0
Default - (not set),Organic Search,/disruptive-innovation-examples/,15,,16,,0,,0,
MSITL,Direct,/it-careers-after-help-desk/,15,3,16,-6,0,0,0,0
MED,Organic Search,/how-to-become-teacher-in-california/,15,9,14,8,0,0,0,0
CyberEng,Organic Search,/chief-risk-officer/,15,0,16,3,0,0,0,0
Informatics,Organic Search,/mha-vs-mph-vs-ms-health-informatics/,15,-48,19,-86,0,-5,0,-0.07936507936507936
CyberOps,Organic Search,/cyber-security-auditor-career-guide/,15,-58,11,-82,0,0,0,0
Default - (not set),Paid Search,/online-programs/,15,,16,,0,,0,
MED,Organic Search,/continuing-education-units-teachers-guide/,15,-95,10,-104,0,0,0,0
Data Science,Direct,/coding-salary/,15,10,15,10,0,0,0,0
MSNNL,Organic Search,/masters-nursing-leadership/clinical-practicums/,15,,21,,0,,0,
MSLDT,Direct,/career-changes-for-teachers/,15,-46,14,-54,0,0,0,0
LEPSL,Organic Search,/promoting-women-in-law-enforcement-leadership/,15,-56,16,-53,0,0,0,0
MTS,Organic Social,/religious-studies-degree-jobs/,15,,13,,0,,0,
Data Science,Organic Search,/masters-applied-data-science/classes/,15,-2,15,-2,0,0,0,0
Default - (not set),Paid Search,/admissions/how-to-apply/,15,,15,,0,,0,
Default - (not set),Direct,/events/,15,4,16,2,0,0,0,0
Data Science,Direct,/masters-applied-data-science/lp/study-data-science/,15,-53,10,-108,0,-6,0,-0.08823529411764706
MESH,Organic Search,/masters-engineering-sustainability-health/apply/,15,1,23,6,0,-1,0,-0.07142857142857142
MSAAI,Referral,/masters-applied-artificial-intelligence/apply/,15,-6,38,19,0,0,0,0
MSAAI,Direct,/ethics-in-ai/,14,-42,13,-52,0,0,0,0
CyberOps,Organic Search,/cyber-security-architect/,14,-100,15,-116,0,0,0,0
MTS,Direct,/masters-theological-studies/apply/,14,-24,23,-38,1,0,0.07142857142857142,0.045112781954887216
EML,Direct,/faculty/mandeep-kaur/,14,11,14,12,0,0,0,0
MSAAI,AI Traffic,/ai-impact-on-job-market/,14,-94,15,-110,0,0,0,0
Data Science,Direct,/best-degrees-data-science/,14,-80,9,-99,0,0,0,0
Default - (not set),Direct,/business-entrepreneurship/,14,10,14,10,0,0,0,0
LEPSL,Organic Search,/how-to-become-a-police-lieutenant/,14,-52,16,-51,0,0,0,0
Default - (not set),Organic Search,/student-support/one-stop-student-center/,14,,14,,0,,0,
MSLDT,Organic Search,/instructional-design-portfolio/,14,,15,,0,,0,
MSITL,Organic Search,/masters-information-technology-leadership/,14,-30,31,-43,0,-1,0,-0.022727272727272728
Default - business-entrepreneurship,Organic Search,/top-engineering-leaders/,14,,18,,0,,0,
MTS,Direct,/ways-to-deepen-your-faith/,14,7,15,7,0,0,0,0
MSITL,Display,/masters-information-technology-leadership/lp/dyna/,14,-148,14,-159,0,-2,0,-0.012345679012345678
Default - (not set),Paid Search,/tuition-financial-aid/,14,,21,,0,,0,
"Default - computer-science,engineering,technology",Organic Search,/cyber-security/,14,,38,,0,,0,
MSHA,Referral,/masters-humanitarian-action/,14,-1,20,-17,2,2,0.14285714285714285,0.14285714285714285
MSITL,Direct,/it-organizational-structure/,14,-5,15,-1,0,0,0,0
MSLDT,Organic Search,/masters-learning-design-technology/lp/study-learning-design-technology/,14,-3,20,-9,0,-2,0,-0.11764705882352941
Default - (not set),Organic Search,/admissions/how-to-apply/,14,,14,,0,,0,
MSNP,Direct,/donor-management-software/,14,,14,,0,,0,
MTS,Direct,/how-to-become-a-spiritual-director/,14,,14,,0,,0,
MSNNL,Direct,/masters-nursing-leadership/lp/ppc/,14,-43,27,-133,0,-18,0,-0.3157894736842105
Default - (not set),Direct,/admissions/military-veterans/,14,-27,13,-27,0,0,0,0
Informatics,Referral,/8-technologies-changing-healthcare/,14,-445,13,-480,0,0,0,0
MED,Referral,/effective-educational-leadership/,14,-43,30,-74,1,-1,0.07142857142857142,0.03634085213032581
CyberOps,Organic Search,/cybersecurity-jobs-report/,14,-38,15,-34,0,0,0,0
Informatics,Organic Search,/what-is-medical-informatics/,14,-14,13,-18,0,0,0,0
CyberOps,AI Traffic,/top-cyber-security-threats/,13,-313,14,-371,0,0,0,0
Data Science,Paid Social,/what-is-data-science/,13,,14,,0,,0,
EML,Organic Search,/masters-engineering-management-leadership/curriculum/,13,-1,11,-18,0,0,0,0
MTS,Organic Search,/apologetics-catechesis-theological-studies-comparison/,13,-66,15,-70,0,0,0,0
MED,Direct,/per-pupil-education-spending-by-state/,13,5,13,5,0,0,0,0
MESH,Direct,/jobs-that-make-difference/,13,-13,16,-10,0,0,0,0
MSAAI,Direct,/ai-prompt-engineer/,13,-5,19,-2,0,0,0,0
Informatics,Direct,/health-information-management-vs-health-informatics/,13,-12,14,-11,0,0,0,0
MESH,Organic Search,/environmental-consultant-career/,13,-2,12,-2,0,-1,0,-0.06666666666666667
MTS,Direct,/philosophy-degree-jobs/,13,-72,16,-77,0,0,0,0
EML,Paid Search,/masters-engineering-management-leadership/curriculum/,13,8,13,9,0,0,0,0
CyberOps,Direct,/masters-cyber-security-operations/lp/bva-cyber-security-operations-leadership/,13,-44,14,-104,0,-9,0,-0.15789473684210525
MSAAI,Organic Search,/,13,-27,62,-293,1,0,0.07692307692307693,0.051923076923076926
Default - (not set),Direct,/leadership-management/,13,10,14,12,0,0,0,0
Data Science,Organic Search,/business-intelligence-engineer-career/,13,-106,13,-118,0,0,0,0
MED,Direct,/masters-education/specializations/steam/,13,-19,15,-20,0,-1,0,-0.03125
"Default - computer-science,engineering,technology",Direct,/cyber-security/,13,,13,,0,,0,
MED,Organic Search,/masters-in-education-requirements/,13,-27,22,-25,0,0,0,0
MSHA,Email,/masters-humanitarian-action/,13,1,13,-6,0,0,0,0
Data Science,Direct,/data-communication/,13,-73,14,-86,0,0,0,0
LEPSL,Organic Search,/faculty/ygnacio-nash-flores/,13,-16,15,-21,0,0,0,0
MSITL,Organic Search,/it-leadership-skills/,13,-109,9,-111,0,0,0,0
MSAAI,Referral,/application-of-ai-in-robotics/,13,-87,11,-92,0,0,0,0
MTS,Direct,/,13,-10,65,-333,1,1,0.07692307692307693,0.07692307692307693
MSNNL,Paid Search,/masters-nursing-leadership/,13,9,28,16,1,1,0.07692307692307693,0.07692307692307693
CyberOps,Organic Search,/master-of-science-in-cyber-security-or-mba/,13,-56,12,-84,0,-2,0,-0.028985507246376812
MSAAI,Organic Search,/artificial-intelligence-salary-guide/,13,-10,14,-8,0,0,0,0
MESH,Organic Search,/faculty/rodney-reynolds/,13,3,12,1,0,0,0,0
Default - (not set),Organic Search,/tuition-financial-aid/financial-aid/,13,-27,8,-33,0,0,0,0
MESH,Organic Search,/sustainability-degree-careers/,13,0,15,1,0,0,0,0
MSAAI,Organic Search,/programs/,13,-1,69,-15,5,4,0.38461538461538464,0.3131868131868132
MSNP,Direct,/ngo-vs-nonprofit/,13,,13,,0,,0,
MED,Direct,/technology-in-the-classroom/,13,1,13,-2,0,0,0,0
MED,Email,/masters-education/,13,-18,29,-7,2,2,0.15384615384615385,0.15384615384615385
EML,Organic Search,/engineering-manager-vs-tech-lead/,13,-103,11,-94,0,0,0,0
MSHA,Organic Search,/humanitarian-program-coordinator/,13,-19,14,-26,0,0,0,0
Default - (not set),Direct,/employer-partnership/xsite/,13,,12,,0,,0,
Default - (not set),Unknown - tradedesk / dooh,/,13,,13,,0,,0,
Informatics,Direct,/masters-health-informatics/lp/study-healthcare-analytics/,13,-9,10,-14,0,0,0,0
Default - (not set),Direct,/contact-us/,13,,13,,0,,0,
CyberOps,Direct,/faculty/michelle-moore/,13,-53,13,-82,0,0,0,0
CyberEng,Organic Search,/faculty/nahid-farhady/,13,,16,,0,,0,
MED,Organic Search,/masters-education/specializations/special-ed/,13,-16,20,-21,0,-1,0,-0.034482758620689655
MSAAI,Direct,/ai-governance/,13,-3,13,-14,0,0,0,0
Informatics,Organic Search,/masters-health-informatics/lp/study-health-informatics/,13,-4,22,-9,3,2,0.23076923076923078,0.17194570135746606
MSAAI,Organic Search,/ethics-in-ai/,13,-71,11,-95,0,0,0,0
MSLDT,Organic Search,/instructional-design-cover-letter-guide/,13,,12,,0,,0,
Informatics,Direct,/masters-health-informatics/lp/health-informatics-for-nurses/,12,-53,10,-86,0,-6,0,-0.09230769230769231
MSNP,Organic Search,/masters-nonprofit-leadership-management/classes/,12,5,14,6,0,0,0,0
CyberOps,Direct,/information-assurance-vs-cybersecurity/,12,-11,13,-9,0,0,0,0
MSHA,Organic Search,/international-social-work/,12,-21,18,-26,0,0,0,0
CyberEng,Organic Search,/cryptanalyst-career-guide/,12,-43,11,-56,0,0,0,0
MSLDT,Organic Search,/instructional-design-careers/,12,-18,10,-20,0,0,0,0
MED,Organic Search,/masters-in-special-education-careers/,12,-56,18,-48,0,0,0,0
CyberOps,Direct,/masters-cyber-security-operations/apply/,12,-24,16,-33,0,0,0,0
MSAAI,Direct,/open-source-ai-tools/,12,2,12,0,0,0,0,0
CyberEng,Organic Search,/network-administrator-career-salary-guide/,12,-146,16,-201,0,-3,0,-0.0189873417721519
MESH,Direct,/top-degrees-for-social-justice-careers/,12,2,12,1,0,0,0,0
Data Science,Organic Search,/data-science-bootcamps/,12,-16,13,-14,0,0,0,0
MED,Organic Search,/teacher-salary-by-state-since-2000/,12,-1,15,2,0,0,0,0
CyberOps,Paid Search,/masters-cyber-security-operations/,12,-26,18,-55,0,-3,0,-0.07894736842105263
LEPSL,Paid Search,/,12,-22,62,-63,0,-2,0,-0.058823529411764705
MED,Direct,/blog/education/,12,1,15,1,0,0,0,0
Informatics,Organic Search,/data-science-health-care/,12,-121,9,-134,0,-2,0,-0.015037593984962405
MSLDT,Direct,/instructional-design-portfolio/,12,,12,,0,,0,
Informatics,Direct,/what-skills-do-you-need-to-work-in-health-care-informatics/,12,-7,21,2,0,0,0,0
MED,AI Traffic,/life-skills-education-in-schools/,12,,17,,0,,0,
MED,Paid Search,/masters-education/,12,-21,14,-52,0,0,0,0
MTS,Organic Search,/faith-formation/,12,,13,,0,,0,
CyberEng,Organic Search,/cyber-security-internships/,12,-41,11,-43,0,0,0,0
CyberOps,Direct,/entry-level-cyber-security-jobs-guide/,12,-34,13,-50,0,-1,0,-0.021739130434782608
MSAAI,Paid Search,/,12,-19,45,-123,0,-1,0,-0.03225806451612903
Default - (not set),Organic Social,/,12,,16,,0,,0,
Default - (not set),Direct,/effective-leadership-skills/,12,,12,,0,,0,
MESH,Paid Search,/masters-engineering-sustainability-health/apply/,12,-3,13,-7,0,0,0,0
Default - (not set),Paid Search,/admitted-students/,12,,11,,0,,0,
Informatics,Organic Search,.translate.goog/health-data-analyst/,12,10,13,11,0,0,0,0
Data Science,Direct,/business-intelligence-certifications/,12,-2,12,-3,0,0,0,0
MED,Organic Search,/special-education-masters-vs-masters-in-education-degree/,12,-38,14,-49,1,0,0.08333333333333333,0.06333333333333332
MSAAI,Organic Search,/introduction-to-computer-vision/,12,-157,17,-136,0,0,0,0
Default - (not set),Direct,/technology/,12,-4,12,-12,0,0,0,0
MTS,Organic Search,/franciscan-theology-reading-list/,12,,14,,0,,0,
MED,AI Traffic,/differentiated-instruction/,12,-16,18,-13,0,0,0,0
MSITL,Direct,/it-career-paths/,12,2,13,-1,0,0,0,0
MSHA,Organic Search,/humanitarian-scholarships/,12,-32,16,-29,1,1,0.08333333333333333,0.08333333333333333
Data Science,Organic Search,/ata-specialist-career/,12,-33,14,-29,0,0,0,0
MSAAI,Direct,/best-artificial-intelligence-degrees/,12,-135,14,-145,0,0,0,0
MSAAI,Direct,/data-scientist-vs-artificial-intelligence-engineer/,12,-75,11,-89,0,0,0,0
MSITL,Paid Search,/masters-information-technology-leadership/classes/data-science-elective/,12,,20,,1,,0.08333333333333333,
MTS,Email,/masters-theological-studies/resources/,12,,19,,0,,0,
Informatics,Organic Search,/how-to-get-a-job-in-health-informatics/,12,-1,14,-4,0,0,0,0
MSNNL,Direct,/masters-nursing-leadership/nursing-educator-track/,12,,10,,0,,0,
CyberOps,Organic Search,/chief-privacy-officer-career-guide/,12,-38,14,-45,0,0,0,0
Data Science,Organic Search,/business-analyst-vs-data-analyst-vs-data-scientist/,12,-17,11,-23,0,0,0,0
Default - (not set),Organic Search,/tuition-financial-aid/,12,,13,,0,,0,
CyberOps,Email,/masters-cyber-security-operations/,12,3,17,4,0,0,0,0
LEPSL,Direct,/,12,-14,50,-57,1,1,0.08333333333333333,0.08333333333333333
Default - business-entrepreneurship,Direct,/top-engineering-leaders/,12,,12,,0,,0,
Default - (not set),Direct,/transformational-leadership/,12,,10,,0,,0,
EML,Organic Search,/how-to-become-vp-engineering/,12,-6,11,-4,0,0,0,0
Default - (not set),Direct,/campus-programs/,12,,20,,1,,0.08333333333333333,
Default - computer-science,Paid Social,/masters-applied-data-science/lp/study-data-science/,11,,20,,11,,1,
LEPSL,Organic Search,/masters-law-enforcement-leadership/apply/,11,-2,16,8,1,0,0.09090909090909091,0.013986013986013984
MSAAI,Organic Social,/artificial-intelligence-education/,11,-125,14,-159,0,0,0,0
Default - (not set),Email,/admitted-students/,11,,11,,0,,0,
LEPSL,Referral,/10-innovative-police-technologies/,11,-26,11,-23,0,0,0,0
MSAAI,Organic Search,/masters-applied-artificial-intelligence/faculty/,11,4,20,11,0,0,0,0
Informatics,Paid Social,/masters-health-informatics/lp/request-info/,11,-10,11,-15,0,-1,0,-0.047619047619047616
EML,Organic Search,/engineering-management-vs-technical-track/,11,-14,13,-18,0,0,0,0
MED,Referral,/adaptive-curriculum-for-special-education/,11,,12,,0,,0,
MED,Direct,/resources/the-complete-list-of-teaching-methods/,11,-8,15,-23,1,-3,0.09090909090909091,-0.11961722488038276
MSAAI,Direct,/how-to-start-career-artificial-intelligence/,11,-56,9,-68,0,-2,0,-0.029850746268656716
MESH,Direct,/sustainability-engineer-career/,11,-3,10,-10,0,0,0,0
Informatics,Organic Search,/health-information-technology-terminology/,11,-14,10,-21,0,0,0,0
LEPSL,Organic Search,/best-degrees-federal-law-enforcement-jobs/,11,-77,12,-84,0,0,0,0
LEPSL,Organic Social,/masters-law-enforcement-leadership/,11,0,18,-10,0,0,0,0
MSNP,Organic Search,/how-to-write-grant-proposals/,11,,8,,0,,0,
Data Science,Organic Search,/when-inference-meets-prediction-navigating-the-line-between-statistical-models-and-machine-learning/,11,,9,,0,,0,
LEPSL,Organic Search,/become-a-criminal-justice-instructor/,11,-12,11,-12,0,0,0,0
Data Science,Organic Search,/data-science-vs-statistics/,11,,11,,0,,0,
MSNNL,Organic Search,/director-of-nursing-career-guide/,11,,12,,0,,0,
Default - (not set),Organic Search,/usd-online-alumni/,11,10,12,11,0,0,0,0
MED,Organic Search,/mental-health-issues-in-schools/,11,-246,12,-258,0,0,0,0
MSAAI,Direct,/masters-applied-artificial-intelligence/faculty/,11,-36,12,-76,0,-3,0,-0.06382978723404255
MED,Direct,/resources/complete-guide-to-teacher-centered-vs-student-centered-learning/,11,5,11,6,0,0,0,0
CyberEng,Paid Search,/masters-cyber-security-engineering/classes/,11,-3,14,-9,0,-1,0,-0.07142857142857142
Default - (not set),Direct,,11,-17,11,-25,0,0,0,0
CyberOps,Direct,/10-reasons-to-get-your-masters-degree-in-cyber-security/,11,-22,11,-36,0,0,0,0
MED,Organic Social,/complete-list-teaching-methods/,11,-4,12,-19,0,-2,0,-0.13333333333333333
MTS,Paid Social,/masters-theological-studies/lp/mts-ppc/,11,,11,,0,,0,
MSNP,Organic Search,/grant-writing-for-nonprofits/,11,-41,11,-36,0,0,0,0
Default - (not set),Direct,/masters-cyber-security-engineering/,11,,54,,0,,0,
MED,Direct,/resources/free-med-program-brochure/,11,7,17,14,3,3,0.2727272727272727,0.2727272727272727
LEPSL,Organic Search,/gordon-graham-risk-management-reading-list/,11,-18,16,-12,0,0,0,0
MTS,Organic Search,/master-of-theology-vs-divinity-vs-ministry-degrees/,11,-199,22,-211,1,1,0.09090909090909091,0.09090909090909091
Informatics,Direct,/masters-health-informatics/careers/,11,5,10,6,0,0,0,0
Informatics,Organic Search,/masters-health-informatics/health-informatics-track/,11,-25,8,-27,0,0,0,0
Data Science,Organic Search,/business-intelligence-developer/,11,-32,11,-32,0,0,0,0
MSAAI,Referral,/masters-applied-artificial-intelligence/classes/,11,-14,13,-21,0,-1,0,-0.04
MED,Direct,/mental-health-issues-in-schools/,11,-193,11,-204,0,0,0,0
LEPSL,Organic Search,/best-police-leadership-books/,11,-48,12,-52,0,0,0,0
LEPSL,Direct,/forms/,11,-2,33,-53,0,-4,0,-0.3076923076923077
Default - engineering,Organic Search,/research-and-development-manager-career-guide/,11,,9,,0,,0,
MESH,Direct,/community-health-degree-jobs/,11,-13,11,-16,0,0,0,0
Default - (not set),Email,/mesh-mixer-rsvp/,11,,14,,0,,0,
Default - (not set),Direct,/computer-science/,11,-10,10,-17,0,0,0,0
Informatics,Organic Search,/health-data-analyst/,10,-16,9,-17,0,0,0,0
Informatics,Organic Search,/health-informatics-websites-blogs/,10,-24,12,-24,0,0,0,0
Default - (not set),Direct,/usd-online-alumni/,10,1,12,2,0,0,0,0
Default - (not set),Organic Search,/how-to-be-innovative-at-work/,10,,10,,0,,0,
MSAAI,Referral,/university-of-san-diego-launches-full-time-on-campus-masters-degree-programs-in-applied-artificial-intelligence-and-cyber-security-engineering/,10,,13,,0,,0,
Data Science,Paid Search,/masters-applied-data-science/apply/,10,-3,11,10,0,0,0,0
EML,AI Traffic,/future-engineering-trends/,10,,9,,0,,0,
Default - (not set),Direct,/bringing-a-product-to-market/,10,,12,,0,,0,
MSAAI,Direct,/natural-language-processing-overview/,10,-53,16,-57,0,0,0,0
MSLDT,Direct,/resources/things-to-know-about-careers-in-instructional-design/,10,4,17,10,0,0,0,0
Default - (not set),Direct,/forms/cse-applicant/,10,8,11,6,0,0,0,0
MESH,Direct,/environmental-science-vs-engineering-degree/,10,-14,10,-16,0,0,0,0
MSNNL,Direct,/what-is-a-nurse-administrator/,10,,13,,0,,0,
CyberEng,Direct,/cybersecurity-vs-it-degree/,10,-8,10,-9,0,0,0,0
Informatics,Paid Search,/masters-health-informatics/apply/,10,2,18,6,0,0,0,0
CyberOps,Organic Search,.translate.goog/top-100-cybersecurity-companies/,10,-1,11,-2,0,0,0,0
CyberOps,Referral,/top-cyber-security-threats/,10,-100,12,-106,0,0,0,0
MSAAI,Organic Search,.translate.goog/ai-impact-on-job-market/,10,-10,11,-18,0,0,0,0
MSLDT,Direct,/masters-learning-design-technology/lp/study-learning-design-technology/,10,-26,19,-53,0,-6,0,-0.16666666666666666
MSITL,Organic Search,/what-is-devops/,10,,8,,0,,0,
MSLDT,Display,/masters-learning-design-technology/lp/dyna/,10,-35,15,-42,3,-1,0.3,0.21111111111111108
Default - (not set),Organic Search,/about/state-authorization-status/,10,,7,,0,,0,
MED,Organic Search,/blog/education/,10,5,12,6,0,0,0,0
MSNP,Organic Search,/nonprofit-leadership/,10,-49,13,-43,0,0,0,0
Informatics,Paid Search,/masters-health-informatics/health-informatics-track/,10,-6,16,4,1,1,0.1,0.1
Data Science,Organic Search,/financial-analyst-career/,10,5,11,6,0,0,0,0
MSITL,Direct,/technology-degrees/,10,1,10,3,0,0,0,0
CyberEng,Direct,/masters-cyber-security-engineering/lp/cyber-security-engineering/,10,-46,6,-80,0,-2,0,-0.03571428571428571
LEPSL,Organic Search,/police-management-training/,10,5,13,5,0,0,0,0
LEPSL,Email,/best-police-leadership-books/,10,9,9,8,0,0,0,0
MSNP,Direct,/nonprofit-grant-databases/,10,-47,7,-75,0,0,0,0
Default - business-entrepreneurship,Direct,/best-engineering-software/,10,,10,,0,,0,
MED,Organic Search,/online-teaching-certification-licensure-programs/,10,-11,16,-5,0,0,0,0
MTS,Direct,/what-is-ecospirituality/,10,-16,10,-21,0,0,0,0
MED,Organic Search,/teaching-license-reciprocity-guide/,10,-30,10,-27,0,0,0,0
MSAAI,Organic Search,/classes/ethics-in-artificial-intelligence-maai-531/,10,-11,10,-26,0,-1,0,-0.047619047619047616
Informatics,Email,/masters-health-informatics/,10,-10,33,6,1,1,0.1,0.1
CyberOps,Direct,/cyber-security-specialist-career-guide/,10,-16,10,-25,0,0,0,0
MSAAI,Referral,/artificial-intelligence-jobs/,10,-36,18,-31,0,0,0,0
MSNP,Direct,/nonprofit-certificate-programs/,10,-3,11,-9,0,0,0,0
MSLDT,Paid Social,/masters-learning-design-technology/lp/thank-you/,10,,10,,9,,0.9,
MSLDT,Paid Search,/masters-learning-design-technology/,10,-20,11,-25,0,0,0,0
CyberEng,Organic Search,.translate.goog/network-forensics-tools/,10,5,10,5,0,0,0,0
Default - (not set),Paid Search,/programs/,10,,9,,0,,0,
MSLDT,Organic Search,/corporate-trainer-career/,10,-24,16,-41,0,-1,0,-0.029411764705882353
MSLDT,Organic Search,/learning-design-technology-careers/,10,-13,10,-14,0,0,0,0
MTS,Direct,/how-to-regain-your-faith/,10,-23,10,-26,0,0,0,0
MSLDT,AI Traffic,/what-is-instructional-design-examples/,10,-15,10,-23,0,0,0,0
LEPSL,Direct,/why-military-vets-should-consider-career-in-criminal-justice/,10,7,10,7,0,0,0,0
MSAAI,Organic Search,/machine-learning-courses-and-certifications/,10,-13,10,-14,0,0,0,0
LEPSL,Organic Search,/police-media-relations-and-social-media/,10,-12,9,-14,0,0,0,0
CyberEng,Organic Search,/what-is-cyberwarfare/,9,-24,9,-21,0,0,0,0
LEPSL,Email,/masters-law-enforcement-leadership/classes/,9,-27,9,-27,0,0,0,0
MESH,Direct,/environmental-consultant-career/,9,6,9,6,0,0,0,0
CyberOps,Direct,/cyber-security-scholarships/,9,-11,10,-32,0,-1,0,-0.05
MSAAI,Organic Search,/natural-language-processing-overview/,9,-154,11,-162,0,0,0,0
Data Science,Paid Search,/masters-applied-data-science/,9,-46,10,-91,0,-2,0,-0.03636363636363636
MSNP,Paid Search,/masters-nonprofit-leadership-management/,9,-74,10,-131,0,-3,0,-0.03614457831325301
MSLDT,Direct,/how-to-become-a-curriculum-designer/,9,-2,9,-3,2,2,0.2222222222222222,0.2222222222222222
MED,Organic Search,/masters-education/lp/online-med/,9,-7,12,-18,0,0,0,0
MSHA,Direct,/masters-humanitarian-action/apply/,9,-14,11,-15,0,0,0,0
Default - (not set),Direct,/tuition-financial-aid/additional-funding-options/,9,,6,,0,,0,
Default - (not set),Paid Search,/computer-science/,9,7,9,7,0,0,0,0
LEPSL,Referral,/masters-law-enforcement-leadership/transfer-credit/perf-smip/,9,-12,7,-39,0,0,0,0
MESH,Direct,/blog-msph-vs-mph-degree-comparison/,9,-7,9,-13,0,0,0,0
MESH,Direct,/climate-change-analyst-career/,9,-12,11,-14,0,-1,0,-0.047619047619047616
CyberOps,Organic Search,/10-entry-level-cyber-security-resume-interview-pitfalls/,9,-6,11,-1,0,0,0,0
MSITL,Organic Search,/how-to-become-a-devops-engineer/,9,8,9,8,0,0,0,0
MSNP,Direct,/grant-writer-career/,9,-2,10,-6,0,0,0,0
Default - (not set),Organic Search,/best-mba-alternatives/,9,-1,9,0,0,0,0,0
CyberOps,Direct,/cyber-security-architect/,9,-13,9,-11,0,0,0,0
MED,Direct,/summer-jobs-teachers/,9,-3,10,-2,0,0,0,0
CyberEng,Direct,/network-forensics-tools/,9,-50,7,-55,0,0,0,0
MED,AI Traffic,/co-teaching-models/,9,5,8,3,0,0,0,0
EML,Direct,/lead-engineer-career/,9,-13,9,-13,0,0,0,0
MESH,Direct,/sustainability-consultant-career/,9,-5,9,-8,0,0,0,0
MSAAI,Organic Search,/ai-prompt-engineer/,9,-104,14,-101,0,-1,0,-0.008849557522123894
LEPSL,Email,/resources/law-enforcement-careers-ebook/,9,6,20,15,4,3,0.4444444444444444,0.1111111111111111
MESH,Email,/masters-engineering-sustainability-health/classes/,9,1,10,1,0,0,0,0
MSAAI,AI Traffic,/machine-learning-podcast/,9,0,9,1,0,0,0,0
MSLDT,AI Traffic,/instructional-design-models/,9,-5,9,-3,0,0,0,0
Data Science,Organic Search,/data-science-certifications/,9,-5,6,-7,0,0,0,0
LEPSL,Direct,/masters-law-enforcement-leadership/ambassadors/,9,-11,9,-28,0,0,0,0
Default - (not set),Direct,/how-to-start-a-business/,9,-10,13,-7,0,0,0,0
MSHA,AI Traffic,/masters-humanitarian-action/,9,5,11,6,1,1,0.1111111111111111,0.1111111111111111
MESH,Direct,/masters-engineering-sustainability-health/lp/ppc/thank-you/,9,,10,,8,,0.8888888888888888,
LEPSL,Organic Search,/law-enforcement-salaries-spike-with-a-masters-degree/,9,-23,11,-20,0,0,0,0
Informatics,Paid Search,/masters-health-informatics/health-analytics-track/,9,-2,18,4,1,1,0.1111111111111111,0.1111111111111111
MTS,Direct,.translate.goog/what-is-liturgy/,9,-29,9,-33,0,0,0,0
MED,AI Traffic,/rethinking-education-assessment-types/,9,-10,8,-15,0,0,0,0
Default - (not set),AI Traffic,/online-leadership-courses/,9,,9,,0,,0,
MSNNL,Paid Search,/masters-nursing-leadership/classes/,9,8,16,14,0,0,0,0
Informatics,Direct,/health-informatics-job-description-explained/,9,0,25,13,0,0,0,0
LEPSL,Direct,/police-officer-wellness-programs/,9,-20,6,-29,0,0,0,0
MSAAI,Organic Search,.translate.goog/open-source-ai-tools/,9,,9,,0,,0,
MSNNL,Organic Search,/12-types-of-msn-degrees-how-to-choose-the-best-nursing-track/,9,,57,,0,,0,
MSNP,Direct,/public-administration-careers/,9,,9,,0,,0,
Data Science,Organic Search,/13-essential-data-science-textbooks/,9,-29,8,-34,0,0,0,0
MSHA,Organic Search,/organizational-capacity/,9,,9,,0,,0,
MED,Paid Search,/,9,-105,48,-452,0,-1,0,-0.008771929824561403
Default - (not set),Direct,/employer-partnership/g2ops/,9,,9,,0,,0,
CyberEng,Organic Search,/masters-cyber-security-engineering/classes/,9,-6,11,-18,0,0,0,0
MSITL,Paid Search,/masters-information-technology-leadership/apply/,9,4,24,15,5,5,0.5555555555555556,0.5555555555555556
MSAAI,Organic Search,/business-intelligence-analyst-career/,9,-17,9,-12,0,0,0,0
MSITL,Direct,/how-to-become-a-site-reliability-engineer/,9,2,9,2,0,0,0,0
MSNP,Direct,/forms/,9,,29,,9,,1,
LEPSL,Organic Search,/,9,-5,35,-8,0,0,0,0
MSAAI,Organic Search,.translate.goog/application-of-ai-in-robotics/,9,5,9,4,0,0,0,0
CyberEng,Direct,/masters-cyber-security-engineering/scholarships-and-grants/,9,7,14,13,1,1,0.1111111111111111,0.1111111111111111
MSLDT,Direct,/educational-technology-jobs/,9,-21,9,-18,0,0,0,0
MED,Direct,/teacher-cover-letter-examples/,8,-6,8,-6,0,0,0,0
MSAAI,Organic Search,.translate.goog/artificial-intelligence-finance/,8,2,9,5,0,0,0,0
MESH,Email,/masters-engineering-sustainability-health/,8,7,13,12,0,0,0,0
MSNNL,Direct,/masters-nursing-leadership/apply-for-free-usd-msn-in-nursing-leadership-online/,8,,7,,1,,0.125,
MTS,Direct,/how-to-become-a-catholic-school-teacher/,8,-13,8,-16,0,0,0,0
EML,Direct,/engineering-management-leadership-certifications/,8,-4,7,-10,0,0,0,0
MTS,Organic Search,/biblical-studies-theology/,8,-62,12,-68,0,0,0,0
MED,Email,/rethinking-education-assessment-types/,8,,7,,0,,0,
MTS,Organic Social,/masters-theological-studies/resources/,8,,11,,0,,0,
MSNNL,Organic Search,/masters-nursing-leadership/,8,-16,32,-14,1,1,0.125,0.125
CyberEng,Direct,/cyber-threat-intelligence-analyst/,8,-10,8,-14,0,0,0,0
Informatics,Direct,/data-science-health-care/,8,-9,9,-8,0,0,0,0
MESH,Direct,/best-sustainability-certifications/,8,-59,7,-52,0,0,0,0
CyberOps,Organic Search,.translate.goog/top-cyber-security-blogs-websites/,8,-6,8,-6,0,0,0,0
MSLDT,Direct,/top-instructional-design-skills/,8,4,7,3,0,0,0,0
MSHA,Organic Search,/humanitarian-crises-around-the-world/,8,-22,6,-23,0,0,0,0
MESH,Direct,/masters-engineering-sustainability-health/mesh-combined-degree/,8,-4,10,-5,0,0,0,0
MSAAI,Direct,/resources/msaai-on-campus-artificial-intelligence-self-assessment/,8,,10,,0,,0,
Data Science,Direct,/sports-analytics-careers/,8,-6,8,-10,0,0,0,0
EML,Organic Search,/engineering-career-path/,8,-9,9,-7,0,0,0,0
MTS,Organic Search,/masters-theological-studies/classes/,8,-2,11,-12,0,0,0,0
LEPSL,Email,/masters-law-enforcement-leadership/faculty/,8,2,16,5,0,0,0,0
Data Science,Referral,/resources/data-science-self-assessment/,8,,7,,0,,0,
MESH,Unknown - Data Not Available / Data Not Available,/masters-engineering-sustainability-health/lp/ppc/,8,2,11,-14,0,-4,0,-0.6666666666666666
Default - (not set),Organic Search,/computer-science/,8,4,13,10,0,0,0,0
Informatics,Direct,/nurse-leader-vs-nurse-manager/,8,,8,,0,,0,
Default - computer-science,Paid Search,/masters-applied-data-science/lp/study-data-science/,8,,20,,9,,1.125,
MED,Direct,/teach-in-private-or-public-school/,8,,8,,0,,0,
Default - (not set),Direct,/resources/msaai-artificial-intelligence-self-assessment/,8,,14,,0,,0,
MSLDT,Organic Search,/faculty/lisa-evans/,8,2,9,0,0,0,0,0
MSNNL,Direct,s-nursing-leadership/,8,-1,9,-16,0,0,0,0
Data Science,Direct,/companies-hiring-data-scientists/,8,-7,6,-10,0,0,0,0
MSNP,Organic Social,/ngo-vs-nonprofit/,8,,8,,0,,0,
MTS,Direct,/biblical-studies-theology/,8,-4,8,-4,0,0,0,0
LEPSL,Organic Search,/masters-law-enforcement-leadership/faculty/,8,-8,7,-32,0,0,0,0
EML,Organic Search,/advisory-board/jimmy-anklesaria/,8,3,9,3,0,0,0,0
Data Science,Organic Search,/etl-developer-career/,8,4,6,2,0,0,0,0
MSLDT,Organic Search,/instructional-design-certificate-vs-masters-degree/,8,-23,9,-35,0,0,0,0
LEPSL,Organic Search,.translate.goog/10-innovative-police-technologies/,8,-2,9,-4,0,0,0,0
Default - (not set),Paid Search,/technology/,8,7,8,8,0,0,0,0
Default - (not set),Organic Search,/about/,8,0,7,3,0,0,0,0
MED,Organic Social,/inclusive-education-strategies/,8,6,8,6,0,0,0,0
MSAAI,Direct,/masters-applied-artificial-intelligence/careers/,8,-1,10,0,0,0,0,0
MSNNL,Organic Search,/masters-nursing-leadership/lp/ppc/,8,-4,8,-7,0,0,0,0
MTS,Direct,/jobs-for-catholics/,8,-4,8,-5,0,0,0,0
MED,Direct,/best-teacher-blogs/,8,-49,11,-51,0,0,0,0
Default - (not set),Organic Search,/admissions/international-students/,8,,6,,0,,0,
LEPSL,Organic Search,/importance-education-law-enforcement/,8,-17,9,-19,0,0,0,0
Informatics,Direct,/what-is-health-care-analytics/,8,-31,7,-30,0,0,0,0
Data Science,Direct,/database-engineer-career/,8,-57,9,-60,0,0,0,0
CyberEng,Organic Search,/masters-cyber-security-engineering/apply/,8,-19,4,-35,0,-1,0,-0.037037037037037035
MTS,Organic Search,/faculty/garrett-galvin/,8,2,8,-1,0,0,0,0
MTS,Direct,.translate.goog/serving-god/,8,-20,9,-31,0,0,0,0
MED,AI Traffic,/teacher-centered-vs-student-centered-learning/,8,-80,9,-116,0,0,0,0
MED,Organic Search,/master-of-education-salary/,8,1,9,2,0,0,0,0
MSNNL,Direct,/masters-nursing-leadership/scholarships/,8,,15,,0,,0,
MSLDT,AI Traffic,/kirkpatrick-training-evaluation-model/,8,-14,9,-9,0,0,0,0
MED,Referral,/life-skills-education-in-schools/,8,,9,,0,,0,
MSAAI,Organic Search,/resources/8-questions-artificial-intelligence-masters-ebook/,8,-9,7,-9,0,0,0,0
MSAAI,Direct,/artificial-intelligence-developer-career/,8,-25,9,-25,0,0,0,0
Informatics,Organic Search,/masters-health-informatics/lp/health-informatics-for-nurses/,8,-1,16,-4,0,0,0,0
MSHA,Paid Search,/masters-humanitarian-action/,8,-2,8,-5,0,0,0,0
Data Science,Direct,/data-science-vs-software-engineering/,8,-39,7,-50,0,0,0,0
MSHA,Display,/masters-humanitarian-action/lp/dyna/,8,6,9,7,1,1,0.125,0.125
MSLDT,Direct,/ai-instructional-design/,8,1,15,10,0,0,0,0
LEPSL,Direct,/police-media-relations-and-social-media/,8,-5,8,-4,0,0,0,0
Data Science,Organic Search,/data-science-vs-statistics-masters/,8,-8,9,-8,0,0,0,0
MSAAI,Direct,/resources/8-questions-artificial-intelligence-masters-ebook/,8,-5,6,-9,0,0,0,0
MED,Referral,/teaching-to-every-students-unique-learning-style/,8,-38,8,-56,0,0,0,0
MSLDT,Organic Search,.translate.goog/what-is-instructional-design-examples/,8,-5,8,-4,0,0,0,0
MTS,Direct,/incorporate-faith-in-career/,8,0,8,-6,0,0,0,0
MSITL,Direct,/masters-information-technology-leadership/classes/applied-ai-specialization/,8,,9,,0,,0,
Informatics,Organic Search,/health-informatics-impact-covid-19/,8,-52,5,-51,0,0,0,0
MSAAI,Direct,/artificial-intelligence-bootcamps/,8,-83,8,-100,0,0,0,0
EML,Direct,/manage-engineering-team/,8,2,8,2,0,0,0,0
MSNP,Direct,/volunteer-management-software/,8,3,8,5,0,0,0,0
MSHA,Direct,/masters-humanitarian-action/app-waiver/,8,1,8,-5,2,1,0.25,0.10714285714285715
LEPSL,Direct,/masters-law-enforcement-leadership/transfer-credit/sherman-block-sli/,8,3,12,8,0,0,0,0
EML,Organic Search,/engineering-leadership/,8,-88,8,-86,0,0,0,0
MED,Organic Search,/technology-in-classroom/,8,-9,9,-10,0,0,0,0
MSAAI,Organic Search,/how-to-start-career-artificial-intelligence/,8,-412,12,-426,0,-2,0,-0.004761904761904762
Default - (not set),Organic Search,/forms/,8,,28,,0,,0,
MSLDT,Paid Search,/masters-learning-design-technology/classes/,8,-46,4,-55,0,0,0,0
MESH,Organic Search,/renewable-energy-consultant-career/,8,,10,,1,,0.125,
MSITL,Direct,/information-systems-vs-information-technology/,8,,12,,0,,0,
Default - (not set),Referral,/employer-partnership/axos/,8,,11,,0,,0,
MSNP,Referral,/masters-nonprofit-leadership-management/classes/,8,2,7,3,0,0,0,0
MSAAI,Organic Search,.translate.goog/ai-trainer/,8,-34,8,-35,0,0,0,0
MTS,Organic Search,.translate.goog/liturgy-of-the-hours/,8,,9,,0,,0,
MED,Direct,/masters-education/faculty/,8,1,10,1,0,0,0,0
MTS,Direct,/how-to-get-more-involved-in-church/,8,-65,7,-68,0,0,0,0
MSAAI,Organic Search,/masters-applied-artificial-intelligence/lp/study-artificial-intelligence/,8,-19,11,-47,0,0,0,0
Informatics,Direct,/health-informatics-websites-blogs/,8,-11,6,-10,0,0,0,0
LEPSL,Organic Search,/ambassador/roberto-vasquez/,8,6,12,10,0,0,0,0
MSAAI,AI Traffic,/application-of-ai-in-robotics/,7,-14,6,-37,0,0,0,0
MSHA,Direct,/,7,-4,26,-50,0,-1,0,-0.09090909090909091
CyberOps,Direct,/risk-manager-career-guide/,7,-15,7,-18,0,-1,0,-0.045454545454545456
MESH,Direct,/environmental-justice-careers/,7,,6,,0,,0,
MED,Direct,/what-grade-should-you-teach/,7,,13,,0,,0,
MESH,Paid Search,/climate-change-careers/,7,,15,,0,,0,
CyberOps,Direct,/what-is-a-chief-security-officer-high-demand-skyrocketing-pay-for-csos/,7,-13,7,-17,0,0,0,0
MED,Direct,/education-specialist/,7,-16,7,-19,0,0,0,0
CyberOps,Organic Social,/top-cyber-security-blogs-websites/,7,5,7,5,0,0,0,0
Default - (not set),Paid Search,/tuition-financial-aid/financial-aid/,7,-6,5,-5,0,0,0,0
Default - (not set),Paid Search,/admissions/,7,,6,,0,,0,
Informatics,Organic Search,/is-health-informatics-degree-worth-it/,7,-27,6,-60,0,0,0,0
EML,Organic Search,/masters-engineering-management-leadership/lp/ppc/,7,-37,7,-46,0,0,0,0
MED,Organic Search,/resources/a-career-advancement-guide-for-educators-ebook/,7,2,6,3,0,0,0,0
MESH,Direct,/best-sustainability-podcasts/,7,-7,7,-6,0,0,0,0
MSITL,Paid Search,/masters-information-technology-leadership/,7,-4,9,-7,0,0,0,0
Default - (not set),Referral,/bringing-a-product-to-market/,7,,4,,0,,0,
MSAAI,Organic Social,/university-of-san-diegos-ms-in-applied-artificial-intelligence-launching-new-course-agentic-ai-systems-in-summer-2026/,7,,6,,0,,0,
MSHA,Direct,/international-social-work/,7,-5,9,-9,0,0,0,0
CyberEng,Email,/masters-cyber-security-engineering/lp/cyber-security-engineering/,7,,8,,0,,0,
EML,Organic Search,/effective-engineering-manager/,7,-2,11,0,0,0,0,0
MSAAI,Organic Social,/artificial-intelligence-jobs/,7,,7,,0,,0,
MSAAI,Direct,/business-intelligence-analyst-career/,7,-6,7,-6,0,0,0,0
MSHA,Organic Search,/disaster-relief-jobs/,7,-33,8,-39,0,0,0,0
MSNNL,Paid Social,/masters-nursing-leadership/classes/,7,,7,,0,,0,
MSLDT,Organic Search,/training-and-development-specialist/,7,-23,8,-25,0,0,0,0
Informatics,Direct,/masters-health-informatics/lp/study-health-informatics/,7,-17,11,-32,0,-2,0,-0.08333333333333333
MTS,Direct,/moral-theology/,7,-28,8,-39,0,0,0,0
MSITL,Direct,/information-technology-management/,7,-2,5,-4,0,0,0,0
MSAAI,Organic Search,.translate.goog/artificial-intelligence-jobs/,7,-32,7,-32,0,0,0,0
Informatics,Organic Search,/what-is-clinical-informatics/,7,-17,8,-20,0,0,0,0
LEPSL,Direct,/police-conflict-management-strategies/,7,-28,10,-24,0,0,0,0
MSLDT,Paid Search,/,7,-6,56,-30,1,1,0.14285714285714285,0.14285714285714285
CyberOps,Direct,/best-industries-cyber-security-job-seekers/,7,-2,7,0,0,0,0,0
LEPSL,Organic Search,/shift-in-law-enforcement-leadership/,7,-4,6,-5,0,0,0,0
Default - (not set),Organic Search,/employer-partnership/,7,3,7,1,0,0,0,0
MSAAI,Direct,/nlp-engineer-career/,7,-18,7,-19,0,0,0,0
MED,Organic Search,/resources/instructing-through-brain-informed-practices-online-presentation/,7,-7,10,0,1,0,0.14285714285714285,0.07142857142857142
MESH,AI Traffic,/sustainability-scholarships/,7,-5,16,-1,0,0,0,0
MTS,Organic Search,.translate.goog/catholic-charism-comparison/,7,-12,7,-11,0,0,0,0
MED,Paid Search,/masters-education/specializations/curriculum-and-instruction/,7,-2,6,-2,0,0,0,0
MSITL,Organic Search,/masters-information-technology-leadership/lp/ppc/,7,-45,7,-48,0,0,0,0
LEPSL,Direct,/masters-law-enforcement-leadership/lp/law-enforcement/,7,,13,,0,,0,
CyberEng,AI Traffic,/cyber-security-statistics/,7,-18,7,-12,0,0,0,0
MSITL,Organic Search,/what-is-site-reliability-engineering/,7,-7,8,-17,0,0,0,0
LEPSL,Organic Search,/faculty/timothy-albright/,7,1,7,1,0,0,0,0
CyberEng,Direct,/what-is-cyberwarfare/,7,-8,7,-10,0,0,0,0
MSNP,Organic Search,/nonprofit-fundraising-ideas/,7,,7,,0,,0,
LEPSL,Direct,/how-to-become-police-sergeant/,7,-10,7,-13,0,0,0,0
Data Science,Organic Search,.translate.goog/business-intelligence-developer/,7,4,7,0,0,0,0,0
CyberOps,Organic Search,.translate.goog/ceh-certification/,7,-14,8,-13,0,0,0,0
EML,Organic Search,/engineering-scholarships/,7,5,7,5,0,0,0,0
MSLDT,Organic Search,/elearning-developer/,7,-30,10,-49,0,0,0,0
EML,Organic Search,/engineering-masters-scholarships/,7,-42,6,-40,0,0,0,0
MSAAI,Direct,/resources/free-ms-aai-program-brochure-thank-you/,7,,10,,8,,1.1428571428571428,
LEPSL,Paid Search,/masters-law-enforcement-leadership/classes/,7,4,11,10,0,0,0,0
LEPSL,Direct,/masters-law-enforcement-leadership/lp/thank-you/,7,6,23,23,9,9,1.2857142857142858,1.2857142857142858
LEPSL,Direct,/police-captain-promotion-guide/,7,6,6,5,0,0,0,0
MED,Organic Social,/teacher-centered-vs-student-centered-learning/,7,-13,7,-23,0,0,0,0
MSLDT,Direct,/instructional-design-vs-learning-experience-design/,7,-18,8,-12,0,0,0,0
MTS,Organic Search,/faculty/keith-warner/,7,-3,7,-2,0,0,0,0
LEPSL,Organic Search,/police-education-study/,7,2,6,3,0,0,0,0
MSNP,Direct,/how-to-write-grant-proposals/,7,,6,,0,,0,
LEPSL,Direct,/why-police-officer-education-is-important/,7,-25,7,-26,0,0,0,0
Data Science,Organic Search,/data-science-vs-cybersecurity/,7,,6,,0,,0,
Default - (not set),Direct,/about/online-learning/course-experience/,7,5,6,4,0,0,0,0
LEPSL,Direct,/masters-law-enforcement-leadership/transfer-credit/fbi-leeda/,7,-3,11,-11,0,0,0,0
Data Science,Paid Search,/resources/msads-request-program-brochure/,7,-6,7,-5,0,-1,0,-0.07692307692307693
CyberOps,Organic Search,.translate.goog/ethical-hacker-career-salary-guide/,7,-21,7,-24,0,0,0,0
CyberOps,Paid Search,/masters-cyber-security-engineering/lp/cyber-security-engineering/,7,-4,29,-25,9,9,1.2857142857142858,1.2857142857142858
CyberOps,Organic Search,/masters-cyber-security-operations/lp/bva-cyber-security-operations-leadership/,7,-14,11,-19,0,-1,0,-0.047619047619047616
EML,Direct,/engineering-masters-degrees/,7,3,7,3,0,0,0,0
LEPSL,Organic Search,/faculty/mickey-williams/,7,2,9,4,0,0,0,0
CyberOps,Organic Search,/what-is-a-chief-security-officer-high-demand-skyrocketing-pay-for-csos/,7,-13,6,-27,0,0,0,0
EML,Direct,/engineering-management-masters-worth-it/,7,-3,13,4,1,1,0.14285714285714285,0.14285714285714285
MSNNL,Paid Search,/masters-nursing-leadership/lp/thank-you/,7,6,8,8,2,2,0.2857142857142857,0.2857142857142857
MSNP,Direct,/nonprofit-operations-career/,7,,8,,0,,0,
MSAAI,AI Traffic,/ai-governance/,7,-14,5,-13,0,-1,0,-0.047619047619047616
MSHA,AI Traffic,/humanitarian-intervention-success-stories/,7,1,6,2,0,0,0,0
MED,Organic Search,/best-podcasts-for-teachers/,7,-28,8,-26,0,0,0,0
MED,Organic Search,/edutainment/,7,-46,7,-49,0,0,0,0
MSNP,Direct,/business-masters-degrees-types/,7,-5,7,-9,0,0,0,0
Data Science,Organic Search,/data-science-in-finance/,7,-34,7,-43,0,0,0,0
Default - (not set),Unknown - ihsa / social,/admissions/how-to-apply/,7,,5,,0,,0,
MSNNL,Direct,/resources/nurse-leader-career-paths-opportunities/,7,,31,,0,,0,
MSHA,Organic Search,.translate.goog/examples-of-social-change/,7,,7,,0,,0,
LEPSL,Organic Search,/masters-law-enforcement-leadership/transfer-credit/fbi-leeda/,7,2,8,1,0,0,0,0
Default - (not set),Direct,/employer-partnership/axos/,7,,6,,0,,0,
MSLDT,Organic Search,/instructional-design-courses/,7,-14,7,-19,0,0,0,0
MSNNL,Direct,/masters-nursing-leadership/clinical-practicums/,7,,6,,0,,0,
MSITL,Organic Search,/network-computer-systems-administrator-career/,7,6,4,3,0,0,0,0
EML,Referral,/masters-engineering-management-leadership/curriculum/,7,6,20,18,0,0,0,0
Default - (not set),Referral,/admitted-students/,7,,5,,0,,0,
LEPSL,Organic Search,/masters-law-enforcement-leadership/lp/rv-edu/,7,4,18,4,2,2,0.2857142857142857,0.2857142857142857
MED,Direct,/masters-in-special-education-careers/,7,2,10,5,0,0,0,0
Default - (not set),Organic Search,/faq/,7,4,12,8,0,0,0,0
MED,Organic Search,/resources/complete-guide-to-teacher-centered-vs-student-centered-learning/,7,-6,7,-5,0,0,0,0
CyberOps,Direct,/cyber-security-auditor-career-guide/,7,-9,7,-15,0,-1,0,-0.0625
MTS,Direct,/what-is-theological-studies/,7,-20,22,-20,0,0,0,0
EML,Direct,/masters-engineering-management-leadership/faculty/,7,5,7,5,0,0,0,0
MSLDT,Organic Search,/resources/things-to-know-about-careers-in-instructional-design/,7,-18,6,-16,0,-2,0,-0.08
MSLDT,Direct,/masters-learning-design-technology/app-waiver/,6,,10,,0,,0,
MED,Organic Social,/differentiated-instruction/,6,4,4,2,0,0,0,0
MTS,Organic Social,/what-is-liturgy/,6,5,6,5,0,0,0,0
CyberOps,Direct,/blog/,6,-5,5,-3,0,0,0,0
EML,Unknown - Data Not Available / Data Not Available,/masters-engineering-management-leadership/lp/ppc/,6,4,6,0,0,0,0,0
Informatics,Direct,/5-health-care-big-data-companies-watch/,6,-6,6,-7,0,0,0,0
LEPSL,Organic Search,/top-ranked-law-enforcement-masters-degree/,6,-2,15,-13,0,-1,0,-0.125
Informatics,Organic Search,/what-is-health-informatics/,6,-74,7,-75,0,-1,0,-0.0125
MESH,Organic Search,/faculty/andrea-haverkamp/,6,-11,7,-9,0,0,0,0
CyberEng,Organic Search,/network-security-engineer/,6,0,7,2,0,0,0,0
MSLDT,Direct,/corporate-trainer-career/,6,-1,6,-1,0,0,0,0
MESH,Direct,/faculty/caroline-baillie/,6,2,8,4,0,0,0,0
Data Science,Direct,/data-science-careers/,6,-1,6,-1,0,0,0,0
Data Science,Direct,/how-to-become-a-computer-scientist-salary-career-guide/,6,-10,8,-8,0,0,0,0
Default - (not set),Direct,/masters-cyber-security-engineering/classes/,6,,23,,1,,0.16666666666666666,
Default - (not set),Organic Search,/campus-programs/,6,,6,,0,,0,
CyberOps,Display,/masters-cyber-security-operations/,6,3,11,7,0,0,0,0
LEPSL,Referral,/women-in-law-enforcement/,6,-23,9,-17,0,0,0,0
LEPSL,Organic Search,/resilience-in-law-enforcement/,6,1,5,-3,0,0,0,0
MSITL,Unknown - Data Not Available / Data Not Available,/masters-information-technology-leadership/lp/ppc/,6,5,34,32,3,3,0.5,0.5
MED,Organic Search,/faculty-spotlight-dr-ricardo-medina/,6,1,6,0,0,0,0,0
CyberEng,Email,/masters-cyber-security-engineering/classes/,6,3,11,8,0,0,0,0
Default - (not set),Referral,/about/state-authorization-status/,6,,5,,0,,0,
Default - (not set),Direct,/faculty/usd-msha-faculty/,6,,7,,0,,0,
MED,Direct,/master-education-vs-master-arts-teaching/,6,-10,4,-12,0,0,0,0
MSLDT,Direct,/what-is-learning-design/,6,-10,9,-16,0,0,0,0
MSAAI,Organic Search,/artificial-intelligence/,6,-10,24,3,0,0,0,0
LEPSL,Direct,/criminal-justice/,6,-13,13,-7,0,0,0,0
MSHA,Direct,/emergency-management-coordinator-career/,6,-5,5,-5,0,0,0,0
MSAAI,Organic Search,/machine-learning-bootcamps/,6,-26,7,-26,0,0,0,0
LEPSL,Organic Search,/improving-police-promotional-process/,6,,6,,0,,0,
Default - (not set),Organic Search,/how-to-become-an-intrapreneur/,6,,7,,0,,0,
MSAAI,Organic Search,/faculty/andrew-van-benschoten/,6,4,6,-5,0,0,0,0
MSLDT,Referral,/job-aid-examples-template/,6,2,4,1,0,0,0,0
MESH,Email,/masters-engineering-sustainability-health/apply/,6,5,6,5,0,0,0,0
MSAAI,Referral,/ai-impact-on-job-market/,6,-48,5,-65,0,0,0,0
LEPSL,Direct,/ambassador/roberto-vasquez/,6,4,9,7,0,0,0,0
MTS,Email,/masters-theological-studies/apply/,6,4,6,5,0,0,0,0
CyberOps,Organic Social,/masters-cyber-security-operations/,6,0,7,-2,0,0,0,0
MSHA,AI Traffic,/logical-framework-approach/,6,1,3,-2,0,0,0,0
Informatics,Organic Search,/career-health-care-informatics-ideal-foreign-medical-graduates/,6,-18,7,-34,0,-1,0,-0.041666666666666664
Informatics,Organic Search,/advisory-board/hanley/,6,-2,8,-1,0,0,0,0
MED,Organic Search,/teaching-students-with-autism/,6,1,7,0,0,0,0,0
MED,Referral,/cooperative-learning-strategies/,6,-32,5,-27,0,0,0,0
LEPSL,Referral,/improving-police-promotional-process/,6,,7,,0,,0,
MED,Direct,/implementing-universal-design-learning/,6,-9,4,-15,0,-1,0,-0.06666666666666667
Data Science,Paid Social,/resources/msads-request-program-brochure/,6,5,12,10,1,1,0.16666666666666666,0.16666666666666666
MSAAI,Direct,/artificial-intelligence-engineer-career/,6,-37,6,-43,0,-1,0,-0.023255813953488372
LEPSL,Direct,/how-to-become-a-police-lieutenant/,6,2,6,3,0,0,0,0
MESH,Paid Social,/masters-engineering-sustainability-health/lp/ppc/thank-you/,6,,6,,6,,1,
EML,Organic Search,/engineering-leadership-skills/,6,,8,,0,,0,
CyberOps,Direct,.translate.goog/top-cyber-security-threats/,6,1,6,-5,0,0,0,0
Default - (not set),Direct,/forms/msaai-applicant/,6,3,7,-1,0,0,0,0
Informatics,Unknown - Data Not Available / Data Not Available,/masters-health-informatics/lp/study-healthcare-analytics/,6,,12,,0,,0,
MSITL,Organic Search,/masters-in-information-technology-salary/,6,-40,7,-47,0,0,0,0
LEPSL,Direct,/masters-law-enforcement-leadership/faculty/,6,-13,4,-20,0,0,0,0
EML,Direct,/engineering-leadership-skills/,6,,6,,0,,0,
CyberEng,Paid Search,/masters-cyber-security-engineering/apply/,6,1,4,2,0,0,0,0
MED,Organic Search,.translate.goog/education-inequity-and-homework/,6,-17,6,-19,0,0,0,0
MTS,Organic Social,/masters-theological-studies/,6,-4,5,-9,0,0,0,0
Data Science,Direct,/13-essential-data-science-textbooks/,6,-3,5,-2,0,0,0,0
MSITL,Direct,/masters-information-technology-leadership/classes/,6,-10,15,-6,0,0,0,0
MTS,Organic Search,/masters-theological-studies/apply/,6,-8,6,-21,0,0,0,0
MSAAI,Organic Social,/,6,,7,,0,,0,
MSITL,Paid Search,/resources/free-itl-program-brochure/,6,-14,7,-26,0,0,0,0
MSLDT,Direct,/articulate-vs-captivate/,6,0,7,0,1,1,0.16666666666666666,0.16666666666666666
LEPSL,Organic Search,/law-enforcement-training-tips-to-tackle-multitasking-risks/,6,-5,7,-4,0,0,0,0
CyberEng,Organic Search,/summer-cyber-security-program/,6,-17,11,-32,0,0,0,0
Data Science,Organic Search,/data-architect-career/,6,-10,7,-7,0,0,0,0
"Default - computer-science,engineering,technology",Direct,/usd-gradright-partnership/,6,,8,,0,,0,
MSAAI,Email,/masters-applied-artificial-intelligence/apply/,6,-3,9,4,0,0,0,0
MSAAI,Organic Search,/resources/free-ms-aai-program-brochure/,6,4,6,5,0,0,0,0
Data Science,Organic Search,/data-consultant-career/,6,-17,5,-16,0,0,0,0
MSAAI,Direct,/introduction-to-computer-vision/,6,-133,6,-164,0,0,0,0
LEPSL,Organic Search,/how-to-become-police-sergeant/,6,-99,6,-113,0,0,0,0
Data Science,Organic Search,/database-administrator-career/,6,-25,6,-25,0,0,0,0
MSHA,Direct,/refugee-aid-careers/,6,1,5,0,0,0,0,0
MTS,Direct,/masters-theological-studies/let-us-pay-for-your-mts-program-application-fee/,6,5,6,6,2,2,0.3333333333333333,0.3333333333333333
CyberEng,Referral,/should-you-become-a-cyber-security-engineer/,6,-5,6,-2,0,0,0,0
Default - (not set),Direct,/employer-partnership/onlinedegrees-sandiego-edu-employer-partnershipatos-se/,6,,9,,0,,0,
MESH,Organic Search,/what-is-sustainable-development/,6,-132,8,-120,0,0,0,0
MED,Organic Search,/what-is-an-med-degree-explained/,6,-73,5,-80,0,0,0,0
Data Science,Email,/masters-applied-data-science/,6,0,7,2,0,0,0,0
MTS,Direct,/masters-theological-studies/lp/dyna/,6,2,7,3,0,0,0,0
"Default - computer-science,engineering,technology",Organic Search,/usd-gradright-partnership/,6,,6,,0,,0,
Default - (not set),Organic Search,/student-support/disability-and-learning-difference-resource-center-dldrc/,6,,6,,0,,0,
MSAAI,Organic Social,/ai-impact-on-job-market/,6,-2,6,-7,0,0,0,0
CyberOps,Unknown - Data Not Available / Data Not Available,/masters-cyber-security-operations/lp/bva-cyber-security-operations-leadership/,6,4,9,6,0,0,0,0
MSITL,Direct,/,6,-16,27,-143,0,-1,0,-0.045454545454545456
CyberOps,Organic Social,/what-is-a-chief-security-officer-high-demand-skyrocketing-pay-for-csos/,6,,6,,0,,0,
Informatics,Organic Search,/health-informatics-job-description-explained/,6,-39,5,-44,0,0,0,0
MSLDT,Direct,/faculty/lisa-evans/,6,1,7,2,0,0,0,0
Default - (not set),Organic Search,/student-support/its-help-desk/,6,4,6,4,0,0,0,0
MSNP,Direct,/masters-nonprofit-leadership-management/lp/thank-you/,6,,6,,6,,1,
Data Science,Organic Search,/faculty/mikael-graindorge/,6,,8,,0,,0,
MSHA,Email,/masters-humanitarian-action/classes/,6,-5,6,-15,1,-1,0.16666666666666666,-0.015151515151515166
EML,Direct,/chief-engineer-officer-career/,6,-31,6,-33,0,0,0,0
LEPSL,Paid Search,/masters-law-enforcement-leadership/lp/criminal-justice/,6,-166,15,-194,0,-10,0,-0.05813953488372093
Data Science,Direct,/masters-applied-data-science/lp/let-us-pay-for-your-msads-program-application-fee/,6,,4,,0,,0,
MSNNL,Organic Search,/advisory-board/ryan/,6,,8,,0,,0,
LEPSL,Organic Search,/law-enforcement-technology/,6,1,5,1,0,0,0,0
MTS,Direct,/master-of-theology-vs-divinity-vs-ministry-degrees/,6,-5,6,-14,0,-4,0,-0.36363636363636365
CyberOps,Email,/cyber-security-information-security-network-security/,6,,6,,0,,0,
Default - (not set),Paid Search,/masters-cyber-security-engineering/lp/cyber-security-engineering/,6,,40,,2,,0.3333333333333333,
CyberEng,Direct,/masters-cyber-security-engineering/faculty/,6,-3,5,-4,0,0,0,0
MSITL,Referral,/information-technology-trends/,6,-10,5,-10,0,0,0,0
MSAAI,Direct,/artificial-intelligence-salary-guide/,6,-15,6,-19,0,0,0,0
CyberOps,Direct,/cybersecurity-jobs-report/,6,-4,6,-4,0,0,0,0
MESH,Paid Search,/masters-engineering-sustainability-health/lp/ppc/thank-you/,6,,6,,6,,1,
MSNNL,Display,/resources/nursing-leadership-information-session/,6,,4,,0,,0,
LEPSL,Organic Search,/masters-law-enforcement-leadership/transfer-credit/,6,2,7,6,0,0,0,0
MSNP,Direct,/benefits-of-working-in-nonprofit/,6,-6,6,-10,0,0,0,0
CyberOps,Direct,/malware-analyst-career-guide/,6,-8,6,-12,0,0,0,0
EML,Organic Search,/how-to-become-an-engineering-manager/,6,-4,6,-2,0,0,0,0
MESH,Direct,/environmental-planner-career/,6,,5,,0,,0,
EML,Direct,/engineering-manager-vs-tech-lead/,6,1,6,1,0,0,0,0
Informatics,Email,/masters-health-informatics/lp/learn-more/,6,,7,,0,,0,
LEPSL,Referral,/police-communication-important-today/,6,-3,6,-3,0,0,0,0
MSNNL,Referral,/masters-nursing-leadership/lp/dyna/,6,,6,,0,,0,
MED,Email,/masters-in-education-requirements/,6,,8,,0,,0,
Default - (not set),Direct,/engineering/,6,0,6,0,0,0,0,0
MSLDT,Organic Search,/instructional-design-career-guide/,6,-59,6,-93,0,-4,0,-0.06153846153846154
Informatics,Organic Search,/healthcare/,6,2,7,2,0,0,0,0
LEPSL,Organic Search,/faculty/erik-fritsvold/,6,-15,7,-12,0,0,0,0
MTS,Organic Search,/theology-degree-salary/,6,-41,7,-41,0,0,0,0
MSAAI,Referral,/,6,-1,20,-12,0,0,0,0
MSLDT,Direct,/instructional-design-careers/,6,1,4,-3,0,-1,0,-0.2
MSNP,Direct,/what-is-organizational-leadership/,6,4,5,3,0,0,0,0
MSLDT,Email,/top-instructional-design-skills/,6,,7,,1,,0.16666666666666666,
MSNP,Organic Search,/masters-nonprofit-leadership-management/apply/,6,,8,,1,,0.16666666666666666,
MSAAI,Direct,/top-artificial-intelligence-companies-startups/,6,-19,6,-19,0,0,0,0
MSLDT,Organic Search,.translate.goog/kirkpatrick-training-evaluation-model/,6,-3,7,-1,0,0,0,0
CyberEng,Unknown - Data Not Available / Data Not Available,/masters-cyber-security-engineering/lp/cyber-security-engineering/,5,4,12,10,1,1,0.2,0.2
MSHA,Organic Search,/masters-humanitarian-action/lp/humanitarian-action/,5,-5,7,-12,0,-1,0,-0.1
MSNNL,Unknown - Data Not Available / Data Not Available,/masters-nursing-leadership/lp/ppc/,5,,8,,0,,0,
MSITL,Direct,/systems-engineer-career/,5,-24,5,-26,0,0,0,0
Informatics,Unknown - Data Not Available / Data Not Available,/masters-health-informatics/lp/health-informatics-for-nurses/,5,2,16,12,0,0,0,0
Default - (not set),Referral,,5,,5,,0,,0,
MSITL,Direct,/sre-vs-devops/,5,,5,,0,,0,
LEPSL,Referral,/what-is-intelligence-led-policing/,5,-16,8,-13,0,0,0,0
MSAAI,Organic Social,/artificial-intelligence-finance/,5,2,4,1,0,0,0,0
LEPSL,Paid Search,/masters-law-enforcement-leadership/,5,-36,12,-36,0,0,0,0
MED,Organic Search,.translate.goog/teacher-centered-vs-student-centered-learning/,5,-32,7,-33,0,0,0,0
MESH,Direct,/environmental-studies-vs-environmental-science-degree/,5,-8,4,-9,0,0,0,0
MSNP,Organic Search,/,5,-10,24,-669,0,0,0,0
MED,Referral,/what-is-educational-technology-definition-examples-impact/,5,-161,5,-222,0,0,0,0
CyberEng,Organic Social,/cyber-security-statistics/,5,,5,,0,,0,
EML,Direct,/engineering-masters-scholarships/,5,4,7,6,0,0,0,0
MSAAI,AI Traffic,/artificial-intelligence-bootcamps/,5,-7,5,-9,0,0,0,0
MSHA,Organic Search,/,5,-3,24,-10,0,0,0,0
MSLDT,Direct,/learning-experience-design/,5,-14,6,-16,0,0,0,0
Default - (not set),Organic Search,/online-leadership-courses/,5,,5,,0,,0,
MTS,Organic Search,/franciscan-spirituality-in-todays-world/,5,-1,10,-1,0,-1,0,-0.16666666666666666
LEPSL,Organic Search,/faculty/greg-morgan/,5,-3,5,-3,0,0,0,0
Default - (not set),Direct,/mba-interview-questions/,5,-3,5,-1,0,0,0,0
MSNP,Display,/masters-nonprofit-leadership-management/lp/dyna/,5,3,3,-1,0,0,0,0
MESH,Referral,/masters-engineering-sustainability-health/faculty/,5,2,8,-11,0,0,0,0
MED,Direct,/forms/,5,4,16,9,4,4,0.8,0.8
Default - (not set),AI Traffic,/,5,,7,,0,,0,
Default - (not set),Direct,/best-mba-alternatives/,5,-3,5,-3,0,0,0,0
CyberEng,Organic Search,/how-to-become-a-cyber-threat-hunter/,5,,4,,0,,0,
MSNNL,Direct,/masters-nursing-leadership/faculty/,5,-6,4,-26,0,0,0,0
CyberEng,Direct,/cyber-security-coding/,5,-9,5,-9,0,0,0,0
MTS,Organic Search,/faculty/juliet-mousseau/,5,2,5,2,0,0,0,0
MSLDT,Direct,/masters-engineering-sustainability-health/apply/,5,3,5,-42,0,0,0,0
CyberEng,Organic Search,/classes/applied-cryptography-5/,5,-27,5,-31,0,0,0,0
MTS,Referral,/masters-theological-studies/apply/,5,-5,5,-3,0,0,0,0
MESH,Direct,/environmental-policy-analyst-career/,5,-9,5,-14,0,0,0,0
Informatics,Direct,/forms/,5,-8,15,-39,4,3,0.8,0.7230769230769232
MED,Referral,/rethinking-education-assessment-types/,5,-7,9,-1,0,0,0,0
MED,Paid Search,/masters-education/specializations/,5,1,7,6,0,0,0,0
Default - engineering,Direct,/research-and-development-manager-career-guide/,5,,4,,0,,0,
MTS,Organic Search,/resources/7-applications-of-theology-degree-ebook/,5,1,5,0,0,-1,0,-0.25
MESH,Paid Search,/,5,-16,25,-74,2,0,0.4,0.3047619047619048
MESH,Direct,/renewable-energy-consultant-career/,5,,6,,0,,0,
MSHA,Referral,/types-of-advocacy/,5,,4,,0,,0,
Default - (not set),Direct,/bachelors-nursing/bachelors-nursing-lp-ppc/,5,,5,,0,,0,
MSITL,Direct,/it-management-leadership-certifications/,5,-1,5,-2,0,0,0,0
Default - (not set),Direct,/blog/business-entrepreneurship/,5,,5,,0,,0,
MED,Direct,/can-you-teach-with-a-bachelors-degree/,5,-34,5,-36,0,0,0,0
MESH,Paid Search,/ngo-careers/,5,0,6,0,0,0,0,0
MTS,Direct,/theology-degree-salary/,5,-8,5,-8,0,0,0,0
MSITL,Organic Search,/sre-vs-devops/,5,,4,,0,,0,
MSITL,Organic Search,.translate.goog/how-to-become-a-devops-engineer/,5,,5,,0,,0,
MSAAI,Organic Search,/university-of-san-diego-launches-full-time-on-campus-masters-degree-programs-in-applied-artificial-intelligence-and-cyber-security-engineering/,5,,9,,0,,0,
LEPSL,Direct,/masters-in-law-enforcement-leadership-hits-1000-graduate-milestone/,5,,4,,0,,0,
CyberEng,Organic Search,.translate.goog/what-is-cyberwarfare/,5,4,5,4,0,0,0,0
MSNP,Direct,/nonprofit-board-governance/,5,-1,5,-8,0,0,0,0
MSHA,Organic Search,/humanitarian-corridor/,5,-17,4,-16,0,0,0,0
Data Science,Direct,/when-inference-meets-prediction-navigating-the-line-between-statistical-models-and-machine-learning/,5,,5,,0,,0,
Data Science,Direct,/business-intelligence-developer/,5,-1,5,-6,0,0,0,0
MSAAI,Direct,/resources/msaai-artificial-intelligence-self-assessment/,5,-57,15,-57,0,0,0,0
MED,Direct,/resources/a-career-advancement-guide-for-educators-ebook/,5,1,5,-2,0,0,0,0
CyberOps,Organic Search,/vulnerability-and-penetration-testing/,5,-4,3,-5,0,0,0,0
MED,Organic Search,/grants-for-masters-degree-in-teaching/,5,-61,6,-75,0,0,0,0
Default - (not set),Email,/,5,,4,,0,,0,
MESH,Organic Search,.translate.goog/climate-change-analyst-career/,5,-1,5,-1,0,0,0,0
Data Science,Organic Search,/faculty/bilgenur-baloglu/,5,,4,,0,,0,
EML,Referral,/future-engineering-trends/,5,,12,,0,,0,
EML,Direct,/how-to-become-vp-engineering/,5,4,5,4,0,0,0,0
MESH,Direct,/sustainability-degree-options/,5,-6,5,-6,0,0,0,0
Informatics,Paid Search,/masters-health-informatics/lp/thank-you/,5,-5,3,-10,1,-1,0.2,0
MSAAI,Paid Search,/resources/free-ms-aai-program-brochure/,5,4,6,5,1,1,0.2,0.2
MED,Organic Search,/masters-education/scholarships-and-grants/,5,-1,7,-4,0,0,0,0
LEPSL,Organic Search,/top-law-enforcement-blogs-websites/,5,-17,5,-15,0,0,0,0
MSHA,Organic Social,/human-rights-violation-definition/,5,,5,,0,,0,
LEPSL,Direct,/masters-law-enforcement-leadership/scholarships-grants/,5,-2,8,0,0,0,0,0
MSITL,Organic Search,/,5,-5,73,-104,0,0,0,0
MSHA,Direct,/what-makes-a-good-humanitarian-important-skills/,5,-5,5,-6,0,0,0,0
MSNP,AI Traffic,/nonprofit-grant-databases/,5,-23,5,-22,0,0,0,0
MED,Referral,/differentiated-instruction/,5,-21,5,-21,0,0,0,0
CyberEng,Direct,/masters-cyber-security-engineering/careers/,5,2,6,4,0,0,0,0
Data Science,Organic Search,/data-warehouse-engineer/,5,-50,6,-52,0,0,0,0
Informatics,Email,/masters-health-informatics/apply/,5,-10,6,-11,0,0,0,0
MSNP,Direct,/volunteer-management/,5,-3,5,-3,0,0,0,0
Data Science,Organic Search,/masters-applied-data-science/lp/study-data-science/,5,-6,6,-17,0,0,0,0
Informatics,Unknown - Data Not Available / Data Not Available,/masters-health-informatics/lp/study-health-informatics/,5,4,10,8,1,1,0.2,0.2
CyberOps,Organic Search,/faculty/umesh-varma/,5,-1,5,-1,0,0,0,0
MSHA,Direct,/resources/msha-how-a-masters-degree-can-benefit-your-humanitarian-career/,5,2,6,4,0,0,0,0
MSITL,Direct,/it-leadership/,5,-30,5,-28,0,0,0,0
MTS,Direct,/apologetics-catechesis-theological-studies-comparison/,5,-8,5,-8,0,0,0,0
EML,Organic Search,/masters-in-engineering-management-vs-mba/,5,-33,6,-45,0,-1,0,-0.02631578947368421
LEPSL,Direct,/promoting-women-in-law-enforcement-leadership/,5,-4,9,-1,0,0,0,0
Default - (not set),Paid Social,/programs/,5,,5,,0,,0,
MED,Direct,/early-childhood-education-vs-elementary-education-masters/,5,2,5,2,0,0,0,0
MTS,Organic Social,/apologetics-catechesis-theological-studies-comparison/,5,,5,,0,,0,
Default - (not set),Referral,/tuition-financial-aid/financial-aid/,5,,3,,0,,0,
Data Science,Organic Search,/storytelling-with-data-part-2/,5,-8,5,-22,0,0,0,0
MED,Direct,/mba-vs-emba-8-key-differences-comparison-table/,5,0,5,-1,0,0,0,0
MSAAI,Referral,/introduction-to-computer-vision/,5,-62,5,-55,0,0,0,0
Default - (not set),Direct,/employer-partnership/baker-electric/,5,,5,,0,,0,
MSLDT,Organic Search,/masters-learning-design-technology/classes/,5,-23,6,-41,0,0,0,0
CyberOps,Direct,/network-administrator-vs-systems-administrator/,5,1,5,2,0,0,0,0
LEPSL,Organic Search,/faculty/tom-chaplin/,5,4,11,10,0,0,0,0
MSAAI,Referral,/artificial-intelligence-finance/,5,-39,9,-34,0,0,0,0
Default - (not set),Direct,/masters-cyber-security-operations/,5,,19,,3,,0.6,
MTS,Organic Search,.translate.goog/ways-to-deepen-your-faith/,5,,5,,0,,0,
LEPSL,Organic Search,/masters-law-enforcement-leadership/scholarships-grants/,5,-9,5,-9,0,0,0,0
CyberOps,Organic Search,/how-to-become-a-security-consultant-career-guide/,5,-96,5,-134,0,0,0,0
MSAAI,Referral,/ai-research-scientist-career/,5,-6,12,1,0,0,0,0
Data Science,Direct,/business-analyst-vs-data-analyst-vs-data-scientist/,5,-4,5,-3,0,0,0,0
LEPSL,Direct,/risk-management-in-law-enforcement/,5,-12,5,-16,0,0,0,0
CyberOps,Direct,/cyber-security-salaries-make-case-for-masters/,5,0,5,0,0,0,0,0
Default - (not set),Direct,/contact-us-thank-you/,5,,6,,4,,0.8,
MESH,Organic Search,/,5,-6,13,-42,0,0,0,0
MED,Organic Search,.translate.goog/best-masters-degrees-for-teachers/,5,-68,5,-71,0,0,0,0
Default - (not set),Organic Search,/effective-leadership-skills/,5,,6,,0,,0,
MED,Direct,/edutainment/,5,-12,5,-9,0,0,0,0
LEPSL,Organic Search,/masters-law-enforcement-leadership/lp/law-enforcement/,5,3,13,3,2,2,0.4,0.4
CyberOps,Organic Search,/cyber-security-podcasts/,5,-5,7,-2,0,0,0,0
Informatics,Organic Search,/education/,5,-4,5,-13,0,0,0,0
CyberEng,Direct,/cryptanalyst-career-guide/,5,-2,8,-2,0,0,0,0
LEPSL,Unknown - policeone / directory,/masters-law-enforcement-leadership/lp/request-info/,5,-8,8,-5,0,-1,0,-0.07692307692307693
LEPSL,Organic Search,/blog/police-leadership/,5,4,7,0,0,0,0,0
MED,Direct,/the-secrets-to-successful-school-leadership/,5,3,5,3,0,0,0,0
CyberOps,Organic Search,/threat-or-opportunity-big-data-and-cyber-security/,5,-10,7,-7,0,0,0,0
Default - (not set),Organic Search,/faculty/michael-lawless/,5,-3,7,-2,0,0,0,0
Default - (not set),Paid Search,/leadership-management/,5,3,5,4,0,0,0,0
LEPSL,Referral,/masters-law-enforcement-leadership/transfer-credit/fbi-leeda/,5,-3,10,-9,0,0,0,0
LEPSL,Organic Search,/a-career-in-law-enforcement-3-federal-jobs/,5,3,5,3,0,0,0,0
CyberEng,Paid Search,/masters-cyber-security-engineering/let-us-pay-for-your-cse-program-application-fee/,5,,5,,0,,0,
MSLDT,Referral,/create-employee-training-program/,5,-11,5,-12,0,0,0,0
Informatics,Direct,/masters-health-informatics/faculty/,5,-5,6,-7,0,0,0,0
MSAAI,Paid Social,/masters-applied-artificial-intelligence/,5,3,7,0,0,0,0,0
Default - (not set),Direct,/employer-partnership/artemis-consulting/,5,,5,,0,,0,
LEPSL,Direct,/best-police-leadership-books/,5,-20,4,-44,0,0,0,0
LEPSL,Paid Search,/community-policing-through-leadership/,5,,6,,0,,0,
MSAAI,Organic Search,.translate.goog/artificial-intelligence-scholarships/,5,2,5,0,0,0,0,0
Default - (not set),Organic Search,/student-support/graduate-admissions/,5,0,7,2,0,0,0,0
MSNNL,Direct,/12-types-of-msn-degrees-how-to-choose-the-best-nursing-track/,5,,5,,0,,0,
MTS,Direct,/theological-education/,5,-1,5,-29,0,0,0,0
Default - (not set),Paid Social,/,5,,5,,0,,0,
MSAAI,Direct,/masters-cyber-security-engineering/,5,-3,12,-28,0,0,0,0
LEPSL,Organic Search,/ambassador/maxime-schifano/,5,2,5,2,0,0,0,0
EML,Referral,/masters-engineering-management-leadership/apply/,5,1,5,-2,0,0,0,0
Informatics,Paid Search,/healthcare/,5,-16,5,-25,0,0,0,0
"Default - computer-science,engineering,technology",Organic Social,/cyber-security/,5,,5,,0,,0,
Informatics,Organic Search,.translate.goog/8-technologies-changing-healthcare/,5,2,6,4,0,0,0,0
CyberOps,Direct,/threat-or-opportunity-big-data-and-cyber-security/,5,-5,5,-4,0,0,0,0
Data Science,Organic Search,/data-science-careers/,5,-16,6,-15,0,0,0,0
LEPSL,Referral,/how-to-become-a-police-lieutenant/,5,,6,,0,,0,
LEPSL,Organic Search,/classes/budget-finance-for-law-enforcement-leaders/,5,-5,8,-3,0,0,0,0
Informatics,Referral,/data-science-health-care/,5,-4,3,-7,0,0,0,0
CyberEng,Referral,/masters-cyber-security-engineering/,5,-48,8,-64,0,-1,0,-0.018867924528301886
MTS,Unknown - Data Not Available / Data Not Available,/masters-theological-studies/lp/ppc/,5,,7,,0,,0,
MSNNL,AI Traffic,/masters-nursing-leadership/scholarships/,5,,5,,0,,0,
MSLDT,Direct,/instructional-design-courses/,5,2,4,1,0,0,0,0
CyberOps,Organic Search,/network-administrator-vs-systems-administrator/,5,-27,6,-21,0,0,0,0
MSNP,Referral,/grant-writing-for-nonprofits/,5,4,5,3,0,0,0,0
MSNP,Unknown - facebook / social,/masters-nonprofit-leadership-management/,5,,5,,0,,0,
MSAAI,Organic Search,/masters-artificial-intelligence-vs-data-science/,5,-53,5,-69,0,-2,0,-0.034482758620689655
CyberOps,Organic Search,/top-paying-cybersecurity-jobs/,5,-1146,5,-1454,0,-1,0,-0.0008688097306689834
MSLDT,Direct,/masters-learning-design-technology/related-articles/,5,,5,,0,,0,
"Default - business-entrepreneurship,computer-science,technology",Organic Search,/is-a-masters-in-data-science-worth-it/,5,,5,,0,,0,
MSAAI,AI Traffic,/resources/msaai-online-artificial-intelligence-self-assessment/,5,,4,,0,,0,
Default - (not set),Direct,/disruptive-innovation-examples/,5,,3,,0,,0,
Default - (not set),Paid Search,/masters-engineering-management-leadership/lp/ppc/,5,,3,,3,,0.6,
Informatics,Direct,/health-informatics-impact-covid-19/,5,-3,4,-1,0,0,0,0
CyberOps,Organic Search,.translate.goog/cybersecurity-analyst-career-guide/,4,-2,5,-2,0,0,0,0
MSLDT,Organic Search,/instructional-designer-job/,4,-57,6,-71,0,-1,0,-0.01639344262295082
Informatics,Organic Search,/forms/,4,,16,,6,,1.5,
MED,Direct,/masters-education/careers/,4,2,3,1,0,0,0,0
MTS,Organic Search,.translate.goog/why-study-theology/,4,-26,4,-34,0,0,0,0
CyberOps,Organic Search,/faculty/michelle-moore/,4,-16,5,-19,0,0,0,0
CyberOps,AI Traffic,/top-100-cybersecurity-companies/,4,-12,3,-10,0,0,0,0
MED,Referral,/mental-health-issues-in-schools/,4,-8,5,-10,0,0,0,0
CyberOps,Organic Search,/history-of-cyber-security-standards/,4,-8,3,-8,0,0,0,0
EML,Organic Search,.translate.goog/future-engineering-trends/,4,,4,,0,,0,
MSHA,Direct,/masters-humanitarian-action/advisory-board/,4,-30,6,-39,0,-2,0,-0.058823529411764705
MED,Organic Search,/resources/instructing-through-brain-informed-practices-online-presentation-thank-you/,4,-2,4,1,0,0,0,0
CyberEng,Direct,/faculty/haydar-majeed/,4,0,2,-4,0,0,0,0
MTS,Direct,/resources/master-of-theological-studies-brochure/,4,,5,,1,,0.25,
MSHA,Direct,/masters-humanitarian-action/lp/dyna/,4,-13,5,-13,0,-1,0,-0.058823529411764705
MED,Direct,/resources/9-reasons-master-education-degree-ebook/,4,-3,3,-7,0,0,0,0
MSNNL,Organic Search,/classes/advanced-pathophysiology/,4,-1,5,-2,0,0,0,0
LEPSL,Direct,/faculty/erik-fritsvold/,4,-6,5,-5,0,0,0,0
MSNNL,Direct,/how-to-become-a-cno/,4,,4,,0,,0,
MSAAI,Organic Search,/resources/msaai-online-artificial-intelligence-self-assessment/,4,,5,,0,,0,
MSAAI,Referral,/resources/msaai-online-artificial-intelligence-self-assessment/,4,,3,,0,,0,
Data Science,Organic Search,.translate.goog/best-computer-science-jobs/,4,1,4,1,0,0,0,0
LEPSL,Referral,/masters-law-enforcement-leadership/transfer-credit/,4,3,7,3,0,0,0,0
MED,Organic Search,/masters-curriculum-instruction/,4,-16,5,-18,0,0,0,0
Default - (not set),Organic Search,/faculty/james-gilb-ph-d/,4,-5,4,-2,0,0,0,0
MSAAI,Email,/resources/free-ms-aai-program-brochure/,4,,4,,0,,0,
MSHA,AI Traffic,/theory-of-change/,4,-10,3,-12,0,0,0,0
MSLDT,Direct,/classes/introduction-to-learning-technologies/,4,3,2,1,0,0,0,0
MED,Direct,.translate.goog/education-inequity-and-homework/,4,2,4,2,0,0,0,0
CyberOps,Direct,/how-to-become-a-security-consultant-career-guide/,4,-12,4,-22,0,0,0,0
MSNP,AI Traffic,/nonprofit-board-governance/,4,,2,,0,,0,
MSHA,Paid Search,/humanitarian-aid-certificate-courses/,4,,6,,0,,0,
MSNP,Direct,/best-jobs-for-veterans-after-the-military/,4,-1,4,-2,0,0,0,0
MITE,Email,/masters-innovation-technology-entrepreneurship/lp/dyna/,4,,4,,0,,0,
CyberEng,Direct,/how-to-become-a-cyber-threat-hunter/,4,,4,,0,,0,
MED,Organic Search,.translate.goog/co-teaching-models/,4,3,4,3,0,0,0,0
Default - (not set),Unknown - tradedesk / ctv,/,4,,4,,0,,0,
CyberEng,Display,/masters-cyber-security-engineering/,4,2,4,2,0,0,0,0
MSLDT,Organic Search,.translate.goog/instructional-design-models/,4,-1,6,2,0,0,0,0
MSLDT,Organic Search,/ambassador/cameron-salehi/,4,,11,,0,,0,
Informatics,Direct,/nursing-informatics-vs-health-informatics/,4,-10,4,-13,0,0,0,0
MED,Direct,/programs/,4,-111,20,-163,0,0,0,0
MSLDT,Direct,/elearning-designer-career/,4,-9,4,-12,0,0,0,0
Informatics,Direct,/do-you-need-health-informatics-certification/,4,-6,4,-6,0,0,0,0
MSLDT,Direct,/instructional-designer-job/,4,-5,4,-7,0,0,0,0
CyberOps,Organic Search,/faculty/matthew-d-hollandsworth-ph-d/,4,,4,,0,,0,
MSAAI,Organic Search,.translate.goog/careers-using-python/,4,-14,4,-17,0,0,0,0
Default - (not set),Organic Search,/masters-cyber-security-operations/,4,,19,,0,,0,
MED,AI Traffic,/manage-cell-phones-in-class-tips/,4,,4,,0,,0,
Default - (not set),Direct,ation-info/,4,,7,,0,,0,
CyberOps,Organic Search,.translate.goog/cyber-security-auditor-career-guide/,4,,4,,0,,0,
Informatics,Direct,/5-exciting-health-care-informatics-projects/,4,-5,5,-7,0,0,0,0
MTS,Direct,/masters-theological-studies/lp/ppc/,4,-76,2,-125,0,-5,0,-0.0625
MTS,Organic Search,/campus-minister/,4,-29,4,-33,0,-1,0,-0.030303030303030304
CyberOps,Direct,/systems-administrator/,4,3,4,3,0,0,0,0
MSLDT,Referral,/instructional-design-vs-learning-experience-design/,4,,2,,0,,0,
MSNP,AI Traffic,/masters-nonprofit-leadership-management/,4,1,12,6,1,1,0.25,0.25
CyberOps,Direct,/10-entry-level-cyber-security-resume-interview-pitfalls/,4,1,4,1,0,0,0,0
Data Science,Referral,/masters-data-analytics-worth-it/,4,0,4,-1,0,0,0,0
MESH,Direct,/how-to-become-an-environmental-engineer/,4,3,4,3,0,0,0,0
MTS,Direct,/resources/master-of-theological-studies-application-guide/,4,-1,4,0,0,0,0,0
Informatics,Organic Search,/informatics-certificate-vs-degree-best/,4,-18,9,-33,0,-1,0,-0.045454545454545456
Data Science,Direct,/how-to-become-database-developer/,4,-124,4,-136,0,0,0,0
Informatics,Direct,/masters-health-informatics/lp/thank-you/,4,2,4,2,4,4,1,1
Informatics,Organic Search,/masters-health-informatics/classes/,4,-25,6,-60,0,-2,0,-0.06896551724137931
MSITL,Paid Search,/masters-information-technology-leadership/classes/,4,1,3,2,0,0,0,0
Default - (not set),Direct,/about/general-policies/,4,-2,5,-1,0,0,0,0
CyberEng,Direct,/cyber-security-vs-software-engineering/,4,,4,,0,,0,
LEPSL,Organic Search,/masters-law-enforcement-leadership/transfer-credit/command-college/,4,-12,4,-29,0,0,0,0
CyberOps,Direct,/cyber-security-podcasts/,4,0,4,-5,0,0,0,0
MSAAI,Unknown - Data Not Available / Data Not Available,/masters-applied-artificial-intelligence/lp/study-artificial-intelligence/,4,2,6,3,0,0,0,0
Default - (not set),Direct,/employer-partnership/eset/,4,,4,,0,,0,
CyberOps,Direct,/is-a-cyber-security-certification-right-for-you/,4,-2,4,-2,0,0,0,0
EML,Direct,/masters-in-engineering-management-vs-mba/,4,-1,4,-1,0,0,0,0
MSNP,Direct,/grant-writing-for-nonprofits/,4,-5,3,-14,0,0,0,0
MED,Paid Search,/resources/free-med-program-brochure/,4,,4,,0,,0,
CyberOps,Organic Search,/faculty/danny-barnes/,4,0,5,1,0,0,0,0
MSAAI,Organic Search,/faculty/amit-manghani/,4,1,4,1,0,0,0,0
Data Science,Direct,/applications-of-data-science-in-healthcare/,4,-3,5,-3,0,0,0,0
EML,Organic Search,.translate.goog/principal-engineer-vs-senior-engineer/,4,,5,,0,,0,
CyberOps,Direct,/cyber-security-director/,4,,4,,0,,0,
Default - (not set),Direct,/about/career-and-professional-resources/,4,-3,4,-3,0,0,0,0
CyberOps,Paid Social,/masters-cyber-security-engineering/lp/cyber-security-engineering/,4,,18,,5,,1.25,
LEPSL,Organic Social,/10-innovative-police-technologies/,4,-2,4,-5,0,0,0,0
MTS,Direct,/why-theological-studies/,4,-8,14,1,0,0,0,0
MTS,Organic Search,.translate.goog/theology-careers/,4,-8,4,-7,0,0,0,0
LEPSL,Paid Search,/masters-law-enforcement-leadership/ambassadors/,4,1,4,-20,0,0,0,0
Default - (not set),Organic Search,/best-jobs-for-mba-graduates/,4,-1,5,0,0,0,0,0
EML,Referral,/masters-engineering-management-leadership/faculty/,4,,9,,0,,0,
CyberEng,Organic Search,/network-security-solutions/,4,-140,5,-138,0,0,0,0
EML,Organic Search,.translate.goog/senior-engineer-vs-tech-lead-vs-lead-engineer/,4,-22,4,-25,0,0,0,0
EML,Direct,/engineering-career-path/,4,-1,4,-3,0,0,0,0
MSNNL,Organic Social,/masters-nursing-leadership/,4,,4,,0,,0,
Default - (not set),Direct,/employer-partnership/general-dynamics-nassco/,4,,4,,0,,0,
EML,Referral,/masters-in-engineering-management-vs-mba/,4,2,18,15,0,0,0,0
Data Science,Direct,/data-engineer-career/,4,-2,4,-3,0,0,0,0
MSNP,Organic Search,/masters-nonprofit-leadership-management/lp/ppc/,4,-45,10,-45,0,0,0,0
Default - (not set),Direct,/lean-startup-methodology-explained/,4,,5,,0,,0,
LEPSL,Email,/resources/law-enforcement-careers-ebook-thank-you/,4,-3,4,-2,0,0,0,0
Default - (not set),Email,/admissions/,4,,5,,0,,0,
MSHA,Referral,/masters-humanitarian-action/apply/,4,2,4,-3,0,0,0,0
MTS,Paid Search,/masters-theological-studies/lp/ppc/thank-you/,4,2,3,1,2,2,0.5,0.5
Default - (not set),Organic Search,/gfembed/,4,-19,4,-21,0,0,0,0
Informatics,AI Traffic,/masters-health-informatics/,4,0,6,-1,1,1,0.25,0.25
MSAAI,Organic Search,.translate.goog/ai-blogs/,4,-3,4,-2,0,0,0,0
MSITL,AI Traffic,/it-careers-after-help-desk/,4,,4,,0,,0,
MESH,Organic Search,.translate.goog/environmental-scientist-career/,4,-9,4,-9,0,0,0,0
MSAAI,Organic Search,.translate.goog/machine-learning-podcast/,4,-2,4,-2,0,0,0,0
MSAAI,Direct,/study-artificial-intelligence-degree/,4,-1,4,-2,0,0,0,0
CyberEng,Email,/masters-cyber-security-engineering/apply/,4,0,4,0,0,-1,0,-0.25
Informatics,Organic Search,/bachelors-nursing/,4,,13,,1,,0.25,
MSAAI,Organic Search,/study-artificial-intelligence-degree/,4,-17,5,-21,0,0,0,0
MSAAI,Unknown - facebook / social,/masters-applied-artificial-intelligence/,4,,6,,1,,0.25,
MSNP,Direct,/nonprofit-fundraising-ideas/,4,,4,,0,,0,
MSLDT,Direct,/masters-learning-design-technology/testimonials/,4,-6,13,2,0,0,0,0
MTS,Direct,/campus-minister/,4,-3,4,-3,0,0,0,0
LEPSL,Email,/blog/police-leadership/,4,,9,,0,,0,
MED,Organic Search,/alternative-teacher-certification-guide/,4,-16,4,-21,0,0,0,0
MSLDT,Organic Search,/instructional-designer-vs-elearning-developer/,4,-25,4,-27,0,0,0,0
Default - (not set),Organic Search,/lean-startup-methodology-explained/,4,,4,,0,,0,
MESH,Organic Search,/how-to-become-an-environmental-engineer/,4,-3,6,-5,0,0,0,0
MED,Organic Search,/professional-development-options-for-teachers-at-usd/,4,-18,4,-20,0,0,0,0
MESH,Organic Search,/advisory-board/paul-kadetz/,4,2,4,2,0,0,0,0
MSAAI,Organic Search,/masters-engineering-management-leadership/,4,,10,,0,,0,
MESH,Organic Search,.translate.goog/ngo-careers/,4,-66,4,-76,0,0,0,0
MSHA,Direct,/humanitarian-aid-certificate-courses/,4,-12,3,-21,0,0,0,0
CyberEng,Organic Search,/is-cyber-security-hard/,4,,4,,0,,0,
MED,Organic Search,/early-childhood-education-vs-elementary-education-masters/,4,0,5,-7,0,0,0,0
LEPSL,Direct,/police-promotion/,4,-13,5,-13,0,0,0,0
MED,Organic Search,.translate.goog/effective-educational-leadership/,4,-1,5,0,0,0,0,0
Default - (not set),Direct,/forms/csol-applicant/,4,2,5,-7,0,0,0,0
MED,Direct,/gfembed/,4,1,8,5,0,0,0,0
Default - (not set),Direct,/faculty/jack-mccready/,4,3,3,2,0,0,0,0
LEPSL,Organic Search,/5-tips-for-a-successful-criminal-justice-career/,4,-9,3,-10,0,-1,0,-0.07692307692307693
Informatics,Direct,/mha-vs-mph-vs-ms-health-informatics/,4,-14,4,-14,0,0,0,0
MSITL,Direct,/masters-information-technology-leadership/classes/cyber-security-pathway/,4,,6,,0,,0,
MSNP,Organic Search,/nonprofit-cfo-career/,4,,4,,0,,0,
MSAAI,Direct,/masters-applied-data-science/,4,-18,30,-74,0,0,0,0
MSNNL,Direct,/advisory-board/ryan/,4,,4,,0,,0,
Default - (not set),Organic Search,.translate.goog/transformational-leadership/,4,0,5,1,0,0,0,0
MSITL,Organic Search,/masters-degree-in-information-technology-worth-it/,4,-1,4,-1,0,0,0,0
MSAAI,Referral,/artificial-intelligence-courses-and-certifications/,4,,2,,0,,0,
MTS,Referral,/masters-theological-studies/classes/,4,2,4,0,0,0,0,0
MED,Direct,/resources/10-traits-of-successful-school-leaders/,4,1,6,4,0,0,0,0
CyberEng,Organic Search,/chief-information-security-officer/,4,3,4,3,0,0,0,0
MED,Organic Search,.translate.goog/what-is-educational-technology-definition-examples-impact/,4,-55,4,-64,0,0,0,0
MSAAI,Referral,/ai-blogs/,4,-88,4,-88,0,0,0,0
MSAAI,Organic Search,.translate.goog/entry-level-ai-careers/,4,3,4,3,0,0,0,0
MED,Referral,/steam-education-in-schools/,4,-20,3,-16,0,0,0,0
EML,Direct,/,4,-5,12,-11,0,0,0,0
MED,Organic Search,/implementing-universal-design-learning/,4,-3,4,-9,0,0,0,0
Default - (not set),Direct,/https:/onlinedegrees.sandiego.edu/masters-education/,4,,4,,0,,0,
MESH,Organic Search,.translate.goog/high-paying-environmental-jobs/,4,,5,,0,,0,
Default - (not set),Organic Search,/employer-partnership/apsi/,4,,16,,0,,0,
"Default - business-entrepreneurship,computer-science,engineering,technology",Direct,/masters-applied-data-science/lp/let-us-pay-for-your-msads-program-application-fee/,4,,4,,4,,1,
MED,Organic Search,/gfembed/,4,-11,6,-10,0,0,0,0
CyberOps,AI Traffic,/entry-level-cyber-security-jobs-guide/,4,-7,3,-7,0,0,0,0
MSLDT,Organic Search,/masters-learning-design-technology/faculty/,4,,13,,0,,0,
LEPSL,Direct,/masters-law-enforcement-leadership/endorsements-testimonials/,4,-1,5,0,0,0,0,0
MSLDT,Direct,/masters-learning-design-technology/faculty/,4,-2,22,12,0,0,0,0
MSLDT,Direct,/faculty/lindsay-oneill/,4,3,4,3,0,0,0,0
Default - (not set),Organic Search,/about/career-and-professional-resources/,4,1,4,1,0,0,0,0
MSNNL,Direct,/resources/msads-request-program-brochure/,4,,33,,0,,0,
Default - (not set),Organic Search,/student-support/jessica-boyle/,4,-6,5,-3,0,0,0,0
MTS,Direct,.translate.goog/theology-careers/,4,-2,4,-2,0,0,0,0
CyberOps,Organic Search,.translate.goog/cyber-security-architect/,4,1,4,1,0,0,0,0
Data Science,Organic Search,/masters-applied-data-science/apply/,4,-40,3,-64,0,0,0,0
MSHA,Direct,/new-online-masters-degree-program-in-humanitarian-action/,4,,4,,0,,0,
Data Science,Paid Social,/how-to-become-data-analytics-manager/,4,,6,,0,,0,
MSLDT,Referral,/masters-learning-design-technology/lp/uci/,4,-14,4,-31,0,-1,0,-0.05555555555555555
MSNP,Direct,/nonprofit-executive-director/,4,3,4,3,0,0,0,0
CyberEng,Direct,/cyber-security-internships/,4,2,4,2,0,0,0,0
Data Science,Display,/business-intelligence-certifications/,4,,4,,0,,0,
EML,Paid Search,/masters-engineering-management-leadership/apply/,4,3,3,0,0,0,0,0
MSLDT,Organic Search,/instructional-design-masters-degree-worth-it/,4,-10,4,-13,0,0,0,0
Default - (not set),Paid Search,/business-entrepreneurship/,4,3,4,3,0,0,0,0
EML,Direct,/engineering-management-vs-technical-track/,4,0,3,-1,0,0,0,0
MSLDT,Paid Search,/masters-learning-design-technology/lp/thank-you/,4,-3,9,5,4,4,1,1
MSNNL,Direct,/admissions/how-to-apply/,4,3,11,10,0,0,0,0
Default - (not set),Organic Search,/student-support/upma-saini/,4,,4,,0,,0,
Informatics,Email,/health-informatics-job-description-explained/,4,3,4,3,0,0,0,0
MSLDT,AI Traffic,/addie-model-instructional-design/,4,-13,7,-28,0,0,0,0
MSAAI,Organic Search,/faculty/kahila-mokhtari/,4,2,4,2,0,0,0,0
MED,Organic Search,/girls-in-stem-how-teachers-can-help-break-stereotype/,4,-19,3,-37,0,0,0,0
MESH,Direct,/what-is-sustainable-development/,4,-141,4,-138,0,0,0,0
Default - (not set),Referral,/admissions/,4,,8,,0,,0,
Data Science,Direct,/how-to-become-data-analytics-manager/,4,-8,4,-9,0,0,0,0
MESH,Organic Search,/masters-engineering-sustainability-health/lp/dyna/,4,-12,6,-7,0,0,0,0
MSHA,Organic Search,/resources/msha-how-a-masters-degree-can-benefit-your-humanitarian-career/,4,3,13,7,0,-2,0,-2
MED,Direct,n/,4,,4,,0,,0,
LEPSL,Direct,/faculty/wendy-patrick/,4,0,4,0,0,0,0,0
MESH,Direct,/advisory-board/paul-kadetz/,4,2,2,-2,0,0,0,0
MED,Organic Search,/mba-vs-emba-8-key-differences-comparison-table/,4,-24,4,-24,0,0,0,0
Data Science,Direct,.translate.goog/data-communication/,4,-5,4,-7,0,0,0,0
Default - (not set),Organic Search,/tuition-financial-aid/additional-funding-options/,4,,4,,0,,0,
Default - (not set),Direct,/faq/,4,-3,3,-8,0,0,0,0
LEPSL,Referral,/community-policing-through-leadership/,4,,4,,0,,0,
LEPSL,Organic Search,/ambassador/michael-rodriguez/,4,0,4,-1,0,0,0,0
MSLDT,Direct,/elearning-developer/,4,1,4,1,0,0,0,0
LEPSL,Email,/top-ranked-law-enforcement-masters-degree/,4,-17,6,-25,0,-1,0,-0.047619047619047616
Data Science,Direct,/faculty/ebrahim-k-tarshizi/,4,,4,,0,,0,
MED,Organic Search,.translate.goog/differentiated-instruction/,4,-2,4,-2,0,0,0,0
LEPSL,Paid Social,/masters-law-enforcement-leadership/lp/thank-you/,4,,4,,2,,0.5,
MSHA,Organic Social,/masters-humanitarian-action/lp/dyna/,4,,4,,0,,0,
CyberEng,Direct,/cyber-security-salary-california/,4,,3,,0,,0,
MED,AI Traffic,/educational-resources-for-teachers/,4,-8,5,-8,0,0,0,0
MESH,Direct,/masters-engineering-sustainability-health/lp/dyna/,4,-51,12,-56,0,0,0,0
MSAAI,AI Traffic,/masters-applied-artificial-intelligence/apply/,4,-12,7,-18,3,3,0.75,0.75
MTS,Organic Search,/theology-of-retirement/,4,-12,7,-11,0,0,0,0
Informatics,Paid Search,/resources/health-informatics-career-guide/,4,,6,,1,,0.25,
LEPSL,Direct,/improving-police-promotional-process/,4,,5,,0,,0,
Data Science,Direct,/data-science-vs-statistics-masters/,4,-3,4,-3,0,0,0,0
LEPSL,Organic Search,/how-become-federal-correctional-officer/,4,-47,8,-47,0,0,0,0
MSLDT,Referral,/kirkpatrick-training-evaluation-model/,4,-26,9,-22,0,0,0,0
CyberOps,Direct,/masters-cyber-security-engineering/,4,-4,13,-12,0,-1,0,-0.125
MTS,Referral,/catholic-charism-comparison/,4,,4,,0,,0,
MESH,Direct,/masters-engineering-sustainability-health/lp/ppc/,4,-83,4,-145,0,-8,0,-0.09195402298850575
Informatics,Direct,/forms/hci-applicant/,4,1,4,-2,2,2,0.5,0.5
Default - (not set),Direct,/student-support/ava-ranson/,4,,4,,0,,0,
Informatics,Paid Search,/education/,4,3,4,3,0,0,0,0
MED,Organic Search,/3-ways-to-create-inclusive-learning/,4,-16,3,-18,0,0,0,0
Data Science,Direct,/data-scientist-salary-guide/,4,-4,3,-4,0,0,0,0
Default - engineering,Organic Search,/,3,,2,,0,,0,
LEPSL,Organic Search,/ambassador/christopher-skidmore/,3,-4,2,-5,0,0,0,0
MSHA,Paid Search,/refugee-aid-careers/,3,2,4,3,0,0,0,0
MSAAI,Referral,/masters-applied-artificial-intelligence/lp/study-artificial-intelligence/,3,0,9,3,0,0,0,0
MED,Direct,/resources/instructing-through-brain-informed-practices-online-presentation/,3,-6,3,-10,0,0,0,0
Data Science,Direct,/masters-applied-data-science/careers/,3,-3,4,-6,0,0,0,0
MSITL,AI Traffic,/information-technology-trends/,3,-11,3,-12,0,0,0,0
Data Science,Organic Social,/data-scientist-salary-guide/,3,,3,,0,,0,
CyberOps,Direct,/chief-privacy-officer-career-guide/,3,-4,3,-4,0,0,0,0
"Default - business-entrepreneurship,computer-science,technology",AI Traffic,/ai-for-teachers/,3,,3,,0,,0,
MSNP,Referral,/masters-nonprofit-leadership-management/app-waiver/,3,,3,,0,,0,
Data Science,Organic Search,/masters-applied-data-science/lp/let-us-pay-for-your-msads-program-application-fee/,3,,6,,0,,0,
MSHA,Organic Search,.translate.goog/theory-of-change/,3,0,3,-2,0,0,0,0
MTS,Organic Search,/programs/,3,2,27,14,1,1,0.3333333333333333,0.3333333333333333
MSHA,Paid Social,/masters-humanitarian-action/lp/thank-you/,3,0,3,-2,3,0,1,0
CyberEng,Direct,/masters-cyber-security-engineering/student-services/,3,-1,3,-1,0,0,0,0
Data Science,Direct,/what-is-data-analytics/,3,-11,3,-9,0,0,0,0
MTS,Direct,/resources/7-applications-of-theology-degree-ebook/,3,-1,9,5,1,1,0.3333333333333333,0.3333333333333333
Default - (not set),Organic Search,/engineering/,3,1,2,-1,0,0,0,0
MSHA,Direct,/humanitarian-scholarships/,3,-9,3,-11,0,0,0,0
Informatics,Paid Social,/masters-health-informatics/lp/thank-you/,3,-9,3,-11,2,-6,0.6666666666666666,0
MED,Direct,/fastest-way-to-teaching-degree/,3,-8,8,-2,0,0,0,0
Informatics,Organic Search,/big-tech-invest-health-care-innovations-informatics/,3,-3,3,-2,0,0,0,0
MSAAI,Direct,.translate.goog/artificial-intelligence-courses-and-certifications/,3,,5,,0,,0,
LEPSL,Direct,/how-to-become-a-police-chief/,3,0,3,-3,0,0,0,0
MSAAI,Direct,.translate.goog/artificial-intelligence-education/,3,-11,4,-10,0,0,0,0
MSAAI,Direct,/artificial-intelligence/,3,-1,2,-3,0,0,0,0
Data Science,Organic Search,/faculty/john-chandler/,3,1,2,1,0,0,0,0
Informatics,Paid Search,/masters-health-informatics/classes/,3,-9,3,-12,0,0,0,0
MSNNL,Organic Social,/what-is-a-clinical-nurse-leader/,3,,3,,0,,0,
CyberOps,Direct,/healthcare-cyber-security/,3,0,4,-1,0,0,0,0
CyberEng,Referral,/cyber-security-statistics/,3,1,2,0,0,0,0,0
EML,Organic Search,/masters-engineering-management-leadership/faculty/,3,,4,,0,,0,
MSITL,Organic Search,/masters-information-technology-leadership/classes/,3,-3,3,-5,0,0,0,0
MED,Direct,/masters-education/specializations/technology-and-innovation/,3,-5,6,-2,0,0,0,0
Informatics,Organic Search,/faculty/jonathan-mack/,3,-8,2,-10,0,0,0,0
MED,Organic Search,/teaching-digital-literacy-in-the-classroom/,3,-6,3,-8,0,0,0,0
Data Science,Direct,/data-science-bootcamps/,3,-7,3,-8,0,0,0,0
LEPSL,Organic Search,/online-programs/,3,-1,10,-4,0,-1,0,-0.25
Informatics,Email,/masters-health-informatics/classes/,3,-11,6,-13,1,1,0.3333333333333333,0.3333333333333333
LEPSL,Organic Search,/masters-law-enforcement-leadership/lp/criminology/,3,-3,6,0,1,1,0.3333333333333333,0.3333333333333333
MTS,Organic Search,/faculty/mary-beth-ingham/,3,-12,6,-18,0,0,0,0
EML,Email,/masters-engineering-management-leadership/lp/mseml-email-lp/,3,2,3,2,0,0,0,0
LEPSL,Organic Search,/masters-law-enforcement-leadership/endorsements-testimonials/,3,2,4,3,0,0,0,0
MSHA,Direct,/offers/oed-leads/,3,,3,,0,,0,
Data Science,Organic Search,/faculty/siamak-aram/,3,1,4,2,0,0,0,0
MSLDT,Direct,/masters-learning-design-technology/resources/,3,-3,4,-2,0,0,0,0
MESH,AI Traffic,/masters-engineering-sustainability-health/lp/ppc/,3,,3,,0,,0,
MSNNL,Direct,/online-ms-nursing-nl/,3,,5,,0,,0,
MSNP,Organic Search,/education-inequity-and-homework/,3,2,23,20,0,0,0,0
MSNP,Referral,/ngo-vs-nonprofit/,3,,2,,0,,0,
MSITL,Direct,/masters-in-information-technology-salary/,3,-4,3,-4,0,0,0,0
CyberEng,Direct,/become-a-computer-forensics-analyst/,3,0,3,-1,0,0,0,0
MSNP,Organic Search,/classes/leading-change-in-complex-ecosystems/,3,,2,,0,,0,
Informatics,Organic Social,/masters-health-informatics/lp/health-informatics-for-nurses/,3,-4,3,-5,0,0,0,0
MSAAI,Direct,/masters-engineering-management-leadership/,3,-2,20,-21,0,0,0,0
MTS,Direct,/masters-cyber-security-engineering/,3,,7,,0,,0,
MSITL,Organic Search,/how-to-start-it-career/,3,-9,10,-7,2,1,0.6666666666666666,0.5833333333333333
CyberOps,Organic Search,/masters-cyber-security-engineering/,3,-8,9,-36,1,1,0.3333333333333333,0.3333333333333333
Default - (not set),Direct,/humanitarian-nonprofit/,3,-5,3,-3,0,0,0,0
Default - (not set),Direct,/blog/sustainability/,3,,3,,0,,0,
MSNP,Organic Search,/humanitarian-careers/,3,-1,7,-10,0,0,0,0
MSHA,Direct,/masters-education/,3,0,16,1,0,0,0,0
LEPSL,Organic Search,/faculty/james-r-davis/,3,-11,3,-14,0,0,0,0
Default - (not set),Organic Search,/faculty/usd-msha-faculty/,3,,3,,0,,0,
Default - (not set),Referral,/programs/,3,,3,,0,,0,
Default - business-entrepreneurship,Direct,/,3,,6,,0,,0,
Data Science,Direct,/storytelling-with-data-part-1/,3,1,3,1,0,0,0,0
CyberOps,Direct,/masters-cyber-security-operations/faculty/,3,-3,3,-11,0,0,0,0
MTS,AI Traffic,/catholic-charism-comparison/,3,-1,3,-6,0,0,0,0
Data Science,Paid Search,/masters-applied-data-science/lp/let-us-pay-for-your-msads-program-application-fee/,3,,3,,0,,0,
MSNNL,Direct,/director-of-nursing-career-guide/,3,,10,,0,,0,
MED,Organic Search,.translate.goog/instructional-leadership/,3,2,3,2,0,0,0,0
Default - (not set),Organic Search,/how-to-create-a-tech-startup-company-in-12-steps-2/,3,-18,4,-15,0,0,0,0
MSLDT,Direct,/faculty/trudy-blackmon/,3,,3,,0,,0,
MSNP,Direct,/nonprofit-leadership/,3,-16,3,-26,0,0,0,0
MSHA,Organic Search,.translate.goog/top-humanitarian-degrees/,3,2,4,3,0,0,0,0
Default - (not set),Paid Search,/masters-applied-data-science/,3,,5,,0,,0,
MSNNL,Direct,/masters-applied-data-science/classes/,3,,23,,1,,0.3333333333333333,
Data Science,Organic Search,/resources/data-science-self-assessment/,3,-9,4,-5,0,0,0,0
MTS,Organic Search,.translate.goog/what-is-lay-ministry/,3,-15,3,-16,0,0,0,0
Data Science,Direct,/what-is-data-science/,3,-19,2,-34,0,0,0,0
MTS,Paid Search,/masters-theological-studies/faculty/,3,2,2,1,0,0,0,0
MSHA,AI Traffic,/how-to-become-diplomat/,3,,2,,0,,0,
CyberOps,Paid Search,/masters-cyber-security-operations/classes/,3,-19,3,-25,0,0,0,0
MESH,Organic Search,/masters-in-sustainability-degree-comparison/,3,-9,4,-8,0,0,0,0
MED,Direct,/masters-education/lp/online-med/,3,-43,4,-65,0,-5,0,-0.10869565217391304
Default - (not set),Organic Search,/business-entrepreneurship/,3,-8,2,-9,0,0,0,0
Informatics,Paid Search,/masters-health-informatics/careers/,3,2,2,2,0,0,0,0
CyberOps,Display,/masters-cyber-security-operations/masters-cyber-operations-leadership-program-outcomes/,3,,1,,0,,0,
Informatics,Paid Search,/healthcare-informatics-jobs-salary/,3,2,2,1,0,0,0,0
MSLDT,Paid Search,/learning-design-technology-careers/,3,1,3,1,0,-1,0,-0.5
MSLDT,Direct,/faculty/heather-leslie/,3,,2,,0,,0,
CyberOps,Organic Search,/masters-cyber-security-operations/classes/,3,-22,4,-19,0,0,0,0
MSITL,Direct,/how-to-become-a-devops-engineer/,3,2,7,6,0,0,0,0
Default - (not set),Direct,/student-support/office-of-financial-aid-services/,3,-7,2,-11,0,0,0,0
MSNNL,Organic Search,/nurse-leader-vs-nurse-manager/,3,,7,,0,,0,
MSHA,Organic Search,/advisory-board/husquinet/,3,1,6,4,0,0,0,0
MED,Organic Search,/resources/guide-to-teaching-styles/,3,,3,,0,,0,
MED,Direct,/special-education-masters-vs-masters-in-education-degree/,3,1,3,0,0,0,0,0
MTS,Organic Search,/faculty/darleen-pryds/,3,-4,4,-7,0,0,0,0
MSAAI,AI Traffic,/ai-trainer/,3,-1,4,0,0,0,0,0
CyberEng,Direct,/masters-cyber-security-engineering/lp/combined-degree/,3,-46,4,-56,0,0,0,0
MED,Direct,/masters-education-non-teachers-offers-options/,3,-6,3,-8,0,0,0,0
MSAAI,AI Traffic,/machine-learning-engineer-career/,3,-5,3,-6,0,0,0,0
Default - (not set),Direct,/forms/msads-applicant/,3,2,3,-17,0,0,0,0
CyberOps,AI Traffic,/ethical-hacker-career-salary-guide/,3,-3,2,-8,0,0,0,0
EML,Direct,/faculty/gb-singh/,3,-3,3,-13,0,0,0,0
MSNNL,Direct,/forms/,3,,8,,3,,1,
MTS,Organic Search,/resources/master-of-theological-studies-application-guide/,3,,2,,0,,0,
MSHA,Organic Search,/faculty/john-patterson/,3,,3,,0,,0,
Default - (not set),AI Traffic,/employer-partnership/,3,,2,,0,,0,
Informatics,Organic Search,/faculty/tennille-gifford/,3,-2,3,-7,0,0,0,0
MED,AI Traffic,/resources/the-complete-list-of-teaching-methods/,3,2,4,4,0,0,0,0
MED,Organic Search,/resources/the-complete-list-of-teaching-methods/,3,-20,4,-16,0,-2,0,-0.08695652173913043
MED,Paid Search,/masters-education/specializations/special-ed/,3,2,3,0,0,0,0,0
MESH,Organic Search,/faculty/ned-mcmahon/,3,-5,3,-5,0,0,0,0
MSLDT,Organic Social,/addie-model-instructional-design/,3,2,4,3,0,0,0,0
MSHA,Referral,/examples-of-social-change/,3,,2,,0,,0,
CyberOps,Organic Search,/is-a-cyber-security-certification-right-for-you/,3,-20,4,-19,0,-1,0,-0.043478260869565216
CyberOps,Referral,/top-100-cybersecurity-companies/,3,-91,3,-96,0,0,0,0
EML,Organic Search,/,3,-3,7,-20,0,0,0,0
MSAAI,Direct,/admissions/how-to-apply/,3,0,18,4,0,0,0,0
MSAAI,Organic Search,/aws-azure-gcp-certification/,3,-7,3,-6,0,0,0,0
MSNP,Organic Search,/masters-nonprofit-leadership-management/lp/thank-you/,3,,3,,1,,0.3333333333333333,
LEPSL,Direct,/law-enforcement-technology/,3,2,3,2,0,0,0,0
Data Science,Organic Search,/how-to-become-data-analytics-manager/,3,-38,4,-35,0,0,0,0
MSAAI,Organic Search,/masters-health-informatics/,3,1,39,19,1,1,0.3333333333333333,0.3333333333333333
MSITL,Referral,/masters-information-technology-leadership/,3,-2,3,-9,0,0,0,0
MTS,Direct,/masters-theological-studies/careers/,3,1,3,1,0,0,0,0
Data Science,Direct,/faculty/naeim-bahrami/,3,,2,,0,,0,
Default - (not set),AI Traffic,/admissions/,3,,7,,1,,0.3333333333333333,
MSNP,Direct,/masters-humanitarian-action/,3,0,39,25,2,1,0.6666666666666666,0.3333333333333333
EML,Direct,/masters-engineering-management-leadership/lp/ppc/,3,-98,9,-146,0,-4,0,-0.039603960396039604
LEPSL,Referral,/what-style-police-leadership-most-effective/,3,0,4,1,0,0,0,0
MSITL,Organic Search,/information-systems-vs-information-technology/,3,,3,,0,,0,
MTS,Paid Social,/masters-theological-studies/,3,,3,,0,,0,
MSNNL,Organic Social,/nursing-leadership-roles/,3,,4,,0,,0,
LEPSL,Organic Search,/ambassador/benjamin-moszkowicz/,3,-1,5,1,0,0,0,0
LEPSL,Organic Search,/ambassador/james-nightingale/,3,1,4,2,0,0,0,0
LEPSL,Referral,/how-to-become-a-police-chief/,3,,1,,0,,0,
"Default - computer-science,engineering,technology",Email,/cyber-security/,3,,6,,0,,0,
MTS,Organic Search,/masters-theological-studies/lp/ppc/,3,-3,3,-4,0,0,0,0
LEPSL,Organic Search,/faculty/dennis-nayor/,3,,2,,0,,0,
MSITL,Direct,/forms/,3,-3,18,-31,0,0,0,0
LEPSL,Email,/faculty/benjamin-kelso/,3,,3,,0,,0,
Default - business-entrepreneurship,Organic Search,.translate.goog/best-engineering-software/,3,,3,,0,,0,
LEPSL,Organic Search,/masters-law-enforcement-leadership/students-agencies/,3,2,2,2,0,0,0,0
MSITL,Organic Search,/masters-information-technology-leadership/apply/,3,2,3,2,0,0,0,0
MSHA,Organic Search,.translate.goog/logical-framework-approach/,3,,3,,0,,0,
Default - (not set),Display,/,3,,4,,0,,0,
MSNNL,Organic Search,/advisory-board/j-wymer/,3,,3,,0,,0,
Data Science,Direct,/data-science-certifications/,3,0,3,0,0,0,0,0
MED,Organic Search,/residue-of-covid-19-impact/,3,-7,3,-7,0,0,0,0
Data Science,Paid Search,/faculty/ebrahim-k-tarshizi/,3,,3,,0,,0,
Default - (not set),Email,/admissions/how-to-apply/,3,,3,,0,,0,
MSITL,Organic Search,/faculty/paul-evans/,3,2,3,2,0,0,0,0
CyberOps,Organic Search,.translate.goog/risk-manager-career-guide/,3,-1,4,0,0,0,0,0
Data Science,Direct,/business-intelligence-engineer-career/,3,-9,3,-12,0,0,0,0
MSNNL,Unknown - Data Not Available / Data Not Available,/masters-nursing-leadership/nursing-educator-track/,3,,6,,0,,0,
MSAAI,Direct,/computer-science/,3,,8,,2,,0.6666666666666666,
Informatics,Organic Search,/nursing-informatics-vs-health-informatics/,3,-8,3,-7,0,0,0,0
LEPSL,AI Traffic,/masters-law-enforcement-leadership/transfer-credit/fbina/,3,,3,,0,,0,
MSITL,AI Traffic,/masters-information-technology-leadership/apply/,3,,2,,0,,0,
Informatics,Organic Search,/faculty/josh-wymer/,3,-2,3,-2,0,0,0,0
Informatics,Direct,/health-informatics-shaping-future-health-information-management/,3,1,15,10,0,0,0,0
Default - (not set),Email,/employer-partnership/artemis-consulting/,3,,2,,0,,0,
Default - (not set),Referral,/tuition-financial-aid/tuition/,3,,3,,0,,0,
MESH,Paid Search,/masters-engineering-sustainability-health/lp/dyna/,3,-5,5,-12,0,0,0,0
MED,Referral,/the-joys-and-challenges-of-teaching-black-history-month/,3,-4,3,-2,0,0,0,0
LEPSL,AI Traffic,/police-media-relations-and-social-media/,3,,2,,0,,0,
LEPSL,Organic Search,/masters-in-public-administration-vs-masters-in-leadership/,3,-4,2,-6,0,0,0,0
Data Science,Organic Search,/faculty/ebrahim-k-tarshizi/,3,2,3,2,0,0,0,0
MSHA,Direct,/humanitarian-crises-around-the-world/,3,-4,3,-5,0,0,0,0
CyberOps,Direct,/cisa-certification/,3,-14,3,-20,0,0,0,0
LEPSL,Organic Search,/best-law-enforcement-online-training-and-resources/,3,-4,4,-3,0,0,0,0
MSITL,Organic Social,/masters-information-technology-leadership/,3,,3,,0,,0,
MSAAI,Direct,/big-data-developer/,3,1,3,1,0,0,0,0
CyberEng,Organic Search,/cyber-security-coding/,3,-123,3,-124,0,0,0,0
Default - (not set),Direct,/education-inequality-and-homework/,3,,3,,0,,0,
Default - (not set),Direct,/mesh-mixer-rsvp/,3,,4,,0,,0,
Data Science,Organic Search,/change-career-to-data-science/,3,0,3,0,0,0,0,0
LEPSL,Direct,/law-enforcement-salaries-spike-with-a-masters-degree/,3,0,3,0,0,0,0,0
CyberOps,Direct,/resources/top-paying-cybersecurity-jobs/,3,1,3,1,0,0,0,0
MSLDT,Referral,/instructional-design-careers/,3,2,4,3,0,0,0,0
MESH,Organic Search,/faculty/necla-tschirgi/,3,-2,3,-1,0,0,0,0
MSITL,Organic Search,/is-devops-a-good-career/,3,,3,,0,,0,
MSNP,Direct,/masters-nonprofit-leadership-management/lp/ppc/,3,-44,3,-76,0,-5,0,-0.10638297872340426
Default - (not set),Organic Search,/masters-applied-data-science/,3,,6,,0,,0,
Data Science,Direct,/financial-analyst-career/,3,1,3,0,0,0,0,0
MTS,AI Traffic,/masters-theological-studies/,3,1,9,8,0,0,0,0
MTS,Direct,/faculty/garrett-galvin/,3,1,4,2,0,0,0,0
MED,AI Traffic,/cooperative-learning-strategies/,3,-32,3,-27,0,0,0,0
Default - (not set),Paid Search,/admissions/military-veterans/,3,-6,2,-10,0,0,0,0
MED,Direct,/what-is-an-med-degree-explained/,3,-10,3,-9,0,0,0,0
EML,AI Traffic,/senior-engineer-vs-tech-lead-vs-lead-engineer/,3,-7,2,-6,0,0,0,0
MSNP,Paid Social,/masters-nonprofit-leadership-management/lp/thank-you/,3,,3,,3,,1,
Data Science,Direct,/masters-applied-data-science/msads-combined-degree/,3,,3,,0,,0,
MESH,Organic Social,/masters-engineering-sustainability-health/,3,2,3,2,0,0,0,0
MSAAI,Email,/masters-applied-artificial-intelligence/careers/,3,,3,,0,,0,
CyberOps,Direct,/vulnerability-and-penetration-testing/,3,-7,3,-5,0,0,0,0
Default - (not set),Direct,/employer-partnership/apsi/,3,,3,,0,,0,
MESH,Direct,/social-justice-careers/,3,-12,4,-14,0,0,0,0
MSAAI,Organic Search,/university-of-san-diegos-ms-in-applied-artificial-intelligence-launching-new-course-agentic-ai-systems-in-summer-2026/,3,,8,,0,,0,
MED,Direct,/masters-law-enforcement-leadership/,3,2,7,1,0,0,0,0
Default - (not set),Direct,.translate.goog/how-to-start-a-business/,3,,3,,0,,0,
Data Science,Direct,/career-data-mining/,3,-11,3,-11,0,0,0,0
CyberOps,Paid Search,/masters-cyber-security-engineering/let-us-pay-for-your-cse-program-application-fee/,3,,2,,2,,0.6666666666666666,
LEPSL,Organic Search,/ambassador/luis-lealcontreras/,3,2,3,2,0,0,0,0
MSHA,Email,/masters-humanitarian-action/lp/dyna/,3,,4,,0,,0,
MSNNL,Email,/masters-nursing-leadership/,3,2,9,7,0,0,0,0
MSAAI,Paid Search,/masters-applied-data-science/lp/study-data-science/,3,-10,14,-45,0,0,0,0
MED,Direct,/master-of-education-salary/,3,-1,3,-6,0,0,0,0
CyberOps,Direct,/resources/cyber-newsletter-signup/,3,1,3,-1,0,0,0,0
MSITL,Referral,/masters-information-technology-leadership/classes/applied-ai-specialization/,3,,21,,0,,0,
MSNP,Paid Search,/masters-nonprofit-leadership-management/classes/,3,-17,1,-20,0,0,0,0
MSAAI,AI Traffic,/ai-ethicist-career/,3,-15,3,-18,0,0,0,0
Data Science,AI Traffic,/sports-analytics-careers/,3,-1,4,1,0,0,0,0
CyberEng,Organic Social,/masters-cyber-security-engineering/,3,,3,,0,,0,
Data Science,Paid Search,/resources/data-science-self-assessment/,3,-9,5,-11,0,0,0,0
MSLDT,Organic Search,/elearning-designer-career/,3,-48,3,-55,0,0,0,0
Informatics,Organic Search,/masters-health-informatics/careers/,3,-2,2,-2,0,0,0,0
MED,Direct,/masters-education/scholarships-and-grants/,3,-7,3,-3,0,0,0,0
MESH,Organic Search,/faculty/ali-mariko-dressel/,3,2,4,3,0,0,0,0
CyberOps,Organic Search,/cyber-security-statistics/,3,-5,8,-12,0,0,0,0
MESH,Organic Search,/masters-engineering-sustainability-health/lp/ppc/,3,-13,3,-15,0,0,0,0
MED,Organic Search,/fastest-way-to-teaching-degree/,3,-52,3,-57,0,0,0,0
CyberOps,Organic Search,/why-cyber-security-is-a-great-career-option-for-military-veterans/,3,-12,3,-13,0,0,0,0
CyberOps,Organic Search,/bringing-gamification-to-cyber-security-training/,3,-27,3,-45,0,0,0,0
MSAAI,Organic Search,/student-support/benn-joyce/,3,,6,,0,,0,
MSLDT,Email,/masters-learning-design-technology/,3,-12,6,-31,1,1,0.3333333333333333,0.3333333333333333
MED,Organic Search,/7-tips-pursuing-masters-degree-working-full-time-education/,3,-6,3,-6,0,0,0,0
Default - (not set),Organic Search,/education-inequity-and-homework/awe,3,,3,,0,,0,
LEPSL,Direct,/classes/budget-finance-for-law-enforcement-leaders/,3,2,3,2,0,0,0,0
Informatics,Direct,/what-is-clinical-informatics/,3,-6,3,-13,0,0,0,0
MED,Direct,/3-ways-to-create-inclusive-learning/,3,-10,3,-9,0,0,0,0
MSAAI,Unknown - linkedin / social,/university-of-san-diego-launches-full-time-on-campus-masters-degree-programs-in-applied-artificial-intelligence-and-cyber-security-engineering/,3,,4,,0,,0,
CyberOps,Organic Search,/masters-cyber-security-operations/faculty/,3,-1,2,-4,0,0,0,0
CyberOps,Organic Search,/cybersecurity-analyst-career-guide/,3,-19,2,-24,0,0,0,0
MED,Direct,/technology-in-classroom/,3,-7,3,-6,0,0,0,0
LEPSL,AI Traffic,/promoting-women-in-law-enforcement-leadership/,3,-11,2,-15,0,0,0,0
MED,AI Traffic,/adaptive-curriculum-for-special-education/,3,,3,,0,,0,
MSHA,Organic Social,/theory-of-change/,3,2,3,2,0,0,0,0
MED,Direct,/education-inequity-aework/.nd-hom,3,,6,,0,,0,
MSLDT,Unknown - Data Not Available / Data Not Available,/masters-learning-design-technology/lp/study-learning-design-technology/,3,2,7,5,1,1,0.3333333333333333,0.3333333333333333
CyberEng,Direct,/network-administrator-career-salary-guide/,3,-24,3,-26,0,0,0,0
MTS,Organic Search,/masters-theological-studies/careers/,3,1,5,-2,0,0,0,0
MSITL,Direct,/what-is-site-reliability-engineering/,3,-1,3,-1,0,0,0,0
MSNP,Direct,/masters-nonprofit-leadership-management/app-waiver/,3,,2,,0,,0,
EML,Direct,/masters-applied-data-science/classes/,3,,7,,0,,0,
MED,Referral,/teacher-resume-examples/,3,-32,4,-32,0,0,0,0
MESH,Organic Search,/classes/environmental-justice/,3,-2,8,-1,0,0,0,0
CyberEng,Referral,/what-is-cyberwarfare/,3,2,4,2,0,0,0,0
Default - (not set),Paid Social,/masters-engineering-management-leadership/lp/ppc/,3,,3,,3,,1,
CyberOps,Organic Search,/how-to-start-career-in-cyber-security/,3,-18,4,-22,0,0,0,0
MED,Direct,/continuing-education-units-teachers-guide/,3,-5,3,-5,0,0,0,0
MTS,Paid Search,/theology-careers/,3,,3,,0,,0,
MSAAI,Organic Search,/admissions/,3,2,10,8,0,0,0,0
EML,Direct,/engineering-scholarships/,3,-4,3,-1,0,0,0,0
CyberEng,Direct,/cyber-incident-response/,3,,4,,0,,0,
MSHA,Referral,/humanitarian-intervention-success-stories/,3,-6,3,-4,0,0,0,0
MTS,Referral,/resources/master-of-theological-studies-application-guide/,3,-2,3,-4,0,-2,0,-0.4
Default - (not set),Organic Search,/jobs-after-mba-entrepreneurship/,3,-15,3,-12,0,0,0,0
CyberEng,AI Traffic,/black-vs-gray-vs-white-hat-hackers/,3,-7,4,-14,0,0,0,0
MSNP,Paid Search,/masters-nonprofit-leadership-management/app-waiver/,3,,4,,0,,0,
MTS,Direct,/masters-theological-studies/faculty/,3,-6,3,-7,0,0,0,0
Default - (not set),Paid Search,/resources/msaai-artificial-intelligence-self-assessment/,3,,4,,0,,0,
Default - (not set),Direct,/resources/data-science-self-assessment/,3,2,8,2,0,0,0,0
MED,Direct,/teaching-students-with-autism/,3,-1,2,-4,0,0,0,0
CyberOps,Direct,/how-to-start-career-in-cyber-security/,3,-13,3,-12,0,0,0,0
Informatics,Organic Search,/faculty/christopher-lee/,3,1,3,1,0,0,0,0
Informatics,Organic Search,/classes/introduction-health-care-information-management/,3,-10,4,-22,0,0,0,0
MED,Direct,/masters-educational-technology-worth-it/,3,-9,3,-9,0,0,0,0
CyberOps,Organic Search,/ca-paving-way-cyber-security-policy-ed-and-more/,3,,3,,0,,0,
LEPSL,Organic Search,/online-law-enforcement-education-offers-jail-deputy-options/,3,0,4,1,0,0,0,0
MSNNL,Organic Search,/advisory-board/de-veyra/,3,,3,,0,,0,
Data Science,Organic Search,/how-to-become-database-developer/,3,-32,3,-31,0,0,0,0
CyberEng,AI Traffic,/cyber-security-internships/,3,0,2,-2,0,0,0,0
Default - (not set),Organic Search,/search/Why%252Bhomework%252Bshould%252Bbe%252Bbanned/page/1/,3,,3,,0,,0,
LEPSL,Organic Search,/ambassador/wes-herman/,3,2,4,3,0,0,0,0
Data Science,Organic Search,/supervised-machine-learning-with-gradient-boosting/,3,-33,3,-27,0,0,0,0
Default - (not set),Organic Social,"/masters-applied-artificial-intelligence/﻿﻿",3,,3,,0,,0,
MTS,Direct,/theology-of-retirement/,3,-4,2,-5,0,0,0,0
Default - (not set),Unknown - linktree_admin_share / social,/about/state-authorization-status/,3,,3,,0,,0,
MED,AI Traffic,/brain-based-learning/,3,-92,2,-89,0,-1,0,-0.010526315789473684
MED,Direct,/masters-in-education-requirements/,3,-7,2,-13,0,0,0,0
Default - (not set),Organic Search,/blog/business-entrepreneurship/,3,,3,,0,,0,
Informatics,Referral,/masters-health-informatics/,3,-15,4,-39,0,0,0,0
MTS,Organic Search,.translate.goog/religious-vocational-discernment/,3,-2,3,-2,0,0,0,0
EML,Email,/masters-engineering-management-leadership/,3,-3,6,-12,0,0,0,0
MESH,Direct,/masters-engineering-sustainability-health/let-us-pay-for-your-msesh-program-application-fee/,3,,7,,1,,0.3333333333333333,
LEPSL,Email,/lieutenant-picks-usd-criminal-justice-masters-degree/,3,,3,,0,,0,
MSLDT,Organic Social,/what-is-instructional-design-examples/,3,,3,,0,,0,
MED,Referral,/masters-education/specializations/steam/,3,-3,4,-2,0,-1,0,-0.16666666666666666
MSAAI,Organic Search,.translate.goog/ai-ethicist-career/,3,-29,3,-31,0,0,0,0
MSHA,Organic Search,/masters-humanitarian-action/lp/dyna/,3,2,3,2,0,0,0,0
MSAAI,Direct,/search/get+upgraded+chatgpt/,3,,1,,0,,0,
MSLDT,Organic Search,/faculty/cindy-demarco/,3,1,6,3,0,0,0,0
Default - (not set),Direct,/about/online-learning/,3,-2,2,-2,0,0,0,0
Data Science,Organic Search,/how-to-become-a-software-engineer/,3,-12,5,-9,0,0,0,0
LEPSL,Direct,.translate.goog/10-innovative-police-technologies/,3,1,3,0,0,0,0,0
LEPSL,Direct,/how-become-federal-correctional-officer/,3,0,6,-3,0,0,0,0
MED,Direct,/resources/the-complete-list-of-teaching-methods-thank-you/,3,-14,5,-13,4,3,1.3333333333333333,1.2745098039215685
MED,Referral,/faculty/joseph-lathan/,3,0,3,2,0,0,0,0
MSITL,Paid Social,/masters-cyber-security-operations/lp/bva-cyber-security-operations-leadership/,3,,13,,3,,1,
LEPSL,Organic Search,/ambassador/brad-beach/,3,1,3,1,0,0,0,0
MESH,Organic Search,/faculty/willy-oppenheim/,3,-1,3,-1,0,0,0,0
MSNP,Direct,/search/get+upgraded+chatgpt/,3,,11,,0,,0,
MSAAI,Organic Social,/masters-applied-artificial-intelligence/apply/,3,,3,,0,,0,
LEPSL,AI Traffic,/women-in-law-enforcement/,3,-14,5,-12,0,0,0,0
LEPSL,Paid Search,/criminal-justice/,3,-4,7,-5,0,0,0,0
MSAAI,Paid Search,/masters-engineering-management-leadership/,2,,18,,0,,0,
MED,AI Traffic,/teacher-resume-examples/,2,-4,2,-5,0,0,0,0
CyberOps,Referral,/malware-analyst-career-guide/,2,0,1,-1,0,0,0,0
MSHA,Direct,/humanitarian-program-coordinator/,2,-7,2,-10,0,0,0,0
Default - (not set),AI Traffic,/tuition-financial-aid/tuition/,2,,1,,0,,0,
Informatics,Direct,/big-tech-invest-health-care-innovations-informatics/,2,0,2,1,0,0,0,0
Data Science,Organic Search,/aws-certification-careers/,2,0,2,0,0,0,0,0
Default - (not set),Direct,/masters-cyber-security-engineering/apply/,2,,4,,0,,0,
LEPSL,Organic Search,/faculty/steven-weiss/,2,1,5,4,0,0,0,0
LEPSL,Organic Search,/ambassador/luis-martinez-jr/,2,-1,2,-1,0,0,0,0
LEPSL,Referral,/masters-law-enforcement-leadership/lp/law-enforcement/,2,,1,,0,,0,
Default - (not set),Organic Social,/blog/10-technologies-that-are-changing-health-care,2,,2,,0,,0,
MED,Organic Search,/faculty/stephanie-dominguez/,2,0,3,1,0,0,0,0
MTS,Direct,/franciscan-spirituality-in-todays-world/,2,-7,2,-9,0,0,0,0
MESH,Organic Search,/degree-in-public-health/,2,-2,1,-6,0,0,0,0
MSLDT,Referral,/masters-learning-design-technology/classes/,2,1,2,2,0,0,0,0
Default - (not set),Unknown - email / nurture,/contact-us/,2,,2,,0,,0,
MED,Organic Search,/faculty/denise-goulart/,2,-5,2,-10,0,0,0,0
Default - (not set),Direct,/https:/onlinedegrees.sandiego.edu/resources/online-learning-webinar-full/,2,,2,,0,,0,
CyberOps,AI Traffic,/masters-cyber-security-operations/,2,0,2,0,0,0,0,0
MESH,Organic Search,.translate.goog/climate-change-careers/,2,1,2,1,0,0,0,0
MSHA,Direct,/disaster-relief-jobs/,2,-7,3,-7,0,0,0,0
LEPSL,Organic Search,/ambassador/brad-welch/,2,0,3,1,0,0,0,0
MSAAI,Email,/nlp-engineer-career/,2,,2,,0,,0,
CyberOps,Organic Search,/blog-cissp-certification/,2,-9,3,-9,0,0,0,0
MSLDT,AI Traffic,/educational-technology-jobs/,2,-4,1,-5,0,0,0,0
MSITL,Referral,/it-organizational-structure/,2,1,2,1,0,0,0,0
MTS,Organic Search,/faculty/joe-chinnici/,2,-2,6,0,0,0,0,0
CyberOps,Organic Search,.translate.goog/what-is-a-chief-security-officer-high-demand-skyrocketing-pay-for-csos/,2,-3,2,-3,0,0,0,0
MSNNL,Email,/masters-nursing-leadership/lp/nurse-cp/,2,,2,,0,,0,
MED,Direct,/resources/free-med-program-brochure-thank-you/,2,,1,,1,,0.5,
Default - (not set),Organic Search,/about/sms-privacy-policy/,2,0,2,0,0,0,0,0
LEPSL,Direct,/masters-law-enforcement-leadership/transfer-credit/perf-smip/,2,-10,2,-9,0,0,0,0
MSITL,Organic Search,/enterprise-it-management-guide/,2,,2,,0,,0,
MSNNL,Organic Search,/masters-health-informatics/,2,1,13,4,1,1,0.5,0.5
MSLDT,Unknown - youtube / social,/masters-learning-design-technology/,2,,2,,0,,0,
Default - (not set),Direct,/8-reasons-to-get-your-masters-degree-in-cyber-security,2,,2,,0,,0,
MSNNL,Direct,/nurse-leader-career-paths-opportunities-thank-you/,2,,7,,0,,0,
"Default - computer-science,engineering,technology",Referral,/cyber-security/,2,,2,,0,,0,
MED,Paid Search,/about/state-authorization-status/,2,,6,,1,,0.5,
LEPSL,Direct,/classes/organizational-theory-change/,2,0,2,0,0,0,0,0
MTS,Email,/franciscan-spirituality-in-todays-world/,2,,2,,0,,0,
LEPSL,Direct,/become-a-criminal-justice-instructor/,2,-1,2,-1,0,0,0,0
MSHA,Organic Search,.translate.goog/types-of-advocacy/,2,,2,,0,,0,
Default - (not set),Referral,/student-support/upma-saini/,2,,2,,0,,0,
Default - (not set),Organic Search,/author/joseph-lathan/,2,,2,,0,,0,
MSNNL,Paid Search,/how-to-become-a-cno/,2,,2,,0,,0,
LEPSL,Organic Search,/programs/,2,,5,,0,,0,
LEPSL,AI Traffic,/law-enforcement-masters-fbinaa-alliance/,2,,1,,0,,0,
Default - (not set),AI Traffic,/disruptive-innovation-examples/,2,,1,,0,,0,
LEPSL,Paid Search,/leadership-management/,2,,6,,0,,0,
MSLDT,Direct,/masters-cyber-security-engineering/lp/cyber-security-engineering/,2,,13,,0,,0,
MSAAI,Direct,/most-searched-for-ai-jobs/,2,-1,2,-1,0,0,0,0
Default - (not set),Organic Search,/top-cyber-security-threats/,2,,5,,0,,0,
Informatics,Paid Search,/what-skills-do-you-need-to-work-in-health-care-informatics/,2,1,1,0,0,0,0,0
MSNNL,Direct,/masters-health-informatics/,2,-2,10,-35,0,0,0,0
LEPSL,Direct,/police-education-study/,2,1,2,1,0,0,0,0
MTS,Organic Search,/faculty/angela-zautcke/,2,1,2,1,0,0,0,0
EML,Referral,/senior-engineer-vs-tech-lead-vs-lead-engineer/,2,-3,3,-2,0,0,0,0
CyberOps,Direct,/cybersecurity-analyst-career-guide/,2,-26,2,-34,0,0,0,0
CyberEng,Direct,/masters-cyber-security-engineering/program-outcomes/,2,-2,0,-5,0,0,0,0
MED,Organic Search,.translate.goog/careers-masters-curriculum-instruction/,2,,2,,0,,0,
Default - (not set),Direct,/forms/mts-applicant/,2,,3,,0,,0,
MED,Direct,.translate.goog/complete-list-teaching-methods/,2,-15,2,-15,0,0,0,0
MSLDT,Direct,/masters-learning-design-technology/lp/instructional-design-for-teachers/,2,,2,,0,,0,
CyberOps,Organic Search,/usd-cybersecurity-degree-program-ranked-9-in-fortune-education-list/,2,-1,8,5,0,0,0,0
MSITL,Organic Search,/information-technology-scholarships/,2,-9,2,-7,0,0,0,0
MTS,Organic Search,/,2,-8,51,-34,0,-1,0,-0.1
Default - (not set),Organic Search,/employer-partnership/artemis-consulting/,2,,2,,0,,0,
Data Science,Organic Search,/faculty/vicente-malave/,2,1,5,4,0,0,0,0
LEPSL,Organic Search,/faculty/jennifer-tejada/,2,-2,25,22,0,0,0,0
MSHA,Organic Search,.translate.goog/humanitarian-intervention-success-stories/,2,-8,3,-6,0,0,0,0
MSNNL,Organic Search,/advisory-board/soriano/,2,,2,,0,,0,
MED,Organic Social,/what-is-an-med-degree-explained/,2,,2,,0,,0,
MSNP,Direct,/masters-nonprofit-leadership-management/student-services/,2,1,3,2,0,0,0,0
Default - (not set),Paid Search,/masters-cyber-security-operations/,2,,11,,0,,0,
MTS,Organic Search,.translate.goog/philosophy-degree-jobs/,2,-22,2,-23,0,0,0,0
MED,Organic Search,/faculty/rebekka-jez/,2,,1,,0,,0,
MSNNL,Direct,/masters-nursing-leadership/lp/thank-you/,2,1,2,-3,2,1,1,0
LEPSL,Referral,/shift-in-law-enforcement-leadership/,2,-31,2,-33,0,0,0,0
Default - (not set),Organic Search,/technology/,2,0,2,1,0,0,0,0
LEPSL,Referral,/blog/police-leadership/,2,,2,,0,,0,
Default - (not set),Referral,/offers/oed-leads/,2,,2,,0,,0,
MED,Organic Search,/classes/educational-research-methodology/,2,1,2,1,0,0,0,0
MED,Organic Search,/masters-education/specializations/technology-and-innovation/,2,-4,7,-11,1,1,0.5,0.5
MSLDT,Organic Search,.translate.goog/instructional-designer-job/,2,1,3,2,0,0,0,0
MED,Direct,/resources/instructing-through-brain-informed-practices-online-presentation-thank-you/,2,-3,2,-3,2,1,1,0.8
MSAAI,Organic Search,.translate.goog/artificial-intelligence-developer-career/,2,-3,2,-3,0,0,0,0
MSAAI,Direct,/masters-artificial-intelligence-vs-data-science/,2,-4,11,-5,0,0,0,0
EML,Organic Search,/resources/from-engineer-to-leader/,2,-4,2,-14,0,0,0,0
MSHA,Direct,/masters-engineering-sustainability-health/,2,,9,,0,,0,
MSAAI,Paid Search,/resources/an-inside-look-at-the-artificial-intelligence-masters-degree-webinar/thank-you/,2,,1,,0,,0,
MSLDT,Paid Social,/right-masters-in-instructional-design-and-technology/,2,,2,,0,,0,
MSNP,Organic Search,/faculty/lyn-corbett/,2,,2,,0,,0,
"Default - business-entrepreneurship,computer-science,technology",Display,/ai-for-teachers/,2,,2,,0,,0,
Default - (not set),Email,/contact-us/,2,,3,,0,,0,
Default - (not set),Direct,/student-support/imari-washington/,2,0,2,0,0,0,0,0
"Default - ",Email,/masters-cyber-security-operations/lp/scholarship-email/,2,,2,,0,,0,
Data Science,Display,/masters-applied-data-science/apply/,2,,2,,0,,0,
Default - (not set),Direct,/organizational-change-strategies/,2,-1,2,-2,0,0,0,0
Default - (not set),Organic Search,/employer-partnership/eset/,2,,1,,0,,0,
CyberOps,Direct,/faculty/paul-keener/,2,1,2,1,0,0,0,0
CyberOps,Direct,/lifetime-value-of-a-masters-degree-in-cyber-security/,2,1,2,1,0,0,0,0
MSNNL,Paid Search,/masters-nursing-leadership/clinical-practicums/,2,,2,,0,,0,
LEPSL,AI Traffic,/10-innovative-police-technologies/,2,-28,5,-30,0,0,0,0
LEPSL,Referral,/police-officer-wellness-programs/,2,1,2,2,0,0,0,0
MED,Organic Search,.translate.goog/complete-list-teaching-methods/,2,-66,2,-89,0,0,0,0
Default - (not set),AI Traffic,/top-cyber-security-blogs-websites/,2,,4,,0,,0,
MSNP,Organic Search,/best-jobs-for-veterans-after-the-military/,2,-32,3,-37,0,0,0,0
Default - (not set),Referral,/online-programs/,2,,1,,0,,0,
MESH,Direct,.translate.goog/ngo-careers/,2,-28,2,-33,0,0,0,0
Default - (not set),Organic Search,/masters-degree-innovation/,2,,2,,0,,0,
LEPSL,Direct,/masters-cyber-security-operations/,2,1,9,4,0,0,0,0
Default - (not set),Organic Search,/search/+/,2,,2,,0,,0,
Data Science,Direct,/how-to-become-a-software-engineer/,2,-3,3,-2,0,0,0,0
MED,Organic Search,/masters-education/masters-education-resources/,2,0,1,-2,0,0,0,0
CyberOps,Direct,/usd-cybersecurity-degree-program-ranked-9-in-fortune-education-list/,2,-1,2,-3,0,0,0,0
Default - (not set),Referral,/employer-partnership/g2ops/,2,,2,,0,,0,
MTS,Referral,/masters-theological-studies/let-us-pay-for-your-mts-program-application-fee/,2,,2,,1,,0.5,
MTS,Organic Search,/why-theological-studies/,2,-52,2,-77,0,-1,0,-0.018518518518518517
MED,Organic Social,/adaptive-curriculum-for-special-education/,2,,2,,0,,0,
Default - (not set),Referral,/lean-startup-methodology-explained/,2,,2,,0,,0,
MSAAI,Organic Search,.translate.goog/best-artificial-intelligence-degrees/,2,-173,2,-199,0,0,0,0
Default - (not set),Organic Search,/search/AI+is+Bbad/page/1/,2,,2,,0,,0,
CyberEng,Organic Search,/jobs-in-cybersecurity/,2,-3,2,-4,0,0,0,0
MSITL,Paid Search,/masters-applied-artificial-intelligence/lp/study-artificial-intelligence/,2,-66,5,-258,0,-24,0,-0.35294117647058826
CyberEng,Email,/masters-cyber-security-engineering/lp/cyber-security-engineering-email/,2,1,2,1,0,0,0,0
Default - (not set),Direct,/forms/mseml-application-evaluation/,2,,3,,2,,1,
Default - (not set),AI Traffic,/mite-vs-mba-degree/,2,,1,,0,,0,
Data Science,Direct,/masters-data-analytics-worth-it/,2,-4,2,-4,0,0,0,0
Default - (not set),Direct,/forms/mseml-gray-area-review/,2,1,2,1,0,0,0,0
MSNP,Paid Search,/best-nonprofit-degrees/,2,,2,,0,,0,
MESH,Paid Social,/masters-engineering-sustainability-health/,2,,2,,0,,0,
MSAAI,Organic Social,/masters-applied-artificial-intelligence/classes/,2,,4,,0,,0,
Data Science,Paid Search,/masters-applied-data-science/faculty/,2,,3,,0,,0,
Informatics,Organic Search,/faculty/lilian-chan/,2,,2,,0,,0,
CyberOps,Direct,/data-protection-officer-career-guide/,2,-27,2,-29,0,0,0,0
MSNP,AI Traffic,/masters-nonprofit-leadership-management/classes/,2,,1,,0,,0,
MSLDT,Paid Social,/masters-learning-design-technology/,2,1,2,2,0,0,0,0
MED,Organic Search,/student-support/feliciana-stevenson/,2,1,3,2,0,0,0,0
MSLDT,Organic Search,/careers-masters-curriculum-instruction/,2,,4,,0,,0,
MSNNL,Display,/resources/nurse-leader-career-paths-opportunities/,2,,3,,1,,0.5,
LEPSL,Direct,/ambassador/ryan-rodriguez/,2,1,3,1,0,0,0,0
MED,Direct,.translate.goog/teacher-centered-vs-student-centered-learning/,2,-23,2,-30,0,0,0,0
MSAAI,Organic Search,/classes/introduction-to-artificial-intelligence-maai-501/,2,-1,4,-1,0,0,0,0
MESH,Paid Search,/sustainability-degree-options/,2,,6,,0,,0,
Default - (not set),Direct,/top-cyber-security-threats/,2,,5,,0,,0,
MSAAI,Referral,/classes/natural-language-processing-maai-520/,2,,1,,0,,0,
Data Science,Organic Search,"/search/Assistive+Technology:+Tools+such+as+speech+recognition+software+transcribe+spoken+words+into+text,+helping+students+with+disabilities+such+as+hearing+impairments+or+dyslexia+to+participate+more+fully+in+the+classroom+by+converting+speech+to+text+and+vice+versa./",2,,2,,0,,0,
MSAAI,Organic Search,/artificial-intelligence-engineer-career/,2,-161,3,-192,0,0,0,0
MED,Direct,/online-teaching-certification-licensure-programs/,2,-11,2,-18,0,0,0,0
MSHA,AI Traffic,/humanitarian-careers/,2,-6,1,-7,0,0,0,0
CyberOps,AI Traffic,/cyber-security-scholarships/,2,-2,2,-6,1,0,0.5,0.25
Default - (not set),Paid Social,/online-programs/,2,,2,,0,,0,
Informatics,Organic Social,/8-technologies-changing-healthcare/,2,-20,2,-19,0,0,0,0
CyberEng,Email,/cyber-security-statistics/,2,,2,,0,,0,
Default - humanitarian-nonprofit,Organic Search,/,2,,1,,0,,0,
Default - (not set),Organic Search,/search/Why+homework+should+be+banned/page/1/,2,,2,,0,,0,
Default - (not set),Organic Search,/search/Why%2Bhomework%2Bshould%2Bbe%2Bbanned/page/1/,2,,2,,0,,0,
MTS,Direct,/how-to-pay-for-theology-degree/,2,,16,,0,,0,
LEPSL,Organic Search,/ai-in-law-enforcement/,2,,3,,0,,0,
Default - (not set),Organic Search,/education-inequity-andhomework/,2,,2,,0,,0,
CyberEng,Organic Search,.translate.goog/should-you-become-a-cyber-security-engineer/,2,-5,2,-5,0,0,0,0
MESH,Direct,/faculty/willy-oppenheim/,2,,2,,0,,0,
MSHA,Referral,/masters-humanitarian-action/lp/humanitarian-action/,2,1,1,0,0,0,0,0
MTS,Referral,/theology-careers/,2,0,2,0,0,0,0,0
Informatics,Organic Search,/5-health-care-big-data-companies-watch/,2,-22,2,-22,0,0,0,0
MED,Organic Search,/faculty/kimberly-white-smith/,2,1,2,1,0,0,0,0
EML,Direct,/masters-engineering-management-leadership/let-us-pay-for-your-eml-program-application-fee/,2,,2,,0,,0,
MSNNL,Organic Search,/advisory-board/warlan/,2,,2,,0,,0,
LEPSL,Organic Search,.translate.goog/what-style-police-leadership-most-effective/,2,-5,2,-8,0,0,0,0
Default - (not set),AI Traffic,/admissions/international-students/,2,,2,,0,,0,
MSLDT,Organic Search,/masters-education/specializations/curriculum-and-instruction/,2,1,9,7,0,0,0,0
MSHA,Paid Search,/top-humanitarian-degrees/,2,1,3,2,0,0,0,0
MED,Paid Search,/masters-education/apply/,2,-4,1,-1,0,0,0,0
MED,Organic Search,/faculty/suzanne-van-steenbergen/,2,-3,3,-5,0,0,0,0
CyberOps,Organic Search,/resources/top-paying-cybersecurity-jobs/,2,1,2,2,0,0,0,0
Data Science,Organic Search,.translate.goog/quantitative-analyst-career/,2,-2,2,-2,0,0,0,0
MSLDT,Direct,/admissions/international-students/,2,1,9,1,0,0,0,0
Default - (not set),Direct,/resources/the-complete-list-of-teaching-methods-thank-you/,2,,2,,0,,0,
MSNNL,Organic Search,/online-ms-nursing-nl/,2,,2,,0,,0,
Default - (not set),AI Traffic,/about/state-authorization-status/,2,,2,,0,,0,
MESH,Organic Search,/health-information-technology-jobs-salary/,2,-1,8,-2,0,0,0,0
MED,Direct,/substitute-teacher-tips/,2,,2,,0,,0,
CyberOps,Organic Search,.translate.goog/masters-cyber-security-operations/,2,,3,,0,,0,
Default - (not set),Paid Social,/tuition-financial-aid/,2,,2,,0,,0,
Default - (not set),Direct,/jobs-after-mba-entrepreneurship/,2,-1,2,-1,0,0,0,0
MSAAI,Organic Search,/classes/applied-probability-and-statistics-for-artificial-intelligence-maai-500/,2,,5,,0,,0,
MED,Unknown - Data Not Available / Data Not Available,/masters-education/lp/online-med/,2,-1,7,-2,1,1,0.5,0.5
MSNP,Organic Social,/nonprofit-executive-director/,2,,4,,0,,0,
MED,Direct,/education/,2,1,4,2,0,0,0,0
MSAAI,AI Traffic,/machine-learning-courses-and-certifications/,2,-3,2,-2,0,0,0,0
MED,Organic Search,.translate.goog/cooperative-learning-strategies/,2,-5,2,-7,0,0,0,0
CyberEng,Email,/masters-cyber-security-engineering/let-us-pay-for-your-cse-program-application-fee/,2,,2,,0,,0,
Informatics,Email,/masters-health-informatics/lp/study-health-informatics/,2,1,5,3,0,0,0,0
MSNNL,Unknown - Data Not Available / Data Not Available,/masters-nursing-leadership/,2,,2,,0,,0,
MSNNL,Organic Search,/masters-nursing-leadership/nursing-educator-track/,2,,17,,1,,0.5,
MTS,Direct,/masters-theological-studies/lp/dyna/thank-you/,2,,11,,4,,2,
Data Science,Direct,/data-analytics-consultant/,2,-3,2,-3,0,0,0,0
Data Science,Organic Search,/storytelling-with-data-part-1/,2,-12,2,-11,0,0,0,0
Data Science,Direct,/ata-specialist-career/,2,0,2,0,0,0,0,0
LEPSL,Organic Search,/ambassador/primo-diaz/,2,,2,,0,,0,
MSNP,Organic Social,/masters-nonprofit-leadership-management/,2,1,3,0,0,0,0,0
CyberOps,Direct,/cybersecurity-masters-degree-guide/,2,0,2,0,0,0,0,0
MSNNL,Email,/masters-nursing-leadership/apply/,2,,2,,0,,0,
MED,AI Traffic,/best-podcasts-for-teachers/,2,-1,1,-5,0,0,0,0
MSLDT,Organic Social,/masters-learning-design-technology/classes/,2,,2,,0,,0,
Default - (not set),Direct,/forms/ldt-applicant/,2,1,2,-1,1,1,0.5,0.5
CyberOps,Organic Search,/systems-administrator/,2,-6,2,-3,0,0,0,0
CyberEng,Display,/masters-cyber-security-engineering/classes/,2,-1,3,0,0,0,0,0
Default - (not set),Direct,/student-support/one-stop-student-center/,2,,3,,0,,0,
MED,Direct,/how-educators-incorporate-steam-in-the-classroom/,2,1,2,1,0,0,0,0
Informatics,Direct,/future-health-informatics/,2,0,7,5,0,0,0,0
Data Science,Direct,/data-science-vs-statistics/,2,,2,,0,,0,
MESH,Referral,/masters-engineering-sustainability-health/mesh-combined-degree/,2,,2,,0,,0,
MSAAI,Unknown - fashion-valley-mall / ooh,/,2,,10,,0,,0,
MTS,Direct,/masters-cyber-security-engineering/classes/,2,,4,,0,,0,
MSITL,Direct,/enterprise-it-management-guide/,2,,2,,0,,0,
MSLDT,Direct,/masters-cyber-security-engineering/,2,,9,,0,,0,
Default - (not set),Organic Search,/student-support/career-development-center/,2,-3,2,-3,0,0,0,0
Informatics,Direct,/faculty/charisse-lyn-tabotabo/,2,1,2,1,0,0,0,0
EML,Direct,/effective-engineering-manager/,2,-2,3,-2,0,0,0,0
EML,Organic Search,/faculty/gb-singh/,2,-5,3,-8,0,0,0,0
EML,Organic Search,/advisory-board/nandor-szots/,2,1,5,4,0,0,0,0
MSNNL,Unknown - social / social,/resources/nurse-leader-career-paths-opportunities/,2,,2,,0,,0,
MSAAI,Referral,/resources/msaai-on-campus-artificial-intelligence-self-assessment/,2,,1,,0,,0,
Default - (not set),Direct,/blog/technology/,2,,2,,0,,0,
"Default - business-entrepreneurship,computer-science,engineering,technology",Paid Search,/masters-applied-data-science/lp/let-us-pay-for-your-msads-program-application-fee/,2,,2,,2,,1,
Default - (not set),Direct,/forms/msnp-application-evaluation/,2,1,2,1,0,0,0,0
MSHA,AI Traffic,/examples-of-social-change/,2,,2,,0,,0,
Default - (not set),Organic Search,/faculty/ruddy-simonpour/,2,,2,,0,,0,
MED,Organic Search,.translate.goog/brain-based-learning/,2,-30,2,-34,0,0,0,0
Default - (not set),AI Traffic,/entrepreneurship-degree-worth-it/,2,,1,,0,,0,
MTS,AI Traffic,/what-is-ecospirituality/,2,-3,2,-3,0,0,0,0
Data Science,Direct,/python-for-data-science/,2,-30,2,-39,0,0,0,0
MSAAI,Organic Search,/faculty/som-shahapurkar/,2,-2,2,-2,0,0,0,0
Data Science,Direct,/resources/free-ms-ads-program-brochure-thank-you/,2,1,2,1,1,1,0.5,0.5
Informatics,Paid Search,/health-informatics-job-description-explained/,2,,4,,0,,0,
MTS,Email,/gods-timing-and-the-franciscan-calling/,2,,2,,0,,0,
LEPSL,Direct,/about/state-authorization-status/,2,0,7,2,0,0,0,0
Default - (not set),Organic Search,/top-100-cybersecurity-companies/,2,,7,,0,,0,
MSHA,Email,/masters-humanitarian-action/app-waiver/,2,,2,,1,,0.5,
MSNP,Direct,/masters-education/,2,1,2,0,0,0,0,0
LEPSL,Email,/become-a-criminal-justice-instructor/,2,,2,,0,,0,
MSLDT,AI Traffic,/career-changes-for-teachers/,2,,2,,0,,0,
CyberOps,Organic Search,/cybersecurity-vs-it-degree/,2,-2,4,-8,0,-1,0,-0.25
CyberOps,Organic Search,/masters-cyber-security-engineering/let-us-pay-for-your-cse-program-application-fee/,2,,2,,1,,0.5,
MTS,AI Traffic,/what-is-liturgy/,2,0,1,-1,0,0,0,0
MSNP,Email,/masters-nonprofit-leadership-management/lp/dyna/,2,-16,3,-24,0,-4,0,-0.2222222222222222
MESH,Organic Search,/faculty/roman-sidortsov/,2,0,2,0,0,0,0,0
MED,Organic Search,/faculty/sobeida-velazquez/,2,0,2,0,0,0,0,0
LEPSL,Organic Search,/ambassador/eric-noble/,2,0,2,0,0,0,0,0
MSLDT,Referral,/educational-technology-jobs/,2,0,2,0,0,0,0,0
"Default - computer-science,engineering,technology",Organic Search,/masters-cyber-security-operations/,2,,11,,0,,0,
MSAAI,Organic Search,/education-inequity-and-homework/,2,-8,5,-47,0,0,0,0
LEPSL,Direct,/best-law-enforcement-online-training-and-resources/,2,,2,,0,,0,
MED,Organic Search,/classes/critical-media-literacy/,2,,1,,0,,0,
MESH,Organic Search,/faculty/john-gulick/,2,-4,3,-2,0,0,0,0
Default - (not set),Direct,/resources/msads-request-program-brochure/,2,,8,,0,,0,
Default - (not set),Email,/masters-cyber-security-engineering/,2,,7,,0,,0,
LEPSL,Organic Search,/how-to-become-a-police-chief/,2,-1,4,1,0,0,0,0
MESH,Organic Search,/faculty/chris-byrne/,2,,2,,0,,0,
MED,Direct,/faculty-spotlight-dr-reyes-quezada-2/,2,1,2,1,0,0,0,0
MED,Organic Search,/search/Homework+banned+resons/,2,,2,,0,,0,
MSHA,Organic Search,/advisory-board/puechguirbal/,2,-2,2,0,0,0,0,0
Default - (not set),Direct,/blue-leadership-podcast/the-art-of-persistence-solving-the-christie-wilson-cold-case-homicide-with-nuno-tavares/,2,,2,,0,,0,
MSAAI,Organic Search,/impact-of-chatgpt-on-ai-careers/,2,-11,2,-15,0,-1,0,-0.07692307692307693
MED,Organic Search,/remote-teaching-resources-2/,2,-3,2,-2,0,0,0,0
MSAAI,AI Traffic,/artificial-intelligence-scholarships/,2,-36,2,-34,0,-1,0,-0.02631578947368421
MSAAI,AI Traffic,/aws-azure-gcp-certification/,2,,1,,0,,0,
CyberOps,Direct,/masters-cyber-security-operations/let-us-pay-for-your-csol-program-application-fee/,2,0,2,0,1,1,0.5,0.5
MSNNL,Direct,/health-informatics-shaping-future-health-information-management/,2,,13,,0,,0,
Informatics,Organic Social,/what-skills-do-you-need-to-work-in-health-care-informatics/,2,,2,,0,,0,
MSAAI,Direct,/machine-learning-bootcamps/,2,-50,3,-51,0,0,0,0
MSITL,Direct,/what-is-devops/,2,,2,,0,,0,
MSITL,Direct,/masters-engineering-management-leadership/,2,-2,6,-38,0,-1,0,-0.25
MSLDT,Organic Search,/,2,-11,10,-580,0,0,0,0
MED,Organic Search,/student-support/ashleigh-zellmer/,2,0,3,1,0,0,0,0
EML,Organic Search,/engineering-management-masters-worth-it/,2,-39,4,-40,0,0,0,0
Default - humanitarian-nonprofit,Direct,/,2,,5,,0,,0,
MSLDT,Referral,/instructional-design-masters-degree-worth-it/,2,,2,,0,,0,
Informatics,Referral,/health-informatics-impact-covid-19/,2,-1,1,-1,0,0,0,0
MESH,Paid Search,/masters-engineering-sustainability-health/resources/,2,0,4,2,0,0,0,0
MSNNL,Organic Search,/,2,-6,15,-21,0,0,0,0
Default - (not set),Direct,/student-support/molly-patrick/,2,,3,,0,,0,
LEPSL,Unknown - Data Not Available / Data Not Available,/masters-law-enforcement-leadership/lp/law-enforcement/,2,,3,,0,,0,
Data Science,Direct,/masters-applied-data-science/testimonials/,2,,3,,0,,0,
Default - (not set),Paid Search,/tuition-financial-aid/additional-funding-options/,2,,1,,0,,0,
MSAAI,Organic Search,/classes/machine-learning-fundamentals-and-applications-maai-510/,2,1,1,-2,0,0,0,0
Data Science,Organic Search,.translate.goog/how-to-become-data-analytics-manager/,2,1,2,1,0,0,0,0
MSITL,Organic Search,/masters-information-technology-leadership/classes/data-science-elective/,2,,14,,0,,0,
MSNP,Direct,/programs/,2,1,8,3,0,0,0,0
CyberEng,AI Traffic,/masters-cyber-security-engineering/classes/,2,,1,,0,,0,
LEPSL,Organic Search,/law-enforcement-going-back-to-college/,2,-4,2,-4,0,0,0,0
MED,Organic Search,/masters-education/faculty/,2,-4,4,-3,0,0,0,0
LEPSL,Organic Search,/ambassador/robert-ewing/,2,-2,2,-2,0,0,0,0
Informatics,Organic Search,/masters-health-informatics/lp/study-healthcare-analytics/,2,-6,3,-15,0,-1,0,-0.125
Default - (not set),Display,/about/state-authorization-status/,2,,2,,0,,0,
MSNNL,Paid Search,/masters-nursing-leadership/scholarships/,2,,1,,0,,0,
EML,Paid Search,/masters-engineering-management-leadership/board-of-advisors/,2,,4,,0,,0,
CyberOps,Organic Social,/top-cyber-security-threats/,2,-33,2,-54,0,0,0,0
MSAAI,Unknown - facebook / social,/university-of-san-diego-launches-full-time-on-campus-masters-degree-programs-in-applied-artificial-intelligence-and-cyber-security-engineering/,2,,2,,0,,0,
MESH,Direct,/masters-in-sustainability-degree-comparison/,2,0,2,0,0,0,0,0
MED,AI Traffic,/careers-masters-curriculum-instruction/,2,1,1,0,0,0,0,0
MED,Direct,/resources/guide-to-teaching-styles/,2,1,2,1,0,0,0,0
Data Science,Referral,/masters-applied-data-science/lp/study-data-science/,2,0,3,-5,0,0,0,0
MSLDT,Organic Search,.translate.goog/learning-objectives-examples/,2,,5,,0,,0,
CyberOps,Referral,/masters-cyber-security-operations/,2,-4,6,-5,0,0,0,0
Default - (not set),Paid Social,/master-of-science-cyber-security-operations-leadership,2,,2,,0,,0,
MTS,Email,/masters-theological-studies/lp/ppc/,2,-4,1,-5,0,0,0,0
MSNNL,Paid Social,/masters-nursing-leadership/,2,,2,,0,,0,
CyberOps,Paid Search,/top-100-cybersecurity-companies/,2,,2,,0,,0,
MSNP,Email,/masters-nonprofit-leadership-management/,2,-4,3,-4,0,0,0,0
MESH,Direct,/resources/mesh-program-brochure/,2,,2,,0,,0,
Informatics,Organic Social,/,2,,12,,0,,0,
CyberOps,Direct,/history-of-cyber-security-standards/,2,0,1,-1,0,0,0,0
MSNNL,Paid Search,/director-of-nursing-career-guide/,2,,1,,0,,0,
Informatics,Organic Search,/faculty/tony-rosales/,2,0,1,-4,0,0,0,0
EML,Direct,/advisory-board/jimmy-anklesaria/,2,-2,3,-2,0,0,0,0
MSAAI,Organic Search,/classes/probability-and-statistics-for-artificial-intelligence-maai-500/,2,-19,2,-23,0,0,0,0
MED,Organic Search,/masters-educational-technology-worth-it/,2,-34,2,-32,0,0,0,0
LEPSL,AI Traffic,/what-is-intelligence-led-policing/,2,-1,2,-1,0,0,0,0
MSLDT,Organic Social,/create-employee-training-program/,2,-2,2,-3,0,0,0,0
MSNP,Referral,/nonprofit-grant-databases/,2,-57,2,-156,0,0,0,0
MED,Direct,/education-inequality-and-homework/,2,1,8,5,0,0,0,0
Informatics,Direct,/himss-approved-informatics-degree/,2,1,2,1,0,0,0,0
MSNP,Direct,/nonprofit-cfo-career/,2,,2,,0,,0,
MSHA,Referral,/humanitarian-crises-around-the-world/,2,,1,,0,,0,
MSHA,Referral,/social-advocacy-definition/,2,,2,,0,,0,
Default - (not set),Organic Search,/about/general-policies/,2,-10,2,-7,0,0,0,0
MSNNL,Paid Social,/masters-nursing-leadership/nursing-educator-track/,2,,2,,0,,0,
Data Science,Referral,/quantitative-analyst-career/,2,-2,2,-2,0,0,0,0
Data Science,Organic Search,/faculty/mohammad-yavarimanesh/,2,-1,2,-1,0,0,0,0
MSITL,Referral,/masters-applied-artificial-intelligence/,2,,14,,0,,0,
LEPSL,Paid Search,/masters-law-enforcement-leadership/lp/thank-you/,2,-6,1,-5,1,-3,0.5,0
Default - (not set),Display,/masters-applied-data-science/lp/study-data-science/,2,,6,,0,,0,
CyberOps,Direct,/resources/which-cybersecurity-program-is-right-for-you/,2,-2,2,-2,0,0,0,0
CyberOps,Direct,/resources/getting-an-ms-cyber-security-8-considerations/,2,1,2,1,0,0,0,0
CyberEng,Organic Search,/faculty/haydar-majeed/,2,-3,2,-2,0,0,0,0
Informatics,Organic Search,/classes/informatics-capstone/,2,0,2,0,0,0,0,0
MSLDT,Referral,/ai-instructional-design/,2,-5,2,-5,0,0,0,0
MTS,Organic Search,/faculty/william-short/,2,-1,2,-1,0,0,0,0
MSAAI,Organic Search,/resources/ai-checklist-thank-you/,2,,2,,1,,0.5,
EML,Organic Search,/advisory-board/ramon-lecanda/,2,0,2,0,0,0,0,0
Informatics,Direct,/blog/healthcare/,2,-5,1,-10,0,0,0,0
MSITL,Organic Search,/resources/free-itl-program-brochure/,2,1,8,8,1,1,0.5,0.5
MSNNL,Paid Social,/masters-nursing-leadership/lp/thank-you/,2,,2,,2,,1,
CyberOps,Direct,/masters-cyber-security-operations/careers/,2,0,4,2,0,0,0,0
MED,Organic Search,/resources/free-med-program-brochure/,2,-7,2,-5,0,0,0,0
MSNNL,Direct,/masters-health-informatics/classes/,2,,4,,0,,0,
LEPSL,Referral,/masters-law-enforcement-leadership/transfer-credit/fbina/,2,1,2,1,0,0,0,0
Default - (not set),AI Traffic,/transformational-leadership/,2,,1,,0,,0,
MSITL,Direct,/masters-information-technology-leadership/lp/ppc/let-us-pay-for-your-msitl-application-fee/,2,,2,,0,,0,
MSAAI,Direct,/classes/ethics-in-artificial-intelligence-maai-531/,2,-1,2,-3,0,0,0,0
Default - (not set),Organic Search,/masters-cyber-security-engineering/,2,,13,,1,,0.5,
MSHA,Organic Search,.translate.goog/human-rights-violation-definition/,2,,3,,0,,0,
LEPSL,Direct,/resilience-in-law-enforcement/,2,0,2,-1,0,0,0,0
LEPSL,Organic Search,/decision-making-authority-sid-heal/,2,-1,2,-1,0,0,0,0
LEPSL,Organic Search,/ambassador/andrew-leyva/,2,-1,2,-2,0,0,0,0
LEPSL,Organic Search,/police-chiefs-advice-earning-masters-degree-law-enforcement-leadership/,2,1,7,5,0,0,0,0
MED,Direct,/search/Homework/,2,,2,,0,,0,
MSLDT,AI Traffic,/instructional-design-best-practices/,2,-7,1,-7,0,0,0,0
MSAAI,Referral,/university-of-san-diegos-ms-in-applied-artificial-intelligence-launching-new-course-agentic-ai-systems-in-summer-2026/,2,,2,,0,,0,
LEPSL,Unknown - Facebook / cpc,/what-style-police-leadership-most-effective/,2,1,2,1,0,0,0,0
MSNP,Paid Search,/,2,-12,31,-46,0,0,0,0
MESH,Direct,/resources/sustainability-careers-ebook/,2,,5,,1,,0.5,
CyberEng,Organic Search,/cybersecurity-masters-degree-comparison/,2,-37,2,-42,0,0,0,0
MSAAI,Organic Search,/ai-impact-on-pharma-4-0/,2,-7,2,-7,0,0,0,0
CyberOps,Organic Search,/lifetime-value-of-a-masters-degree-in-cyber-security/,2,,2,,0,,0,
MSNNL,Paid Search,/masters-health-informatics/lp/health-informatics-for-nurses/,2,-3,4,-17,0,-1,0,-0.2
MSAAI,Paid Social,/resources/8-questions-artificial-intelligence-masters-ebook/,2,,2,,0,,0,
CyberOps,Organic Search,.translate.goog/data-protection-officer-career-guide/,2,-7,2,-7,0,0,0,0
MSAAI,Organic Search,/usd-gradright-partnership/,2,,5,,0,,0,
LEPSL,Organic Search,/ambassador/antonio-cortina/,2,-1,2,-1,0,0,0,0
Informatics,Direct,/faculty/wendy-cole/,2,1,1,0,0,0,0,0
MSNNL,Direct,/faculty/polly-king/,2,,2,,0,,0,
MSITL,Referral,/is-devops-a-good-career/,2,,1,,0,,0,
MSNNL,AI Traffic,/masters-nursing-leadership/nursing-informatics-track/,2,,1,,0,,0,
MSHA,Direct,/changing-humanitarian-sector/,2,,18,,0,,0,
MSITL,Direct,/masters-technology-management-vs-mba/,2,-13,2,-16,0,0,0,0
CyberEng,Direct,/usd-cybersecurity-degree-program-receives-national-award/,2,,2,,0,,0,
MSLDT,Direct,/about/state-authorization-status/,2,,4,,0,,0,
MTS,Direct,/masters-cyber-security-operations/,2,,4,,0,,0,
MESH,Direct,/environmental-compliance-officer-career/,2,1,2,1,0,0,0,0
Informatics,Paid Search,/informatics-nursing-essential-career/,2,,2,,0,,0,
CyberOps,Organic Search,/classes/cyber-security-law-privacy/,2,-3,2,-12,0,0,0,0
LEPSL,Organic Search,/ambassador/marvin-weinrick/,2,,7,,0,,0,
MSAAI,Organic Search,/data-science-careers/,2,,6,,0,,0,
LEPSL,Organic Search,/faculty/maria-sarasua/,2,,2,,0,,0,
Informatics,AI Traffic,/big-tech-invest-health-care-innovations-informatics/,2,1,1,0,0,0,0,0
CyberEng,AI Traffic,/masters-cyber-security-engineering/apply/,2,-1,3,-3,0,0,0,0
MSHA,Referral,/disaster-relief-jobs/,2,,2,,0,,0,
MTS,Referral,/franciscan-spirituality-in-todays-world/,2,,2,,0,,0,
Informatics,Organic Search,/faculty/razel-milo/,2,-11,3,-15,0,0,0,0
MSAAI,AI Traffic,/artificial-intelligence-jobs/,2,-48,3,-50,0,-2,0,-0.04
LEPSL,Referral,/,2,1,6,2,0,0,0,0
MED,Organic Search,/are-charter-schools-better-in-creating-education-equity/,2,-5,3,-6,0,0,0,0
MSLDT,Referral,/top-instructional-design-skills/,2,,2,,0,,0,
MSLDT,Referral,/instructional-technologist-career/,2,,2,,0,,0,
MED,Organic Search,/faculty-spotlight-libby-butler/,2,,1,,0,,0,
MESH,AI Traffic,/masters-engineering-sustainability-health/apply/,2,,2,,0,,0,
Default - (not set),Paid Search,/humanitarian-nonprofit/,2,1,2,1,0,0,0,0
CyberOps,Organic Search,/faculty/sahar-mosleh/,2,-4,2,-4,0,0,0,0
MSAAI,Organic Search,/masters-applied-data-science/,2,-2,5,-26,0,0,0,0
MSNP,Organic Social,/how-to-write-grant-proposals/,2,,2,,0,,0,
Default - (not set),Direct,/top-cyber-security-blogs-websites/,2,,8,,0,,0,
Default - (not set),Email,/resources/cybersecurity-job-market-webinar-thank-you/,2,,3,,0,,0,
MSAAI,Referral,/resources/8-questions-artificial-intelligence-masters-ebook/,2,1,2,0,0,0,0,0
MSHA,Referral,/logical-framework-approach/,2,-3,2,-3,0,0,0,0
Default - (not set),Organic Search,/blue-leadership-podcast/the-art-of-persistence-solving-the-christie-wilson-cold-case-homicide-with-nuno-tavares/,2,-2,2,-3,0,0,0,0
MED,Direct,/online-programs/,2,-7,10,-28,0,0,0,0
MSNNL,Organic Search,/masters-in-nursing-worth-it/,2,,4,,0,,0,
MTS,Paid Search,/resources/master-of-theological-studies-application-guide/,2,,3,,0,,0,
LEPSL,Organic Search,/ambassador/brandon-barclay/,2,1,2,1,0,0,0,0
Data Science,Paid Social,/quantitative-analyst-career/,2,,2,,0,,0,
Default - (not set),Direct,/blog/computer-science/,2,0,2,0,0,0,0,0
LEPSL,Organic Search,/masters-law-enforcement-leadership/lp/thank-you/,2,0,1,0,1,1,0.5,0.5
MSNP,Direct,/offers/oed-leads/,2,,2,,0,,0,
Default - (not set),Direct,/can-information-security-degree,2,,2,,0,,0,
CyberOps,Direct,/transition-general-it-to-cybersecurity-engineering/,2,0,2,0,0,0,0,0
MTS,Email,/why-theological-studies/,2,,2,,0,,0,
CyberEng,Direct,/usd-alum-salesforce-security-engineer/,2,1,2,1,0,0,0,0
CyberOps,Direct,/education-and-cyber-security-talent-shortage/,2,-1,2,-1,0,0,0,0
MESH,Referral,/community-health-degree-jobs/,2,,1,,0,,0,
LEPSL,Organic Search,/lieutenant-picks-usd-criminal-justice-masters-degree/,2,1,2,0,0,0,0,0
Informatics,Direct,/what-is-medical-informatics/,2,-8,3,-7,0,0,0,0
LEPSL,Email,/masters-law-enforcement-leadership/lp/request-info/,2,-19,2,-22,0,0,0,0
Default - (not set),Direct,/masters-applied-data-science/classes/,2,,9,,0,,0,
LEPSL,Email,/ambassador/wes-herman/,2,,4,,0,,0,
MSNP,Referral,/nonprofit-fundraising-ideas/,2,,1,,0,,0,
MED,Organic Social,/co-teaching-models/,2,1,2,1,0,0,0,0
EML,AI Traffic,/engineering-leadership-skills/,2,,1,,0,,0,
LEPSL,Direct,/criminal-justice-masters-degree-comparison/,2,-9,2,-9,0,0,0,0
EML,Organic Search,/masters-engineering-management-leadership/apply/,2,1,1,0,0,0,0,0
MSHA,Organic Search,/programs/,2,-1,13,-3,0,0,0,0
MTS,AI Traffic,/what-is-lay-ministry/,2,,2,,0,,0,
MESH,Direct,/masters-engineering-sustainability-health/faculty/,2,-8,3,-6,0,0,0,0
MSNNL,Direct,/healthcare-informatics-jobs-salary/,2,,23,,0,,0,
MSNNL,Organic Search,/bachelors-nursing/,2,,13,,0,,0,
CyberEng,Direct,/is-cyber-security-hard/,2,,2,,0,,0,
MED,Paid Search,/education-inequity-and-homework/,2,,2,,0,,0,
Default - (not set),Direct,/bachelors-nursing/complete-your-bsn-online-university-of-san-diego/,2,,2,,0,,0,
Default - (not set),Direct,/masters-applied-data-science/,2,,13,,0,,0,
MED,Direct,/forms/med-gar/,2,,10,,0,,0,
MSAAI,Referral,/masters-applied-artificial-intelligence/faculty/,2,0,4,3,0,0,0,0
Default - (not set),Direct,/how-to-be-innovative-at-work/,2,,2,,0,,0,
MTS,Organic Search,.translate.goog/st-francis-of-assisi-and-franciscan-theology/,2,-4,2,-3,0,0,0,0
CyberEng,Direct,/chief-risk-officer/,2,-5,2,-5,0,0,0,0
MTS,Organic Search,/incorporate-faith-in-career/,2,-23,2,-23,0,-1,0,-0.04
Informatics,Direct,/offers/oed-leads/,2,1,2,-2,0,0,0,0
MSNNL,Organic Search,/masters-learning-design-technology/,2,,93,,0,,0,
EML,Direct,/resources/from-engineer-to-leader/,2,-4,1,-7,0,0,0,0
Default - humanitarian-nonprofit,Direct,/changing-humanitarian-sector/,2,,2,,0,,0,
MESH,Referral,/blog-msph-vs-mph-degree-comparison/,2,1,1,0,0,0,0,0
MESH,Paid Search,/programs/,2,0,6,-2,0,0,0,0
MSAAI,Organic Search,/resources/msaai-on-campus-artificial-intelligence-self-assessment/,2,,3,,0,,0,
MSITL,Email,/masters-information-technology-leadership/,2,0,3,-1,0,0,0,0
Informatics,Organic Search,/ms-msc-health-informatics-usa/,2,-14,2,-25,0,-1,0,-0.0625
MSLDT,Direct,/instructional-design-career-guide/,2,-14,2,-12,0,0,0,0
LEPSL,AI Traffic,/what-style-police-leadership-most-effective/,2,-7,2,-16,0,0,0,0
Default - (not set),Paid Search,/masters-applied-data-science/lp/study-data-science/,2,,15,,1,,0.5,
Informatics,Paid Search,/masters-health-informatics/lp/study-health-informatics-old-page/,2,,2,,0,,0,
MSNNL,Direct,/nursing-leadership-roles/,2,,1,,0,,0,
MED,Organic Search,.translate.goog/inclusive-education-strategies/,2,-29,2,-36,0,0,0,0
MSAAI,Direct,/search/language+development/,2,,2,,0,,0,
MSNNL,Direct,/masters-nursing-leadership/lp/nurse-cp/,2,,2,,0,,0,
"Default - business-entrepreneurship,computer-science,technology",Direct,/is-a-masters-in-data-science-worth-it/,2,,2,,0,,0,
Informatics,Direct,/health-data-analyst/,2,-5,8,1,0,0,0,0
MESH,Direct,/resources/sustainability-careers-ebook-thank-you/,2,,5,,0,,0,
MSITL,Direct,/masters-health-informatics/,2,,20,,0,,0,
MTS,Direct,.translate.goog/nature-spirituality/,2,-2,4,-1,0,0,0,0
MSAAI,Direct,/resources/career-in-ai-webinar/,2,-3,2,0,0,0,0,0
Default - (not set),Organic Search,/resources/cybersecurity-job-market-webinar-thank-you/,2,1,7,7,0,0,0,0
Data Science,Organic Search,/data-science/,2,-7,2,-10,0,0,0,0
LEPSL,Organic Search,/faculty/benjamin-kelso/,2,-11,3,-9,0,0,0,0
MED,Direct,/masters-curriculum-instruction/,2,-2,2,-2,0,0,0,0
MSNNL,AI Traffic,/nursing-leadership-roles/,2,,2,,0,,0,
MSAAI,Organic Search,/masters-cyber-security-operations/,2,1,17,15,0,0,0,0
MSHA,Organic Search,/classes/data-visualization-and-analytics/,2,-1,2,-7,0,0,0,0
MESH,Direct,/faculty/paul-kadetz/,2,-3,2,-2,0,0,0,0
MSITL,Direct,/aws-azure-gcp-certification/,2,,6,,0,,0,
LEPSL,Direct,/shift-in-law-enforcement-leadership/,2,-5,2,-7,0,0,0,0
MSITL,Direct,/masters-information-technology-leadership/classes/data-science-elective/,2,,4,,0,,0,
MSAAI,Direct,/faculty/rod-albuyeh/,2,1,2,1,0,0,0,0
EML,Organic Search,/programs/,2,,10,,0,,0,
Default - (not set),Unknown - facebook / social,/applied-artificial-intelligence/,2,,2,,0,,0,
MED,Organic Search,/faculty/charles-tre-watkins-iii/,2,-7,4,-7,0,0,0,0
MSLDT,Organic Search,/faculty/jeff-suarez-grant/,2,0,2,0,0,0,0,0
CyberOps,Direct,/15-must-read-cyber-security-facts-figures-for-2019/,2,1,2,1,0,0,0,0
Default - (not set),Organic Search,/faculty/brad-palm/,2,,2,,0,,0,
MSLDT,Direct,/faculty/holly-shiflett/,2,0,2,0,0,0,0,0
MSAAI,AI Traffic,/impact-of-chatgpt-on-ai-careers/,2,,3,,0,,0,
LEPSL,Direct,/masters-law-enforcement-leadership/transfer-credit/command-college/,2,-6,2,-7,0,0,0,0
MED,Direct,/search/Online+tuition/,2,,2,,0,,0,
Data Science,Direct,/advisory-board/eric-colson/,2,0,2,0,0,0,0,0
Default - (not set),Organic Social,/employer-partnership/xsite/,2,,2,,0,,0,
LEPSL,Organic Search,/faculty/tory-kornblum/,2,1,2,1,0,0,0,0
LEPSL,AI Traffic,/police-communication-important-today/,2,-31,2,-54,0,0,0,0
MSAAI,Referral,/masters-applied-data-science/classes/,2,,21,,0,,0,
Data Science,Organic Search,/data-science-scholarships/,2,-4,2,-5,0,0,0,0
CyberOps,Direct,/non-technical-cyber-security-jobs/,2,-4,2,-4,0,0,0,0
LEPSL,AI Traffic,/search/when+was+it+written/,2,,2,,0,,0,
CyberOps,Organic Search,/cyber-crime-investigator-career/,2,-7,5,-19,0,-1,0,-0.1111111111111111
MESH,Direct,/masters-engineering-sustainability-health/student-services-support-team/,2,-1,7,-5,0,0,0,0
MSNNL,Direct,/contact-us/,2,,4,,0,,0,
MSLDT,Organic Search,/masters-learning-design-technology/lp/instructional-design-for-teachers/,2,,3,,0,,0,
MSAAI,Direct,/resources/an-inside-look-at-the-artificial-intelligence-masters-degree-webinar/thank-you/,2,-1,2,-1,0,0,0,0
MSLDT,Organic Social,/learning-objectives-examples/,2,,1,,0,,0,
CyberEng,Direct,/chief-information-security-officer/,2,1,2,1,0,0,0,0
MTS,Paid Search,/resources/master-of-theological-studies-brochure/,2,,2,,0,,0,
MSHA,Unknown - Data Not Available / Data Not Available,/masters-humanitarian-action/,2,,3,,0,,0,
MSNNL,Organic Social,/masters-in-nursing-worth-it/,2,,2,,0,,0,
MESH,Direct,/community-health-worker-certification/,2,,8,,0,,0,
MED,Organic Search,.translate.goog/masters-in-special-education-careers/,2,1,2,1,0,0,0,0
MSLDT,Direct,/resources/choosing-an-instructional-design-path-thank-you/,2,,6,,0,,0,
Data Science,Unknown - linkedin / social,/masters-applied-data-science/,2,0,3,-7,0,0,0,0
Informatics,Organic Search,.translate.goog/what-is-medical-informatics/,2,-1,2,-1,0,0,0,0
Informatics,Organic Search,/masters-health-informatics/faculty/,2,0,10,-7,0,0,0,0
MSITL,Organic Search,.translate.goog/it-job-titles/,2,-1,2,-1,0,0,0,0
CyberOps,Direct,/masters-cyber-security-operations/scholarships-grants/,2,-2,2,0,0,0,0,0
MSAAI,Direct,/resources/ai-checklist-thank-you/,2,,2,,1,,0.5,
Informatics,Direct,/masters-health-informatics/lp/lp-paid-search-analytics-test/,2,,2,,0,,0,
EML,Email,/masters-engineering-management-leadership/lp/ppc/,2,-46,2,-79,0,-4,0,-0.08333333333333333
MSNP,Direct,/masters-engineering-sustainability-health/,2,,22,,1,,0.5,
Data Science,Direct,/women-in-data-science-where-we-are-where-were-going-and-why-it-matters/,2,-1,1,-2,0,0,0,0
MED,AI Traffic,/3-ways-to-create-inclusive-learning/,2,1,1,0,0,0,0,0
MTS,Referral,/philosophy-degree-jobs/,2,,2,,0,,0,
MSNP,Organic Search,/what-is-organizational-leadership/,2,0,2,0,0,0,0,0
Default - (not set),Organic Search,/cyber-crime-investigator-career/,2,,6,,0,,0,
MED,Referral,/resources/a-career-advancement-guide-for-educators-ebook/,2,,2,,0,,0,
MED,Organic Search,/programs/,2,-86,4,-218,0,-6,0,-0.06818181818181818
Data Science,Organic Search,/data-engineer-career/,2,-4,2,-2,0,0,0,0
MSLDT,Organic Search,/faculty/david-haigh/,2,,2,,0,,0,
LEPSL,Unknown - event / poker-chip,/masters-law-enforcement-leadership/lp/request-info/,2,-4,2,-4,0,-1,0,-0.16666666666666666
Default - (not set),Unknown - Data Not Available / Data Not Available,/,2,,7,,0,,0,
Data Science,Referral,/masters-applied-data-science/apply/,2,-2,1,-1,0,0,0,0
MED,Direct,/tuition-financial-aid/,2,1,7,1,0,0,0,0
MSLDT,Paid Search,/masters-learning-design-technology/lp/osu/,2,,1,,0,,0,
Default - (not set),Paid Search,/masters-cyber-security-operations/lp/bva-cyber-security-operations-leadership/,2,,9,,0,,0,
MSNP,Paid Search,/masters-nonprofit-leadership-management/apply/,2,-2,3,-12,0,0,0,0
MTS,Paid Search,/,2,-11,6,-62,0,0,0,0
MSHA,AI Traffic,/humanitarian-aid-certificate-courses/,2,0,1,-1,0,0,0,0
CyberEng,Email,/masters-cyber-security-engineering/lp/dyna/,2,,2,,0,,0,
MSHA,Organic Search,/masters-humanitarian-action/apply/,2,-1,1,-6,0,0,0,0
CyberOps,Direct,.translate.goog/ethical-hacker-career-salary-guide/,2,-4,2,-4,0,0,0,0
MSAAI,Direct,/aws-azure-gcp-certification/,2,-2,60,56,0,0,0,0
MSNNL,Direct,/classes/advanced-pathophysiology/,2,,2,,0,,0,
MESH,Referral,/masters-engineering-sustainability-health/apply/,2,-5,4,-8,0,-1,0,-0.14285714285714285
MSNP,Direct,/social-impact-careers/,2,-5,3,-43,0,0,0,0
LEPSL,Direct,/police-management-training/,2,1,2,1,0,0,0,0
MSAAI,Email,/resources/8-questions-artificial-intelligence-masters-ebook/,2,,2,,0,,0,
MSAAI,Referral,/artificial-intelligence-scholarships/,2,-2,2,-1,0,-1,0,-0.25
CyberOps,Organic Search,/cyber-security-director/,2,,2,,0,,0,
Informatics,Unknown - fashion-valley-mall / ooh,/healthcare/,2,,2,,0,,0,
MSNP,Direct,/masters-applied-data-science/msads-combined-degree/,2,,6,,0,,0,
LEPSL,Direct,/masters-law-enforcement-leadership/lp/refer-a-friend/,2,0,2,0,0,0,0,0
MSNP,Direct,/masters-nonprofit-leadership-management/faculty/,2,1,2,1,0,0,0,0
CyberOps,AI Traffic,/cyber-security-information-security-network-security/,2,0,2,1,0,0,0,0
LEPSL,Paid Social,/masters-law-enforcement-leadership/classes/,2,,2,,0,,0,
MED,Organic Search,.translate.goog/steam-education-in-schools/,2,-6,2,-6,0,0,0,0
LEPSL,Email,/police-media-relations-and-social-media/,2,,1,,0,,0,
MSHA,Referral,/international-affairs-careers/,2,,2,,0,,0,
MED,Organic Search,/search/Homework+banned+/,2,,2,,0,,0,
CyberEng,Direct,/cybersecurity-bootcamp-vs-degree/,2,1,2,1,0,0,0,0
MESH,Organic Social,/blog-msph-vs-mph-degree-comparison/,2,,2,,0,,0,
Informatics,AI Traffic,/masters-health-informatics/apply/,2,,2,,0,,0,
MSNNL,Direct,/faculty/msn-nl-program-directors/,2,,9,,0,,0,
MSAAI,Paid Social,/masters-applied-artificial-intelligence/apply/,2,,2,,0,,0,
Default - (not set),Direct,/blog/engineering/,2,,2,,0,,0,
Informatics,Referral,/masters-health-informatics/lp/study-healthcare-analytics/,2,,4,,0,,0,
MED,Organic Social,/teaching-to-every-students-unique-learning-style/,2,-7,1,-14,0,0,0,0
MTS,Paid Search,/masters-theological-studies/careers/,2,,4,,0,,0,
CyberOps,Organic Search,/masters-cyber-security-operations/careers/,2,-4,1,-3,0,0,0,0
Data Science,Organic Search,/faculty/an-tran/,2,,2,,0,,0,
MSAAI,AI Traffic,/the-ai-bill-a-critical-analysis-of-regulatory-frameworks/,2,,1,,0,,0,
Default - (not set),Organic Search,/search/No+homeworke/,2,,2,,0,,0,
MED,Organic Search,/search/Homework+banned+resons/page/2/,2,,2,,0,,0,
MSNP,AI Traffic,/volunteer-management-software/,2,-3,1,-2,0,0,0,0
MED,Organic Search,/faculty/john-pekman/,2,-3,2,-3,0,0,0,0
Informatics,AI Traffic,/nurse-leader-vs-nurse-manager/,2,,3,,0,,0,
Data Science,Direct,/data-warehouse-engineer/,2,-12,2,-15,0,0,0,0
EML,AI Traffic,/engineering-management-leadership-certifications/,2,0,2,-2,0,-1,0,-0.5
MED,Organic Search,.translate.goog/what-is-an-med-degree-explained/,2,0,2,0,0,0,0,0
Data Science,Organic Search,.translate.goog/database-engineer-career/,2,-1,2,-1,0,0,0,0
MESH,Organic Search,/resources/meeting-the-planets-most-urgent-challenges/,2,,5,,2,,1,
Default - (not set),Organic Search,/faculty/jack-mccready/,2,1,2,1,0,0,0,0
MESH,Organic Search,.translate.goog/sustainability-scholarships/,2,,2,,0,,0,
CyberOps,Organic Search,/how-to-pick-best-online-cyber-security-program/,2,-13,2,-12,0,0,0,0
Informatics,Organic Search,/programs/,2,,6,,0,,0,
Data Science,Organic Search,.translate.goog/data-science-vs-statistics/,2,,2,,0,,0,
MTS,Unknown - ig / social,/masters-theological-studies/resources/,2,,2,,0,,0,
LEPSL,Direct,/law-enforcement-faculty-jonni-redick/,2,,2,,0,,0,
MTS,Organic Social,/how-to-pay-for-theology-degree/,2,,2,,0,,0,
MED,Organic Search,/11-learning-and-teaching-resources/,2,0,2,0,0,0,0,0
MSNP,Direct,/resources/6-nonprofit-careers-ebook/,2,1,9,8,1,1,0.5,0.5
Default - (not set),Direct,ce-thank-you-page-template/,2,,3,,0,,0,
Informatics,Paid Social,/masters-health-informatics/health-informatics-track/,2,1,2,-2,0,0,0,0
Default - (not set),Organic Search,/student-support/natalie-oneal/,2,,2,,0,,0,
MSAAI,AI Traffic,/masters-applied-artificial-intelligence/classes/,2,-8,5,-7,0,0,0,0
MED,Organic Search,/student-support/kirsten-anderson/,2,1,2,0,0,0,0,0
CyberOps,Paid Search,/master-of-science-in-cyber-security-or-mba/,2,1,2,-2,0,0,0,0
Default - (not set),Direct,/student-support/chuck-bane/,2,,2,,0,,0,
"Default - ",Email,/masters-cyber-security-engineering/lp/tech-news/,2,0,2,0,0,0,0,0
CyberOps,Organic Search,/faculty/brian-russell/,2,0,4,2,0,0,0,0
MSITL,Organic Search,/masters-technology-management-vs-mba/,2,-50,2,-63,0,0,0,0
MED,Paid Search,/masters-education/specializations/steam/,2,0,2,1,0,0,0,0
Informatics,Direct,/faculty/josh-wymer/,2,-2,2,-2,0,0,0,0
LEPSL,Email,/how-to-become-a-police-lieutenant/,2,,1,,0,,0,
Data Science,Referral,/masters-applied-data-science/classes/,2,-4,2,-5,0,0,0,0
Default - (not set),Direct,/lp/apply-now/,2,-52,2,-52,0,0,0,0
Default - (not set),Direct,/education-inequality,2,,4,,0,,0,
MSAAI,Referral,/ai-trainer/,2,-3,1,-5,0,0,0,0
MSLDT,Organic Search,.translate.goog/instructional-technology-tools/,2,-2,3,-7,0,0,0,0
MESH,Direct,/masters-applied-data-science/,2,1,15,9,0,0,0,0
LEPSL,Organic Search,/faculty/darrin-t-grondel/,2,-6,2,-4,0,0,0,0
CyberEng,Referral,/faculty/nahid-farhady/,2,,1,,0,,0,
Informatics,Organic Social,/masters-health-informatics/,2,-2,2,-2,0,0,0,0
EML,AI Traffic,/masters-engineering-management-leadership/,2,,2,,0,,0,
Informatics,Email,/masters-health-informatics/health-analytics-track/,2,,15,,1,,0.5,
Informatics,Referral,/masters-health-informatics/health-analytics-track/,2,0,5,4,0,0,0,0
Data Science,Organic Search,/data-science-tools-of-the-trade-r-vs-python-2/,2,-3,1,-4,0,0,0,0
MSITL,Unknown - email / nurture,/masters-information-technology-leadership/lp/ppc/let-us-pay-for-your-msitl-application-fee/,2,,2,,0,,0,
Data Science,Organic Search,/faculty/matthew-c-vanderbilt/,2,0,2,0,0,0,0,0
CyberOps,Organic Search,/how-to-become-cybersecurity-consultant/,2,-3,3,-2,0,0,0,0
LEPSL,Organic Social,/ambassador/rickey-hawkins/,2,,3,,0,,0,
Data Science,Paid Social,/best-degrees-data-science/,2,,2,,0,,0,
Informatics,Organic Search,/advisory-board/parizek/,2,1,2,1,0,0,0,0
CyberOps,Direct,/8-questions-cyber-security-graduate-degree/,2,1,2,1,0,0,0,0
Default - (not set),Direct,/trauma-informed-teaching-strategies/,2,,1,,0,,0,
Informatics,Paid Social,/masters-health-informatics/health-analytics-track/,2,1,2,1,0,0,0,0
CyberOps,Display,/top-cyber-security-threats/,2,,1,,0,,0,
MTS,Direct,/faith-formation/,2,,2,,0,,0,
MSNP,Paid Search,/grant-writing-for-nonprofits/,2,,1,,0,,0,
LEPSL,Organic Search,/federal-security-specialist-earns-law-enforcement-leadership-masters/,2,,2,,0,,0,
LEPSL,Paid Search,/masters-in-law-enforcement-leadership-hits-1000-graduate-milestone/,2,,3,,0,,0,
CyberOps,Direct,/masters-cyber-security-engineering/let-us-pay-for-your-cse-program-application-fee/,2,,3,,1,,0.5,
MTS,Email,/resources/master-of-theological-studies-application-guide/,2,,2,,0,,0,
LEPSL,Organic Search,/ambassador/dale-fors/,2,-2,2,-2,0,0,0,0
MTS,Direct,/masters-nursing-leadership/,2,1,12,10,0,0,0,0
CyberOps,Email,/masters-cyber-security-operations/lp/bva-cyber-security-operations-leadership/,2,,2,,0,,0,
LEPSL,Direct,/police-community-relations/,2,1,1,0,0,0,0,0
MSNNL,Organic Search,/masters-nursing-leadership/scholarships/,2,,1,,0,,0,
EML,Organic Search,.translate.goog/chief-engineer-officer-career/,2,-20,2,-21,0,0,0,0
Default - (not set),Direct,/management-masters-vs-mba/,2,-6,2,-9,0,0,0,0
MTS,Email,/masters-theological-studies/lp/dyna/thank-you/,2,,2,,1,,0.5,
MED,Organic Search,/how-to-get-a-teaching-certificate/,2,-40,2,-42,0,0,0,0
MSLDT,Direct,/masters-education/,2,-1,6,-25,0,-1,0,-0.3333333333333333
MSAAI,Direct,/harnessing-the-power-of-generative-ai-tools-at-usd-ms-in-aai-program/,2,1,3,2,0,0,0,0
LEPSL,Organic Search,/faculty/maria-munayer/,2,-5,2,-6,0,0,0,0
MSAAI,Organic Search,/masters-applied-artificial-intelligence/careers/,2,-4,3,-4,0,0,0,0
MSLDT,AI Traffic,/instructional-design-portfolio/,2,,4,,0,,0,
LEPSL,Direct,/ambassador/tracy-volz-montez/,2,1,2,1,0,0,0,0
MED,Organic Search,/the-secrets-to-successful-school-leadership/,2,-12,1,-16,0,0,0,0
MSAAI,Organic Search,/faculty/rod-albuyeh/,2,-5,2,-5,0,0,0,0
CyberOps,Direct,/bringing-gamification-to-cyber-security-training/,2,-8,1,-12,0,0,0,0
MSAAI,AI Traffic,/admissions/,1,,3,,0,,0,
MED,Organic Search,/about/,1,0,1,0,0,0,0,0
Default - (not set),Organic Search,/network-forensics-tools/,1,,3,,0,,0,
MSHA,Direct,.translate.goog/examples-of-social-change/,1,,1,,0,,0,
Data Science,Direct,/database-administrator-career/,1,-12,1,-12,0,0,0,0
MSLDT,Organic Search,/faculty/tameka-harris/,1,0,1,0,0,0,0,0
MSNNL,Organic Search,/advisory-board/kassity-krich/,1,,1,,0,,0,
LEPSL,Organic Search,/academic-credit-for-law-enforcement-training/,1,-1,1,-3,0,-1,0,-0.5
EML,AI Traffic,/tuition-financial-aid/tuition/,1,,2,,0,,0,
MSNP,Referral,/admissions/how-to-apply/,1,0,4,-5,0,0,0,0
MESH,Direct,/education/,1,,7,,0,,0,
Data Science,Direct,/data-analyst-careers-and-salary/,1,-4,3,-2,0,0,0,0
MED,Organic Social,/rethinking-education-assessment-types/,1,0,1,0,0,0,0,0
MSLDT,Organic Search,/masters-learning-design-technology/apply/,1,-29,1,-53,0,-1,0,-0.03333333333333333
MED,Direct,/about/career-and-professional-resources/,1,,7,,0,,0,
Data Science,Referral,/data-scientist-salary-guide/,1,,2,,0,,0,
MESH,AI Traffic,/high-paying-environmental-jobs/,1,,1,,0,,0,
MSAAI,Direct,/masters-applied-data-science/msads-combined-degree/,1,,1,,0,,0,
Data Science,Paid Search,/resources/free-ms-ads-program-brochure-thank-you/,1,-7,1,-9,1,-3,1,0.5
Data Science,Direct,/change-career-to-data-science/,1,-1,1,-1,0,0,0,0
MSHA,Paid Search,/international-aid-worker-tips/,1,,1,,0,,0,
MSITL,Direct,/masters-information-technology-leadership/faculty/,1,0,1,0,0,0,0,0
MESH,Email,/resources/msesh-information-session-webinar-thank-you/,1,-1,1,-1,1,1,1,1
MSHA,Organic Search,.translate.goog/international-affairs-careers/,1,-10,1,-11,0,0,0,0
Informatics,Direct,/classes/systems-analysis-design-health-care-informatics/,1,,1,,0,,0,
MSLDT,Email,/instructional-design-vs-learning-experience-design/,1,,2,,0,,0,
LEPSL,Direct,/faculty/mickey-williams/,1,0,1,0,0,0,0,0
LEPSL,Organic Search,/admissions/how-to-apply/,1,-1,1,-1,0,0,0,0
LEPSL,Direct,/university-of-san-diego-adds-online-masters-in-law-enforcement-and-public-safety-leadership/,1,,1,,0,,0,
MSLDT,Email,/masters-learning-design-technology/lp/instructional-design-for-teachers/,1,,1,,0,,0,
LEPSL,Direct,/faculty/tyler-blondi/,1,-3,1,-3,0,0,0,0
Data Science,Organic Search,/data-science-vs-computer-science/,1,-9,1,-8,0,0,0,0
MED,Direct,/resources/women-in-engineering-webinar/,1,,2,,1,,1,
Default - (not set),Email,/programs/,1,,0,,0,,0,
MSAAI,Organic Search,/faq/,1,,2,,0,,0,
EML,Referral,/masters-cyber-security-engineering/,1,,0,,0,,0,
MSNNL,Paid Search,/admissions/how-to-apply/,1,,3,,0,,0,
MSNNL,AI Traffic,/masters-nursing-leadership/,1,,2,,0,,0,
Default - (not set),Organic Search,/blue-leadership-podcast/captain-jolie-macias-tactical-training-and-swat-leadership/,1,,1,,0,,0,
Informatics,Direct,/tuition-financial-aid/financial-aid/,1,,3,,0,,0,
Informatics,Direct,.translate.goog/what-is-clinical-informatics/,1,,1,,0,,0,
Default - (not set),Paid Search,/about/,1,,4,,0,,0,
Default - (not set),Paid Social,/quantitative-analyst-career/,1,,3,,0,,0,
MSAAI,Direct,/admissions/international-students/,1,-1,2,-4,0,0,0,0
EML,Direct,/masters-cyber-security-operations/,1,,6,,0,,0,
MED,Organic Search,/online-programs/,1,-11,8,-76,0,-1,0,-0.08333333333333333
LEPSL,AI Traffic,/ai-in-law-enforcement/,1,,2,,0,,0,
EML,Organic Search,.translate.goog/engineering-manager-skills/,1,0,1,0,0,0,0,0
Data Science,Organic Search,/top-online-cloud-computing-courses/,1,-7,1,-8,0,0,0,0
Data Science,Organic Search,/masters-applied-data-science/faculty/,1,-5,1,-3,0,0,0,0
MED,Organic Search,/faculty/rucheeta-kulkarni/,1,,1,,0,,0,
MSHA,Organic Search,/masters-health-informatics/,1,,12,,0,,0,
Data Science,Organic Search,/women-in-data-science-where-we-are-where-were-going-and-why-it-matters/,1,-7,1,-6,0,0,0,0
LEPSL,Organic Search,/masters-law-enforcement-leadership/transfer-credit/perf-smip/,1,-7,1,-8,0,0,0,0
LEPSL,Organic Search,/faculty/craig-schwartz/,1,0,1,0,0,0,0,0
MSLDT,Organic Search,/masters-learning-design-technology/student-services/,1,,0,,0,,0,
MSAAI,Organic Social,/masters-applied-artificial-intelligence/advisory-board/,1,,0,,0,,0,
MED,Organic Search,/faculty/eleonor-castillo/,1,-1,1,-1,0,0,0,0
MED,Referral,/beginning-the-new-year-successfully/,1,0,1,0,0,0,0,0
Default - (not set),Referral,/how-to-become-an-intrapreneur/,1,,1,,0,,0,
MESH,Display,/masters-engineering-sustainability-health/lp/ppc/,1,,1,,0,,0,
MTS,AI Traffic,/theology-careers/,1,0,1,-1,0,0,0,0
Informatics,AI Traffic,/what-skills-do-you-need-to-work-in-health-care-informatics/,1,,1,,0,,0,
MSAAI,Organic Search,/online-programs/,1,-2,2,-11,0,0,0,0
Default - (not set),Direct,/search/Duolingo+score/,1,,2,,0,,0,
MSITL,Direct,/resources/ms-itl-info-session-webinar-registration/,1,-2,1,-2,0,0,0,0
MTS,AI Traffic,/franciscan-spirituality-in-todays-world/,1,,1,,0,,0,
LEPSL,Direct,/faculty/mike-loarie/,1,0,1,0,0,0,0,0
MSAAI,Paid Social,/resources/msaai-online-artificial-intelligence-self-assessment/,1,,1,,0,,0,
MSNP,Organic Search,/faculty/andrea-boozer/,1,,1,,0,,0,
MSAAI,Direct,/employer-partnership/,1,-6,5,-133,0,0,0,0
MSHA,Organic Search,/offers/oed-leads/,1,,4,,0,,0,
MSNP,Organic Search,/masters-learning-design-technology/classes/,1,,25,,1,,1,
MSAAI,Organic Search,/cyber-security-internships/,1,,10,,1,,1,
CyberOps,AI Traffic,/is-a-cyber-security-certification-right-for-you/,1,0,1,0,0,0,0,0
MSAAI,Paid Social,/resources/free-ms-aai-program-brochure-thank-you/,1,,1,,1,,1,
Default - (not set),Organic Social,/masters-cyber-security-operations/,1,,3,,0,,0,
CyberOps,Organic Search,/faculty/ashton-mozano/,1,-4,1,-4,0,0,0,0
MSAAI,AI Traffic,/most-searched-for-ai-jobs/,1,,1,,0,,0,
MTS,Referral,/faculty/martin-carbajo-nunez/,1,,1,,0,,0,
MSAAI,Unknown - linkedin-organic / social,/nlp-engineer-career/,1,,1,,0,,0,
MTS,Referral,/faculty/jeffrey-burns/,1,,1,,0,,0,
MSAAI,Referral,/online-programs/,1,,5,,0,,0,
MTS,Referral,/faculty/juliet-mousseau/,1,,1,,0,,0,
MTS,Referral,/masters-theological-studies/faculty/,1,,1,,0,,0,
Data Science,Direct,/aws-certification-careers/,1,,1,,0,,0,
MSLDT,Paid Search,/addie-model-instructional-design/,1,,1,,0,,0,
LEPSL,Direct,/top-law-enforcement-blogs-websites/,1,0,1,0,0,0,0,0
MED,Direct,/faculty-spotlight-dr-ricardo-medina/,1,,1,,0,,0,
MSNNL,Direct,-programs/,1,,3,,0,,0,
Informatics,Direct,/masters-health-informatics/testimonials/,1,-3,1,-1,0,0,0,0
LEPSL,Direct,/faculty/jeffrey-jordon/,1,-3,1,-3,0,0,0,0
CyberEng,Organic Search,/faculty/nikolas-behar/,1,,1,,0,,0,
"Default - engineering,sustainability",Paid Search,/usd-mesh-aashe-rating/,1,,1,,0,,0,
Default - (not set),Organic Search,/faculty/sandy-buczynski/,1,,1,,0,,0,
LEPSL,Paid Search,/first-class-graduates-masters-law-enforcement-leadership/,1,,0,,0,,0,
Data Science,Paid Social,/masters-applied-data-science/classes/,1,0,1,-2,0,0,0,0
MESH,AI Traffic,/what-is-sustainable-development/,1,-9,1,-6,0,0,0,0
MSNP,Referral,/resources/online-masters-degree-evaluation-guide/msn-nl-thanks/,1,,3,,0,,0,
MESH,Referral,/jobs-that-make-difference/,1,0,1,0,0,0,0,0
Informatics,Email,/masters-health-informatics/lp/health-informatics-for-nurses/,1,0,1,0,0,0,0,0
MSAAI,Direct,/artificial-intelligence-degree-path/,1,-1,1,-1,0,0,0,0
MSNP,AI Traffic,/volunteer-management/,1,-3,1,-8,0,0,0,0
Default - (not set),Organic Social,/the-university-of-san-diego-partners-with-avenu-learning-to-offer-online-degrees-in-india/,1,,1,,0,,0,
"Default - computer-science,engineering,technology",Direct,/information-assurance-vs-cybersecurity/,1,,1,,0,,0,
MTS,AI Traffic,/philosophy-degree-jobs/,1,,1,,0,,0,
MSHA,Direct,/search/War+crimes/,1,,1,,0,,0,
MSNP,Organic Search,.translate.goog/public-administration-careers/,1,,1,,0,,0,
Informatics,Direct,,1,,6,,0,,0,
LEPSL,Direct,-captain-promotion-guide/,1,,4,,0,,0,
MED,Organic Search,/search/why+should+we+not+have+homework/,1,,1,,0,,0,
MSNNL,Organic Search,/degree-in-public-health/,1,,17,,0,,0,
MED,Direct,/search/AI/,1,,8,,0,,0,
EML,Direct,/engineering/,1,,4,,0,,0,
MED,Organic Search,/jennifer-gagner/,1,,1,,0,,0,
Data Science,AI Traffic,/masters-applied-data-science/apply/,1,-12,1,-15,0,-2,0,-0.15384615384615385
MSNP,Direct,/admissions/,1,0,6,1,1,1,1,1
MSHA,Paid Search,/masters-humanitarian-action/app-waiver/,1,0,0,-4,0,0,0,0
Default - (not set),Direct,/safeview-redirect/tc_frame.html,1,,2,,0,,0,
MTS,Referral,/franciscan-theology-reading-list/,1,,1,,0,,0,
MSHA,Direct,/masters-humanitarian-action/student-services/,1,-1,3,1,0,0,0,0
MESH,Direct,/admissions/,1,,5,,0,,0,
MTS,Referral,/blog/theology/,1,,1,,0,,0,
Data Science,Organic Search,/search/Publisher/,1,,1,,0,,0,
CyberOps,Referral,/blog/,1,-3,1,-3,0,0,0,0
MTS,Referral,/what-is-liturgy/,1,-2,1,-4,0,0,0,0
MED,Organic Search,.translate.goog/teach-in-private-or-public-school/,1,,4,,0,,0,
MED,Organic Search,/resources/complete-guide-to-teacher-centered-vs-student-centered-learning-thank-you/,1,0,1,0,1,1,1,1
Informatics,Organic Search,/advisory-board/chan/,1,0,1,0,0,0,0,0
MSNNL,Organic Search,/faculty/tom-chaplin/,1,,35,,0,,0,
MSNP,Organic Search,/classes/resource-development-and-philanthropy/,1,0,1,-1,0,0,0,0
MSHA,Referral,/admitted-students/,1,,3,,0,,0,
MSLDT,Paid Search,/ai-instructional-design/,1,,2,,0,,0,
MTS,Organic Search,.translate.goog/what-is-ecospirituality/,1,-9,1,-10,0,0,0,0
MTS,Organic Search,/masters-theological-studies/lp/dyna/,1,,1,,0,,0,
MESH,AI Traffic,/6-best-urban-planning-careers-degree-salary-guide/,1,-4,1,-2,0,0,0,0
MTS,Referral,/faculty/joe-chinnici/,1,,1,,0,,0,
MTS,Referral,/faculty/linh-hoang/,1,,1,,0,,0,
MESH,Direct,/search/organic+chemistry/,1,,1,,0,,0,
MTS,Referral,/faculty/mary-beth-ingham/,1,,1,,0,,0,
MTS,Referral,/faculty/keith-warner/,1,,1,,0,,0,
MESH,Direct,/faculty/andrea-haverkamp/,1,0,1,0,0,0,0,0
LEPSL,AI Traffic,/faculty/erik-fritsvold/,1,,1,,0,,0,
MSAAI,Organic Search,/top-artificial-intelligence-companies-startups/,1,-76,1,-69,0,0,0,0
MSAAI,Organic Search,/advisory-board/rajeev-jain/,1,,1,,0,,0,
Default - (not set),Direct,/how-to-create-a-tech-startup-company-in-12-steps-2/,1,-19,1,-21,0,0,0,0
Default - (not set),Direct,/programs/master-of-science-in-cyber-security-engineering,1,,1,,0,,0,
MED,Organic Social,/instructional-leadership/,1,0,1,-1,0,0,0,0
MED,Organic Social,/effective-educational-leadership/,1,-40,2,-64,0,0,0,0
LEPSL,Organic Search,/faculty/tyler-blondi/,1,-5,1,-5,0,0,0,0
LEPSL,Organic Search,/ambassador/daniel-moss/,1,-1,1,-1,0,0,0,0
MSAAI,Paid Search,/blog/computer-science/,1,0,2,0,0,0,0,0
MSAAI,Paid Search,/university-of-san-diegos-ms-in-applied-artificial-intelligence-launching-new-course-agentic-ai-systems-in-summer-2026/,1,,2,,0,,0,
CyberEng,Email,/how-to-become-a-cyber-threat-hunter/,1,,1,,0,,0,
MSITL,Paid Search,/masters-humanitarian-action/lp/humanitarian-action/,1,,2,,0,,0,
MSNP,Display,/masters-cyber-security-operations/,1,,6,,0,,0,
Data Science,AI Traffic,/masters-applied-data-science/,1,-5,1,-19,0,-1,0,-0.16666666666666666
LEPSL,Organic Search,/faculty/carmelin-rivera/,1,-1,2,1,0,0,0,0
MED,Direct,/masters-education/student-services/,1,-3,1,-4,0,0,0,0
MSAAI,Organic Search,.translate.goog/artificial-intelligence-business/,1,-10,1,-9,0,0,0,0
LEPSL,Direct,/faculty/darrin-t-grondel/,1,-2,1,-3,0,0,0,0
MSAAI,Direct,/search/computer+science+degree/,1,,1,,0,,0,
MTS,Referral,/faith-formation/,1,,1,,0,,0,
Default - (not set),Display,/masters-cyber-security-operations/,1,,2,,1,,1,
MSNP,Direct,/faculty/andrea-boozer/,1,,1,,0,,0,
MSHA,Organic Search,/cyber-security-salary-california/,1,,4,,0,,0,
CyberEng,Direct,/search/Where+are+the+best+cities+to+work+for+Cyber+security,1,,1,,0,,0,
MESH,Direct,/masters-cyber-security-operations/,1,,5,,0,,0,
Informatics,Direct,/faculty/dorothy-ohagan/,1,-1,6,4,0,0,0,0
Default - (not set),Direct,/education-inequity-and-homework/https:/,1,0,5,4,0,0,0,0
Default - (not set),Direct,/search/70-20-10/,1,,1,,0,,0,
MSNP,Direct,/about/state-authorization-status/,1,0,14,-1,1,1,1,1
LEPSL,Direct,/tuition-financial-aid/,1,-1,5,-2,0,0,0,0
MED,Organic Search,/faculty/amanda-roth/,1,0,2,0,0,0,0,0
MED,Organic Search,/teaching-stem/,1,-10,4,-7,0,0,0,0
Default - (not set),Organic Social,/bringing-a-product-to-market/,1,,1,,0,,0,
LEPSL,AI Traffic,/police-management-training/,1,,1,,0,,0,
MSNP,Organic Search,/social-impact-careers/,1,-20,1,-20,0,0,0,0
CyberOps,Paid Social,/masters-cyber-security-engineering/let-us-pay-for-your-cse-program-application-fee/,1,,1,,1,,1,
MSLDT,Paid Social,/masters-learning-design-technology/resources/,1,,1,,0,,0,
MSHA,Paid Social,/masters-humanitarian-action/,1,-4,1,-4,0,0,0,0
"Default - computer-science,leadership-management,technology",Direct,/resources/ms-innovation-technology-entrepreneurship-degree-admissions-event/,1,,1,,0,,0,
MSLDT,Organic Search,.translate.goog/ai-instructional-design/,1,0,3,2,0,0,0,0
Default - (not set),Organic Search,/forms/ldt-applicant/,1,,0,,0,,0,
LEPSL,Referral,/masters-law-enforcement-leadership/lp/criminal-justice/,1,,3,,0,,0,
MESH,Direct,/masters-engineering-management-leadership/,1,-5,3,-11,0,0,0,0
Default - (not set),Referral,/blog/computer-science/,1,,12,,0,,0,
MSNNL,Organic Search,/advisory-board/albert-wang/,1,,21,,0,,0,
MESH,AI Traffic,/blog-msph-vs-mph-degree-comparison/,1,,1,,0,,0,
MSNP,Unknown - Data Not Available / Data Not Available,/masters-nonprofit-leadership-management/lp/ppc/,1,,2,,0,,0,
Default - (not set),Email,/events/,1,0,1,0,0,0,0,0
EML,Direct,/masters-cyber-security-engineering/,1,0,2,0,0,0,0,0
MTS,Email,/theology-careers/,1,,1,,0,,0,
MED,Direct,/best-podcasts-for-teachers/,1,-1,1,-1,0,0,0,0
MSHA,Direct,/masters-humanitarian-action/lp/humanitarian-action/,1,-17,1,-28,0,-3,0,-0.16666666666666666
MTS,Email,/jobs-for-catholics/,1,,1,,0,,0,
MESH,Direct,/faculty/rodney-reynolds/,1,0,1,0,0,0,0,0
LEPSL,Direct,/masters-law-enforcement-leadership/lp/criminology/,1,-2,1,-3,0,0,0,0
Data Science,Unknown - facebook / social,/masters-applied-data-science/lp/study-data-science/,1,,1,,0,,0,
MSLDT,Paid Search,/masters-education/app-waiver/,1,,2,,0,,0,
Default - (not set),Organic Search,/education-inequity-and-homework/\,1,,1,,0,,0,
CyberOps,Organic Search,.translate.goog/top-paying-cybersecurity-jobs/,1,-4,3,-4,0,0,0,0
MSAAI,AI Traffic,/resources/msaai-artificial-intelligence-self-assessment/,1,-2,2,-5,0,0,0,0
Default - (not set),Organic Search,/ethical-hacker-career-salary-guide/,1,,3,,0,,0,
Default - (not set),Display,/masters-cyber-security-engineering/lp/cyber-security-engineering/,1,,5,,0,,0,
MSHA,Organic Search,/advisory-board/patterson/,1,-2,1,-4,0,0,0,0
CyberEng,Organic Search,/classes/introduction-to-cybersecurity-concepts-and-tools/,1,,1,,0,,0,
MSITL,Direct,/search/Probability+sampling+/,1,,1,,0,,0,
Default - (not set),Direct,/search/Sponsors/page/1/,1,,1,,0,,0,
MED,Organic Search,/student-spotlight-chantell-robinson/,1,,1,,0,,0,
MSNNL,AI Traffic,/masters-nursing-leadership/apply/,1,,1,,0,,0,
LEPSL,Direct,/resources/law-enforcement-careers-ebook-thank-you/,1,,1,,1,,1,
Default - (not set),Organic Search,/contact-us/,1,,1,,0,,0,
Default - (not set),Direct,/classes/capstone-development/,1,,1,,0,,0,
EML,Organic Social,/future-engineering-trends/,1,,1,,0,,0,
MSHA,Direct,/masters-health-informatics/apply/,1,,6,,0,,0,
LEPSL,AI Traffic,/best-police-leadership-books/,1,,1,,0,,0,
MSAAI,Direct,/masters-cyber-security-engineering/apply/,1,,3,,0,,0,
LEPSL,Organic Social,/women-in-law-enforcement/,1,-6,2,-8,0,0,0,0
LEPSL,Direct,/campus-programs/,1,,8,,0,,0,
MED,Direct,/faculty-spotlight-chris-garcia/,1,0,2,1,0,0,0,0
CyberEng,Organic Search,/become-a-computer-forensics-analyst/,1,-35,1,-46,0,0,0,0
MSITL,Direct,/healthcare-informatics-jobs-salary/,1,,2,,0,,0,
Default - (not set),Direct,/admissions/international-studies-at-university-of-san-diego/,1,,1,,0,,0,
Data Science,Direct,/top-online-cloud-computing-courses/,1,0,1,0,0,0,0,0
Default - (not set),Organic Search,/faculty/abdulelah-habib/,1,,2,,0,,0,
MSAAI,Organic Search,/faculty/anna-marbut/,1,-6,1,-5,0,0,0,0
MESH,Organic Search,/faculty/susan-abookire/,1,-1,1,-1,0,0,0,0
LEPSL,Organic Search,/faculty/adolfo-gonzales/,1,-10,1,-10,0,0,0,0
CyberOps,Organic Search,.translate.goog/cisa-certification/,1,-6,1,-6,0,0,0,0
MTS,Email,/masters-applied-artificial-intelligence/,1,,37,,0,,0,
CyberOps,Referral,/masters-cyber-security-operations/lp/bva-cyber-security-operations-leadership/,1,,6,,0,,0,
MED,AI Traffic,/effective-educational-leadership/,1,-52,2,-95,0,0,0,0
Data Science,AI Traffic,/companies-hiring-data-scientists/,1,,4,,0,,0,
LEPSL,Referral,/faculty/adolfo-gonzales/,1,,1,,0,,0,
MSAAI,Direct,/imagining-healthcare-in-the-era-of-machine-learning-and-artificial-intelligence/,1,-1,8,6,0,0,0,0
Default - (not set),Organic Search,/education-inequity-and-homeworkz,1,,1,,0,,0,
Default - (not set),Organic Search,/search/oreo/,1,,1,,0,,0,
LEPSL,Organic Search,/ambassador/james-britt/,1,0,1,0,0,0,0,0
Informatics,Direct,/masters-health-informatics/board-of-advisors/,1,-2,1,-3,0,0,0,0
Data Science,AI Traffic,/resources/msads-request-program-brochure/,1,0,0,0,0,0,0,0
MSITL,Referral,/tuition-financial-aid/,1,,10,,0,,0,
MSHA,Organic Search,/faculty/ernest-ogbozor/,1,0,1,0,0,0,0,0
MSAAI,Referral,/aws-azure-gcp-certification/,1,,2,,0,,0,
MED,Organic Social,/cooperative-learning-strategies/,1,-6,1,-7,0,0,0,0
Default - (not set),Direct,/search/The+Impact+of+AI+on+the+Job+Market+and+Employment+Opportunities/page/1/,1,,1,,0,,0,
MSAAI,Email,/masters-cyber-security-engineering/,1,,4,,0,,0,
MSAAI,Organic Search,/about/state-authorization-status/,1,,2,,0,,0,
LEPSL,Direct,/faculty/matthew-odeane/,1,-3,1,-2,0,0,0,0
Default - (not set),Direct,/masters-cyber-security-engineering/ ou evento da Embry-Riddle,1,,1,,0,,0,
Default - (not set),Direct,/masters-health-informatics/lp/lp-paid-search-analytics-test/,1,,1,,0,,0,
MSITL,Referral,/ai-trainer/,1,,22,,0,,0,
Informatics,Organic Search,/faculty/michael-kurliand/,1,-3,1,-2,0,0,0,0
MSITL,Organic Social,/it-career-paths/,1,,1,,0,,0,
Default - (not set),Organic Search,/life-skills-education-in-schools/ when was it created,1,,1,,0,,0,
MSNP,Organic Search,/nonprofit-management-mba/,1,,1,,0,,0,
MED,Organic Search,/education-inequality-and-homework/,1,0,2,-1,0,0,0,0
LEPSL,Organic Search,/ambassador/ryan-rodriguez/,1,-1,1,-1,0,0,0,0
MSNP,Referral,/business-masters-degrees-types/,1,0,1,0,0,0,0,0
MSNNL,Direct,/how-to-get-a-job-in-health-informatics/,1,,9,,0,,0,
EML,Paid Search,/,1,-7,8,-21,0,-1,0,-0.125
MSLDT,Email,/instructional-design-portfolio/,1,,1,,0,,0,
Informatics,Direct,/programs/,1,,3,,0,,0,
MSITL,Direct,/masters-cyber-security-operations/,1,-6,10,-37,0,-1,0,-0.14285714285714285
MSNP,Direct,/masters-humanitarian-action/apply/,1,,2,,0,,0,
MSLDT,Organic Social,/articulate-vs-captivate/,1,,4,,0,,0,
MED,Organic Search,/faculty/rachel-homel-rice/,1,-1,2,-1,0,0,0,0
Default - (not set),Organic Search,/education-inequity-and-homework/ wikipedia,1,,1,,0,,0,
EML,Organic Search,.translate.goog/engineering-scholarships/,1,,1,,0,,0,
LEPSL,Organic Search,/ambassador/laura-peck/,1,-2,1,-4,0,0,0,0
Default - (not set),Organic Search,/blog/computer-science/,1,-2,0,-1,0,0,0,0
MSAAI,Organic Search,/about/career-and-professional-resources/,1,,2,,0,,0,
Informatics,Organic Social,/education/,1,,1,,0,,0,
MSNNL,Referral,/masters-nursing-leadership/,1,-2,1,-2,0,0,0,0
Default - (not set),AI Traffic,/resources/msaai-artificial-intelligence-self-assessment/,1,,1,,0,,0,
CyberOps,Referral,/what-is-a-chief-security-officer-high-demand-skyrocketing-pay-for-csos/,1,,2,,0,,0,
MED,Email,/resources/inside-look-med-webinar/,1,-5,2,-8,1,0,1,0.8333333333333334
MSLDT,Paid Search,/masters-health-informatics/classes/,1,,3,,0,,0,
MSNNL,Organic Search,/offers/oed-leads/,1,,2,,0,,0,
MESH,Paid Search,/sustainability-engineer-career/,1,,1,,0,,0,
MSLDT,Paid Search,/masters-engineering-management-leadership/lp/ppc/,1,-1,6,-9,0,0,0,0
MSLDT,AI Traffic,/top-instructional-design-software/,1,-5,1,-11,0,0,0,0
CyberEng,Email,/masters-cyber-security-engineering/faculty/,1,,1,,0,,0,
MSNP,Direct,/melissa-villagomez-empowering-others-through-nonprofit-leadership/,1,,1,,0,,0,
MESH,Direct,/faculty/jessica-mikels/,1,0,1,0,0,0,0,0
Default - (not set),Direct,/faculty/james-gilb-ph-d/,1,-6,1,-3,0,0,0,0
Default - (not set),Direct,n-financial-aid/,1,,0,,0,,0,
MSNNL,Paid Search,/nursing-leadership-roles/,1,,1,,0,,0,
LEPSL,Organic Social,/masters-law-enforcement-leadership/lp/law-enforcement/,1,,1,,0,,0,
Informatics,Direct,/masters-health-informatics/lp/request-info/,1,0,1,0,0,0,0,0
MED,Organic Search,.translate.goog/teacher-salaries-analysis/,1,-3,1,-4,0,0,0,0
Default - (not set),Organic Search,/student-support/copley-library/,1,,1,,0,,0,
MED,Referral,/search/student+success+center/,1,,0,,0,,0,
Default - (not set),Organic Social,/programs/,1,,1,,0,,0,
MSNNL,Paid Search,/masters-information-technology-leadership/lp/ppc/,1,,6,,2,,2,
MSNNL,Direct,/search/year+this+was+published/,1,,1,,0,,0,
Default - computer-science,Direct,/what-is-dbaas/,1,-1,1,-2,0,0,0,0
Default - (not set),Email,/about/state-authorization-status/,1,,1,,0,,0,
MED,Organic Search,/admissions/how-to-apply/,1,,1,,0,,0,
MSNNL,Organic Search,/masters-cyber-security-operations/,1,0,5,1,0,0,0,0
CyberEng,Paid Social,/masters-cyber-security-engineering/let-us-pay-for-your-cse-program-application-fee/,1,,1,,0,,0,
MSNP,Display,/public-administration-careers/,1,,0,,0,,0,
Data Science,AI Traffic,/13-essential-data-science-textbooks/,1,0,1,0,0,0,0,0
Default - (not set),Paid Social,/tuition-financial-aid/financial-aid/,1,,1,,0,,0,
CyberOps,Direct,/classes/foundations-of-cyber-security/,1,0,1,0,0,0,0,0
Data Science,Organic Search,/what-is-data-science/,1,-73,1,-76,0,-1,0,-0.013513513513513514
MSAAI,Direct,.translate.goog/ai-impact-on-job-market/,1,-1,1,-1,0,0,0,0
Data Science,Direct,/classes/probability-and-statistics-for-data-science/,1,0,1,0,0,0,0,0
"Default - computer-science,engineering,technology",Direct,/masters-cyber-security-operations/,1,,5,,1,,1,
MTS,Direct,s-lay-ministry/,1,,1,,0,,0,
MSAAI,Referral,/resources/msaai-artificial-intelligence-self-assessment/,1,,20,,0,,0,
CyberEng,Organic Search,/masters-cyber-security-engineering/program-outcomes/,1,,4,,0,,0,
MED,Organic Search,/faculty/jason-jimenez/,1,0,1,0,0,0,0,0
LEPSL,Organic Search,/faculty/nuno-tavares/,1,-2,1,-2,0,0,0,0
MSNNL,AI Traffic,/masters-nursing-leadership/classes/,1,,1,,0,,0,
MSNP,Direct,/admissions/how-to-apply/,1,-1,5,-6,0,0,0,0
EML,Referral,/masters-engineering-management-leadership/let-us-pay-for-your-eml-program-application-fee/,1,,0,,0,,0,
MSAAI,AI Traffic,/entry-level-ai-careers/,1,-18,1,-19,0,0,0,0
Informatics,AI Traffic,/masters-health-informatics/health-informatics-track/,1,,1,,0,,0,
Data Science,Organic Search,.translate.goog/data-science-in-finance/,1,0,1,0,0,0,0,0
Default - (not set),AI Traffic,/smartphones-in-the-classroom/,1,,1,,0,,0,
LEPSL,Referral,/online-programs/,1,,11,,0,,0,
LEPSL,Referral,/masters-law-enforcement-leadership/ambassadors/,1,,1,,0,,0,
MTS,Email,/theology-degree-salary/,1,,1,,0,,0,
MTS,Email,/theological-education/,1,,1,,0,,0,
MED,Direct,/search/Add+drop/,1,,1,,0,,0,
MSAAI,Direct,/masters-cyber-security-operations/,1,-3,2,-15,0,0,0,0
Informatics,Paid Search,/search/transcripts/,1,,0,,0,,0,
LEPSL,Email,/ai-in-law-enforcement/,1,,1,,0,,0,
CyberEng,Organic Search,/masters-cyber-security-engineering/careers/,1,,1,,0,,0,
Default - (not set),Direct,/search/Established/,1,,1,,0,,0,
MED,Direct,/faculty/angelica-sleiman/,1,,1,,0,,0,
Informatics,Direct,/admissions/how-to-apply/,1,-1,2,-1,0,0,0,0
MSNNL,Direct,/masters-applied-artificial-intelligence/classes/,1,,2,,0,,0,
MTS,Direct,/artificial-intelligence-scholarships/,1,,5,,0,,0,
Informatics,Direct,/online-programs/,1,0,2,-5,0,0,0,0
MSLDT,Referral,/training-and-development-specialist/,1,,1,,0,,0,
MED,AI Traffic,/professional-development-options-for-teachers-at-usd/,1,,1,,0,,0,
MSAAI,Organic Search,.translate.goog/business-intelligence-analyst-career/,1,-1,1,-2,0,0,0,0
Default - (not set),Direct,/tesol-certificate,1,,6,,0,,0,
MSITL,Organic Search,.translate.goog/how-to-become-a-site-reliability-engineer/,1,-2,1,-2,0,0,0,0
LEPSL,Organic Search,/faculty/jeffrey-jordon/,1,-9,1,-11,0,0,0,0
LEPSL,AI Traffic,/masters-law-enforcement-leadership/lp/lasdu/,1,,1,,0,,0,
Default - (not set),Organic Search,/offers/oed-leads/,1,-13,2,-18,0,0,0,0
Default - (not set),Organic Search,/forms/msaai-applicant/,1,,6,,0,,0,
MSNP,Organic Search,/international-affairs-careers/,1,-1,2,-2,0,0,0,0
EML,Organic Search,/advisory-board/paul-massih/,1,-1,1,-5,0,0,0,0
MSHA,Unknown - ihsa / social,/masters-humanitarian-action/apply/,1,,18,,0,,0,
MSNP,AI Traffic,/nonprofit-fundraising-ideas/,1,,1,,0,,0,
Default - (not set),Direct,/about/online-learning/student-support/,1,-3,0,-6,0,0,0,0
MED,AI Traffic,/steam-education-in-schools/,1,-29,1,-39,0,0,0,0
CyberOps,Direct,/cyber-security-risk-management/,1,0,1,0,0,0,0,0
MTS,Email,/masters-theological-studies/faculty/,1,,3,,0,,0,
MSAAI,Unknown - zalo / zalo,/artificial-intelligence-education/,1,-46,1,-73,0,0,0,0
MSNNL,AI Traffic,/nurse-leader-vs-nurse-manager/,1,,3,,0,,0,
LEPSL,Direct,/classes/organizational-leadership/,1,-1,1,-1,0,0,0,0
MED,Direct,/resources/inside-look-med-webinar/,1,-3,1,-3,0,0,0,0
LEPSL,Direct,/masters-health-informatics/,1,-5,3,-18,0,0,0,0
MSNP,Paid Social,/masters-nonprofit-leadership-management/,1,,2,,0,,0,
Default - (not set),Direct,/how-to-start-career-cyber-security,1,,1,,0,,0,
CyberOps,Direct,/why-cyber-security-is-a-great-career-option-for-military-veterans/,1,-5,1,-6,0,0,0,0
LEPSL,Direct,/classes/conflict-resolution-decision-making/,1,-1,1,-1,0,0,0,0
LEPSL,Direct,/classes/public-safety-law/,1,-1,1,-1,0,0,0,0
MTS,Organic Search,/faculty/johannes-freyer/,1,,1,,0,,0,
EML,Organic Search,.translate.goog/engineering-leadership/,1,-4,1,-4,0,0,0,0
MED,Paid Search,/education/,1,0,0,-3,0,0,0,0
Informatics,Paid Search,/nurse-leader-vs-nurse-manager/,1,,1,,0,,0,
MESH,Organic Search,/classes/getting-to-zero-waste/,1,-1,4,2,0,0,0,0
MSAAI,Organic Search,/from-devops-to-mlops-a-comprehensive-guide-to-migrating-and-adding-services/,1,-25,1,-21,0,0,0,0
MSLDT,Direct,/learning-design-technology-careers/,1,-3,1,-4,0,0,0,0
MTS,Direct,/resources/mts-coffee-with-advisor/,1,,1,,0,,0,
MSAAI,Organic Search,/masters-applied-artificial-intelligence/student-services/,1,0,1,-2,0,0,0,0
MED,Organic Search,.translate.goog/manage-cell-phones-in-class-tips/,1,,1,,0,,0,
Default - (not set),Organic Search,.translate.goog/how-to-be-innovative-at-work/,1,0,1,0,0,0,0,0
LEPSL,Email,/masters-law-enforcement-leadership/lp/law-enforcement/,1,,1,,0,,0,
MESH,Direct,/advisory-board/michelle-gonzalez/,1,0,1,0,0,0,0,0
MSHA,Direct,/programs/,1,,3,,0,,0,
CyberEng,AI Traffic,/network-security-engineer/,1,,1,,0,,0,
MESH,Organic Search,/masters-engineering-sustainability-health/faculty/,1,-2,2,-3,0,0,0,0
MSLDT,Organic Search,/masters-education/,1,-2,9,-2,0,0,0,0
MED,Direct,/search/how+can+homework+caue+stress/,1,,2,,0,,0,
MSNNL,Direct,/forms/msn-application-evaluation/,1,,1,,1,,1,
MSAAI,Direct,/programs/,1,-3,8,-5,0,0,0,0
Informatics,Email,/masters-health-informatics/faculty/,1,,1,,0,,0,
CyberEng,Direct,alary-california/,1,,2,,0,,0,
EML,Direct,/masters-cyber-security-engineering/lp/cyber-security-engineering/,1,,8,,1,,1,
Default - (not set),Direct,/usd-enrollment-process-in-6-steps/,1,,1,,0,,0,
MSLDT,AI Traffic,/articulate-vs-captivate/,1,0,1,0,0,0,0,0
MSAAI,Paid Social,/what-is-data-science/,1,,2,,0,,0,
MTS,Direct,-captain-promotion-guide/,1,,4,,0,,0,
CyberOps,Direct,/become-a-computer-forensics-analyst/,1,,4,,0,,0,
MED,Direct,/beginning-the-new-year-successfully/,1,-3,1,-2,0,0,0,0
Default - (not set),Direct,/how-to-become-an-intrapreneur/,1,,1,,0,,0,
MSHA,Organic Search,/masters-humanitarian-action/faculty/,1,,3,,0,,0,
MED,Organic Search,/search/Homework+is+good+/,1,,1,,0,,0,
EML,Organic Search,/head-of-product-career/,1,,2,,0,,0,
MED,Referral,/masters-education/,1,-10,5,-26,1,1,1,1
MED,Organic Search,/author/joseph-lathan/,1,0,2,1,0,0,0,0
MTS,Referral,/what-is-lay-ministry/,1,0,1,0,0,0,0,0
Data Science,Referral,/sports-analytics-careers/,1,,1,,0,,0,
MESH,Direct,/resources/mesh-program-brochure-thank-you/,1,,44,,0,,0,
Default - (not set),AI Traffic,/technology-in-education/,1,,1,,0,,0,
Default - (not set),Paid Search,/campus-programs/,1,,1,,0,,0,
CyberOps,Email,/blog/,1,,0,,0,,0,
MSNNL,Organic Search,/education-inequity-and-homework/,1,0,6,4,0,0,0,0
MED,Direct,.translate.goog/best-masters-degrees-for-teachers/,1,-5,1,-5,0,0,0,0
MTS,Direct,/masters-theological-studies/resources/,1,-2,1,-3,0,0,0,0
MSAAI,Direct,/masters-health-informatics/health-analytics-track/,1,,2,,0,,0,
MED,Direct,/admissions/international-students/,1,,2,,0,,0,
MSAAI,Organic Search,/faculty/mark-christenson/,1,0,1,0,0,0,0,0
Default - (not set),Paid Social,/resources/msaai-artificial-intelligence-self-assessment/,1,,1,,0,,0,
MTS,Organic Search,/masters-humanitarian-action/app-waiver/,1,,3,,0,,0,
MTS,Organic Search,.translate.goog/moral-theology/,1,-18,1,-19,0,0,0,0
MSHA,Organic Search,/masters-engineering-sustainability-health/,1,0,1,-29,0,-1,0,-1
MSITL,Paid Search,/,1,-9,5,-55,0,0,0,0
"Default - computer-science,engineering,technology",Unknown - facebook / social,/cyber-security/,1,,1,,0,,0,
MSITL,Organic Search,/university-of-san-diegos-ms-in-applied-artificial-intelligence-launching-new-course-agentic-ai-systems-in-summer-2026/,1,,7,,0,,0,
MSAAI,Referral,/is-a-masters-in-data-science-worth-it/,1,,4,,0,,0,
LEPSL,Organic Search,/classes/public-safety-law/,1,,1,,0,,0,
MSAAI,Paid Search,/masters-cyber-security-engineering/lp/cyber-security-engineering/,1,-15,6,-75,1,0,1,0.9375
MED,Paid Search,/search/Spanish/,1,,1,,0,,0,
CyberOps,Organic Search,.translate.goog/cyber-security-specialist-career-guide/,1,-1,1,-1,0,0,0,0
MED,Organic Search,/search/Why+homework+does+more+harm+than+good/,1,,1,,0,,0,
LEPSL,Organic Search,/faculty/jim-jenkins/,1,0,1,0,0,0,0,0
MSHA,Referral,/humanitarian-aid-certificate-courses/,1,-2,1,0,0,0,0,0
MSNNL,Paid Social,/masters-nursing-leadership/apply/,1,,1,,0,,0,
EML,AI Traffic,/engineering-manager-vs-tech-lead/,1,-5,1,-3,0,0,0,0
MSAAI,Direct,.translate.goog/artificial-intelligence-finance/,1,-1,1,-1,0,0,0,0
MED,Direct,/search/homework+ban/,1,,2,,0,,0,
Default - (not set),Direct,/blog/leadership-management/,1,,1,,0,,0,
MSNNL,Direct,/education/,1,,5,,0,,0,
Data Science,Direct,/classes/data-science-programming/,1,,3,,0,,0,
Default - (not set),Organic Search,/search/pain/,1,,1,,0,,0,
MSLDT,Organic Search,/masters-learning-design-technology/resources/,1,-5,2,-6,0,0,0,0
Informatics,Organic Search,/faculty/wendy-cole/,1,,1,,0,,0,
MSAAI,Organic Search,/masters-applied-artificial-intelligence/lp/request-info-rv/,1,,1,,0,,0,
MED,Organic Search,/masters-education/careers/,1,,0,,0,,0,
LEPSL,Organic Search,/masters-law-enforcement-leadership/transfer-credit/sherman-block-sli/,1,-4,1,-4,0,0,0,0
MSHA,Organic Search,.translate.goog/what-makes-a-good-humanitarian-important-skills/,1,-1,2,0,0,0,0,0
MSLDT,Referral,/what-is-learning-design/,1,,1,,0,,0,
MSLDT,AI Traffic,/job-aid-examples-template/,1,0,1,0,0,0,0,0
MED,Organic Search,/student-spotlight-teacher-applies-m-ed-inspiration-to-her-work-in-the-classroom/,1,-1,1,-1,0,0,0,0
MSLDT,Referral,/instructional-design-interview-questions/,1,,1,,0,,0,
Default - (not set),Referral,/faq/,1,,1,,0,,0,
MSLDT,Paid Search,/educational-technology-jobs/,1,,1,,0,,0,
CyberOps,AI Traffic,/malware-analyst-career-guide/,1,-1,1,0,0,0,0,0
MED,Paid Social,/masters-education/,1,,1,,0,,0,
MTS,Referral,/gods-timing-and-the-franciscan-calling/,1,,1,,0,,0,
LEPSL,Referral,/police-conflict-management-strategies/,1,-20,1,-27,0,0,0,0
MSAAI,AI Traffic,/artificial-intelligence-finance/,1,-101,3,-106,0,-1,0,-0.00980392156862745
Informatics,Direct,/employer-partnership/,1,-1,4,1,0,0,0,0
MESH,Organic Search,/masters-engineering-sustainability-health/mesh-combined-degree/,1,-1,1,-1,0,0,0,0
LEPSL,Organic Search,/ambassador/jamison-maehler/,1,-3,2,-2,0,0,0,0
MTS,Direct,/online-mts-benefits/,1,,1,,0,,0,
MTS,Referral,/masters-theological-studies/lp/ppc/,1,-2,1,-2,0,0,0,0
Informatics,Organic Search,/informatics-nursing-essential-career/,1,-1,3,2,0,0,0,0
LEPSL,Organic Search,/masters-law-enforcement-leadership/transfer-credit/fbina/,1,-11,1,-18,0,-2,0,-0.16666666666666666
Informatics,Paid Social,/bachelors-nursing/,1,,1,,0,,0,
MSLDT,Organic Search,.translate.goog/addie-model-instructional-design/,1,-3,1,-6,0,0,0,0
MED,Organic Search,.translate.goog/rethinking-education-assessment-types/,1,-5,1,-5,0,0,0,0
Default - (not set),Organic Search,/threat-or-opportunity-big-data-and-cyber-security/,1,0,0,-12,0,0,0,0
MED,Direct,/search/should+homework+be+optional/,1,,2,,0,,0,
Default - (not set),Referral,/ebook-getting-an-ms-cyber-security-8-  considerations/,1,,2,,0,,0,
Default - (not set),Direct,/education-inquity-and-homework,1,,1,,0,,0,
MSLDT,Direct,/masters-learning-design-technology/lp/osu/,1,-3,1,-2,0,0,0,0
MSHA,Direct,.translate.goog/faculty/usd-msha-faculty/,1,,4,,0,,0,
MSNNL,Direct,/masters-applied-artificial-intelligence/,1,,2,,0,,0,
CyberEng,Direct,/masters-cyber-security-engineering/let-us-pay-for-your-cse-program-application-fee/,1,,1,,0,,0,
MTS,Direct,.translate.goog/moral-theology/,1,-6,1,-5,0,0,0,0
CyberOps,Direct,/resources/cyber-security-scholarship-checklist/,1,,1,,0,,0,
MESH,Direct,.translate.goog/sustainability-engineer-career/,1,,1,,0,,0,
MESH,Referral,/masters-engineering-management-leadership/,1,,5,,0,,0,
Data Science,Referral,/etl-developer-career/,1,,1,,0,,0,
CyberOps,Organic Search,/masters-cyber-security-engineering/apply/,1,,2,,0,,0,
MTS,Organic Search,/faculty/joe-lonergan/,1,,1,,0,,0,
MTS,Organic Search,/faculty/patty-jimenez/,1,0,3,2,0,0,0,0
CyberOps,Referral,/best-jobs-in-cyber-security/,1,-124,1,-142,0,0,0,0
EML,AI Traffic,/,1,,3,,0,,0,
EML,Paid Search,/classes/decision-analysis/,1,,1,,0,,0,
Default - (not set),Display,/offers/oed-leads/,1,,1,,0,,0,
Default - (not set),Display,/tuition-financial-aid/tuition/,1,,0,,0,,0,
Default - (not set),Paid Social,/admissions/how-to-apply/,1,,1,,0,,0,
CyberEng,Direct,/classes/introduction-to-cybersecurity-concepts-and-tools/,1,,1,,0,,0,
CyberEng,Email,/cybersecurity-iot/,1,,3,,0,,0,
MTS,Paid Social,/masters-theological-studies/lp/ppc/thank-you/,1,,1,,1,,1,
CyberEng,Direct,/student-support/academic-director/,1,0,1,0,0,0,0,0
MSNNL,Direct,/masters-law-enforcement-leadership/lp/re=,1,,1,,0,,0,
MSNNL,Direct,/healthcare/,1,-1,4,-10,0,0,0,0
MSAAI,Direct,/masters-health-informatics/apply/,1,,4,,0,,0,
MSLDT,Paid Social,/masters-learning-design-technology/classes/,1,,1,,0,,0,
MSLDT,Direct,/sustainability-scholarships/,1,,4,,0,,0,
MSHA,Direct,/classes/logistics-for-humanitarian-relief/,1,,1,,0,,0,
MED,Direct,/author/joseph-lathan/,1,,2,,0,,0,
MTS,Paid Search,/masters-information-technology-leadership/lp/ppc/,1,,7,,0,,0,
MSAAI,Organic Search,/tuition-financial-aid/financial-aid/,1,,8,,0,,0,
MESH,Direct,/masters-applied-data-science/classes/,1,0,3,-2,0,0,0,0
MSITL,Organic Search,.translate.goog/information-systems-vs-information-technology/,1,,1,,0,,0,
Default - (not set),Email,/business-entrepreneurship/,1,,1,,0,,0,
Default - (not set),Email,/technology/,1,,1,,0,,0,
MED,AI Traffic,/masters-education/specializations/school-leadership/,1,,1,,0,,0,
MSAAI,Unknown - facebook / social,/masters-applied-artificial-intelligence/lp/study-artificial-intelligence/,1,,1,,0,,0,
CyberOps,Direct,/how-to-become-cybersecurity-consultant/,1,-2,1,-2,0,0,0,0
MED,Direct,/search/should+homework+be+banned/,1,,1,,0,,0,
LEPSL,Organic Search,/blue-leadership-podcast/the-art-of-persistence-solving-the-christie-wilson-cold-case-homicide-with-nuno-tavares/,1,0,2,0,0,0,0,0
MED,Direct,/search/why+does+homework+cause+stress/,1,,1,,0,,0,
Data Science,Direct,/data-architect-career/,1,-2,1,-2,0,0,0,0
MED,Direct,/masters-cyber-security-operations/classes/,1,,4,,0,,0,
MSNP,Direct,/resources/msnp-program-brochure/,1,,2,,0,,0,
MSHA,Direct,/faculty/usd-msha-faculty/,1,,9,,0,,0,
MED,Organic Search,/tuition-financial-aid/,1,0,3,-3,0,0,0,0
Data Science,Organic Search,/masters-data-analytics-worth-it/,1,-27,1,-27,0,0,0,0
MSLDT,Organic Search,/classes/program-design-assessment-and-evaluation/,1,0,1,-1,0,0,0,0
MSNNL,Organic Search,/advisory-board/fleischman/,1,,1,,0,,0,
CyberOps,Direct,/masters-cyber-security-operations/testimonials/,1,-7,1,-5,0,0,0,0
Default - (not set),Direct,/employer-partnership/copenbarger-copenbarger/,1,,1,,0,,0,
Default - business-entrepreneurship,Referral,/best-engineering-software/,1,,1,,0,,0,
MSNNL,Direct,/faculty/stacy-nilsen/,1,,1,,0,,0,
EML,Direct,/employer-partnership/xsite/,1,,4,,0,,0,
Informatics,Organic Search,/masters-health-informatics/board-of-advisors/,1,0,0,-1,0,0,0,0
LEPSL,Direct,/ambassador/sig-neri/,1,0,2,1,0,0,0,0
MSNP,Organic Social,/public-administration-careers/,1,,1,,0,,0,
Informatics,Paid Search,/faculty/josh-wymer/,1,,1,,0,,0,
MSAAI,Organic Search,/computer-science/,1,0,2,0,0,0,0,0
MSLDT,Direct,/information-systems-vs-information-technology/,1,,9,,0,,0,
CyberOps,Direct,.translate.goog/resources/top-paying-cybersecurity-jobs/,1,,1,,0,,0,
MED,Direct,.translate.goog/mental-health-issues-in-schools/,1,0,1,0,0,0,0,0
EML,Organic Search,/admissions/international-students/,1,,0,,0,,0,
Default - (not set),Direct,/ms-cyber-security-engineering/,1,,1,,0,,0,
Default - (not set),Unknown - Data Not Available / Data Not Available,/online-programs/,1,,1,,0,,0,
MSNNL,Organic Search,/classes/advanced-nurse-clinician-practicum/,1,,1,,0,,0,
MESH,Organic Search,/student-spotlight-mahtaub-golab/,1,0,1,0,0,0,0,0
MED,Direct,/classes/master-education-orientation/,1,,1,,0,,0,
CyberEng,Direct,/masters-cyber-security-engineering/lp/email/,1,,1,,0,,0,
Informatics,Direct,/masters-health-informatics/lp/request-info-2/,1,,0,,0,,0,
LEPSL,Organic Search,/law-enforcement-masters-fbinaa-alliance/,1,,1,,0,,0,
MED,Organic Search,/classes/teaching-digital-readers/,1,,3,,0,,0,
Default - (not set),Organic Search,/student-support/lela-reagan/,1,,1,,0,,0,
LEPSL,Paid Search,/online-programs/,1,-3,1,-11,0,0,0,0
Default - (not set),Organic Search,/getting-masters-degree-online/,1,-5,1,-2,0,0,0,0
CyberOps,AI Traffic,/why-cyber-security-is-a-great-career-option-for-military-veterans/,1,,1,,0,,0,
CyberOps,Unknown - Data Not Available / Data Not Available,/masters-cyber-security-operations/apply/,1,,1,,0,,0,
Data Science,Direct,/resources/planning-your-future-a-career-in-data-science/,1,-7,1,-24,0,0,0,0
Default - (not set),Direct,/search/business+administration/,1,,1,,0,,0,
MSAAI,Direct,/faculty/haydar-majeed/,1,,3,,0,,0,
MESH,Organic Search,/masters-engineering-sustainability-health/resources/,1,-6,1,-3,0,0,0,0
CyberOps,Organic Search,/resources/cyber-newsletter-signup/,1,,1,,0,,0,
MSLDT,Direct,/offers/oed-leads/,1,0,18,8,0,0,0,0
MSAAI,Organic Search,/masters-applied-artificial-intelligence/advisory-board/,1,,0,,0,,0,
LEPSL,Direct,/academic-credit-for-law-enforcement-training/,1,,1,,0,,0,
Default - (not set),Direct,/author/carlton-c-oneal/,1,,1,,0,,0,
MSLDT,Organic Search,.translate.goog/top-instructional-design-software/,1,-5,1,-4,0,0,0,0
Default - (not set),Organic Search,/faculty/michele-mcconnell/,1,0,1,0,0,0,0,0
LEPSL,Organic Search,/ambassador/raymond-garcia/,1,0,1,0,0,0,0,0
MSHA,Organic Search,/resources/msha-how-a-masters-degree-can-benefit-your-humanitarian-career-thank-you/,1,0,1,1,1,1,1,1
MSHA,Organic Search,/faculty/stephen-commins/,1,0,1,0,0,0,0,0
Informatics,Organic Search,.translate.goog/nurse-leader-vs-nurse-manager/,1,,1,,0,,0,
MESH,Organic Search,/faculty/minoo-gupta/,1,,1,,0,,0,
Default - (not set),Organic Search,/information-security-analyst/,1,,7,,0,,0,
MTS,Organic Search,.translate.goog/how-to-become-a-spiritual-director/,1,,1,,0,,0,
CyberOps,Referral,/cybersecurity-analyst-career-guide/,1,-3,2,-7,0,0,0,0
MSITL,Referral,/classes/probability-and-statistics-for-artificial-intelligence-maai-500/,1,,11,,0,,0,
MSHA,Unknown - ihsa / social,/masters-humanitarian-action/faculty/,1,,1,,0,,0,
Default - (not set),Unknown - linkedin / social,/masters-cyber-security-engineering/,1,,3,,0,,0,
MSITL,Unknown - Data Not Available / Data Not Available,/masters-cyber-security-operations/lp/bva-cyber-security-operations-leadership/,1,,17,,0,,0,
MSNNL,Organic Search,/employer-partnership/apsi/,1,,22,,0,,0,
MSLDT,Direct,/search/Tuition+for+online+masters+in+ED/page/2/,1,,1,,0,,0,
MED,Direct,/search/Master+in+Education+/,1,,1,,0,,0,
MSLDT,Direct,/it-job-titles/,1,,3,,0,,0,
CyberOps,Direct,/finding-a-career-in-cyber-security-tips-and-resources/,1,0,1,0,0,0,0,0
MED,Referral,/about/state-authorization-status/,1,0,6,1,0,0,0,0
EML,Referral,/tuition-financial-aid/financial-aid/,1,,3,,0,,0,
MED,Organic Search,/classes/catholic-school-leadership-optional/,1,-9,1,-12,0,0,0,0
MSITL,Direct,/msit-vs-mba-degree/,1,-2,1,-2,0,0,0,0
MED,Direct,/masters-law-enforcement-leadership/endorsements-testimonials/,1,,2,,0,,0,
MSLDT,Email,/masters-learning-design-technology/apply/,1,-4,1,-4,0,0,0,0
MSNNL,Direct,/tuition-financial-aid/,1,,4,,0,,0,
CyberOps,Direct,/classes/csolappliedcryptography/,1,0,1,0,0,0,0,0
MSLDT,Organic Search,/classes/organizational-theory-change/,1,,26,,0,,0,
LEPSL,Organic Search,/blog/humanitarian-nonprofit/,1,,14,,0,,0,
MSAAI,AI Traffic,/masters-applied-artificial-intelligence/careers/,1,,1,,0,,0,
MSLDT,Organic Search,.translate.goog/elearning-developer/,1,-1,1,-2,0,0,0,0
MSNP,Referral,/public-administration-careers/,1,,1,,0,,0,
MSAAI,Referral,/masters-applied-data-science/,1,0,6,-3,0,0,0,0
MSNNL,Paid Search,/masters-learning-design-technology/lp/study-learning-design-technology/,1,,2,,0,,0,
Data Science,Email,/masters-applied-data-science/lp/let-us-pay-for-your-msads-program-application-fee/,1,,1,,0,,0,
LEPSL,Email,/police-officer-wellness-programs/,1,-144,14,-139,0,0,0,0
Default - (not set),Unknown - fashion-valley-mall / ooh,/technology/,1,,1,,0,,0,
Informatics,Organic Search,/faculty/thidarat-tinnakornsrisuphap/,1,0,1,0,0,0,0,0
Informatics,Unknown - (not set) / organic,/what-skills-do-you-need-to-work-in-health-care-informatics/,1,,1,,0,,0,
Default - (not set),Referral,/admissions/military-veterans/,1,0,1,0,0,0,0,0
MSNNL,Direct,/resources/free-ms-ads-program-brochure-thank-you/,1,,12,,0,,0,
MSHA,Unknown - ihsa / social,/admissions/how-to-apply/,1,,2,,0,,0,
MSNP,Paid Search,/nonprofit-certificate-programs/,1,,3,,0,,0,
Default - (not set),Unknown - fashion-valley-mall / ooh,/humanitarian-nonprofit/,1,,1,,0,,0,
MSAAI,Email,/resources/an-inside-look-at-the-artificial-intelligence-masters-degree-webinar/thank-you/,1,,1,,0,,0,
MED,Email,/resources/career-in-ai-webinar-thank-you/,1,,1,,0,,0,
MSITL,Email,/masters-information-technology-leadership/apply/,1,,3,,0,,0,
CyberOps,Email,/cyber-security-statistics/,1,,2,,0,,0,
"Default - engineering,healthcare,sustainability",Direct,/resources/meeting-the-planets-most-urgent-challenges/,1,-2,1,-2,0,0,0,0
MESH,Direct,/masters-law-enforcement-leadership/transfer-credit/,1,,7,,0,,0,
MSHA,Direct,/masters-applied-data-science/lp/let-us-pay-for-your-msads-program-application-fee/,1,,7,,0,,0,
MSAAI,Direct,/masters-applied-data-science/faculty/,1,-2,2,-14,0,0,0,0
Default - (not set),Direct,/masters-cyber-security-operations/apply/,1,,3,,0,,0,
MED,Organic Search,/masters-learning-design-technology/app-waiver/,1,,1,,1,,1,
LEPSL,Organic Search,/ambassador/daniel-hays/,1,-3,1,-3,0,0,0,0
MSHA,Organic Search,/faculty/necla-tschirgi/,1,,6,,0,,0,
MED,Organic Search,/faculty/adan-escobedo-sanchez/,1,-1,1,-1,0,0,0,0
Default - (not set),Direct,/data-science-bootcamp-vs-masters-degree/#:~:text=As%20noted%20by%20Forbes%2C%20these,1,,1,,0,,0,
MED,Direct,/student-spotlight-teacher-applies-m-ed-inspiration-to-her-work-in-the-classroom/,1,0,1,0,0,0,0,0
MTS,Organic Search,.translate.goog/how-to-become-a-catholic-school-teacher/,1,-1,1,-1,0,0,0,0
Default - (not set),Organic Search,/humanitarian-nonprofit/,1,-1,1,-2,0,0,0,0
MSNP,Paid Social,/,1,,4,,0,,0,
MTS,Direct,/franciscan-theology-reading-list/,1,,1,,0,,0,
MED,AI Traffic,/substitute-teacher-tips/,1,,1,,0,,0,
LEPSL,Direct,/ambassador/cristina-saeteurn/,1,-2,2,-2,0,0,0,0
MSNNL,Direct,/masters-health-informatics/apply/,1,,10,,0,,0,
MSAAI,Unknown - fashion-valley-mall / ooh,/masters-applied-artificial-intelligence/,1,,1,,0,,0,
CyberOps,Direct,/is-a-cyber-security-engineering-degree-right-for-you/,1,-9,1,-10,0,0,0,0
Data Science,Direct,/usd-partners-with-ready-tensor-for-data-science-hackathon/,1,0,1,0,0,0,0,0
CyberOps,Direct,.translate.goog/10-reasons-to-get-your-masters-degree-in-cyber-security/,1,0,1,0,0,0,0,0
Informatics,Unknown - Data Not Available / Data Not Available,/masters-health-informatics/lp/thank-you/,1,,1,,0,,0,
MESH,Direct,/faculty/necla-tschirgi/,1,-1,1,0,0,0,0,0
Data Science,Organic Search,/advisory-board/albert-wang/,1,-1,1,-1,0,0,0,0
MSLDT,Organic Search,/technology-in-the-classroom/,1,0,2,-1,0,0,0,0
MSNNL,Organic Search,/faculty/briony-dubose/,1,,1,,0,,0,
MED,Organic Search,/faculty/maya-kalyanpur/,1,0,1,0,0,0,0,0
MSNP,Organic Search,/resources/nonprofit-career-landscape-webinar/,1,,1,,0,,0,
Informatics,Paid Search,/do-you-need-health-informatics-certification/,1,0,1,0,0,0,0,0
MSNP,Email,/masters-nonprofit-leadership-management/classes/,1,-2,1,-3,0,0,0,0
MED,Direct,/how-to-get-a-teaching-certificate/,1,-13,1,-14,0,0,0,0
EML,Direct,/resources/engineering-leadership-skills-webinar/,1,,15,,2,,2,
Default - (not set),Direct,/search/trueed/,1,,1,,0,,0,
Default - (not set),Direct,logy/,1,,1,,0,,0,
Default - (not set),Organic Search,/shift-in- law-enforcement-leadership/,1,,1,,0,,0,
Informatics,Organic Search,/faculty/barbara-berkovich/,1,-2,2,0,0,0,0,0
CyberOps,Organic Search,/faculty/william-hess/,1,,1,,0,,0,
MTS,Organic Search,/masters-theological-studies/student-services-support-team/,1,,1,,0,,0,
MESH,Organic Search,/faculty/kristen-goodrich/,1,-7,1,-8,0,0,0,0
EML,Organic Search,/master-of-engineering-management-careers/,1,-59,1,-67,0,0,0,0
MSLDT,Organic Search,/what-is-data-analytics/,1,,10,,0,,0,
MSNP,Organic Search,/melissa-villagomez-empowering-others-through-nonprofit-leadership/,1,-2,1,-3,0,0,0,0
Default - business-entrepreneurship,Referral,/top-engineering-leaders/,1,,1,,0,,0,
CyberOps,Direct,/how-to-pick-best-online-cyber-security-program/,1,-3,1,-4,0,0,0,0
MED,AI Traffic,/teaching-to-every-students-unique-learning-style/,1,-25,1,-37,0,0,0,0
CyberOps,Direct,/women-cyber-security-reasons-to-enter-field/,1,-8,1,-12,0,0,0,0
Default - (not set),Email,/tuition-financial-aid/financial-aid/,1,-3,1,-4,0,-1,0,-0.25
MSAAI,Direct,.translate.goog/artificial-intelligence-salary-guide/,1,0,1,0,0,0,0,0
Default - (not set),Direct,/is-homework-necessary/,1,,1,,0,,0,
MSAAI,Direct,/engineering/,1,,4,,0,,0,
MED,Direct,/search/STEM/,1,,1,,0,,0,
MED,AI Traffic,/what-is-educational-technology-definition-examples-impact/,1,-27,1,-35,0,0,0,0
LEPSL,Organic Search,/faculty/brian-goldberg/,1,-1,1,-1,0,0,0,0
MTS,Direct,/masters-cyber-security-engineering/student-services/,1,,1,,0,,0,
MSLDT,Organic Search,/masters-learning-design-technology/transfer-credit/,1,-4,1,-8,0,0,0,0
MSITL,Direct,/masters-cyber-security-engineering/classes/,1,0,3,3,0,0,0,0
Default - (not set),Direct,/gmat-exam-questions-answered/,1,0,1,0,0,0,0,0
MSNNL,Referral,/nursing-leadership-roles/,1,,1,,0,,0,
MED,AI Traffic,/masters-education/specializations/technology-and-innovation/,1,,1,,0,,0,
Default - (not set),Organic Search,/data-communication/,1,,9,,0,,0,
Default - (not set),Organic Social,/transformational-leadership/,1,,1,,0,,0,
Default - (not set),Organic Search,/startup-mentor/,1,-2,1,-2,0,0,0,0
LEPSL,Organic Search,/masters-law-enforcement-leadership/ambassadors/,1,-16,1,-19,0,0,0,0
MSITL,Organic Social,/information-technology-trends/,1,-1,1,-2,0,0,0,0
MSAAI,Paid Search,/resources/msaai-on-campus-artificial-intelligence-self-assessment/,1,,1,,0,,0,
MTS,Direct,/masters-engineering-management-leadership/,1,0,1,0,0,0,0,0
Default - (not set),Display,/classes/network-visualization-and-vulnerable-detection/,1,,4,,0,,0,
CyberOps,Organic Search,.translate.goog/top-cyber-security-threats/,1,-12,1,-13,0,0,0,0
Default - (not set),Direct,/classes/advanced-health-care-analysis/,1,,1,,0,,0,
Informatics,Email,/what-skills-do-you-need-to-work-in-health-care-informatics/,1,0,11,10,0,0,0,0
Data Science,Organic Search,/masters-applied-data-science/advisory-board/,1,,1,,0,,0,
Default - (not set),Unknown - fashion-valley-mall / ooh,/business-entrepreneurship/,1,,1,,0,,0,
MESH,Direct,/resources/mesh-info-session-webinar-registration/,1,,1,,0,,0,
MESH,Direct,/masters-health-informatics/classes/,1,,4,,0,,0,
MSLDT,Referral,/articulate-vs-captivate/,1,,1,,0,,0,
MSITL,Referral,/it-job-titles/,1,,1,,0,,0,
Default - (not set),Paid Search,/masters-applied-data-science/faculty/,1,,5,,0,,0,
MSLDT,Direct,/brain-based-learning/,1,0,1,-7,0,0,0,0
MSAAI,Direct,/faculty/dallin-munger/,1,0,1,0,0,0,0,0
MSLDT,Direct,/programs/,1,-2,17,10,1,1,1,1
CyberOps,Organic Search,/masters-cyber-security-operations/masters-cyber-operations-leadership-program-outcomes/,1,-5,0,-7,0,0,0,0
MTS,Direct,/faculty/juliet-mousseau/,1,0,1,0,0,0,0,0
MSITL,Direct,/business-intelligence-certifications/,1,,9,,0,,0,
Default - (not set),Direct,/offers,1,,1,,0,,0,
MSHA,Direct,/advisory-board/husquinet/,1,0,1,0,0,0,0,0
CyberEng,Direct,/masters-cyber-security-engineering/testimonials/,1,,1,,0,,0,
MED,Organic Search,/resources/guide-to-teaching-styles-thank-you/,1,-1,1,-8,1,1,1,1
CyberOps,Organic Search,/cyber-security-coding/,1,-6,2,-17,0,0,0,0
MED,Organic Search,/search/should+we+get+rid+of+homework/,1,,1,,0,,0,
MESH,Organic Search,/search/how+many+years+of+school+to+become+an+environmental+engineer/,1,,1,,0,,0,
Default - (not set),Display,/tuition-financial-aid/,1,,1,,0,,0,
LEPSL,Direct,/masters-law-enforcement-leadership/lp/fop/,1,-2,4,0,1,1,1,1
Data Science,Organic Search,.translate.goog/supervised-machine-learning-with-gradient-boosting/,1,0,1,0,0,0,0,0
CyberEng,Organic Search,/classes/digital-forensics-incident-response/,1,-2,1,-2,0,0,0,0
MED,Direct,/search/claim+on+how+is+school+bringing+students+stress/,1,,1,,0,,0,
Default - (not set),Organic Search,/student-support/imari-washington/,1,-1,1,-1,0,0,0,0
Default - computer-science,Organic Search,/what-is-dbaas/,1,-1,1,-2,0,0,0,0
MSAAI,Direct,/masters-cyber-security-engineering/classes/,1,0,5,1,0,0,0,0
Default - (not set),Referral,/black-vs-gray-white-hat-hackers/,1,,1,,0,,0,
LEPSL,Direct,/resources/lepsl-program-webinar-thank-you/,1,,1,,0,,0,
Default - (not set),Referral,/resources/complete-guide-to-teacher-centered-vs-student-centered-learning-thank-you/,1,,1,,0,,0,
MSAAI,Organic Search,/search/AAI+flyer/,1,,2,,0,,0,
MED,Organic Search,/resources/10-traits-of-successful-school-leaders-thank-you/,1,,0,,0,,0,
MSHA,Organic Search,/resources/cyber-security-scholarship-checklist/,1,,40,,3,,3,
MSAAI,Unknown - zalo / zalo,/ai-impact-on-job-market/,1,,1,,0,,0,
MSITL,Paid Search,/resources/free-msitl-program-brochure-thank-you/,1,-1,1,-4,1,0,1,0.5
MSLDT,Organic Search,/teacher-centered-vs-student-centered-learning/,1,-8,2,-59,0,-2,0,-0.2222222222222222
LEPSL,Direct,/programs/,1,,3,,0,,0,
MED,AI Traffic,/masters-in-special-education-careers/,1,0,1,0,0,0,0,0
MSLDT,Direct,/instructional-design-certificate-vs-masters-degree/,1,-2,1,-2,0,0,0,0
MTS,Direct,.translate.goog/how-to-get-more-involved-in-church/,1,-1,2,0,0,0,0,0
MED,Direct,/teaching-to-every- students-unique-learning-style/,1,,4,,0,,0,
MTS,Direct,.translate.goog/resources/7-applications-of-theology-degree-ebook/,1,,1,,0,,0,
Default - (not set),Paid Search,/master-of-science-cyber-security,1,0,1,0,0,0,0,0
Informatics,Direct,/advisory-board/rosales/,1,-1,1,-1,0,0,0,0
MSLDT,Direct,/masters-learning-design-technology/lp/thank-you/,1,0,1,1,1,1,1,1
MSITL,Direct,/resources/information-technology-leadership-degree-webinar/,1,,1,,0,,0,
MED,Direct,/masters-cyber-security-operations/,1,-5,2,-42,0,-1,0,-0.16666666666666666
CyberOps,Direct,/using-biomimicry-to-combat-cyber-security-attacks-using-biomimicry-to-combat-cyber-security-attacks/,1,0,1,0,0,0,0,0
Default - (not set),Direct,/student-support/nina-geissler/,1,,1,,0,,0,
LEPSL,Direct,/ambassador/luis-martinez-jr/,1,0,1,0,0,0,0,0
MSAAI,Direct,/classes/probability-and-statistics-for-artificial-intelligence-maai-500/,1,-1,1,-1,0,0,0,0
MSAAI,Organic Search,/most-searched-for-ai-jobs/,1,-5,1,-7,0,0,0,0
MESH,Organic Search,/online-masters-degree-integrates-sustainability-health-and-engineering/,1,,1,,0,,0,
MSLDT,Direct,/instructional-design-masters-degree-worth-it/,1,-4,1,-7,0,0,0,0
Default - (not set),Organic Search,/classes/secure-network-engineering-2/,1,,3,,0,,0,
LEPSL,Organic Search,/law-enforcement-faculty-jeffrey-jordon/,1,-24,1,-25,0,0,0,0
MED,Organic Search,/top-22-med/,1,0,1,0,0,0,0,0
MED,Direct,/search/homwork+should+be+required/,1,,4,,0,,0,
MTS,Referral,/how-to-pay-for-theology-degree/,1,,1,,0,,0,
EML,Paid Search,/engineering-management-masters-worth-it/,1,,1,,0,,0,
MED,Organic Search,/resources/inside-look-med-webinar/,1,,1,,0,,0,
CyberOps,Organic Search,/classes/ms-cyber-security-operations-and-leadership-capstone/,1,0,1,-1,0,0,0,0
MED,AI Traffic,/online-leadership-courses/,1,,3,,0,,0,
Informatics,Referral,/online-programs/,1,,2,,0,,0,
MSAAI,AI Traffic,/machine-learning-bootcamps/,1,0,1,0,0,0,0,0
MSAAI,Paid Search,/resources/msads-request-program-brochure/,1,,15,,0,,0,
MESH,Direct,.translate.goog/high-paying-environmental-jobs/,1,,1,,0,,0,
"Default - engineering,sustainability",Paid Search,/blog/sustainability/,1,,2,,0,,0,
"Default - computer-science,engineering,technology",Direct,/top-cyber-security-threats/,1,,8,,0,,0,
MTS,Organic Search,/classes/ecclesiology-being-the-21st-century-church/,1,,1,,0,,0,
MSNNL,Direct,.translate.goog/masters-nursing-leadership/,1,,2,,0,,0,
MESH,Paid Search,/masters-health-informatics/lp/study-healthcare-analytics/,1,,4,,0,,0,
LEPSL,Direct,/faculty/tory-kornblum/,1,0,1,0,0,0,0,0
MSHA,Direct,/admissions/how-to-apply/,1,-1,3,-4,0,0,0,0
MED,Organic Search,/faculty-spotlight-dr-swett/,1,-2,1,-2,0,0,0,0
Default - (not set),Organic Search,/search/No+homework+causes+less+stress/page/1/,1,,1,,0,,0,
CyberEng,Referral,/cyber-security-vs-software-engineering/,1,,1,,0,,0,
MED,AI Traffic,/masters-education/apply/,1,-2,1,-3,0,0,0,0
MED,Unknown - Data Not Available / Data Not Available,/,1,,5,,0,,0,
MSAAI,Direct,/best-jobs-in-cyber-security/,1,,4,,0,,0,
MESH,Direct,/masters-law-enforcement-leadership/transfer-credit/sherman-block-sli/,1,,4,,0,,0,
LEPSL,Organic Search,/faculty/jonni-redick/,1,-2,1,-3,0,0,0,0
MSLDT,Direct,/masters-law-enforcement-leadership/,1,-1,0,-9,0,0,0,0
MED,Direct,/faculty-spotlight-dr-swett/,1,,1,,0,,0,
MTS,Direct,/masters-cyber-security-operations/apply/,1,,2,,0,,0,
MTS,Organic Search,/faculty/linh-hoang/,1,-1,1,-2,0,0,0,0
Data Science,Organic Search,/top-cyber-security-blogs-websites/,1,-3,2,-14,0,0,0,0
MSNP,Organic Search,/healthcare/,1,,0,,0,,0,
LEPSL,Organic Search,/masters-law-enforcement-leadership/transfer-credit/san-diego-regional-leadership-institute/,1,-1,1,-17,0,0,0,0
MED,Organic Search,/faculty/tess-nunn-eves/,1,-3,1,-4,0,0,0,0
LEPSL,Organic Search,/faculty/manuel-rodriguez/,1,-5,1,-6,0,0,0,0
MSAAI,Paid Search,/masters-cyber-security-operations/lp/bva-cyber-security-operations-leadership/,1,-4,2,-19,0,0,0,0
MED,Paid Search,/resources/free-med-program-brochure-thank-you/,1,,0,,0,,0,
MESH,Paid Search,/environmental-consultant-career/,1,,0,,0,,0,
MSNP,Organic Search,/faculty/marcus-lam/,1,-2,1,-3,0,0,0,0
MSAAI,Paid Search,/resources/8-questions-artificial-intelligence-masters-ebook/,1,0,1,-6,1,0,1,0
MTS,Referral,/faculty/william-short/,1,,1,,0,,0,
MTS,Referral,/faculty/patty-jimenez/,1,,1,,0,,0,
Default - (not set),Direct,/resources/questions-to-ask-before-selecting-an-it-leadership-degree/,1,-1,2,0,0,0,0,0
MTS,Referral,/faculty/johannes-freyer/,1,,1,,0,,0,
Default - (not set),Organic Search,/about/student-complaints/,1,,1,,0,,0,
MTS,Referral,/nature-spirituality/,1,-4,1,-4,0,0,0,0
MSLDT,Direct,.translate.goog/learning-objectives-examples/,1,,1,,0,,0,
CyberOps,Organic Search,/cyber-road-trip/,1,-3,1,0,0,0,0,0
Default - (not set),Direct,/understanding-catholic-vocational-discernment,1,,0,,0,,0,
LEPSL,Organic Search,/ambassador/sig-neri/,1,-1,1,-2,0,0,0,0
MSNP,AI Traffic,/masters-nonprofit-leadership-management/lp/ppc/,1,,1,,0,,0,
Data Science,Direct,.translate.goog/career-data-mining/,1,-1,1,0,0,0,0,0
MTS,Direct,/blog/theology/,1,-2,1,-2,0,0,0,0
MSNP,Paid Search,/masters-nonprofit-leadership-management/lp/thank-you/,1,-2,1,0,1,1,1,1
MTS,Direct,/search/yk+that+layna+likes+u+rigtht/,1,,1,,0,,0,
MESH,Affiliate,/masters-engineering-sustainability-health/lp/dyna/,1,-11,1,-22,0,0,0,0
Data Science,Direct,/data-science-tools-of-the-trade-r-vs-python-2/,1,-1,1,-1,0,0,0,0
MED,Organic Search,/how-educators-incorporate-steam-in-the-classroom/,1,-2,1,-2,0,0,0,0
MTS,AI Traffic,/serving-god/,1,0,1,0,0,0,0,0
Data Science,Organic Search,.translate.goog/data-warehouse-engineer/,1,-2,1,-2,0,0,0,0
MED,Direct,/resources/webinar-teaching-race/,1,,1,,0,,0,
MSHA,Direct,/classes/humanitarian-diplomacy/,1,,1,,0,,0,
EML,Organic Search,/about/learning-outcomes/,1,,4,,0,,0,
LEPSL,Paid Social,/masters-law-enforcement-leadership/,1,,1,,0,,0,
Default - (not set),AI Traffic,/student-support/disability-and-learning-difference-resource-center-dldrc/,1,,2,,0,,0,
MESH,Direct,/resources/mesh-information-session-webinar/,1,0,1,0,0,0,0,0
MTS,Direct,/classes/history-unity-diversity-change-over-time/,1,,1,,0,,0,
Default - (not set),Direct,/faculty/shailja-somani/,1,0,3,2,0,0,0,0
Default - (not set),Direct,/michael-manriquez-msn/,1,,1,,0,,0,
MSAAI,Direct,/about/state-authorization-status/,1,0,3,0,0,0,0,0
Informatics,Direct,/classes/strategic-planning-management-health-systems/,1,,1,,0,,0,
MSITL,Organic Search,.translate.goog/it-leadership/,1,-5,1,-5,0,0,0,0
Informatics,Organic Search,/advisory-board/kohrumel/,1,-1,1,-1,0,0,0,0
MSAAI,Organic Search,/search/Texts+about+why+homework+should+be+banned/page/2/,1,,1,,0,,0,
MED,Organic Search,/faculty-spotlight-chris-garcia/,1,-1,1,-9,0,0,0,0
Default - (not set),Organic Search,/masters-applied-data-science/classes/,1,,5,,0,,0,
Default - (not set),Organic Social,/is-homework-necessary/,1,,2,,0,,0,
CyberOps,Referral,/entry-level-cyber-security-jobs-guide/,1,-1,1,-2,0,0,0,0
CyberEng,Direct,/faculty/nahid-farhady/,1,,1,,0,,0,
MSNP,Paid Search,/business-masters-degrees-types/,1,,1,,0,,0,
MESH,Organic Search,/admissions/,1,-1,1,-12,0,0,0,0
Informatics,Referral,/what-skills-do-you-need-to-work-in-health-care-informatics/,1,,2,,0,,0,
MED,Organic Search,/resources/career-in-ai-webinar-thank-you/,1,0,1,0,0,0,0,0
MTS,Referral,/about/state-authorization-status/,1,,2,,0,,0,
LEPSL,Paid Search,/masters-law-enforcement-leadership/apply/,1,-1,1,-1,0,0,0,0
Informatics,Organic Search,.translate.goog/what-is-clinical-informatics/,1,,1,,0,,0,
MSAAI,Organic Search,/search/Texts+about+why+homework+should+be+banned/page/4/,1,,1,,0,,0,
CyberEng,Organic Social,/masters-cyber-security-engineering/apply/,1,,1,,0,,0,
Informatics,Paid Search,/masters-applied-data-science/lp/study-data-science/,1,-3,5,-13,0,0,0,0
MTS,AI Traffic,/masters-theological-studies/apply/,1,,1,,0,,0,
CyberEng,Referral,/masters-cyber-security-engineering/lp/email/,1,,1,,0,,0,
LEPSL,Email,/ambassador/julie-rodriguez/,1,,1,,0,,0,
MSAAI,Display,/masters-applied-artificial-intelligence/classes/,1,,7,,2,,2,
MSLDT,Unknown - youtube / social,/top-instructional-design-software/,1,,1,,0,,0,
Default - (not set),Organic Search,/resources/the-complete-list-of-teaching-methods-thank-you/,1,,0,,0,,0,
MTS,Referral,/resources/master-of-theological-studies-application-guide-thank-you/,1,,1,,1,,1,
Default - (not set),Organic Search,/search/Why%25252Bhomework%25252Bshould%25252Bbe%25252Bbanned/,1,,1,,0,,0,
EML,Organic Search,/masters-engineering-management-leadership/board-of-advisors/,1,0,2,-2,0,0,0,0
MSHA,Organic Search,/jobs-that-make-difference/,1,,2,,0,,0,
MSLDT,Paid Search,/contact-us-thank-you/,1,,3,,1,,1,
LEPSL,Organic Search,.translate.goog/promoting-women-in-law-enforcement-leadership/,1,,1,,0,,0,
MSLDT,Referral,/addie-model-instructional-design/,1,-7,1,-10,0,0,0,0
MSLDT,Organic Social,/ai-instructional-design/,1,-3,1,-3,0,0,0,0
Default - (not set),Direct,/about/student-complaints/,1,,1,,0,,0,
MED,Direct,/7-tips-pursuing-masters-degree-working-full-time-education/,1,-7,1,-6,0,0,0,0
CyberEng,Direct,/faculty/doug-magedman/,1,0,1,0,0,0,0,0
MESH,Direct,/masters-engineering-sustainability-health/resources/,1,-10,2,-12,0,0,0,0
MSHA,Email,/masters-humanitarian-action/student-services/,1,,0,,0,,0,
EML,AI Traffic,/engineering-management-vs-technical-track/,1,,1,,0,,0,
MSNNL,Organic Search,/classes/capstone-course/,1,,107,,0,,0,
LEPSL,Unknown - fashion-valley-mall / ooh,/criminal-justice/,1,,1,,0,,0,
"Default - computer-science,engineering,technology",Organic Search,/top-paying-cybersecurity-jobs/,1,,3,,1,,1,
MTS,Paid Search,/blog/theology/,1,-1,3,-1,0,0,0,0
Default - (not set),Organic Search,/author/joseph-lathan/page/2,1,,1,,0,,0,
MTS,Unknown - Data Not Available / Data Not Available,/masters-theological-studies/apply/,1,,1,,0,,0,
MSHA,Display,/masters-humanitarian-action/lp/thank-you/,1,,0,,0,,0,
CyberOps,Organic Search,.translate.goog/10-reasons-to-get-your-masters-degree-in-cyber-security/,1,0,2,1,0,0,0,0
MSLDT,Direct,.translate.goog/masters-learning-design-technology/,1,,1,,0,,0,
MED,Direct,s-education/,1,,1,,0,,0,
MSHA,Referral,/masters-humanitarian-action/lp/dyna/,1,-37,4,-49,1,-6,1,0.8157894736842105
Data Science,Direct,/masters-applied-data-science/faculty/,1,-13,2,-13,0,0,0,0
Default - (not set),Organic Search,/ who made this atricel /,1,,1,,0,,0,
MED,Organic Search,/faculty/elizabeth-ferguson/,1,0,1,0,0,0,0,0
MSITL,Direct,/admissions/international-students/,1,,6,,0,,0,
Data Science,Organic Search,/data-science-masters-degrees-comparison/,1,-12,1,-10,0,0,0,0
MSNNL,Organic Search,/masters-nursing-leadership/faculty/,1,-5,0,-18,0,0,0,0
MSAAI,Organic Search,/student-support/ashley-dominguez/,1,,3,,0,,0,
LEPSL,Direct,/faculty/greg-morgan/,1,-8,1,-6,0,0,0,0
MED,AI Traffic,/masters-education/careers/,1,,1,,0,,0,
MED,Direct,"/search/fostering+emotional+intelligence,+resilience,+and+adaptability/",1,,4,,0,,0,
MSAAI,Unknown - canva / iframely,/application-of-ai-in-robotics/,1,,1,,0,,0,
MSNNL,Direct,/programs/,1,0,25,21,0,0,0,0
MSAAI,Direct,/forms/,1,,3,,0,,0,
Informatics,AI Traffic,/masters-health-informatics/health-analytics-track/,1,,1,,0,,0,
CyberOps,Organic Search,/faculty/todd-raines/,1,-1,2,0,0,0,0,0
MTS,Email,/masters-cyber-security-engineering/,1,,21,,1,,1,
MSLDT,Email,/masters-learning-design-technology/classes/,1,-6,1,-7,0,0,0,0
MED,Direct,/search/what+kind+of+stress+can+kids+encounter+when+having+to+much+homework/,1,,1,,0,,0,
MTS,Organic Search,/resources/master-of-theological-studies-brochure/,1,,0,,0,,0,
EML,Referral,/masters-engineering-management-leadership/board-of-advisors/,1,,1,,0,,0,
MTS,Direct,/masters-information-technology-leadership/,1,0,2,1,0,0,0,0
Data Science,Paid Social,/resources/free-ms-ads-program-brochure-thank-you/,1,,1,,0,,0,
MTS,Display,/masters-theological-studies/classes/,1,,1,,0,,0,
CyberEng,Referral,/black-vs-gray-vs-white-hat-hackers/,1,-1,1,-1,0,0,0,0
Default - (not set),Direct,/search/freetime/,1,,1,,0,,0,
Default - (not set),Direct,/student-support/graduate-student-life/,1,,1,,0,,0,
MSAAI,Direct,/dr-ebrahim-tarshizi-co-director-of-center-for-digital-civil-society/,1,,1,,0,,0,
MSITL,Direct,/masters-cyber-security-operations/apply/,1,0,4,2,0,0,0,0
Default - (not set),Direct,/educarion-inequility-and-homework,1,,1,,0,,0,
MESH,Referral,/career-changes-for-engineers/,1,,2,,0,,0,
Data Science,Direct,/advisory-board/jules-malin/,1,-1,1,-1,0,0,0,0
Informatics,Direct,/top-100-cybersecurity-companies/,1,,2,,0,,0,
LEPSL,Email,/criminal-justice/,1,,1,,0,,0,
Default - (not set),Email,/tuition-financial-aid/,1,,2,,0,,0,
MSAAI,Direct,/faculty/isabella-oakes/,1,,2,,0,,0,
CyberOps,Direct,/ca-paving-way-cyber-security-policy-ed-and-more/,1,,1,,0,,0,
MSNNL,Email,/masters-nursing-leadership/apply-for-free-usd-msn-in-nursing-leadership-online/,1,,1,,0,,0,
MSAAI,Organic Search,/software-engineer-to-machine-learning-engineer/,1,-5,1,-6,0,0,0,0
LEPSL,Organic Search,/faculty/jay-bishop/,1,-3,3,-1,0,0,0,0
MSNP,Direct,/masters-nonprofit-leadership-management/lp/dyna/,1,,4,,0,,0,
Default - (not set),Direct,/forms/msha-application-evaluation/,1,0,1,0,0,0,0,0
MSNP,Direct,/search/Funding’/,1,,1,,0,,0,
LEPSL,Direct,/masters-law-enforcement-leadership/transfer-credit/fbina/,1,-13,1,-12,0,0,0,0
MSNP,Direct,/resources/msha-how-a-masters-degree-can-benefit-your-humanitarian-career/,1,,17,,0,,0,
Default - (not set),Direct,/bachelors-nursing,1,,1,,0,,0,
MED,Direct,/search/Stealth+teaching/,1,,1,,0,,0,
Default - (not set),Direct,/search/Funding%E2%80%99/page/1/,1,,1,,0,,0,
MTS,Direct,/masters-theological-studies/student-services-support-team/,1,-1,1,-1,0,0,0,0
MED,Organic Search,/education-inequity-and-homework/‌,1,,2,,0,,0,
MED,Organic Search,/masters-law-enforcement-leadership/,1,-2,2,-26,0,0,0,0
Default - (not set),Direct,/coding-salary/,1,,2,,0,,0,
MSNNL,Direct,/tuition-financial-aid/tuition/,1,,5,,0,,0,
Default - (not set),Organic Search,/cyber-security-podcasts/,1,,3,,0,,0,
Default - (not set),Direct,/blog/cyber-security/page/6/,1,,1,,0,,0,
MED,Organic Search,/search/published/,1,,5,,0,,0,
MED,Organic Search,/search/+homework+should+not+be+required+to+be+finished+because+students+get+distracted+and+stressed+with+loud+noises+at+home/,1,,1,,0,,0,
CyberOps,Organic Search,/healthcare-cyber-security/,1,-3,1,-6,0,0,0,0
Default - (not set),Direct,/wp-content/uploads/2024/01/USD-Which-Cybersecurity-Prog[…]56323906&utm_content=356323906&utm_source=hs_automation,1,,1,,0,,0,
MESH,Paid Search,/high-paying-environmental-jobs/,1,,1,,0,,0,
MED,Organic Search,/search/Why+homework+should+be+banned/,1,,1,,0,,0,
Data Science,Organic Search,/data-protection-officer-career-guide/,1,,4,,0,,0,
MSAAI,Referral,/admissions/international-students/,1,0,2,-1,0,0,0,0
EML,Organic Search,/admissions/military-veterans/,1,0,1,-5,0,0,0,0
MSNNL,Organic Search,/masters-education/,1,,7,,0,,0,
LEPSL,Organic Search,/ambassador/geoffrey-decesari/,1,-2,1,-2,0,0,0,0
Default - (not set),Unknown - Data Not Available / Data Not Available,/masters-engineering-management-leadership/lp/ppc/,1,,1,,1,,1,
MSNNL,Organic Search,/faculty/polly-king/,1,,4,,0,,0,
MSITL,Organic Search,/online-programs/,1,0,2,-8,0,0,0,0
Data Science,Organic Search,.translate.goog/sports-analytics-careers/,1,,1,,0,,0,
Data Science,Organic Search,/masters-applied-data-science/msads-combined-degree/,1,,1,,0,,0,
MED,Direct,/online-teaching-strategies/,1,-1,1,-1,0,0,0,0
LEPSL,Paid Search,/masters-law-enforcement-leadership/endorsements-testimonials/,1,,1,,0,,0,
MTS,Direct,.translate.goog/ways-to-deepen-your-faith/,1,,1,,0,,0,
Data Science,Organic Search,.translate.goog/database-administrator-career/,1,,1,,0,,0,
MSLDT,Referral,/learning-objectives-examples/,1,,1,,0,,0,
MSAAI,Email,/masters-applied-artificial-intelligence/classes/,1,-5,1,-12,0,0,0,0
MSITL,Paid Social,/resources/free-itl-program-brochure/,1,,1,,0,,0,
MED,Paid Search,/masters-education/scholarships-and-grants/,1,-1,1,-1,0,0,0,0
CyberEng,Referral,/from-no-technical-experience-to-information-security-analyst-adrian-villegas-story/,1,,1,,0,,0,
Data Science,Organic Social,/masters-applied-data-science/,1,-1,1,-3,0,0,0,0
CyberOps,Referral,/cyber-security-scholarships/,1,0,1,0,0,0,0,0
MSLDT,Referral,/masters-learning-design-technology/apply/,1,,1,,0,,0,
Data Science,Organic Search,.translate.goog/how-to-become-a-computer-scientist-salary-career-guide/,1,,1,,0,,0,
Default - (not set),AI Traffic,/programs/,1,,1,,0,,0,
LEPSL,Paid Search,/faq/,1,,2,,0,,0,
LEPSL,Direct,/top-ranked-law-enforcement-masters-degree/,1,-5,1,-8,0,0,0,0
Default - (not set),Email,/masters-cyber-security-operations/,1,,3,,0,,0,
CyberOps,Organic Search,.translate.goog/how-to-become-a-security-consultant-career-guide/,1,-5,1,-7,0,0,0,0
MED,Unknown - Data Not Available / Data Not Available,/resources/free-med-program-brochure-thank-you/,1,,0,,0,,0,
Default - (not set),Paid Social,/about/,1,,1,,0,,0,
MSLDT,Direct,/search/sli+transfer+credt/,1,,15,,0,,0,
LEPSL,Direct,/classes/communication-law-enforcement-leaders/,1,0,1,0,0,0,0,0
Data Science,Organic Search,.translate.goog/data-science-vs-software-engineering/,1,,1,,0,,0,
EML,Direct,/masters-engineering-management-leadership/board-of-advisors/,1,0,1,0,0,0,0,0
CyberOps,Direct,/faculty/todd-raines/,1,0,1,0,0,0,0,0
MED,Direct,/teaching-digital-literacy-to-21st-century-students/,1,0,1,0,0,0,0,0
Data Science,Organic Search,.translate.goog/data-science-careers/,1,,1,,0,,0,
LEPSL,Organic Search,/ambassador/jay-alvarado/,1,,1,,0,,0,
MSAAI,Direct,/masters-applied-data-science/lp/study-data-science/,1,-1,2,-25,0,0,0,0
MED,Direct,/search/how+many+people+get+stresst+by+homework/,1,,1,,0,,0,
MTS,Direct,/masters-theological-studies/lp/mts-ppc/,1,,1,,0,,0,
MSNNL,Direct,/it-job-titles/,1,,6,,1,,1,
Default - (not set),Paid Social,/tuition-financial-aid/tuition/,1,,1,,0,,0,
MED,Organic Search,/faculty/melanie-brown/,1,,1,,0,,0,
MSAAI,Organic Search,/usd-launches-online-masters-degree-in-applied-artificial-intelligence/,1,,3,,0,,0,
MTS,Organic Search,/faculty/jeffrey-burns/,1,,1,,0,,0,
MSLDT,AI Traffic,/instructional-design-interview-questions/,1,,1,,0,,0,
CyberEng,Referral,/network-forensics-tools/,1,-3,1,-1,0,0,0,0
Default - (not set),Email,/employer-partnership/,1,,0,,0,,0,
MTS,Direct,/masters-applied-data-science/classes/,1,-1,4,-92,0,0,0,0
Informatics,Organic Social,/faculty/juhi-israni/,1,,1,,0,,0,
MSITL,Direct,/masters-engineering-management-leadership/board-of-advisors/,1,,5,,0,,0,
MESH,Direct,/classes/getting-to-zero-waste/,1,0,1,0,0,0,0,0
MSNP,Direct,/forms/msnp-application-evaluation/,1,,1,,1,,1,
CyberOps,Direct,/information-security-analyst/,1,-4,1,-4,0,0,0,0
CyberOps,Direct,/resources/top-paying-cybersecurity-jobs-thank-you/,1,,1,,1,,1,
MSAAI,Direct,/top-cyber-security-blogs-websites/,1,,3,,0,,0,
MESH,Direct,/mesh-scholarship-awarded/,1,-2,1,-4,0,0,0,0
MED,Direct,/faculty/elizabeth-ferguson/,1,0,1,0,0,0,0,0
MSLDT,Direct,/masters-humanitarian-action/apply/,1,,5,,0,,0,
Default - (not set),Direct,/best-paying-non-clinical-healthcare-careers/,1,,2,,0,,0,
CyberEng,Direct,/classes/security-test-engineering/,1,,1,,0,,0,
Default - (not set),Direct,/forms/mesh-applicant/,1,-1,2,0,0,0,0,0
MSAAI,Direct,/classes/computational-roots-cyber-security/,1,,2,,0,,0,
MED,AI Traffic,/admissions/,1,,4,,0,,0,
MSHA,Direct,/masters-engineering-sustainability-health/classes/,1,,2,,0,,0,
MTS,Direct,/masters-engineering-management-leadership/apply/,1,0,2,-144,0,0,0,0
MSNP,Direct,/faculty/kenneth-hurst/,1,,1,,0,,0,
MSAAI,Direct,/online-programs/,1,-3,6,-26,1,1,1,1
Informatics,Direct,/masters-health-informatics/lp/study-health-informatics-old-page/,1,,1,,0,,0,
MSNNL,Direct,/masters-in-special-education-careers/,1,,8,,0,,0,
MSNNL,Organic Search,/online-programs/,1,0,3,-2,0,0,0,0
MED,AI Traffic,/search/differentiated+/,1,,0,,0,,0,
MSAAI,Organic Search,.translate.goog/ethics-in-artificial-intelligence/,1,,1,,0,,0,
LEPSL,Organic Search,/search/Less+homework+for+those+who+are+part+of+the+school%27s+productions./,1,,1,,0,,0,
MSAAI,Direct,/faq/,1,,3,,0,,0,
CyberOps,AI Traffic,/information-assurance-vs-cybersecurity/,1,-1,1,0,0,0,0,0
CyberOps,Organic Search,/classes/cyber-security-operations/,1,,2,,0,,0,
MTS,Direct,obs-in-cyber-security/,1,,15,,0,,0,
Default - (not set),Referral,/blog/,1,,1,,0,,0,
Default - (not set),Organic Search,/forms/msaai-gar/,1,,0,,0,,0,
Default - (not set),AI Traffic,/tuition-financial-aid/additional-funding-options/,1,,1,,0,,0,
CyberOps,Direct,er-security/,1,,3,,0,,0,
MSHA,Direct,/classes/foundations-peace-justice-and-social-change/,1,,1,,0,,0,
MED,Referral,/admissions/how-to-apply/,1,,5,,0,,0,
"Default - business-entrepreneurship,computer-science,engineering,technology",Direct,/resources/msads-request-program-brochure/,1,,1,,1,,1,
MSITL,Direct,/search/operating+systems/,1,,1,,0,,0,
Default - (not set),Organic Search,/data-science-vs-software-engineering/,1,,4,,0,,0,
Informatics,Organic Search,/advisory-board/berkovich/,1,,1,,0,,0,
CyberOps,Direct,/is-cyber-security-hard/,1,,4,,0,,0,
MSHA,Direct,/masters-engineering-sustainability-health/let-us-pay-for-your-msesh-program-application-fee/,1,,8,,0,,0,
MSLDT,Referral,/top-instructional-design-software/,1,-1,1,-4,0,0,0,0
MSLDT,Referral,/elearning-developer/,1,,1,,0,,0,
Default - (not set),Direct,/forms/msaai-gar/,1,,1,,0,,0,
Default - (not set),Organic Search,/faculty/jerry-locke/,1,-1,1,-1,0,0,0,0
Data Science,Organic Search,/classes/capstone-project/,1,,1,,0,,0,
MSLDT,AI Traffic,/instructional-designer-job/,1,,1,,0,,0,
MSITL,AI Traffic,/masters-in-information-technology-salary/,1,0,1,0,0,0,0,0
LEPSL,Direct,/faculty/nuno-tavares/,1,0,1,0,0,0,0,0
CyberOps,Direct,/masters-cyber-security-operations/lp/smartbrief-display/,1,0,0,-1,0,0,0,0
"Default - engineering,sustainability",Referral,/usd-mesh-aashe-rating/,1,,1,,0,,0,
MSHA,AI Traffic,/types-of-advocacy/,1,,1,,0,,0,
MED,Paid Social,/,1,,2,,0,,0,
MSAAI,Paid Search,/artificial-intelligence-education/,1,0,1,0,0,0,0,0
MED,Organic Search,.translate.goog/3-ways-to-create-inclusive-learning/,1,,1,,0,,0,
MSAAI,Direct,/about/,1,,2,,0,,0,
LEPSL,Organic Search,/ambassador/holly-martinez/,1,,1,,0,,0,
CyberOps,AI Traffic,/best-industries-cyber-security-job-seekers/,1,-2,1,-4,0,0,0,0
Default - (not set),Organic Search,/malware-analyst-career-guide/,1,,3,,0,,0,
MSAAI,Email,/university-of-san-diego-launches-full-time-on-campus-masters-degree-programs-in-applied-artificial-intelligence-and-cyber-security-engineering/,1,,2,,0,,0,
Informatics,Direct,/search/should+hw+be+optional/,1,,1,,0,,0,
LEPSL,Unknown - ig / social,/masters-law-enforcement-leadership/,1,,1,,0,,0,
MTS,Direct,.translate.goog/how-to-become-a-spiritual-director/,1,,1,,0,,0,
MTS,Direct,/gfembed/,1,,5,,0,,0,
MED,Paid Search,/programs/,1,-66,9,-132,0,-1,0,-0.014925373134328358
MESH,Paid Search,/resources/msesh-information-session-webinar-thank-you/,1,,2,,0,,0,
MSLDT,Organic Search,.translate.goog/job-aid-examples-template/,1,-3,1,-3,0,0,0,0
MSNNL,Direct,/masters-health-informatics/careers/,1,,44,,0,,0,
MSNNL,Direct,/resources/data-science-masters-degree-application-free-guide/,1,,0,,0,,0,
MSLDT,Referral,/right-masters-in-instructional-design-and-technology/,1,,1,,0,,0,
Informatics,Paid Search,/mha-vs-mph-vs-ms-health-informatics/,1,,3,,0,,0,
CyberOps,Referral,/cyber-security-specialist-career-guide/,1,0,1,0,0,0,0,0
LEPSL,AI Traffic,/masters-law-enforcement-leadership/classes/,1,,1,,0,,0,
Informatics,Direct,/resources/health-informatics-careers-thank-you/,1,,1,,1,,1,
MED,AI Traffic,/masters-education/specializations/steam/,1,-11,1,-11,0,0,0,0
MSLDT,Paid Search,/instructional-design-courses/,1,,0,,0,,0,
Default - (not set),Direct,/faculty/alec-henning-ms/,1,,3,,0,,0,
MED,Organic Search,/top-online-education-programs/,1,-2,1,-3,0,0,0,0
Default - (not set),Direct,.translate.goog/how-to-become-an-entrepreneur/,1,-4,1,-5,0,0,0,0
CyberOps,Organic Social,/masters-cyber-security-operations/classes/,1,,1,,0,,0,
MED,Paid Search,/faculty-spotlight-chris-garcia/,1,,1,,0,,0,
MSAAI,Direct,.translate.goog/nlp-engineer-career/,1,,1,,0,,0,
Default - (not set),Direct,/cyber-security-salary-california/,1,,3,,0,,0,
MED,Direct,/education-inequity-and-homework/\,1,,4,,0,,0,
MSITL,AI Traffic,/masters-information-technology-leadership/,1,-4,5,-4,0,-2,0,-0.4
MTS,Organic Search,/seeing-our-brokenness-with-compassion/,1,,1,,0,,0,
MESH,Organic Search,.translate.goog/what-is-sustainable-development/,1,-7,1,-9,0,0,0,0
EML,Direct,.translate.goog/senior-engineer-vs-tech-lead-vs-lead-engineer/,1,0,1,0,0,0,0,0
Informatics,Organic Search,/student-support/ashley-dominguez/,1,-2,1,-1,0,0,0,0
LEPSL,Organic Search,.translate.goog/what-is-intelligence-led-policing/,1,-3,1,-4,0,0,0,0
CyberOps,Organic Search,/is-a-cyber-security-engineering-degree-right-for-you/,1,-15,1,-13,0,0,0,0
MESH,Direct,/faculty/chris-byrne/,1,,1,,0,,0,
Informatics,Direct,/masters-health-informatics/lp/rv-edu/,1,,1,,0,,0,
MSITL,Direct,/masters-degree-in-information-technology-worth-it/,1,-9,1,-7,0,0,0,0
LEPSL,Direct,/admissions/how-to-apply/,1,-3,3,-5,0,0,0,0
MSNP,Organic Search,.translate.goog/ngo-vs-nonprofit/,1,,1,,0,,0,
Default - (not set),Organic Search,/contact-us-thank-you/,1,,0,,0,,0,
MTS,Direct,/what-is-a-nurse-administrator/,1,,9,,0,,0,
Default - (not set),Direct,/entrepreneurship-degree-worth-it/,1,0,1,0,0,0,0,0
MTS,Direct,/employer-partnership/,1,,3,,0,,0,
MESH,Direct,/masters-engineering-sustainability-health/lp/mesh-webinar-thank-you-page/,1,,1,,1,,1,
MSNP,Organic Search,/masters-education/faculty/,1,,12,,0,,0,
MED,Direct,/search/benefits+of+not+having+homework++/,1,,1,,0,,0,
MSAAI,Direct,/tuition-financial-aid/,1,,9,,0,,0,
MSAAI,Paid Social,/masters-engineering-management-leadership/lp/ppc/,1,,10,,0,,0,
LEPSL,Organic Search,/ambassador/virginia-passamentt/,1,0,1,0,0,0,0,0
MED,Referral,/blog/education/,1,,1,,0,,0,
LEPSL,Organic Search,/blog/leadership-management/,1,,3,,0,,0,
Data Science,AI Traffic,/masters-applied-data-science/lp/study-data-science/,1,,2,,0,,0,
EML,Direct,/about/online-learning/course-experience/,1,,2,,0,,0,
MSLDT,Referral,/masters-information-technology-leadership/classes/,1,,0,,0,,0,
MSLDT,Referral,/masters-applied-artificial-intelligence/,1,0,16,11,0,0,0,0
MED,Organic Search,/classes/social-justice-and-educational-equity/,1,0,2,1,0,0,0,0
MSHA,Direct,/emails/MESH/MESH-ema=,1,,1,,0,,0,
Informatics,Paid Search,/8-technologies-changing-healthcare/,1,0,1,0,0,0,0,0
MSNP,Organic Search,/masters-education/specializations/special-ed/,1,,3,,0,,0,
LEPSL,Email,/masters-in-public-administration-vs-masters-in-leadership/,1,,0,,0,,0,
CyberOps,Organic Search,/women-cyber-security-reasons-to-enter-field/,1,-9,1,-9,0,0,0,0
MSHA,Organic Search,/admissions/,1,,2,,0,,0,
MTS,Email,/masters-theological-studies/lp/ncr/,1,-7,1,-7,0,0,0,0
MSAAI,Organic Search,/masters-education/,1,0,2,1,0,0,0,0
MED,Direct,.translate.goog/inclusive-education-strategies/,1,-25,1,-28,0,0,0,0
EML,Direct,/masters-engineering-management-leadership/app-waiver/,1,,1,,0,,0,
MSNP,Referral,/,1,,3,,0,,0,
LEPSL,Organic Search,/ambassador/brandon-sanchez/,1,0,1,0,0,0,0,0
Data Science,Organic Search,.translate.goog/business-intelligence-certifications/,1,-4,1,-4,0,0,0,0
Default - (not set),AI Traffic,/admissions/military-veterans/,1,-1,2,-1,0,0,0,0
EML,AI Traffic,/engineering-scholarships/,1,0,1,0,0,0,0,0
MSLDT,Direct,/masters-engineering-management-leadership/,1,0,4,2,0,0,0,0
LEPSL,AI Traffic,/masters-law-enforcement-leadership/scholarships-grants/,1,,1,,0,,0,
MED,Direct,/search/psychology/,1,,1,,0,,0,
CyberEng,Unknown - Data Not Available / Data Not Available,/masters-cyber-security-engineering/,1,,1,,0,,0,
Default - (not set),Unknown - Data Not Available / Data Not Available,/admissions/,1,,1,,0,,0,
MSNNL,Paid Search,/online-ms-nursing-nl/,1,,1,,0,,0,
MED,Direct,/search/why+homework+is+good/,1,,1,,0,,0,
EML,Organic Search,/advisory-board/silvia-de-dea/,1,-10,1,-10,0,0,0,0
Default - (not set),Email,/about/career-and-professional-resources/,1,,1,,0,,0,
LEPSL,Organic Search,/the-importance-of-building-trust-inside-your-community/,1,-5,1,-7,0,0,0,0
Informatics,AI Traffic,/health-informatics-impact-covid-19/,1,-3,1,-1,0,0,0,0
Informatics,Direct,/resources/health-informatics-career-guide/,1,0,1,0,0,0,0,0
MED,Direct,/search/is+homework+necessary+for+students+success/,1,,1,,0,,0,
MED,Direct,/humanitarian-nonprofit/,1,,2,,0,,0,
Informatics,Referral,/ai-healthcare/,1,0,1,-2,0,0,0,0
MSLDT,Organic Search,.translate.goog/what-is-learning-design/,1,-4,1,-4,0,0,0,0
MED,Direct,/search/is+homework+neccesary+for+students+success/,1,,1,,0,,0,
LEPSL,Organic Search,/ambassador/amy-sariotti/,1,0,1,0,0,0,0,0
MSLDT,AI Traffic,/top-instructional-design-skills/,1,,1,,0,,0,
Default - (not set),Organic Search,/education-inequity-and homework/,1,,1,,0,,0,
MSLDT,Paid Search,/about/state-authorization-status/,1,,4,,0,,0,
Data Science,Direct,/resources/questions-to-ask-masters-data-science-checklist/,1,-2,1,-2,0,0,0,0
CyberOps,Organic Search,/classes/foundations-of-cyber-security/,1,,1,,0,,0,
Data Science,Organic Search,.translate.goog/best-degrees-data-science/,1,-22,1,-23,0,0,0,0
Data Science,Unknown - optin monster / exit overlay,/masters-applied-data-science/lp/let-us-pay-for-your-msads-program-application-fee/,1,,1,,0,,0,
Data Science,AI Traffic,/business-intelligence-certifications/,1,-6,1,-12,0,0,0,0
MSHA,Referral,/tuition-financial-aid/tuition/,1,,2,,0,,0,
MTS,AI Traffic,/moral-theology/,1,-6,1,-13,0,0,0,0
MED,Direct,-captain-promotion-guide/,1,,3,,0,,0,
MED,Email,/resources/free-med-program-brochure-thank-you/,1,,1,,0,,0,
LEPSL,Organic Search,/ambassador/julie-rodriguez/,1,-3,1,-7,0,0,0,0
LEPSL,AI Traffic,/why-police-officer-education-is-important/,1,-9,1,-7,0,0,0,0
Data Science,AI Traffic,/storytelling-with-data-part-1/,1,-1,1,0,0,0,0,0
MSHA,Organic Search,/masters-humanitarian-action/classes/,1,-36,1,-52,0,0,0,0
LEPSL,Direct,/faculty/dave-nisleit/,1,-3,1,-3,0,0,0,0
EML,Display,/masters-engineering-management-leadership/,1,-1,1,0,0,0,0,0
EML,Referral,/engineering-manager-vs-tech-lead/,1,,1,,0,,0,
LEPSL,Unknown - ihsa / social,/search/vacancies/,1,,0,,0,,0,
CyberEng,Organic Search,/masters-cyber-security-engineering/lp/combined-degree/,1,0,1,0,0,0,0,0
MTS,Direct,/author/dr-darleen-pryds/,1,,2,,0,,0,
MSITL,Paid Search,/masters-information-technology-leadership/classes/cyber-security-pathway/,1,,1,,0,,0,
MTS,Direct,/masters-education/,1,-1,4,-8,0,0,0,0
MSAAI,Unknown - twitter / social,/masters-applied-artificial-intelligence/,1,,1,,0,,0,
Informatics,Direct,/about/career-and-professional-resources/,1,,5,,0,,0,
EML,Direct,/masters-applied-data-science/,1,-1,1,-3,0,0,0,0
Default - (not set),Organic Social,/masters-applied-artificial-intelligence/��,1,,1,,0,,0,
MSNNL,Paid Search,/12-types-of-msn-degrees-how-to-choose-the-best-nursing-track/,1,,1,,0,,0,
LEPSL,Direct,/masters-law-enforcement-leadership/lp/request-info/,1,-2,1,-12,0,0,0,0
CyberOps,Organic Search,/classes/enterprise-security-architecture/,1,,1,,0,,0,
MSAAI,Organic Search,/masters-health-informatics/health-analytics-track/,1,,5,,0,,0,
Default - (not set),Organic Search,/cyber-security-statistics/,1,-64,11,-127,0,0,0,0
MSNP,Unknown - ihsa / social,/masters-humanitarian-action/,1,,3,,0,,0,
MTS,Organic Search,/masters-theological-studies/faculty/,1,,1,,0,,0,
Default - (not set),Organic Search,/faculty/derek-swenningsen/,1,,1,,0,,0,
Default - (not set),Organic Search,/student-support/program-assistant/,1,,1,,0,,0,
CyberOps,Organic Search,/cyber-security-salaries-make-case-for-masters/,1,-30,2,-36,0,0,0,0
MSAAI,Unknown - ig / social,/university-of-san-diego-launches-full-time-on-campus-masters-degree-programs-in-applied-artificial-intelligence-and-cyber-security-engineering/,1,,2,,0,,0,
MSNP,AI Traffic,/nonprofit-executive-director/,1,-1,1,-2,0,0,0,0
MSLDT,Organic Social,/resources/things-to-know-about-careers-in-instructional-design/,1,,1,,0,,0,
Informatics,Paid Social,/,1,,3,,0,,0,
MSLDT,Paid Search,/about/online-learning/,1,,7,,0,,0,
Default - (not set),Direct,/resources/why-every-aspiring-startup-entrepreneur-tech-exec-needs-to-know-about-connectivity/,1,,1,,0,,0,
MED,Direct,/search/Tuition+for+online+masters+in+ED/,1,,1,,0,,0,
Default - (not set),Organic Social,/technology/,1,,1,,0,,0,
MED,Email,/resources/inside-look-med-webinar-thank-you/,1,,0,,0,,0,
"Default - business-entrepreneurship,computer-science,engineering,technology",Paid Search,/resources/msads-request-program-brochure/,1,,0,,0,,0,
Informatics,Paid Search,/search/Biostatistics+/,1,,4,,0,,0,
Data Science,Direct,/storytelling-with-data-part-2/,1,-2,1,-2,0,0,0,0
Default - (not set),Direct,/forms/csol-gar/,1,,1,,0,,0,
MED,Direct,.translate.goog/brain-based-learning/,1,-13,1,-13,0,0,0,0
MSITL,Organic Search,.translate.goog/information-technology-scholarships/,1,-4,1,-4,0,0,0,0
MSLDT,Direct,/search/curriculum/,1,,1,,0,,0,
MSITL,Direct,/search/Information+Assurance+vs.+Cybersecurity:+Roles+Explained/,1,,1,,0,,0,
EML,Paid Search,/masters-cyber-security-engineering/lp/cyber-security-engineering/,1,-1,3,-8,0,0,0,0
MSNP,Direct,/masters-learning-design-technology/related-articles/,1,,4,,0,,0,
Default - (not set),Organic Search,/about/online-learning/,1,-4,1,-4,0,0,0,0
MED,Direct,/faculty/rucheeta-kulkarni/,1,-1,1,-2,0,0,0,0
MTS,Direct,gical-education/,1,,2,,0,,0,
MSITL,AI Traffic,/it-organizational-structure/,1,,1,,0,,0,
EML,Email,/,1,0,3,3,0,0,0,0
MSAAI,AI Traffic,/best-artificial-intelligence-degrees/,1,-4,1,-4,0,0,0,0
MSLDT,Direct,/masters-law-enforcement-leadership/ambassadors/,1,0,16,12,0,0,0,0
Informatics,AI Traffic,/masters-health-informatics/lp/study-healthcare-analytics/,1,,1,,0,,0,
MSNP,Direct,/masters-law-enforcement-leadership/faculty/,1,,5,,0,,0,
Default - business-entrepreneurship,Organic Social,/best-engineering-software/,1,,1,,0,,0,
MSAAI,Direct,/10/innovative/police/technologies/,1,,4,,0,,0,
MTS,Organic Search,/blog/theology/,1,-5,0,-31,0,0,0,0
MESH,Direct,/degree-in-public-health/,1,-4,1,-3,0,0,0,0
MSNP,Direct,/forms/msha-application-evaluation/,1,,8,,0,,0,
Data Science,Organic Search,.translate.goog/how-to-become-database-developer/,1,,1,,0,,0,
CyberOps,Direct,.translate.goog/what-is-a-chief-security-officer-high-demand-skyrocketing-pay-for-csos/,1,,1,,0,,0,
MSNP,Direct,/classes/resource-development-and-philanthropy/,1,,1,,0,,0,
MSAAI,Email,/resources/msaai-online-artificial-intelligence-self-assessment/,1,,1,,0,,0,
Default - (not set),Organic Search,/leadership-management/,1,-4,1,-6,0,-1,0,-0.2
MED,Direct,/grants-for-masters-degree-in-teaching/,1,-2,1,-2,0,0,0,0
MSNNL,Organic Search,/student-support/natalie-oneal/,1,,15,,0,,0,
MESH,Direct,/student-spotlight-mahtaub-golab/,1,,1,,0,,0,
MESH,Direct,/advisory-board/georgina-yeboah/,1,0,1,0,0,0,0,0
MSNNL,Direct,/online-programs/,1,-1,3,-7,0,0,0,0
MTS,Organic Search,.translate.goog/incorporate-faith-in-career/,1,,1,,0,,0,
MED,Organic Search,/resources/the-complete-list-of-teaching-methods-thank-you/,1,-1,0,-4,0,-1,0,-0.5
MESH,Organic Search,/online-programs/,1,0,13,7,1,1,1,1
MESH,AI Traffic,/masters-in-sustainability-degree-comparison/,1,0,1,0,0,0,0,0
MED,Referral,/masters-cyber-security-engineering/lp/cyber-security-engineering/,1,,5,,0,,0,
MED,Paid Search,/classes/master-education-orientation/,1,,1,,0,,0,
MSITL,Organic Search,/faculty/raheleh-dilmaghani/,1,0,1,0,0,0,0,0
MSAAI,Referral,/machine-learning-engineer-career/,1,-4,1,-5,0,0,0,0
MED,Organic Search,/search/Texts+about+why+homework+should+be+banned/page/3/,1,,1,,0,,0,
LEPSL,AI Traffic,/how-become-federal-correctional-officer/,1,,1,,0,,0,
LEPSL,Email,/masters-law-enforcement-leadership/students-agencies/,1,0,4,4,0,0,0,0
Default - (not set),Organic Search,/education-inequity-and-homework/ when was this written,1,,1,,0,,0,
MSLDT,Email,/masters-learning-design-technology/testimonials/,1,,1,,0,,0,
LEPSL,Email,/masters-law-enforcement-leadership/ambassadors/,1,-5,1,-6,0,0,0,0
MSHA,AI Traffic,/humanitarian-crises-around-the-world/,1,,1,,0,,0,
Default - (not set),Direct,/education-inequity-and-homework/\,1,,1,,0,,0,
MSNNL,Direct,/masters-in-nursing-worth-it/,1,,1,,0,,0,
MED,Direct,/masters-education/lp/request-info-rv/,1,,1,,0,,0,
LEPSL,Direct,/best-degrees-federal-law-enforcement-jobs/,1,-13,1,-17,0,0,0,0
LEPSL,Direct,/masters-engineering-management-leadership/,1,0,2,1,0,0,0,0
Data Science,Direct,/faculty/roozbeh-sadeghian/,1,-1,1,-1,0,0,0,0
Default - (not set),Direct,/classes/advanced-health-care-information-management/,1,,1,,0,,0,
CyberEng,Referral,/network-security-solutions/,1,-2,1,-2,0,0,0,0
MTS,Direct,/masters-nursing-leadership/lp/ppc/,1,,10,,0,,0,
MSAAI,Direct,.translate.goog/masters-applied-artificial-intelligence/,1,,1,,0,,0,
CyberOps,Organic Search,/information-security-analyst/,1,-5,1,-5,0,0,0,0
Default - (not set),Organic Search,/faculty-spotlight-carlton-oneal/,1,,1,,0,,0,
MSLDT,Organic Search,/masters-learning-design-technology/related-articles/,1,,1,,0,,0,
MSAAI,Referral,/resources/free-ms-aai-program-brochure/,1,,1,,0,,0,
CyberOps,Organic Search,.translate.goog/women-cyber-security-reasons-to-enter-field/,1,,1,,0,,0,
Data Science,Referral,/data-communication/,1,-3,4,0,0,0,0,0
LEPSL,Email,/,1,,2,,0,,0,
Informatics,Organic Search,/forms/ldt-applicant/,1,,1,,0,,0,
CyberOps,Organic Search,/network-forensics-tools/,1,-8,3,-24,0,0,0,0
Default - (not set),Paid Search,/blog/sustainability/,1,,0,,0,,0,
LEPSL,Unknown - fashion-valley-mall / ooh,/,1,,2,,0,,0,
MSHA,Organic Social,/international-affairs-careers/,1,,1,,0,,0,
MTS,Email,/masters-theological-studies/careers/,1,,2,,0,,0,
MSHA,Direct,/faculty/hector-vivero/,1,,1,,0,,0,
MSLDT,Organic Social,/masters-learning-design-technology/apply/,1,,1,,0,,0,
Data Science,Direct,/faculty/vicente-malave/,1,,1,,0,,0,
MTS,Email,/what-is-lay-ministry/,1,,1,,0,,0,
EML,Referral,/masters-engineering-management-leadership/lp/ppc/,1,,1,,0,,0,
MESH,Direct,/faculty/josephine-nabukenya/,1,,1,,0,,0,
Default - (not set),Direct,/education-inequilt-and-homework/,1,,1,,0,,0,
MTS,Email,/online-mts-benefits/,1,,1,,0,,0,
MSLDT,Direct,/top-ranked-law-enforcement-masters-degree/,1,,4,,0,,0,
"Default - business-entrepreneurship,computer-science,engineering,technology",Paid Search,/masters-applied-data-science/lp/study-data-science/,1,,3,,1,,1,
LEPSL,Direct,/bachelors-nursing/,1,,4,,0,,0,
MTS,Direct,.translate.goog/why-study-theology/,1,-2,1,-7,0,0,0,0
Data Science,AI Traffic,/data-consultant-career/,1,-1,1,-1,0,0,0,0
Data Science,Referral,/storytelling-with-data-part-2/,1,-4,2,-3,0,0,0,0
MSHA,Referral,/top-humanitarian-degrees/,1,-2,1,-3,0,0,0,0
CyberOps,Direct,/masters-cyber-security-engineering/classes/,1,0,3,3,1,1,1,1
MSNNL,Email,/resources/nurse-leader-career-paths-opportunities/,1,,1,,0,,0,
MSHA,Direct,/search/Sponsors/,1,,1,,0,,0,
MSHA,Direct,.translate.goog/theory-of-change/,1,,1,,0,,0,
Default - (not set),Direct,/faculty/dr-ramesh-rajagopalan-phd/,1,,1,,0,,0,
MSNNL,Direct,/resources/msaai-online-artificial-intelligence-self-assessment/,1,,4,,0,,0,
EML,Organic Search,.translate.goog/lead-engineer-career/,1,-11,1,-9,0,0,0,0
CyberOps,Email,/resources/top-paying-cybersecurity-jobs/,1,,2,,0,,0,
MSLDT,Direct,/masters-engineering-sustainability-health/let-us-pay-for-your-msesh-program-application-fee/,1,,10,,1,,1,
LEPSL,Direct,/online-programs/,1,-1,3,-9,0,-1,0,-0.5
MTS,Direct,/masters-theological-studies/lp/ppc/thank-you/,1,,1,,1,,1,
MSLDT,Organic Search,/resources/things-to-know-about-careers-in-instructional-design-thank-you/,1,0,0,0,0,0,0,0
Default - (not set),Organic Search,/ communication-in-criminal-justice/ Author: University of San Diego Publishing Date: Not clearly listed (website article,1,,1,,0,,0,
CyberOps,Referral,/network-administrator-vs-systems-administrator/,1,,1,,0,,0,
Data Science,Direct,/masters-applied-data-science/student-services/,1,-2,1,-2,0,0,0,0
EML,Direct,/masters-engineering-management-leadership/student-services-support-team/,1,0,0,-1,0,0,0,0
"Default - business-entrepreneurship,computer-science,technology",Referral,/ai-for-teachers/,1,,1,,0,,0,
Default - (not set),Organic Search,/masters-cyber-security-engineering/classes/,1,,0,,0,,0,
MSAAI,Paid Search,/resources/free-ms-aai-program-brochure-thank-you/,1,,0,,0,,0,
LEPSL,Organic Search,/ambassador/steven-swetman/,1,-4,2,-5,0,0,0,0
LEPSL,Organic Search,/search/reducing+stress/,1,,1,,0,,0,
MSNNL,Organic Search,/advisory-board/herman/,1,,2,,0,,0,
MSHA,Direct,/classes/disaster-management-and-prevention/,1,,1,,0,,0,
Data Science,Referral,/masters-applied-data-science/lp/let-us-pay-for-your-msads-program-application-fee/,1,,0,,0,,0,
Data Science,Direct,/data-science-bootcamp-vs-masters-degree/,1,,1,,0,,0,
MSITL,Paid Social,/masters-cyber-security-engineering/lp/cyber-security-engineering/,1,,2,,0,,0,
Informatics,Direct,/search/faculty/,1,,1,,0,,0,
MSHA,Direct,/organizational-capacity/,1,,0,,0,,0,
LEPSL,Direct,/first-class-graduates-masters-law-enforcement-leadership/,1,,1,,0,,0,
Default - (not set),Direct,/search/nutricion/,1,,1,,0,,0,
Default - (not set),Direct,/education-inequity-and-homework/nd,1,,1,,0,,0,
Default - (not set),Direct,/search/Gradright/,1,,0,,0,,0,
MSAAI,Paid Search,/masters-applied-data-science/,1,,5,,0,,0,
Informatics,Direct,/faculty/kathleen-klimpel/,1,-1,1,-1,0,0,0,0
CyberEng,Direct,/network-security-solutions/,1,-29,1,-29,0,0,0,0
MSNP,Organic Search,/faculty/kenneth-hurst/,1,,1,,0,,0,
MED,Direct,/teacher-salary-by-state-since-2000/,1,-2,1,-2,0,0,0,0
MSNNL,Organic Search,/programs/,1,-4,3,-25,0,0,0,0
LEPSL,Referral,/masters-law-enforcement-leadership/classes/,1,-6,1,-2,0,0,0,0
MED,Direct,/teaching-digital-literacy-in-the-classroom/,1,,1,,0,,0,
LEPSL,Organic Search,/usds-online-masters-will-cater-to-officers-schedules/,1,,1,,0,,0,
CyberOps,Organic Search,/faculty/mansi-thakar/,1,,1,,0,,0,
Informatics,Referral,/bachelors-nursing/,1,,0,,0,,0,
MTS,Paid Social,/masters-theological-studies/apply/,1,,2,,0,,0,
CyberEng,Organic Social,/masters-cyber-security-engineering/classes/,1,,1,,0,,0,
Default - (not set),Organic Search,/data-science-masters-degrees-comparison/,1,,4,,0,,0,
MED,Organic Search,/search/Assistive+Technology%3A+Tools+such+as+speech+recognition+software+transcribe+spoken+words+into+text%2C+helping+students+with+disabilities+such+as+hearing+impairments+or+dyslexia+to+participate+more+fully+in+the+classroom+by+converting+speech+to+text+and+vice+versa./,1,,1,,0,,0,
MSLDT,Referral,/masters-learning-design-technology/,1,-10,3,-16,0,0,0,0
MSAAI,AI Traffic,/ethics-in-ai/,1,,1,,0,,0,
MSITL,Direct,/is-devops-a-good-career/,1,,1,,0,,0,
EML,Referral,/faculty/gb-singh/,1,,2,,0,,0,
MSLDT,Paid Search,/health-informatics-job-description-explained/,1,,1,,0,,0,
MTS,Organic Search,/finding-my-franciscan-voice-spotlight-on-denise-clare/,1,-3,1,-7,0,0,0,0
MTS,Paid Search,/master-of-theology-vs-divinity-vs-ministry-degrees/,1,-2,1,-1,0,0,0,0
MSAAI,Direct,/faculty/edwin-addison-ai/,1,-1,1,-1,0,0,0,0
MSLDT,Organic Search,/admissions/military-veterans/,1,,4,,0,,0,
MED,Email,/teaching-license-reciprocity-guide/,1,,1,,0,,0,
MSITL,Direct,/masters-cyber-security-engineering/apply/,1,,2,,0,,0,
"Default - engineering,sustainability",Organic Search,/usd-mesh-aashe-rating/,1,,1,,0,,0,
Default - (not set),Organic Search,/blue-leadership-podcast/,1,-4,1,-4,0,0,0,0
MTS,Paid Search,/religious-studies-degree-jobs/,1,,2,,0,,0,
MTS,Paid Search,/resources/mts-program-brochure-thank-you/,1,,1,,1,,1,
MED,Email,/substitute-teacher-tips/,1,,1,,0,,0,
MED,Direct,/search/Early+childhood+/,1,,1,,0,,0,
MSHA,Paid Search,/masters-humanitarian-action/classes/,1,0,1,0,0,0,0,0
MSITL,Unknown - Data Not Available / Data Not Available,/resources/free-itl-program-brochure/,1,,1,,0,,0,
Default - (not set),Unknown - Data Not Available / Data Not Available,/tuition-financial-aid/tuition/,1,,1,,0,,0,
LEPSL,Organic Search,/ambassador/brian-bubar/,1,,1,,0,,0,
MSHA,Referral,/masters-humanitarian-action/classes/,1,0,1,0,0,0,0,0
MSNNL,Organic Search,/masters-nursing-leadership/nursing-informatics-track/,1,,5,,0,,0,
MSITL,Unknown - Data Not Available / Data Not Available,/masters-information-technology-leadership/classes/,1,,1,,0,,0,
LEPSL,AI Traffic,/masters-law-enforcement-leadership/,1,,1,,0,,0,
MSAAI,Direct,/faculty/andrew-van-benschoten/,1,0,1,0,0,0,0,0
MSLDT,Organic Search,/education-inequity-and-homework/,1,-10,3,-77,0,-2,0,-0.18181818181818182
Data Science,Organic Search,/faculty/erin-cooke/,1,-5,1,-6,0,0,0,0
LEPSL,Organic Search,/ambassador/randy-moody/,1,-4,1,-4,0,0,0,0
About,Direct,/,1,-933,1,-1306,0,-5,0,-0.0053533190578158455
Default - (not set),Unknown - fashion-valley-mall / ooh,/admissions/international-students/,1,,1,,0,,0,
MESH,Organic Search,/search/what+skills+would+you+need+to+have+to+become+an+environmental+engineer/,1,,1,,0,,0,
MTS,Direct,/masters-humanitarian-action/app-waiver/,1,,17,,0,,0,
Data Science,Organic Search,/faculty/sean-coyne/,1,-6,1,-6,0,0,0,0
Default - (not set),Email,/masters-cyber-security-engineering/scholarships-and-grants/,1,,2,,0,,0,
LEPSL,Referral,/masters-in-law-enforcement-leadership-hits-1000-graduate-milestone/,1,,1,,0,,0,
MED,Email,/masters-education/specializations/steam/,1,-2,0,-8,0,0,0,0
MSNNL,Direct,/faculty/jannise-baclig/,1,0,2,1,0,0,0,0
MTS,Direct,/faculty/angela-zautcke/,1,0,1,0,0,0,0,0
MED,Direct,.translate.goog/differentiated-instruction/,1,-9,1,-11,0,0,0,0
MSAAI,Direct,/admitted-students/,1,,3,,0,,0,
LEPSL,Direct,/ambassador/aaron-hollemon/,1,0,1,0,0,0,0,0
MSNP,Direct,/nonprofit-careers/,1,,0,,0,,0,
MTS,Direct,/resources/mts-program-brochure-thank-you/,1,,1,,0,,0,
Informatics,Referral,/what-is-health-care-analytics/,1,-55,1,-60,0,0,0,0
Informatics,Organic Search,/faculty/brenda-boone/,1,,1,,0,,0,
LEPSL,Direct,/faculty/jonni-redick/,1,0,1,0,0,0,0,0
LEPSL,Organic Search,/ambassador/samuel-gonzalez/,1,,2,,0,,0,
Data Science,Organic Search,/resources/msads-request-program-brochure/,1,-2,1,-1,0,0,0,0
MSHA,Direct,/resources/mesh-program-brochure/,1,,1,,0,,0,
MSAAI,Direct,/ai-impact-on-pharma-4-0/,1,-5,3,-4,0,0,0,0
Default - (not set),Direct,/understanding-catholic-vocational-discernment/,1,,2,,0,,0,
MTS,Direct,/admissions/,1,0,14,-16,0,0,0,0
MSNP,Organic Search,/what-makes-a-good-humanitarian-important-skills/,1,0,5,0,0,0,0,0
MSAAI,Organic Search,/imagining-healthcare-in-the-era-of-machine-learning-and-artificial-intelligence/,1,,1,,0,,0,
MSLDT,Direct,/resources/msads-request-program-brochure/,1,,2,,0,,0,
MED,Organic Search,/search/why+homework+is+good/,1,,1,,0,,0,
MED,Direct,/about/state-authorization-status/,1,0,2,-2,0,0,0,0
Informatics,Organic Search,/masters-applied-data-science/,1,-1,3,-4,0,0,0,0
EML,Direct,.translate.goog/resources/from-engineer-to-leader/,1,,2,,0,,0,
CyberOps,Organic Search,/15-must-read-cyber-security-facts-figures-for-2019/,1,,1,,0,,0,
MSAAI,Organic Social,/masters-applied-artificial-intelligence/lp/study-artificial-intelligence/,1,0,2,1,0,0,0,0
EML,Organic Search,/student-support/academic-director/,1,,6,,0,,0,
Default - (not set),Organic Search,/faculty/bharath-inti/,1,-1,1,-1,0,0,0,0
CyberEng,Organic Search,.translate.goog/cyber-crime-investigator-career/,1,-12,1,-11,0,0,0,0
MSITL,Organic Search,/artificial-intelligence-bootcamps/,1,,5,,0,,0,
MSNP,Organic Search,/ai-governance/,1,,3,,0,,0,
MSITL,Direct,/technology/,1,,15,,0,,0,
MED,Direct,/is-blended-learning-the-next-big-thing-in-education/,1,-5,1,-3,0,0,0,0
MSAAI,Organic Search,/education/,1,,3,,0,,0,
MSAAI,Paid Search,/masters-applied-artificial-intelligence/careers/,1,-3,1,-1,0,0,0,0
Default - (not set),Direct,/education-inequailty,1,,1,,0,,0,
MSAAI,Paid Search,/masters-applied-artificial-intelligence/faculty/,1,-5,1,-5,0,0,0,0
MED,Referral,/resources/inside-look-med-webinar/,1,,1,,0,,0,
MSLDT,AI Traffic,/instructional-design-certificate-vs-masters-degree/,1,,1,,0,,0,
LEPSL,Direct,y/jennifer-tejada/,1,,1,,0,,0,
LEPSL,Direct,/lieutenant-picks-usd-criminal-justice-masters-degree/,1,,1,,0,,0,
EML,Referral,/resources/from-engineer-to-leader/,1,,3,,1,,1,
MSAAI,Paid Search,/classes/ethics-in-artificial-intelligence-maai-531/,1,,1,,0,,0,
Default - (not set),Email,/masters-cyber-security-engineering/classes/,1,,2,,0,,0,
Default - (not set),Unknown - ig / social,/online-programs/,1,,1,,0,,0,
MSHA,Direct,/emails/MTS/Cal=,1,,1,,0,,0,
Informatics,Direct,/advisory-board/ohagan/,1,0,2,1,0,0,0,0
Data Science,Direct,/are-coding-bootcamps-worth-it/,1,-4,1,-3,0,0,0,0
MSLDT,Direct,/tuition-financial-aid/,1,,4,,0,,0,
Informatics,Direct,/is-health-informatics-degree-worth-it/,1,-2,1,-2,0,0,0,0
Default - (not set),Display,/masters-cyber-security-engineering/lp/smartbrief-display/,1,,6,,0,,0,
MSITL,Direct,/resources/free-msitl-program-brochure-thank-you/,1,,1,,1,,1,
MSHA,Direct,/emails/MTS/Computer.png=,1,,1,,0,,0,
Default - (not set),Direct,/getting-masters-degree-online/,1,-8,1,-7,0,0,0,0
MSHA,Direct,/emails/MTS/Gra=,1,,1,,0,,0,
CyberEng,Direct,/network-security-engineer/,1,-6,1,-6,0,0,0,0
MESH,Direct,/faculty/georgina-yeboah/,1,0,1,0,0,0,0,0
Informatics,AI Traffic,/do-you-need-health-informatics-certification/,1,0,1,0,0,0,0,0
MSITL,Direct,/itl-ebook-download/,1,,13,,0,,0,
Default - (not set),Direct,/employer-partnership/red-door-interactive/,1,,1,,0,,0,
MSITL,Organic Search,/masters-information-technology-leadership/classes/applied-ai-specialization/,1,,0,,0,,0,
MED,Organic Search,/search/Is+Homework+Necessary,1,,1,,0,,0,
LEPSL,Organic Search,/masters-law-enforcement-leadership/lp/request-info/,1,-1,1,-1,0,0,0,0
Informatics,Direct,/masters-health-informatics/healthcare-leadership-track/,1,,1,,0,,0,
MSAAI,Organic Search,/search/article+about+hamwork/,1,,1,,0,,0,
MED,Direct,/search/+pros+and+cons+about+homework+for+kids+/,1,,1,,0,,0,
MSHA,Paid Search,/masters-humanitarian-action/lp/thank-you/,1,-1,1,-6,1,1,1,1
MSNP,Organic Search,/classes/policy-advocacy-leadership/,1,0,1,0,0,0,0,0
MSITL,Referral,/masters-cyber-security-operations/,1,,3,,0,,0,
MED,Organic Search,/faculty/juanita-campbell-rodriguez/,1,,2,,0,,0,
MSAAI,Referral,/artificial-intelligence-engineer-career/,1,-4,1,-3,0,0,0,0
MSAAI,Referral,/artificial-intelligence/,1,-1,3,1,0,0,0,0
MSAAI,Referral,/employer-partnership/axos/,1,,5,,0,,0,
Informatics,AI Traffic,/faculty/wendy-cole/,1,,1,,0,,0,
LEPSL,Direct,/ambassador/brandon-barclay/,1,0,1,0,0,0,0,0
LEPSL,Unknown - policeone / directory,/masters-law-enforcement-leadership/classes/,1,,0,,0,,0,
MSAAI,Referral,/ethics-in-ai/,1,-3,2,-2,0,0,0,0
MED,Organic Search,/teaching-digital-literacy-to-21st-century-students/,1,-8,1,-15,0,0,0,0
Default - engineering,Direct,/,1,,5,,0,,0,
MSITL,Direct,/masters-applied-artificial-intelligence/,1,-3,13,-202,1,1,1,1
LEPSL,Organic Search,.translate.goog/police-communication-important-today/,1,-8,1,-12,0,0,0,0
Informatics,Paid Search,/bachelors-nursing/,1,,1,,0,,0,
MSHA,Paid Search,/theory-of-change/,1,,1,,0,,0,
MSITL,Direct,/resources/free-ms-aai-program-brochure/,1,,7,,0,,0,
Default - (not set),Organic Search,/entrepreneurship-degree-worth-it/,1,0,1,0,0,0,0,0
MTS,AI Traffic,/how-to-pay-for-theology-degree/,1,,1,,0,,0,
Informatics,AI Traffic,/healthcare-informatics-jobs-salary/,1,-1,1,0,0,0,0,0
Default - (not set),Unknown - EMAIL / USD CSOL 15Mar26 Masterclass OPM IDB Nurtur2,/masters-cyber-security-operations/,1,,2,,0,,0,
MSITL,Unknown - email / nurture,/masters-information-technology-leadership/,1,,1,,0,,0,
MSLDT,AI Traffic,/instructional-technologist-career/,1,,1,,0,,0,
EML,Direct,/masters-cyber-security-operations/classes/,1,,1,,0,,0,
CyberEng,Direct,/cybersecurity-masters-degree-comparison/,1,,1,,0,,0,
MSLDT,Email,/masters-learning-design-technology/related-articles/,1,,1,,0,,0,
MED,Direct,/masters-learning-design-technology/app-waiver/,1,,1,,1,,1,
LEPSL,Paid Search,/become-a-criminal-justice-instructor/,1,,1,,0,,0,
Default - (not set),Organic Search,/top-cyber-security-blogs-websites/,1,,2,,0,,0,
MED,Direct,/search/homework/,1,,1,,0,,0,
MED,Organic Search,/classes/family-school-community-partnerships/,1,0,1,0,0,0,0,0
MESH,Email,/masters-engineering-sustainability-health/resources/,1,-1,1,-5,0,0,0,0
MSAAI,Organic Search,/tuition-financial-aid/tuition/,1,-5,7,-25,0,0,0,0
MESH,Direct,/masters-health-informatics/,1,-3,2,-38,0,-1,0,-0.25
MED,Organic Search,/faculty/tiffanee-saunders/,1,,1,,0,,0,
MED,Organic Search,/resources/9-reasons-master-education-degree-ebook/,1,0,1,0,0,0,0,0
Informatics,Direct,/usd-gradright-partnership/,1,,3,,0,,0,
Data Science,Direct,/data-science-masters-degrees-comparison/,1,0,1,0,0,0,0,0
Data Science,Direct,/data-science-in-finance/,1,-7,1,-10,0,0,0,0
Default - (not set),Referral,/blog/leadership-management/,1,,0,,0,,0,
MSITL,Organic Social,/logical-framework-approach/,1,,0,,0,,0,
MSAAI,Unknown - Keystone / ReadMoreSchoolWebsiteCTA,/masters-applied-artificial-intelligence/,1,0,0,-1,0,0,0,0
Informatics,Organic Search,.translate.goog/what-skills-do-you-need-to-work-in-health-care-informatics/,1,,1,,0,,0,
MTS,Referral,/why-theological-studies/,1,,9,,0,,0,
LEPSL,Email,/university-of-san-diego-adds-online-masters-in-law-enforcement-and-public-safety-leadership/,1,,1,,0,,0,
EML,Direct,/engineering-leadership/,1,-16,2,-15,0,0,0,0
MSAAI,Paid Search,/masters-health-informatics/,1,0,16,11,0,0,0,0
MED,Direct,/11-learning-and-teaching-resources/,1,-2,1,-2,0,0,0,0
Default - (not set),Paid Search,/admissions/international-students/,1,,1,,0,,0,
MED,Paid Search,/teacher-resume-examples/,1,,1,,0,,0,
MSLDT,Paid Social,/what-is-instructional-design-examples/,1,,1,,0,,0,
MSHA,Direct,/masters-law-enforcement-leadership/transfer-credit/fbi-leeda/,1,,3,,0,,0,
MED,Direct,/student-profile-joshua-truax/,1,-1,1,-3,0,0,0,0
MTS,Direct,/ai-trainer/,1,,4,,0,,0,
MSLDT,Direct,/masters-learning-design-technology/lp/dyna/,1,-2,0,-4,0,0,0,0
MED,Organic Search,/search/should+you+do+homework+and+then+have+fun+pro+side/,1,,1,,0,,0,
MSHA,Organic Search,.translate.goog/international-social-work/,1,-1,1,0,0,0,0,0
CyberOps,AI Traffic,/systems-administrator/,1,,1,,0,,0,
MSLDT,Direct,/instructional-design-cover-letter-guide/,1,,1,,0,,0,
CyberOps,Direct,/network-forensics/,1,-13,1,-18,0,0,0,0
Informatics,Unknown - Data Not Available / Data Not Available,/,1,,4,,0,,0,
Data Science,Direct,/data-science-vs-computer-science/,1,-2,1,-2,0,0,0,0
Default - (not set),Organic Search,/blog/humanitarian-nonprofit/,1,0,1,1,0,0,0,0
LEPSL,Direct,/ambassador/antonio-cortina/,1,-1,2,-1,0,0,0,0
LEPSL,Organic Search,/search/James+Sabak/,1,,1,,0,,0,
Default - (not set),Organic Search,/forms/msads-gar/,1,,1,,0,,0,
MSITL,Direct,/ai-for-teachers/,1,,3,,0,,0,
CyberOps,Unknown - EMAIL / USD CSOL 15Mar26 Masterclass OPM IDB Nurtur2,/masters-cyber-security-operations/,1,,1,,0,,0,
MSNNL,Direct,/masters-nursing-leadership/lp/preceptor-information/,1,,1,,0,,0,
CyberOps,Direct,.translate.goog/top-100-cybersecurity-companies/,1,0,1,0,0,0,0,0
MED,Direct,/masters-cyber-security-engineering/lp/combined-degree/,1,,2,,0,,0,
MSNNL,Paid Search,/masters-health-informatics/,1,,3,,0,,0,
MED,Direct,/search/is+homework+neccesary/,1,,1,,0,,0,
CyberOps,Organic Search,/faculty/donald-beidermann/,1,0,1,0,0,0,0,0
LEPSL,Organic Search,/ambassador/benjamin-opfar/,1,,1,,0,,0,
MESH,Organic Search,/search/climate+scieneist+/,1,,1,,0,,0,
MESH,AI Traffic,/environmental-policy-analyst-career/,1,,3,,0,,0,
CyberEng,Referral,/masters-cyber-security-engineering/lp/techtarget/,1,,1,,0,,0,
Default - (not set),Direct,/mba-vs-emba-8-key-differences-comparison-table/#:~:text=Cost%20%E2%80%93%20This%20is%20fully%20dependent,1,,1,,0,,0,
Data Science,Organic Search,/advisory-board/eric-colson/,1,-3,1,-3,0,0,0,0
MSNP,Organic Search,/student-support/ashleigh-zellmer/,1,,23,,0,,0,
MED,Organic Search,/search/Homework%2Bbanned%2Bresons/,1,,1,,0,,0,
Default - (not set),Organic Search,/classes/digital-forensics-incident-response/,1,0,2,-1,0,0,0,0
LEPSL,Organic Search,/admissions/,1,,3,,0,,0,
CyberEng,Organic Search,/masters-cyber-security-engineering/testimonials/,1,,1,,0,,0,
CyberEng,Organic Search,/masters-cyber-security-engineering/scholarships-and-grants/,1,-6,1,-3,0,0,0,0
Default - (not set),Organic Search,/gmat-exam-questions-answered/,1,-1,1,-1,0,0,0,0
Default - (not set),AI Traffic,/artificial-intelligence-education-benefits/,1,,1,,0,,0,
MSHA,Unknown - Data Not Available / Data Not Available,/masters-humanitarian-action/lp/humanitarian-action/,1,0,2,0,0,-1,0,-1
MSNP,AI Traffic,/how-to-write-grant-proposals/,1,,1,,0,,0,
MTS,Referral,/religious-vocational-discernment/,1,-1,1,-2,0,0,0,0
Default - (not set),AI Traffic,/classroom-management-strategies/,1,,2,,0,,0,
Default - (not set),AI Traffic,/mba-interview-questions/,1,-1,1,-1,0,0,0,0
MTS,Paid Search,/programs/,1,,1,,0,,0,
MSHA,Paid Search,/,1,-3,2,-11,0,0,0,0
Informatics,Referral,/bachelors-nursing/bachelors-nursing-lp-ppc/,1,,2,,0,,0,
MED,Referral,/employer-partnership/eset/,1,,2,,0,,0,
MTS,Paid Search,/masters-theological-studies/lp/dyna/,1,,1,,0,,0,
MSAAI,Direct,/software-engineer-to-machine-learning-engineer/,1,-1,1,-1,0,0,0,0
MTS,Referral,/faculty/angela-zautcke/,1,,1,,0,,0,
MSNNL,Display,/director-of-nursing-career-guide/,1,,4,,0,,0,
MESH,Paid Search,/online-programs/,1,-1,5,-1,0,0,0,0
MSNNL,Direct,/masters-law-enforcement-leadership/lp/r=,1,,1,,0,,0,
EML,Referral,/principal-engineer-vs-senior-engineer/,1,,3,,0,,0,
Default - (not set),Direct,/emails/=,1,,1,,0,,0,
LEPSL,Organic Search,/masters-law-enforcement-leadership/lp/ntoa/,1,,3,,0,,0,
MSNNL,Email,/masters-nursing-leadership/classes/,1,,1,,0,,0,
MSAAI,Email,/tuition-financial-aid/tuition/,1,,2,,0,,0,
Default - (not set),Referral,/admissions/international-students/,1,,0,,0,,0,
MSHA,Direct,/humanitarian-corridor/,1,-1,1,-2,0,0,0,0
LEPSL,Referral,/police-promotion/,1,-1,1,0,0,0,0,0
MED,Direct,/search/Why+homework+should+be+banned/,1,,2,,0,,0,
MTS,Paid Social,/masters-theological-studies/resources/,1,,2,,0,,0,
Informatics,Direct,/how-to-get-a-job-in-health-informatics/,1,0,1,-1,0,0,0,0
Default - (not set),Unknown - linkedin / social,/applied-artificial-intelligence/,1,,1,,0,,0,
CyberEng,AI Traffic,/cybersecurity-vs-it-degree/,1,,1,,0,,0,
LEPSL,Organic Search,/faculty/gary-morrison/,1,0,1,-1,0,0,0,0
MSLDT,Direct,/faculty/jeff-suarez-grant/,1,-1,1,-1,0,0,0,0
Informatics,Paid Social,/data-science-vs-software-engineering/,1,,1,,0,,0,
LEPSL,Organic Search,/faculty/kristine-allison/,1,0,1,0,0,0,0,0
MTS,AI Traffic,/masters-theological-studies/classes/,1,,1,,0,,0,
MSITL,Organic Search,.translate.goog/what-is-devops/,1,,1,,0,,0,
MESH,AI Traffic,/climate-change-careers/,1,-7,2,-6,0,0,0,0
CyberOps,Direct,/faculty/william-hess/,1,0,1,0,0,0,0,0
Default - (not set),Direct,/vulnerability-and-penetration-testing/,1,,2,,0,,0,
MED,Direct,/faculty/maria-teresa-casena-bontempo/,1,0,1,0,0,0,0,0
CyberEng,Direct,/masters-cyber-security-engineering/lp/smartbrief-display/,1,-8,0,-10,0,0,0,0
CyberOps,Direct,/resources/entry-level-cyber-security-career-guide/,1,-1,1,-1,0,0,0,0
MED,Direct,.translate.goog/effective-educational-leadership/,1,-2,1,-2,0,0,0,0
Informatics,Paid Social,/healthcare/,1,,1,,0,,0,
Default - (not set),Direct,/classes/management-health-system-care-delivery-outcomes/,1,,1,,0,,0,
Default - (not set),Direct,/student-support/katie-gonzales/,1,,1,,0,,0,
MESH,Email,/masters-engineering-sustainability-health/mesh-combined-degree/,1,,1,,0,,0,
MSLDT,Paid Search,/masters-learning-design-technology/apply/,1,-2,1,1,0,0,0,0
Informatics,Paid Search,/tuition-financial-aid/,1,,4,,0,,0,
MTS,Direct,/classes/capstone-finding-your-voice-in-the-franciscan-tradition/,1,,1,,0,,0,
CyberEng,Direct,/masters-cyber-security-engineering/lp/blackhat/,1,,1,,0,,0,
Default - (not set),Organic Search,.translate.goog/admissions/,1,0,1,-2,0,0,0,0
MED,Organic Search,/student-support/amy-zapatka/,1,-2,1,-2,0,0,0,0
Default - (not set),Organic Search,/student-support/the-soles-graduate-student-writing-center/,1,0,1,0,0,0,0,0
MSLDT,Organic Search,.translate.goog/career-changes-for-teachers/,1,-23,1,-23,0,0,0,0
MSNNL,Direct,/masters-engineering-sustainability-health/let-us-pay-for-your-msesh-program-application-fee/,1,,6,,1,,1,
MESH,Direct,/classes/informatics-capstone/,1,,0,,0,,0,
MSNNL,Direct,/search/graduation/,1,,1,,0,,0,
MED,AI Traffic,/inclusive-education-strategies/,1,-55,1,-63,0,0,0,0
MSLDT,Direct,.translate.goog/what-is-instructional-design-examples/,1,-6,1,-7,0,0,0,0
MED,Paid Search,/mba-vs-emba-8-key-differences-comparison-table/,1,,0,,0,,0,
MSHA,Unknown - ig / social,/social-advocacy-definition/,1,,1,,0,,0,
LEPSL,Organic Search,/ambassador/brian-george/,1,,1,,0,,0,
MED,Organic Search,/7-steps-to-finding-the-best-masters-in-education-program/,1,0,1,0,0,0,0,0
CyberOps,AI Traffic,/cyber-security-podcasts/,1,,1,,0,,0,
MED,Direct,/how-to-become-teacher-in-california/,1,-2,1,-2,0,0,0,0
MSHA,Direct,/masters-humanitarian-action/lp/thank-you/,1,-1,1,-1,1,-1,1,0
MSAAI,Direct,/masters-cyber-security-engineering/student-services/,1,,11,,0,,0,
MTS,Organic Search,/tuition-financial-aid/financial-aid/,1,,12,,0,,0,
LEPSL,Organic Search,/resources/law-enforcement-careers-ebook-thank-you/,1,0,1,0,1,0,1,0
Default - (not set),Organic Search,.translate.goog/how-to-become-an-entrepreneur/,1,-11,1,-11,0,0,0,0
MESH,Direct,/masters-education/,1,,1,,0,,0,
LEPSL,Direct,/gordon-graham-risk-management-reading-list/,1,-8,1,-7,0,0,0,0
LEPSL,Organic Search,/ambassador/cristina-saeteurn/,1,0,1,0,0,0,0,0
MSLDT,Referral,/resources/things-to-know-about-careers-in-instructional-design/,1,0,0,-1,0,0,0,0
MSHA,Paid Search,/humanitarian-careers/,1,-3,1,-5,0,0,0,0
Data Science,AI Traffic,/data-science-bootcamps/,1,-1,1,0,0,0,0,0
LEPSL,Organic Social,/police-communication-important-today/,1,,1,,0,,0,
MSITL,Organic Social,/it-organizational-structure/,1,-1,1,-1,0,0,0,0
Data Science,Organic Social,/resources/questions-to-ask-masters-data-science-checklist/,1,,1,,0,,0,
Data Science,Organic Search,/faculty/roozbeh-sadeghian/,1,,1,,0,,0,
CyberOps,Organic Search,/faculty/melanie-thomas/,1,-1,1,-1,0,0,0,0
Default - (not set),Organic Search,/education-inequity-and-homework/ is fhere mulitiple perspecttives in that,1,,1,,0,,0,
Default - (not set),Organic Search,/resources/msaai-artificial-intelligence-self-assessment/,1,,1,,0,,0,
MTS,Referral,/serving-god/,1,-3,1,-2,0,0,0,0
"Default - business-entrepreneurship,computer-science,engineering,technology",Paid Search,/masters-applied-data-science/,1,,6,,2,,2,
LEPSL,Paid Search,/masters-law-enforcement-leadership/lp/public-safety/,1,-14,1,-15,0,-1,0,-0.06666666666666667
Default - (not set),Email,/tuition-financial-aid/tuition/,1,,3,,0,,0,
Default - (not set),Organic Search,/business-intelligence-certifications/,1,,3,,0,,0,
MSHA,Organic Search,/masters-humanitarian-action/app-waiver/,1,,1,,0,,0,
MSLDT,Paid Search,/resources/things-to-know-about-careers-in-instructional-design/,1,,1,,0,,0,
CyberOps,Paid Social,/masters-cyber-security-operations/apply/,1,,1,,0,,0,
MSLDT,Direct,/blog/innovation-technology-and-entrepreneurship/page/2/,1,,1,,0,,0,
MESH,Paid Search,/masters-engineering-management-leadership/curriculum/,1,,8,,1,,1,
MSLDT,AI Traffic,/masters-learning-design-technology/,1,0,1,0,0,0,0,0
MSNP,Organic Search,/masters-learning-design-technology/lp/osu/,1,,86,,0,,0,
Default - (not set),Direct,/masters-applied-data-science/apply/,1,,3,,0,,0,
LEPSL,Direct,"/search/high+stress,+burnout+and+sleep+deprivation/",1,,1,,0,,0,
Informatics,Email,/admitted-students/,1,,16,,0,,0,
CyberOps,Paid Search,/cyber-security-scholarships/,1,0,1,0,0,0,0,0
MSNP,Paid Social,/nonprofit-leadership/,1,,1,,0,,0,
Default - (not set),Unknown - ihsa / social,/about/,1,,1,,0,,0,
Informatics,Paid Search,/faculty/dorothy-ohagan/,1,,0,,0,,0,
MSHA,Paid Search,/masters-law-enforcement-leadership/lp/law-enforcement/,1,,8,,0,,0,
MSLDT,Direct,/instructional-designer-vs-elearning-developer/,1,-2,2,0,0,0,0,0
MSAAI,Organic Search,/faculty/mirsardar-esmaeili/,1,-3,4,0,0,0,0,0
Informatics,Direct,/search/Dual+degree/,1,,1,,0,,0,
MSNNL,Unknown - tableposter / offline,/masters-nursing-leadership/lp/dyna/,1,-2,1,-5,0,-3,0,-1
CyberEng,Organic Search,/classes/security-test-engineering/,1,,1,,0,,0,
MSAAI,Direct,/emails/LDT/usdonlinelog=,1,,1,,0,,0,
MSLDT,Paid Search,/what-is-instructional-design-examples/,1,0,0,-1,0,0,0,0
LEPSL,Organic Social,/why-police-officer-education-is-important/,1,,1,,0,,0,
Default - (not set),Referral,/master-cyber-security-engineering/lp/techtarget/,1,,1,,0,,0,
"Default - business-entrepreneurship,computer-science,technology",Referral,/is-a-masters-in-data-science-worth-it/,1,,2,,0,,0,
MED,Direct,/faculty/tess-reid/,1,0,1,0,0,0,0,0
CyberOps,Direct,/master-of-science-in-cyber-security-or-mba/,1,-11,1,-14,0,0,0,0
MED,Direct,/resources/guide-to-teaching-styles-thank-you/,1,0,1,-2,1,1,1,1
MSLDT,Organic Search,/technology-degrees/,1,,2,,0,,0,
MSAAI,Direct,/masters-applied-data-science/classes/,1,0,3,1,0,0,0,0
MSNP,Direct,/faculty/laura-deitrick/,1,0,8,7,0,0,0,0
CyberOps,Email,/masters-cyber-security-engineering/,1,,0,,0,,0,
MTS,Email,/resources/master-of-theological-studies-brochure/,1,,2,,0,,0,
Default - computer-science,Display,/masters-applied-data-science/lp/study-data-science/,1,,4,,1,,1,
LEPSL,Email,/lessons-in-police-leadership-phil-hansen/,1,,0,,0,,0,
Data Science,Organic Search,/data-analyst-careers-and-salary/,1,-3,2,-2,0,0,0,0
LEPSL,Organic Search,/ambassador/rickey-hawkins/,1,0,1,0,0,0,0,0
CyberOps,AI Traffic,/10-entry-level-cyber-security-resume-interview-pitfalls/,1,,1,,0,,0,
MSNP,AI Traffic,/grant-writing-for-nonprofits/,1,-3,2,-3,0,0,0,0
MSAAI,Direct,/classes/data-analytics-and-internet-of-things-maai-530/,1,,1,,0,,0,
Data Science,Organic Search,.translate.goog/companies-hiring-data-scientists/,1,,3,,0,,0,
CyberEng,Paid Search,/masters-cyber-security-engineering/scholarships-and-grants/,1,0,1,1,0,0,0,0
MSLDT,AI Traffic,/learning-design-technology-careers/,1,,1,,0,,0,
MSLDT,Paid Search,/instructional-design-careers/,1,,1,,0,,0,
MSAAI,Organic Search,/employer-partnership/,1,,0,,0,,0,
Default - (not set),Organic Search,/ceh-certification/,1,,4,,0,,0,
MED,Unknown - facebook / social,/what-is-an-med-degree-explained/,1,,2,,0,,0,
MSAAI,Paid Social,/masters-applied-data-science/lp/study-data-science/,1,0,2,0,0,0,0,0
MED,Referral,/edutainment/,1,-3,1,-2,0,0,0,0
MSAAI,Organic Search,/admissions/how-to-apply/,1,0,3,-3,0,0,0,0
MESH,Paid Search,/faculty/jon-colon/,1,,2,,0,,0,
MSLDT,Referral,/masters-information-technology-leadership/lp/ppc/,1,,4,,0,,0,
MTS,AI Traffic,/theology-of-retirement/,1,,2,,0,,0,
LEPSL,Direct,/lessons-in-police-leadership-phil-hansen/,1,,1,,0,,0,
MED,Direct,/residue-of-covid-19-impact/,1,0,1,-2,0,0,0,0
MSHA,Direct,/ethical-hacker-career-salary-guide/,1,,11,,0,,0,
Default - (not set),Email,/campus-programs/,1,,1,,0,,0,
MED,Direct,.translate.goog/education-specialist/,1,,1,,0,,0,
LEPSL,Direct,/faculty/james-r-davis/,1,-5,1,-5,0,0,0,0
MED,Direct,/education-online-learning/,1,-2,1,-1,0,0,0,0
MSITL,Organic Search,.translate.goog/network-computer-systems-administrator-career/,1,,1,,0,,0,
Data Science,Referral,/masters-applied-data-science/faculty/,1,,1,,0,,0,
LEPSL,Direct,/masters-law-enforcement-leadership/lp/criminal-justice/,1,-3,2,-10,0,0,0,0
MSITL,Direct,/masters-applied-artificial-intelligence/classes/,1,,14,,0,,0,
MED,Paid Social,/resources/free-med-program-brochure/,1,0,1,0,0,0,0,0
MSITL,Organic Search,/ai-blogs/,1,,2,,0,,0,
MED,Direct,/professional-development-options-for-teachers-at-usd/,1,-4,1,-4,0,0,0,0
Default - (not set),Direct,/faculty/eric-brubaker/,1,,1,,0,,0,
MESH,Paid Search,/blog/sustainability/,1,,2,,0,,0,
CyberOps,Paid Search,/masters-cyber-security-operations/apply/,1,-3,11,5,2,2,2,2
CyberOps,Direct,/classes/secure-software-design-and-development/,1,,1,,0,,0,
EML,Referral,/masters-engineering-management-leadership/app-waiver/,1,,0,,0,,0,
MSNP,Organic Search,/masters-education/,1,,116,,0,,0,
MSLDT,Direct,/masters-humanitarian-action/,1,,3,,0,,0,
MSNP,Referral,/nonprofit-executive-director/,1,,1,,0,,0,
"Default - computer-science,engineering,technology",Paid Search,/masters-cyber-security-operations/lp/bva-cyber-security-operations-leadership/,1,,5,,0,,0,
Default - (not set),Organic Search,/lp/apply-now/,1,-12,1,-11,0,0,0,0
MSLDT,Organic Search,/ambassador/virginia-passamentt/,1,,12,,0,,0,
"Default - business-entrepreneurship,computer-science,engineering,technology",Organic Search,/masters-applied-data-science/classes/,1,,3,,1,,1,
MSLDT,Organic Search,/admissions/,1,0,4,2,0,0,0,0
Default - (not set),Organic Search,/blog/technology/,1,,1,,0,,0,
Default - (not set),Direct,/faculty/brad-palm/,1,,1,,0,,0,
MSNNL,Organic Search,.translate.goog/what-is-a-nurse-administrator/,1,,1,,0,,0,
MSLDT,Organic Search,/ambassador/laurence-vogt-tetaz/,1,,1,,0,,0,
Informatics,Organic Search,/faculty/kathleen-stacy/,1,-1,1,-2,0,0,0,0
MED,Organic Search,/dr-joseph-lathan-lifelong-advocate-for-educators-named-director-of-online-m-ed-at-university-of-san-diego/,1,0,1,-1,0,0,0,0
MED,Organic Search,/online-teaching-strategies/,1,-15,1,-20,0,0,0,0
MSAAI,Direct,/resources/msads-request-program-brochure/,1,0,6,-3,0,0,0,0
MTS,Direct,/faculty/william-short/,1,0,1,0,0,0,0,0
MSNP,Organic Social,/nonprofit-leadership/,1,,1,,0,,0,
MSNNL,Direct,/masters-information-technology-leadership/,1,,2,,0,,0,
MESH,Organic Search,/resources/mesh-information-session-webinar/,1,-4,1,-8,0,-1,0,-0.2
MSAAI,Organic Search,/advisory-board/vitor-carvalho/,1,0,5,4,0,0,0,0
MSAAI,Referral,/masters-cyber-security-engineering/,1,,20,,0,,0,
MSHA,Unknown - ihsa / social,/masters-humanitarian-action/app-waiver/,1,,2,,0,,0,
Default - (not set),Organic Search,/masters-applied-data-science/careers/,1,0,3,-1,1,1,1,1
MED,Organic Search,/faculty/tanner-mizel/,1,,1,,0,,0,
Default - (not set),Direct,/cooperative-learning-strategies/Main,1,,2,,0,,0,
MSLDT,Paid Search,/tuition-financial-aid/tuition/,1,,2,,0,,0,
MSAAI,Referral,/offers/oed-leads/,1,,2,,0,,0,
Default - (not set),Referral,/employer-partnership/eset/,1,,2,,0,,0,
Default - (not set),Unknown - Facebook / cpc,/med/facebook/master-of-education/,1,,2,,0,,0,
CyberOps,Referral,/faculty/michelle-moore/,1,,1,,0,,0,
MED,AI Traffic,/masters-education/specializations/special-ed/,1,0,1,-1,0,0,0,0
MSNP,Paid Search,/donor-management-software/,1,,1,,0,,0,
Default - (not set),Direct,.translate.goog/admissions/how-to-apply/,1,,1,,0,,0,
MSHA,Unknown - ihsa / social,/faculty/casey-myers/,1,,1,,0,,0,
Default - (not set),Direct,/ethical-hacker-career-salary-guide/,1,,5,,0,,0,
MED,Direct,/teaching-license-reciprocity-guide/,1,-6,1,-6,0,0,0,0
MSITL,Organic Search,/msit-vs-mba-degree/,1,-22,1,-26,0,0,0,0
MSNP,Direct,/best-degrees-data-science/,1,,1,,0,,0,
MSAAI,Unknown - linkedin / social,/masters-applied-artificial-intelligence/,1,0,1,-1,0,0,0,0
MSHA,AI Traffic,/masters-humanitarian-action/apply/,1,0,2,2,0,0,0,0
LEPSL,Direct,/masters-law-enforcement-leadership/students-agencies/,1,-4,1,-4,0,0,0,0
MED,Direct,/search/Tuition+for+online+programs+/,1,,1,,0,,0,
Default - (not set),Direct,/education-inequality-and-homework,1,,1,,0,,0,
Default - (not set),Display,/engineering/,1,-15,1,-19,0,0,0,0
MTS,Display,/masters-theological-studies/apply/,1,,1,,0,,0,
MSLDT,Direct,/faculty/david-haigh/,1,0,1,0,0,0,0,0
CyberOps,Organic Social,/10-reasons-to-get-your-masters-degree-in-cyber-security/,1,,1,,0,,0,
MED,Direct,/resources/10-traits-of-successful-school-leaders-thank-you/,1,,1,,1,,1,
MED,Organic Search,/search/homework/,1,,1,,0,,0,
MSLDT,Direct,/about/,1,,4,,0,,0,
LEPSL,Organic Search,/ambassador/melissa-klawuhn/,1,-1,1,-2,0,0,0,0
MSAAI,Direct,/healthcare-informatics-jobs-salary/,1,,5,,0,,0,
MSAAI,Organic Search,/machine-learning-engineer-vs-data-scientist/,1,-6,1,-6,0,0,0,0
MSLDT,Organic Search,/about/state-authorization-status/,1,,5,,0,,0,
EML,Direct,/masters-cyber-security-engineering/apply/,1,,11,,0,,0,
MSITL,Referral,/artificial-intelligence-business/,1,,10,,0,,0,
MSNNL,Paid Search,/what-is-a-nurse-administrator/,1,,1,,0,,0,
MSITL,Organic Search,/computer-science/,1,,5,,0,,0,
MSAAI,Referral,/nlp-engineer-career/,1,-1,1,-4,0,0,0,0
CyberOps,Direct,/masters-cyber-security-operations/student-services/,1,-2,1,-2,0,0,0,0
MSITL,Referral,/sports-analytics-careers/,1,,33,,0,,0,
MTS,Direct,/nonprofit-grant-databases/,1,,11,,0,,0,
MSNP,Paid Search,/masters-humanitarian-action/lp/humanitarian-action/,1,0,3,0,0,0,0,0
MSAAI,Paid Social,/masters-health-informatics/lp/health-informatics-for-nurses/,1,0,5,2,0,0,0,0
Default - engineering,Direct,/data-architect-career/,1,,8,,0,,0,
MSNNL,Paid Search,/masters-nursing-leadership/faculty/,1,,1,,0,,0,
MSNP,Organic Search,/programs/,1,-2,2,-8,0,0,0,0
Informatics,Paid Search,/search/Biostatistics/,1,,1,,0,,0,
MSNP,Paid Social,/masters-nonprofit-leadership-management/apply/,1,,1,,0,,0,
MESH,Organic Social,/sustainability-degree-options/,1,,1,,0,,0,
MESH,Organic Search,/classes/sustainable-water/,1,0,1,0,0,0,0,0
CyberOps,Organic Search,/non-technical-cyber-security-jobs/,1,-3,3,-3,0,0,0,0
Informatics,Organic Social,/what-is-medical-informatics/,1,,1,,0,,0,
LEPSL,Direct,/faculty/ryan-sheehy/,1,0,1,0,0,0,0,0
MED,Referral,/when-teachers-become-learners/,1,,1,,0,,0,
MSNNL,Organic Search,/faculty/sheree-scott/,1,0,1,0,0,0,0,0
MSLDT,Organic Social,/instructional-technology-tools/,1,,1,,0,,0,
CyberOps,Paid Social,/masters-cyber-security-operations/,1,0,1,1,0,0,0,0
MSHA,Direct,/is-homework-necessary/](https:/onlinedegrees.sandiego.edu/is-homework-necessary/,1,,1,,0,,0,
MSLDT,Email,/instructional-design-courses/,1,,1,,0,,0,
Default - (not set),Direct,/masters-education/cybersecurity.sandiego.edu,1,,1,,0,,0,
MSNP,Referral,/masters-nonprofit-leadership-management/lp/ppc/,1,,1,,0,,0,
MED,Direct,.translate.goog/implementing-universal-design-learning/,1,,1,,0,,0,
MSNP,Direct,/masters-law-enforcement-leadership/,1,,13,,0,,0,
LEPSL,Direct,/forms/lepsl-applicant/,1,-7,1,-16,0,-1,0,-0.125
MSNP,Organic Search,/resources/6-nonprofit-careers-ebook/,1,,0,,0,,0,
Default - (not set),Display,/online-programs/,1,,1,,0,,0,
MED,AI Traffic,/best-paying-school-districts-ca-teachers/,1,-3,1,-3,0,0,0,0
MSITL,AI Traffic,/enterprise-it-management-guide/,1,,1,,0,,0,
CyberOps,Email,/best-jobs-in-cyber-security/,1,,1,,0,,0,
EML,Direct,/how-to-become-an-engineering-manager/,1,,1,,0,,0,
MED,Direct,/search/banning+homework/,1,,1,,0,,0,
Default - (not set),Organic Search,/search/examples/,1,,1,,0,,0,
MSLDT,Direct,/computer-science/,1,,2,,0,,0,
Informatics,Organic Search,/future-health-informatics/,1,-1,2,2,0,0,0,0
Default - (not set),Direct,/search/commencement/,1,,1,,0,,0,
MED,Direct,/classes/catholic-school-leadership-optional/,1,,1,,0,,0,
Informatics,Organic Search,/masters-health-informatics/healthcare-leadership-track/,1,-1,1,-1,0,0,0,0
LEPSL,Organic Search,/faculty/todd-oneto/,1,0,2,1,0,0,0,0
MSNP,Direct,/resources/nonprofit-career-landscape-webinar-thank-you/,1,,12,,0,,0,
Informatics,Direct,/advisory-board/kuelbs/,1,0,0,-1,0,0,0,0
Default - (not set),Direct,/faculty/gary-takahashi/,1,,1,,0,,0,
Data Science,Paid Search,/resources/data-science-masters-degree-application-free-guide/,1,0,1,0,0,0,0,0
MSHA,AI Traffic,/human-rights-violation-definition/,1,,1,,0,,0,
Informatics,Direct,/admissions/,1,-4,2,-18,0,-1,0,-0.2
MSAAI,Organic Search,/resources/career-in-ai-webinar/,1,,1,,0,,0,
MSAAI,Direct,/cyber-security-specialist-career-guide/,1,,3,,0,,0,
MED,Organic Search,.translate.goog/teaching-to-every-students-unique-learning-style/,1,-12,1,-19,0,0,0,0
MSNP,Referral,/nonprofit-jobs/,1,,1,,0,,0,
MED,Organic Search,/search/benefits+of+homework/,1,,1,,0,,0,
EML,AI Traffic,/master-of-engineering-management-careers/,1,,1,,0,,0,
MSLDT,Organic Search,/programs/,1,-4,4,-15,0,0,0,0
MTS,Paid Search,/masters-learning-design-technology/lp/study-learning-design-technology/,1,-1,5,-23,0,0,0,0
MTS,Paid Search,/admissions/,1,,14,,0,,0,
MSLDT,Organic Search,/masters-learning-design-technology/lp/osu/,1,,1,,0,,0,