program_category,default_channel,Landing_page,Session,sessions_yoy_difference,Pageview,pageview_yoy_difference,Conversions,conversions_yoy_difference,Conversion_Rate,conversion_rate_yoy_percent_difference
MED,Organic Search,/education-inequity-and-homework/,11453,-15613,13283,-17921,1,-2,0.00008731336767659129,-0.00002352680080046479
MED,Direct,/education-inequity-and-homework/,3349,212,3503,64,0,-1,0,-0.000318775900541919
"scnr_engine_sink_tracer_ee07205faa831b442be8527d2af02c24_2885edc87c5edd0eda424bad5fd18f68""'`--)()\""&",Direct,"831b442be8527d2af02c24_2885edc87c5edd0eda424bad5fd18f68""'`--)()\""&%1'-;%00",1788,,1743,,0,,0,
null,Direct,"c23e2abe9b026b1c89d4db_3524dcd141f9011478d243e2d93ac301""'`--)()\""&%1'-;%00",1704,,1633,,0,,0,
MSAAI,Organic Search,/artificial-intelligence-education/,1589,-12178,1669,-12491,1,-15,0.0006293266205160479,-0.0005328728419667007
MESH,Paid Social,/masters-engineering-sustainability-health/lp/ppc/,1123,1063,1197,1136,47,47,0.041852181656277826,0.041852181656277826
MED,Organic Search,/life-skills-education-in-schools/,984,890,1087,992,2,2,0.0020325203252032522,0.0020325203252032522
MESH,Paid Search,/masters-engineering-sustainability-health/lp/ppc/,864,-102,1156,1,61,21,0.07060185185185185,0.02919398435702783
MSAAI,Organic Search,/artificial-intelligence-business/,843,-2100,827,-2027,0,-1,0,-0.0003397893306150187
BSN,Paid Search,/bachelors-nursing/bachelors-nursing-lp-ppc/,808,,904,,35,,0.043316831683168314,
BSN,Paid Social,/bachelors-nursing/bachelors-nursing-lp-ppc/,662,,708,,39,,0.05891238670694864,
MESH,Organic Search,/high-paying-environmental-jobs/,636,,709,,0,,0,
MSAAI,Direct,/artificial-intelligence-education/,607,-2190,602,-2495,0,-4,0,-0.0014301036825169824
Informatics,Paid Social,/masters-health-informatics/lp/health-informatics-for-nurses/,599,-127,709,-115,31,-22,0.05175292153589316,-0.021249833285043485
MSLDT,Paid Social,/masters-learning-design-technology/lp/instructional-design-for-teachers/,573,,649,,39,,0.06806282722513089,
Informatics,Paid Search,/masters-health-informatics/lp/health-informatics-for-nurses/,546,-163,786,-126,42,-32,0.07692307692307693,-0.027449278507106434
MED,Organic Search,/complete-list-teaching-methods/,531,-1230,575,-1326,8,-14,0.015065913370998116,0.002573011610634687
MSITL,Display,/masters-information-technology-leadership/lp/dyna/,530,528,534,532,1,1,0.0018867924528301887,0.0018867924528301887
Default - (not set),Direct,/,523,,666,,4,,0.0076481835564053535,
CyberOps,Paid Search,/masters-cyber-security-operations/lp/bva-cyber-security-operations-leadership/,495,-437,601,-592,39,-15,0.07878787878787878,0.020847964624788655
MTS,Paid Search,/masters-theological-studies/lp/ppc/,480,-785,617,-1072,31,-49,0.06458333333333334,0.0013422266139657552
MED,Organic Search,/best-masters-degrees-for-teachers/,470,-1473,532,-1652,1,0,0.002127659574468085,0.001612991535353314
MED,Organic Search,/best-paying-school-districts-ca-teachers/,469,-612,492,-623,0,0,0,0
MSNNL,Paid Social,/masters-nursing-leadership/lp/ppc/,459,292,546,369,20,19,0.04357298474945534,0.03758496079735953
MSNP,Paid Search,/masters-nonprofit-leadership-management/lp/ppc/,439,-73,554,-139,29,-4,0.06605922551252848,0.0016061005125284772
MSAAI,Organic Search,/ai-impact-on-job-market/,424,-6015,432,-6291,0,-2,0,-0.00031060723714862557
MSNP,Paid Social,/masters-nonprofit-leadership-management/lp/ppc/,413,342,515,429,53,49,0.12832929782082325,0.07199126965180916
MSNNL,Paid Search,/masters-nursing-leadership/lp/ppc/,405,-224,625,-245,16,14,0.03950617283950617,0.036326522601032404
CyberOps,Organic Search,/top-cyber-security-threats/,401,-3538,1433,-2418,0,0,0,0
CyberOps,Paid Social,/masters-cyber-security-operations/lp/bva-cyber-security-operations-leadership/,400,324,473,391,37,37,0.0925,0.0925
CyberEng,Paid Search,/masters-cyber-security-engineering/lp/cyber-security-engineering/,386,-415,448,-625,25,-34,0.06476683937823834,-0.008891088212273524
MSAAI,Organic Search,/ai-blogs/,380,-674,367,-654,2,2,0.005263157894736842,0.005263157894736842
EML,Paid Search,/masters-engineering-management-leadership/lp/ppc/,378,-444,550,-564,21,-32,0.05555555555555555,-0.008921330089213309
CyberEng,Paid Social,/masters-cyber-security-engineering/lp/cyber-security-engineering/,375,286,413,311,37,36,0.09866666666666667,0.08743071161048689
Informatics,Organic Search,/8-technologies-changing-healthcare/,360,-1327,362,-1412,1,0,0.002777777777777778,0.0021850095501547784
CyberOps,Organic Search,/top-100-cybersecurity-companies/,355,-383,353,-348,1,1,0.0028169014084507044,0.0028169014084507044
CyberOps,Direct,/top-cyber-security-threats/,349,-600,338,-811,0,0,0,0
MSITL,Paid Search,/masters-information-technology-leadership/lp/ppc/,337,-27,513,-43,23,-4,0.06824925816023739,-0.00592656601558679
Informatics,Paid Search,/masters-health-informatics/lp/study-health-informatics/,332,-42,445,-55,28,8,0.08433734939759036,0.03086141356871335
LEPSL,Paid Social,/masters-law-enforcement-leadership/lp/law-enforcement/,324,323,342,341,9,9,0.027777777777777776,0.027777777777777776
MSHA,Organic Search,/humanitarian-careers/,324,-609,346,-659,2,-5,0.006172839506172839,-0.0013298400222301618
Default - (not set),Paid Search,/,322,,453,,2,,0.006211180124223602,
MSHA,Paid Social,/masters-humanitarian-action/lp/humanitarian-action/,318,88,362,53,25,-6,0.07861635220125786,-0.056166256494394315
MTS,Organic Search,/what-is-liturgy/,311,-492,333,-507,0,-2,0,-0.0024906600249066002
MSLDT,Paid Search,/masters-learning-design-technology/lp/study-learning-design-technology/,310,-376,427,-488,24,-17,0.07741935483870968,0.01765259099031318
MSAAI,Organic Search,/artificial-intelligence-jobs/,288,-4046,314,-4219,1,-9,0.003472222222222222,0.0011648848895041788
MED,Organic Search,/teacher-centered-vs-student-centered-learning/,282,-1735,283,-2035,1,-17,0.0035460992907801418,-0.005378045478679452
MED,Referral,/education-inequity-and-homework/,270,-132,302,-173,0,0,0,0
MTS,Organic Search,/serving-god/,265,-2123,280,-2294,0,-11,0,-0.0046063651591289785
MSAAI,Paid Search,/masters-applied-artificial-intelligence/lp/study-artificial-intelligence/,263,-468,387,-656,35,2,0.13307984790874525,0.08793620905785605
Default - (not set),Organic Search,/how-to-become-an-entrepreneur/,256,,265,,0,,0,
MSAAI,Direct,/artificial-intelligence-business/,248,-315,236,-348,0,-1,0,-0.0017761989342806395
MSLDT,Organic Search,/kirkpatrick-training-evaluation-model/,243,-239,238,-180,0,0,0,0
MED,Organic Search,/brain-based-learning/,242,-977,230,-1032,0,-6,0,-0.004922067268252666
Default - (not set),Direct,/employer-partnership/axos/,236,,284,,0,,0,
MSAAI,Direct,/masters-applied-artificial-intelligence/,234,-173,415,-283,6,-5,0.02564102564102564,-0.0013860013860013884
Default - (not set),Organic Search,/,224,,363,,1,,0.004464285714285714,
MED,Direct,/life-skills-education-in-schools/,223,219,211,208,0,0,0,0
LEPSL,Organic Search,/10-innovative-police-technologies/,223,-876,232,-873,0,0,0,0
MSHA,Organic Search,/how-to-become-diplomat/,222,-231,250,-224,0,0,0,0
MSAAI,Referral,/artificial-intelligence-education/,217,-395,282,-405,0,-1,0,-0.0016339869281045752
MSAAI,Organic Search,/application-of-ai-in-robotics/,215,-577,227,-609,0,-1,0,-0.0012626262626262627
MSAAI,Organic Search,/ai-ethicist-career/,212,-649,229,-738,0,-11,0,-0.012775842044134728
Informatics,Direct,/masters-health-informatics/,211,-143,380,-297,4,-5,0.018957345971563982,-0.006466382841995341
MSHA,Organic Search,/human-rights-violation-definition/,211,,218,,0,,0,
MSAAI,Paid Social,/masters-applied-artificial-intelligence/lp/study-artificial-intelligence/,211,85,228,79,6,-2,0.02843601895734597,-0.035056044534717515
MTS,Organic Search,/catholic-charism-comparison/,207,-405,212,-431,0,-2,0,-0.0032679738562091504
MSLDT,Paid Social,/masters-learning-design-technology/lp/study-learning-design-technology/,204,118,204,108,4,1,0.0196078431372549,-0.015275877792977656
MED,Paid Search,/masters-education/lp/online-med/,199,-447,294,-625,15,-24,0.07537688442211055,0.015005367394246766
MSITL,Organic Search,/information-technology-trends/,199,-50,205,-62,0,-1,0,-0.004016064257028112
MED,Organic Search,/cooperative-learning-strategies/,193,-1067,201,-1143,1,0,0.0051813471502590676,0.004387696356608274
CyberEng,Organic Search,/cyber-security-statistics/,190,-246,189,-208,0,0,0,0
MED,Organic Search,/teaching-to-every-students-unique-learning-style/,189,-497,216,-783,1,-3,0.005291005291005291,-0.0005398984990821728
MSLDT,Direct,/addie-model-instructional-design/,189,145,187,142,0,0,0,0
MSAAI,Organic Search,/masters-applied-artificial-intelligence/,188,-444,304,-942,3,-19,0.015957446808510637,-0.018852679773767842
EML,Organic Search,/future-engineering-trends/,187,,197,,0,,0,
Data Science,Display,/masters-applied-data-science/apply/,186,,186,,0,,0,
LEPSL,Direct,/10-innovative-police-technologies/,181,-49,171,-116,0,0,0,0
MTS,Organic Search,/theology-careers/,175,-178,181,-207,0,-3,0,-0.0084985835694051
MSHA,Organic Search,/humanitarian-intervention-success-stories/,172,-398,177,-360,0,-1,0,-0.0017543859649122807
MSLDT,Organic Search,/instructional-design-models/,172,-349,161,-329,0,-2,0,-0.003838771593090211
Informatics,Organic Search,/health-information-technology-jobs-salary/,171,-621,182,-646,1,1,0.005847953216374269,0.005847953216374269
Informatics,Organic Search,/masters-health-informatics/,170,-69,323,-159,5,-3,0.029411764705882353,-0.004061038641397979
MSLDT,Organic Search,/job-aid-examples-template/,169,-152,180,-139,1,0,0.005917159763313609,0.0028018949658058213
LEPSL,Direct,/masters-law-enforcement-leadership/,169,-70,253,-217,7,4,0.04142011834319527,0.028867817087965146
MTS,Paid Social,/masters-theological-studies/lp/ppc/,166,98,170,99,3,2,0.018072289156626505,0.003366406803685329
MED,Organic Search,/effective-educational-leadership/,166,-1215,223,-1706,2,-4,0.012048192771084338,0.00770351500135226
MSAAI,Organic Search,/ai-trainer/,163,-200,188,-234,2,-9,0.012269938650306749,-0.018033091652723557
LEPSL,Organic Search,/police-communication-important-today/,161,-507,165,-568,0,0,0,0
MSAAI,Organic Search,/entry-level-ai-careers/,160,-399,172,-449,0,0,0,0
MED,Organic Search,/careers-masters-curriculum-instruction/,156,88,154,89,0,0,0,0
LEPSL,Organic Search,/masters-law-enforcement-leadership/,154,-62,232,-198,2,0,0.012987012987012988,0.003727753727753729
Default - (not set),Direct,/about/state-authorization-status/,154,,181,,0,,0,
CyberOps,Organic Search,/top-cyber-security-blogs-websites/,154,-1307,147,-1236,0,0,0,0
Informatics,Paid Search,/masters-health-informatics/lp/study-healthcare-analytics/,151,-222,193,-317,9,-16,0.059602649006622516,-0.007421479679704565
MSHA,Organic Search,/theory-of-change/,148,-76,141,-62,1,1,0.006756756756756757,0.006756756756756757
MSHA,Organic Search,/examples-of-social-change/,146,115,158,131,0,0,0,0
MSAAI,Direct,/ai-impact-on-job-market/,146,-600,143,-724,0,0,0,0
MSAAI,Organic Search,/artificial-intelligence-finance/,145,-351,139,-341,0,-2,0,-0.004032258064516129
MED,Organic Search,/rethinking-education-assessment-types/,142,-138,137,-162,0,0,0,0
MSITL,Organic Search,/it-job-titles/,142,-526,143,-491,0,0,0,0
MTS,Direct,/serving-god/,139,-236,139,-302,0,-2,0,-0.005333333333333333
MSITL,Paid Social,/masters-information-technology-leadership/lp/ppc/,139,67,193,110,21,18,0.1510791366906475,0.10941247002398083
MSHA,Organic Search,/logical-framework-approach/,136,-244,116,-265,0,0,0,0
MSLDT,Organic Search,/create-employee-training-program/,134,-719,153,-647,0,-2,0,-0.0023446658851113715
CyberEng,Direct,/masters-cyber-security-engineering/,133,-75,162,-187,1,-7,0.007518796992481203,-0.03094274146905726
MED,Direct,/complete-list-teaching-methods/,131,-243,133,-298,0,-6,0,-0.016042780748663103
MSHA,Organic Search,/international-aid-worker-tips/,130,-295,141,-324,0,-2,0,-0.004705882352941176
MESH,Organic Search,/climate-change-careers/,129,-254,127,-234,0,0,0,0
LEPSL,Organic Search,/what-is-intelligence-led-policing/,127,-265,129,-322,0,-3,0,-0.007653061224489796
MED,Organic Search,/adaptive-curriculum-for-special-education/,127,,134,,0,,0,
Default - (not set),Paid Social,/lp/apply-now/,126,,129,,0,,0,
MSNP,Organic Search,/nonprofit-jobs/,121,47,124,51,0,0,0,0
MSNP,Direct,/masters-nonprofit-leadership-management/,121,-9,200,-53,5,2,0.04132231404958678,0.0182453909726637
MSAAI,Direct,/artificial-intelligence-jobs/,121,-414,129,-436,1,1,0.008264462809917356,0.008264462809917356
CyberOps,Direct,/top-cyber-security-blogs-websites/,119,-227,109,-230,0,-1,0,-0.002890173410404624
MED,Organic Search,/manage-cell-phones-in-class-tips/,118,,125,,0,,0,
MSNP,Organic Search,/best-nonprofit-degrees/,117,-78,129,-97,0,-1,0,-0.005128205128205128
MED,Organic Search,/what-is-educational-technology-definition-examples-impact/,115,-782,126,-871,0,0,0,0
MED,Organic Search,/summer-jobs-teachers/,115,-85,119,-86,0,0,0,0
MED,Organic Search,/teacher-cover-letter-examples/,113,-274,105,-220,0,0,0,0
MED,Direct,/teacher-centered-vs-student-centered-learning/,112,-402,103,-557,0,-6,0,-0.011673151750972763
LEPSL,Paid Search,/masters-law-enforcement-leadership/lp/law-enforcement/,112,102,139,125,8,6,0.07142857142857142,-0.1285714285714286
LEPSL,Organic Search,/women-in-law-enforcement/,111,-502,119,-526,0,0,0,0
MTS,Organic Search,/ministry-careers/,110,-325,125,-322,0,0,0,0
MSHA,Paid Search,/masters-humanitarian-action/lp/humanitarian-action/,110,-489,138,-696,7,-49,0.06363636363636363,-0.02985278494460465
MED,Organic Search,/faculty/joseph-lathan/,109,32,119,35,0,0,0,0
MSLDT,Organic Search,/what-is-instructional-design-examples/,109,-369,114,-367,1,0,0.009174311926605505,0.007082261717400484
MESH,Organic Search,/sustainability-scholarships/,107,-72,107,-73,0,0,0,0
Data Science,Paid Search,/masters-applied-data-science/lp/study-data-science/,107,-500,115,-706,0,-26,0,-0.042833607907743
MED,Direct,/faculty/joseph-lathan/,106,65,135,-42,0,0,0,0
MED,Organic Search,/educational-resources-for-teachers/,105,-333,107,-338,1,1,0.009523809523809525,0.009523809523809525
MSLDT,Direct,/kirkpatrick-training-evaluation-model/,104,-14,109,-1,2,2,0.019230769230769232,0.019230769230769232
MSAAI,Organic Search,/careers-using-python/,104,-360,107,-396,0,0,0,0
Default - (not set),Referral,/employer-partnership/axos/,104,,129,,0,,0,
MSAAI,Direct,/masters-applied-artificial-intelligence/classes/,103,31,119,32,1,0,0.009708737864077669,-0.004180151024811219
Default - (not set),Organic Search,/transformational-leadership/,102,,110,,0,,0,
"Default - business-entrepreneurship,computer-science,technology",Display,/ai-for-teachers/,102,,102,,0,,0,
MED,Direct,/masters-education/,102,-59,232,-119,2,-1,0.0196078431372549,0.0009743027645840938
MESH,Organic Search,/6-best-urban-planning-careers-degree-salary-guide/,101,-237,106,-250,0,0,0,0
Data Science,Organic Search,/sports-analytics-careers/,100,-13,105,-7,0,0,0,0
MED,Organic Search,/steam-education-in-schools/,97,-504,114,-525,0,0,0,0
MED,Organic Search,/per-pupil-education-spending-by-state/,97,21,101,28,0,0,0,0
MTS,Direct,/what-is-liturgy/,97,-118,109,-148,1,1,0.010309278350515464,0.010309278350515464
MED,Organic Search,/masters-education/,96,-130,144,-261,2,-1,0.020833333333333332,0.007558997050147492
null,Direct,/education-inequity-and-homework/,96,,96,,0,,0,
MSAAI,Direct,/masters-applied-artificial-intelligence/apply/,95,25,127,36,15,13,0.15789473684210525,0.12932330827067667
CyberEng,Organic Search,/masters-cyber-security-engineering/lp/cyber-security-engineering/,95,76,100,71,0,0,0,0
MESH,Organic Search,/community-health-degree-jobs/,94,-264,93,-276,0,0,0,0
MED,Direct,/effective-educational-leadership/,92,-114,113,-161,1,-1,0.010869565217391304,0.001160827353313635
MSHA,Organic Search,/types-of-advocacy/,91,,88,,0,,0,
MESH,Direct,/high-paying-environmental-jobs/,90,,93,,0,,0,
CyberOps,Direct,/top-100-cybersecurity-companies/,88,-159,80,-196,0,0,0,0
Informatics,Organic Search,/ai-healthcare/,88,-32,89,-48,0,0,0,0
Data Science,Display,/business-intelligence-certifications/,86,,86,,0,,0,
MTS,Organic Search,/how-to-become-a-catholic-school-teacher/,85,-62,88,-72,0,0,0,0
MED,Direct,/brain-based-learning/,84,-193,76,-239,0,0,0,0
MSHA,Organic Search,/top-humanitarian-degrees/,84,-124,108,-154,1,0,0.011904761904761904,0.007097069597069596
Data Science,Direct,/masters-applied-data-science/,83,-95,103,-188,0,-5,0,-0.028089887640449437
Default - (not set),Direct,/employer-partnership/guidepoint-security-llc/,82,,83,,0,,0,
MSNNL,Paid Search,/masters-nursing-leadership/nursing-educator-track/,81,,137,,2,,0.024691358024691357,
MESH,Organic Search,/ngo-careers/,80,-418,86,-408,0,-4,0,-0.008032128514056224
EML,Direct,/future-engineering-trends/,79,,74,,0,,0,
LEPSL,Organic Search,/what-style-police-leadership-most-effective/,79,-502,76,-587,0,0,0,0
MED,Direct,/best-masters-degrees-for-teachers/,79,-111,80,-152,0,-3,0,-0.015789473684210527
MSLDT,Organic Search,/top-instructional-design-software/,77,-340,74,-366,0,-4,0,-0.009592326139088728
MED,Direct,/what-is-educational-technology-definition-examples-impact/,77,-247,80,-314,0,0,0,0
EML,Organic Search,/senior-engineer-vs-tech-lead-vs-lead-engineer/,77,-530,79,-496,0,-2,0,-0.0032948929159802307
EML,Organic Search,/principal-engineer-vs-senior-engineer/,77,,84,,0,,0,
MSLDT,Organic Search,/addie-model-instructional-design/,76,-135,72,-133,0,0,0,0
MED,Organic Search,/inclusive-education-strategies/,75,-574,85,-649,0,-2,0,-0.0030816640986132513
Informatics,Direct,/8-technologies-changing-healthcare/,73,-98,71,-117,0,0,0,0
MSLDT,Organic Search,/career-changes-for-teachers/,73,-719,71,-768,0,0,0,0
MTS,Organic Search,/how-to-become-a-spiritual-director/,73,,83,,0,,0,
Default - (not set),Direct,/how-to-become-an-entrepreneur/,72,,73,,0,,0,
MED,Direct,/inclusive-education-strategies/,72,-195,74,-233,0,0,0,0
CyberOps,Direct,/masters-cyber-security-operations/,71,-57,102,-175,4,-2,0.056338028169014086,0.009463028169014086
MTS,Paid Social,/masters-theological-studies/lp/mts-ppc/,71,,83,,7,,0.09859154929577464,
LEPSL,Referral,/masters-law-enforcement-leadership/lp/fop/,70,-80,88,-72,4,-3,0.05714285714285714,0.010476190476190472
MED,Organic Search,/co-teaching-models/,70,-137,71,-119,0,0,0,0
Default - (not set),Organic Search,/student-support/office-of-financial-aid-services/,69,-6,72,-13,0,0,0,0
Informatics,Paid Social,/nursing-informatics-vs-health-informatics/,69,68,75,74,0,0,0,0
MSHA,Direct,/examples-of-social-change/,69,59,64,53,0,0,0,0
MSNNL,Direct,/masters-nursing-leadership/,69,5,132,4,0,-7,0,-0.109375
MSAAI,Direct,/ai-blogs/,69,-31,64,-35,0,0,0,0
BSN,Paid Search,/bachelors-nursing/,68,,75,,0,,0,
MSHA,Organic Search,/social-advocacy-definition/,66,,62,,0,,0,
CyberEng,Organic Search,/masters-cyber-security-engineering/,66,-104,75,-278,1,-4,0.015151515151515152,-0.0142602495543672
Default - (not set),Direct,/admissions/,66,,76,,0,,0,
MESH,Organic Search,/career-changes-for-engineers/,65,-89,73,-79,0,0,0,0
MSLDT,Direct,/create-employee-training-program/,65,-161,59,-165,0,0,0,0
MSITL,Direct,/masters-information-technology-leadership/,64,15,81,-45,0,0,0,0
LEPSL,Direct,/masters-law-enforcement-leadership/classes/,63,36,83,45,1,1,0.015873015873015872,0.015873015873015872
MED,Organic Search,/differentiated-instruction/,63,-348,68,-341,0,0,0,0
LEPSL,Organic Search,/top-5-trends-in-law-enforcement/,62,-281,70,-312,0,0,0,0
MTS,Organic Search,/what-is-lay-ministry/,62,-225,68,-236,0,-1,0,-0.003484320557491289
MSAAI,Organic Search,/artificial-intelligence-scholarships/,62,-515,72,-532,3,-6,0.04838709677419355,0.032789176496897186
MSAAI,Organic Search,/artificial-intelligence-courses-and-certifications/,62,-74,66,-67,1,0,0.016129032258064516,0.008776091081593928
MESH,Direct,/masters-engineering-sustainability-health/,61,-8,80,-39,0,-2,0,-0.028985507246376812
MED,Direct,/instructional-leadership/,61,2,61,-1,0,0,0,0
Default - (not set),Direct,/programs/,61,,65,,0,,0,
MSAAI,Direct,/application-of-ai-in-robotics/,60,-134,62,-152,0,0,0,0
MSHA,Direct,/human-rights-violation-definition/,59,,58,,0,,0,
MED,Organic Search,/instructional-leadership/,58,-96,50,-117,0,0,0,0
MSLDT,Direct,/instructional-design-models/,58,-83,59,-85,0,0,0,0
MSNP,Organic Search,/ngo-vs-nonprofit/,58,,52,,0,,0,
MTS,Organic Search,/nature-spirituality/,57,-130,54,-153,0,-1,0,-0.0053475935828877
Informatics,Paid Social,/health-data-analyst/,57,,67,,0,,0,
CyberEng,Direct,/cyber-security-statistics/,56,30,55,34,0,0,0,0
Default - business-entrepreneurship,Organic Search,/best-engineering-software/,56,,57,,0,,0,
Informatics,Paid Social,/masters-health-informatics/lp/study-health-informatics/,56,-23,83,-8,8,6,0.14285714285714285,0.11754068716094032
MSITL,Organic Search,/it-careers-after-help-desk/,56,-180,55,-174,0,0,0,0
MSLDT,Direct,/masters-learning-design-technology/,55,-50,120,-105,0,-3,0,-0.02857142857142857
MSLDT,Organic Search,/learning-objectives-examples/,55,,50,,0,,0,
CyberOps,Organic Search,/ethical-hacker-career-salary-guide/,55,-496,55,-580,0,0,0,0
MESH,Direct,/masters-engineering-sustainability-health/apply/,55,-13,92,-46,0,-5,0,-0.07352941176470588
MTS,Organic Search,/jobs-for-catholics/,55,-105,64,-121,0,-1,0,-0.00625
MSAAI,Organic Search,/best-artificial-intelligence-degrees/,54,-871,57,-988,0,-9,0,-0.00972972972972973
MSAAI,Direct,/ai-ethicist-career/,54,-83,54,-89,0,-1,0,-0.0072992700729927005
MTS,Direct,/masters-theological-studies/,53,-60,103,-105,4,-1,0.07547169811320754,0.031223910502588076
LEPSL,Organic Search,/why-police-officer-education-is-important/,52,-131,55,-125,0,-1,0,-0.00546448087431694
MSNNL,Paid Search,/masters-nursing-leadership/nursing-informatics-track/,52,,101,,2,,0.038461538461538464,
EML,Direct,/masters-engineering-management-leadership/,52,-44,74,-74,1,0,0.019230769230769232,0.008814102564102566
MSNP,Organic Search,/nonprofit-executive-director/,52,26,46,20,0,0,0,0
MESH,Organic Search,/jobs-that-make-difference/,52,-103,54,-103,0,0,0,0
MED,Referral,/brain-based-learning/,52,-34,44,-34,0,0,0,0
Default - (not set),Unknown - tradedesk / dooh,/,51,,51,,0,,0,
MSITL,Organic Search,/technology-degrees/,51,15,50,10,0,0,0,0
MSAAI,Organic Search,/machine-learning-podcast/,51,-106,49,-106,0,0,0,0
MED,Direct,/cooperative-learning-strategies/,50,-106,50,-139,0,0,0,0
MED,Direct,/teaching-to-every-students-unique-learning-style/,50,-58,63,-85,1,0,0.02,0.010740740740740742
MED,Direct,/best-paying-school-districts-ca-teachers/,50,18,50,13,0,0,0,0
Default - (not set),Direct,/tuition-financial-aid/,50,,73,,0,,0,
CyberOps,Direct,/ethical-hacker-career-salary-guide/,49,-85,61,-92,1,1,0.02040816326530612,0.02040816326530612
MESH,Organic Search,/environmental-justice-careers/,49,41,54,48,0,0,0,0
CyberOps,Organic Search,/best-jobs-in-cyber-security/,49,-296,52,-347,0,-1,0,-0.002898550724637681
MSAAI,Referral,/artificial-intelligence-business/,48,-75,45,-67,0,0,0,0
MTS,Organic Search,/why-study-theology/,48,-320,44,-366,0,0,0,0
MSHA,Direct,/humanitarian-careers/,48,-25,48,-30,0,0,0,0
Data Science,Paid Social,/masters-applied-data-science/lp/study-data-science/,48,-13,49,-23,0,-1,0,-0.01639344262295082
Default - (not set),Direct,/employer-partnership/,47,-77,56,-151,3,1,0.06382978723404255,0.04770075497597803
Data Science,Organic Search,/quantitative-analyst-career/,47,-273,45,-276,0,0,0,0
Default - (not set),Direct,/admissions/how-to-apply/,47,,64,,2,,0.0425531914893617,
MED,Organic Search,/master-education-vs-master-arts-teaching/,46,-191,52,-194,0,0,0,0
BSN,Direct,/bachelors-nursing/,46,,51,,1,,0.021739130434782608,
MED,Referral,/complete-list-teaching-methods/,46,-12,39,-51,0,0,0,0
MSNP,Organic Search,/nonprofit-operations-career/,46,,46,,1,,0.021739130434782608,
MSAAI,Direct,/artificial-intelligence-finance/,46,-88,44,-107,0,0,0,0
CyberEng,Direct,/masters-cyber-security-engineering/classes/,46,-69,53,-64,0,0,0,0
EML,Organic Search,/engineering-manager-skills/,46,-86,54,-70,1,1,0.021739130434782608,0.021739130434782608
Informatics,Paid Social,/what-skills-do-you-need-to-work-in-health-care-informatics/,46,43,48,45,0,0,0,0
MSLDT,Organic Search,/instructional-technology-tools/,45,-349,44,-355,1,1,0.022222222222222223,0.022222222222222223
MED,Direct,/steam-education-in-schools/,45,-141,42,-157,0,0,0,0
MTS,Direct,/catholic-charism-comparison/,45,3,44,-7,0,0,0,0
Default - (not set),Direct,/forms/,45,-6,115,-96,5,-5,0.1111111111111111,-0.08496732026143791
EML,Organic Search,/engineering-management-leadership-certifications/,45,-206,49,-229,0,-2,0,-0.00796812749003984
MSAAI,Direct,/ai-trainer/,45,-2,57,5,0,0,0,0
CyberEng,Organic Search,/black-vs-gray-vs-white-hat-hackers/,45,-200,44,-193,0,0,0,0
MTS,Organic Search,/religious-vocational-discernment/,44,-201,42,-221,0,0,0,0
Default - (not set),Organic Search,/bringing-a-product-to-market/,44,,44,,0,,0,
Default - (not set),Organic Search,/programs/,44,,56,,0,,0,
MED,Organic Search,/teach-in-private-or-public-school/,43,39,51,46,0,0,0,0
CyberEng,Direct,/masters-cyber-security-engineering/apply/,43,-2,41,-23,0,-1,0,-0.022222222222222223
MED,Direct,/best-teacher-blogs/,43,-20,66,-4,0,-1,0,-0.015873015873015872
CyberEng,Organic Search,/cyber-security-salary-california/,42,,43,,0,,0,
MSHA,Direct,/masters-humanitarian-action/,42,-8,85,17,0,0,0,0
MSHA,Direct,/theory-of-change/,42,17,40,7,0,0,0,0
MTS,Organic Search,/liturgy-of-the-hours/,42,,40,,0,,0,
MSNP,Organic Search,/grant-writer-career/,41,22,43,25,0,0,0,0
MSLDT,Organic Search,/how-to-become-a-curriculum-designer/,41,-143,49,-171,2,-1,0.04878048780487805,0.03247613997879109
MED,Direct,/rethinking-education-assessment-types/,40,-29,40,-43,0,0,0,0
CyberEng,Organic Search,/cyber-crime-investigator-career/,40,-227,41,-236,0,0,0,0
CyberEng,Organic Search,/cybersecurity-vs-it-degree/,40,-48,42,-46,0,0,0,0
CyberOps,Referral,/top-cyber-security-threats/,39,-100,37,-102,0,0,0,0
MSHA,Direct,/logical-framework-approach/,39,26,32,20,0,0,0,0
MSNP,Organic Search,/public-administration-careers/,39,,38,,0,,0,
MSAAI,Organic Search,/machine-learning-engineer-career/,39,-211,40,-219,0,0,0,0
Data Science,Direct,/masters-applied-data-science/classes/,39,8,45,-5,0,0,0,0
MSITL,Direct,/it-job-titles/,39,1,36,1,0,0,0,0
Default - (not set),Direct,/online-programs/,39,,46,,0,,0,
MTS,Paid Search,/masters-theological-studies/apply/,39,-57,48,-77,0,-3,0,-0.03125
MSHA,Organic Search,/international-affairs-careers/,38,-162,34,-176,0,0,0,0
MESH,Organic Search,/top-degrees-for-social-justice-careers/,38,-57,43,-64,0,0,0,0
MESH,Direct,/,38,26,82,41,0,0,0,0
MTS,Organic Search,/philosophy-degree-jobs/,38,-331,38,-341,0,0,0,0
MTS,Organic Search,/moral-theology/,38,-162,51,-212,1,0,0.02631578947368421,0.021315789473684208
MSAAI,Organic Search,/open-source-ai-tools/,38,12,35,10,1,1,0.02631578947368421,0.02631578947368421
MSITL,Organic Search,/it-organizational-structure/,37,-70,39,-62,0,0,0,0
LEPSL,Direct,/top-5-trends-in-law-enforcement/,37,4,34,-4,0,0,0,0
MTS,Organic Search,/religious-studies-degree-jobs/,37,-126,41,-138,0,0,0,0
MED,Direct,/co-teaching-models/,37,-9,35,-10,0,0,0,0
CyberEng,Organic Search,/network-forensics-tools/,37,-202,31,-190,0,0,0,0
MED,Organic Social,/education-inequity-and-homework/,37,-5,37,-13,0,0,0,0
MED,Referral,/teacher-centered-vs-student-centered-learning/,37,-76,36,-81,0,-2,0,-0.017699115044247787
MED,Organic Search,/bilingual-education/,37,-164,42,-171,2,2,0.05405405405405406,0.05405405405405406
MTS,Organic Search,/how-to-get-more-involved-in-church/,36,-253,42,-264,0,0,0,0
MSLDT,Organic Search,/instructional-design-interview-questions/,36,,36,,0,,0,
Default - (not set),Direct,/tuition-financial-aid/tuition/,36,,38,,0,,0,
MTS,Organic Search,/what-is-ecospirituality/,36,-82,44,-85,0,0,0,0
MESH,Organic Search,/sustainability-degree-options/,36,17,46,25,0,0,0,0
MSLDT,Organic Search,/masters-learning-design-technology/lp/study-learning-design-technology/,36,23,38,6,0,-2,0,-0.15384615384615385
MED,Organic Search,/technology-in-the-classroom/,35,-28,32,-32,0,0,0,0
MSITL,Direct,/information-technology-trends/,35,-1,35,-3,2,2,0.05714285714285714,0.05714285714285714
MSHA,Direct,/how-to-become-diplomat/,35,-8,30,-14,0,0,0,0
MED,Organic Search,/teacher-resume-examples/,35,-972,36,-944,1,-27,0.02857142857142857,0.0007660661086678969
Data Science,Organic Search,/what-is-data-analytics/,35,-82,31,-75,0,0,0,0
Data Science,Organic Search,/data-science-vs-software-engineering/,35,-310,37,-295,0,-1,0,-0.002898550724637681
MSLDT,Organic Search,/masters-learning-design-technology/,35,-56,64,-77,1,1,0.02857142857142857,0.02857142857142857
CyberOps,Direct,/masters-cyber-security-operations/classes/,35,21,39,25,0,0,0,0
LEPSL,Direct,/lepsl-first-student-ryan-opeka/,34,,38,,0,,0,
MED,Direct,/adaptive-curriculum-for-special-education/,34,,33,,0,,0,
MED,Organic Search,/education-specialist/,34,-132,36,-144,0,0,0,0
MESH,Direct,/environmental-justice-careers/,34,30,33,28,0,0,0,0
MED,Referral,/effective-educational-leadership/,34,-51,42,-76,0,-1,0,-0.011764705882352941
MED,Referral,/life-skills-education-in-schools/,33,,31,,0,,0,
MTS,Organic Search,/how-to-regain-your-faith/,33,-194,39,-207,0,0,0,0
MESH,Organic Search,/sustainability-consultant-career/,33,-31,34,-33,0,0,0,0
Default - (not set),Organic Search,/tuition-financial-aid/tuition/,33,,38,,0,,0,
MED,Organic Search,/masters-education-non-teachers-offers-options/,33,-151,48,-181,0,-1,0,-0.005434782608695652
Default - business-entrepreneurship,Organic Search,/top-engineering-leaders/,33,,36,,0,,0,
Informatics,Organic Search,/what-is-health-care-analytics/,33,-145,37,-137,0,0,0,0
CyberEng,Direct,/network-forensics-tools/,33,10,30,6,0,0,0,0
LEPSL,Direct,/women-in-law-enforcement/,33,-74,28,-95,0,0,0,0
MSHA,Direct,/types-of-advocacy/,33,,31,,0,,0,
LEPSL,Direct,/what-style-police-leadership-most-effective/,33,-90,33,-111,0,0,0,0
Default - (not set),Organic Search,/online-programs/,33,,37,,0,,0,
Data Science,Direct,/masters-applied-data-science/apply/,32,-9,34,-7,0,0,0,0
MSLDT,Organic Search,/educational-technology-jobs/,32,-133,33,-131,0,0,0,0
LEPSL,Direct,/police-conflict-management-strategies/,32,5,31,-3,0,0,0,0
MESH,Direct,/ngo-careers/,32,-200,39,-212,0,0,0,0
EML,Organic Search,/masters-engineering-management-leadership/,32,-19,59,-51,0,-4,0,-0.0784313725490196
Informatics,Organic Search,/what-is-health-informatics/,32,-35,33,-35,0,0,0,0
MED,Paid Social,/masters-education/lp/online-med/,31,-60,35,-65,3,2,0.0967741935483871,0.0857851825593761
Informatics,Direct,/health-information-technology-jobs-salary/,31,-5,31,-13,0,0,0,0
MSITL,Display,/technology-degrees/,31,,31,,0,,0,
MED,Organic Search,/what-grade-should-you-teach/,31,,31,,0,,0,
Informatics,Direct,/masters-health-informatics/health-informatics-track/,31,-1,39,-12,0,0,0,0
EML,Paid Social,/masters-engineering-management-leadership/lp/ppc/,31,-12,32,-15,2,1,0.06451612903225806,0.04126031507876969
LEPSL,Email,/lepsl-first-student-ryan-opeka/,31,,34,,0,,0,
MSHA,Direct,/international-aid-worker-tips/,31,4,36,-4,1,1,0.03225806451612903,0.03225806451612903
CyberOps,Organic Search,/cyber-security-information-security-network-security/,31,-278,35,-289,0,-1,0,-0.003236245954692557
MESH,Organic Search,/blog-msph-vs-mph-degree-comparison/,31,-211,35,-204,0,0,0,0
LEPSL,Organic Search,/why-military-vets-should-consider-career-in-criminal-justice/,30,6,35,11,0,0,0,0
MTS,Organic Search,.translate.goog/what-is-liturgy/,30,-70,32,-80,0,0,0,0
EML,Organic Search,/lead-engineer-career/,30,-99,31,-95,0,0,0,0
MSNP,Direct,/nonprofit-jobs/,30,13,32,16,1,1,0.03333333333333333,0.03333333333333333
MSHA,Organic Search,/emergency-management-coordinator-career/,30,-127,34,-140,0,0,0,0
MED,Direct,/manage-cell-phones-in-class-tips/,30,,32,,0,,0,
MED,Direct,/,30,-49,132,-249,0,-2,0,-0.02531645569620253
Data Science,Organic Search,/companies-hiring-data-scientists/,29,1,32,2,0,0,0,0
MESH,Organic Search,/environmental-science-vs-engineering-degree/,29,-114,32,-125,0,0,0,0
MESH,Direct,/masters-engineering-sustainability-health/classes/,29,-10,38,-21,0,0,0,0
Data Science,Organic Search,/coding-salary/,29,-19,30,-21,0,0,0,0
LEPSL,Organic Search,/faculty/wendy-patrick/,29,-58,29,-63,0,0,0,0
MSAAI,Organic Search,/masters-applied-artificial-intelligence/apply/,29,-24,42,-8,6,6,0.20689655172413793,0.20689655172413793
MSNP,Organic Search,/nonprofit-grant-databases/,29,-212,27,-228,0,0,0,0
MSAAI,Direct,/ai-research-scientist-career/,29,-47,38,-51,0,0,0,0
MED,Organic Search,/,29,-71,98,-276,0,-1,0,-0.01
MESH,Organic Search,/best-sustainability-podcasts/,29,-32,24,-29,0,-1,0,-0.01639344262295082
MED,Direct,/educational-resources-for-teachers/,29,-5,35,4,0,0,0,0
MSAAI,Organic Search,/nlp-engineer-career/,29,-191,30,-196,1,-1,0.034482758620689655,0.025391849529780564
MSAAI,Organic Search,/masters-applied-artificial-intelligence/classes/,28,-50,29,-66,0,-3,0,-0.038461538461538464
MSNP,Organic Search,/nonprofit-board-governance/,28,7,27,8,0,0,0,0
LEPSL,Email,/masters-law-enforcement-leadership/,28,-78,34,-86,0,-1,0,-0.009433962264150943
MSITL,Direct,/it-careers-after-help-desk/,28,-49,29,-46,0,0,0,0
MTS,Organic Search,/st-francis-of-assisi-and-franciscan-theology/,28,-188,30,-219,0,-1,0,-0.004629629629629629
MED,Organic Search,/best-teacher-blogs/,28,-274,27,-265,0,-1,0,-0.0033112582781456954
Data Science,Organic Search,/masters-applied-data-science/,28,-96,49,-152,0,-2,0,-0.016129032258064516
MED,Direct,/masters-education/specializations/special-ed/,27,-11,34,-66,0,-3,0,-0.07894736842105263
MSAAI,Referral,/masters-applied-artificial-intelligence/,27,-148,54,-352,1,-7,0.037037037037037035,-0.00867724867724868
MSAAI,Direct,/entry-level-ai-careers/,27,-9,33,-20,0,-1,0,-0.027777777777777776
Informatics,Organic Search,/nurse-leader-vs-nurse-manager/,27,,30,,0,,0,
Default - (not set),Direct,/offers/oed-leads/,27,-73,36,-170,0,0,0,0
MTS,Organic Search,/ways-to-deepen-your-faith/,27,-30,29,-29,0,0,0,0
MSLDT,Organic Search,/top-instructional-design-skills/,27,-29,27,-30,0,0,0,0
MSAAI,Organic Search,/ai-governance/,27,-146,28,-151,0,-2,0,-0.011560693641618497
Informatics,Organic Search,/health-information-management-vs-health-informatics/,27,-96,28,-105,0,0,0,0
MSAAI,Direct,/ethics-in-artificial-intelligence/,27,-19,27,-17,0,0,0,0
CyberOps,Organic Search,/masters-cyber-security-operations/,27,-140,49,-282,0,-6,0,-0.03592814371257485
MSLDT,Direct,/what-is-instructional-design-examples/,27,-41,29,-48,0,0,0,0
Informatics,Paid Search,/masters-health-informatics/,27,-16,33,-45,1,-2,0.037037037037037035,-0.03273040482342808
MSHA,Organic Search,/humanitarian-aid-certificate-courses/,27,-40,35,-30,0,0,0,0
Data Science,Organic Search,/data-communication/,26,-406,24,-491,0,-2,0,-0.004629629629629629
LEPSL,Direct,/masters-law-enforcement-leadership/apply/,26,16,25,18,0,0,0,0
Informatics,Direct,/masters-health-informatics/apply/,26,-7,45,14,3,3,0.11538461538461539,0.11538461538461539
MESH,Organic Search,/sustainability-engineer-career/,26,-75,30,-84,0,-1,0,-0.009900990099009901
LEPSL,Referral,/masters-law-enforcement-leadership/,26,-18,52,-34,0,-2,0,-0.045454545454545456
MSNP,Organic Search,/masters-nonprofit-leadership-management/,26,-37,44,-92,0,-2,0,-0.031746031746031744
MSAAI,Organic Search,/introduction-to-computer-vision/,26,-103,29,-98,0,0,0,0
EML,Direct,/senior-engineer-vs-tech-lead-vs-lead-engineer/,26,3,25,3,0,0,0,0
LEPSL,Direct,/police-communication-important-today/,26,-86,26,-81,0,0,0,0
MSAAI,Direct,/artificial-intelligence-scholarships/,26,-117,28,-140,0,-3,0,-0.02097902097902098
MESH,Paid Search,/masters-engineering-sustainability-health/,25,1,35,-16,0,-1,0,-0.041666666666666664
MSITL,Organic Search,/systems-engineer-career/,25,-120,22,-116,0,0,0,0
Informatics,Organic Search,/what-skills-do-you-need-to-work-in-health-care-informatics/,25,-103,25,-102,0,0,0,0
BSN,Organic Search,/bachelors-nursing/,25,,22,,0,,0,
Default - (not set),Referral,,25,,72,,38,,1.52,
MSLDT,Direct,/top-instructional-design-software/,25,-33,27,-57,0,-1,0,-0.017241379310344827
Informatics,Direct,/masters-health-informatics/classes/,25,7,38,20,0,0,0,0
Informatics,Direct,/what-is-health-care-analytics/,25,3,18,-10,0,0,0,0
Informatics,Organic Search,/masters-health-informatics/apply/,25,-20,26,-33,0,0,0,0
MSHA,Organic Search,/refugee-aid-careers/,25,-70,26,-74,0,0,0,0
CyberEng,Referral,/masters-cyber-security-engineering/,24,13,27,11,2,2,0.08333333333333333,0.08333333333333333
MESH,Direct,/6-best-urban-planning-careers-degree-salary-guide/,24,-2,24,-8,0,0,0,0
MED,Direct,/masters-education/specializations/curriculum-and-instruction/,24,-14,35,-15,0,0,0,0
MTS,Direct,/nature-spirituality/,24,-62,17,-83,0,0,0,0
MED,Organic Search,/masters-education/specializations/steam/,24,-44,26,-101,1,-2,0.041666666666666664,-0.002450980392156868
MSNNL,Paid Search,/masters-nursing-leadership/apply/,24,13,26,15,0,0,0,0
MSAAI,Direct,/resources/msaai-online-artificial-intelligence-self-assessment/,24,,29,,0,,0,
Data Science,Organic Search,/business-analyst-vs-data-analyst-vs-data-scientist/,24,-27,27,-20,0,0,0,0
MSHA,Direct,/humanitarian-intervention-success-stories/,23,-56,21,-67,0,0,0,0
MSLDT,Direct,/job-aid-examples-template/,23,2,22,1,0,0,0,0
MESH,Organic Search,/best-sustainability-certifications/,23,-148,23,-161,0,0,0,0
MSLDT,Organic Search,/instructional-design-portfolio/,23,,23,,0,,0,
Data Science,Organic Search,/career-data-mining/,23,-59,26,-65,0,0,0,0
MED,Referral,/inclusive-education-strategies/,23,-59,18,-58,0,0,0,0
Data Science,Organic Search,/data-scientist-salary-guide/,23,-33,32,-22,0,0,0,0
Data Science,Organic Search,/best-degrees-data-science/,23,-224,23,-240,0,-1,0,-0.004048582995951417
EML,Direct,/chief-engineer-officer-career/,23,2,23,1,0,0,0,0
MSNP,Organic Search,/benefits-of-working-in-nonprofit/,23,-27,23,-25,0,0,0,0
Informatics,Direct,/healthcare/,23,20,33,31,0,0,0,0
Data Science,Organic Search,/business-intelligence-certifications/,23,-87,27,-89,0,0,0,0
MSAAI,Organic Search,/artificial-intelligence-bootcamps/,23,-16,23,-27,0,-1,0,-0.02564102564102564
LEPSL,Email,/resources/law-enforcement-careers-ebook/,23,-35,43,-52,9,-11,0.391304347826087,0.0464767616191904
MSAAI,Organic Search,/ethics-in-artificial-intelligence/,23,-91,21,-94,0,0,0,0
LEPSL,Organic Search,/criminal-justice-masters-degree-comparison/,23,-94,27,-85,0,0,0,0
Default - (not set),Organic Search,/admissions/,23,,29,,0,,0,
MSAAI,Organic Search,/ai-research-scientist-career/,23,-394,23,-490,0,-9,0,-0.02158273381294964
MSLDT,Organic Search,/articulate-vs-captivate/,23,-10,21,-25,0,0,0,0
MTS,Direct,/theology-careers/,22,-3,22,-3,0,0,0,0
MSNNL,Organic Search,/what-is-a-nurse-administrator/,22,,20,,0,,0,
CyberOps,Organic Search,/10-reasons-to-get-your-masters-degree-in-cyber-security/,22,-162,25,-163,0,-1,0,-0.005434782608695652
MSNNL,Direct,/masters-nursing-leadership/classes/,22,13,23,2,0,0,0,0
MTS,Organic Search,/masters-theological-studies/,22,-45,39,-85,0,-1,0,-0.014925373134328358
MED,Direct,/resources/the-complete-list-of-teaching-methods/,22,17,31,24,2,0,0.09090909090909091,-0.3090909090909091
MSAAI,Referral,/artificial-intelligence-finance/,22,7,30,14,0,0,0,0
Informatics,Direct,/masters-health-informatics/health-analytics-track/,22,-8,19,-26,0,0,0,0
Informatics,Organic Search,/,22,-10,70,-33,0,0,0,0
MSAAI,Direct,/introduction-to-computer-vision/,22,-3,21,1,0,0,0,0
Informatics,Organic Search,/do-you-need-health-informatics-certification/,22,-21,20,-26,0,0,0,0
MESH,Direct,/sustainability-scholarships/,22,0,19,0,0,0,0,0
MED,Direct,/blog/education/,22,16,21,16,0,0,0,0
MESH,Direct,/climate-change-careers/,22,-11,20,-13,0,0,0,0
LEPSL,Direct,/masters-law-enforcement-leadership/faculty/,22,11,22,10,0,0,0,0
Informatics,Organic Search,/masters-health-informatics/health-analytics-track/,21,-24,25,-38,1,1,0.047619047619047616,0.047619047619047616
MSLDT,Referral,/instructional-design-models/,21,-8,27,3,2,2,0.09523809523809523,0.09523809523809523
EML,Organic Search,/manage-engineering-team/,21,-21,18,-17,0,0,0,0
LEPSL,Organic Search,/police-conflict-management-strategies/,21,-110,27,-131,0,0,0,0
MSAAI,Direct,/masters-applied-artificial-intelligence/lp/study-artificial-intelligence/,21,6,27,10,1,1,0.047619047619047616,0.047619047619047616
Default - (not set),Direct,/admitted-students/,21,,19,,0,,0,
MSNP,Direct,/masters-nonprofit-leadership-management/classes/,21,-6,28,-15,0,0,0,0
MSITL,Organic Search,/it-career-paths/,21,-121,23,-123,0,0,0,0
MSITL,Organic Search,/it-leadership/,21,-74,19,-77,0,-1,0,-0.010526315789473684
Default - business-entrepreneurship,Direct,/best-engineering-software/,21,,21,,0,,0,
Informatics,Referral,/8-technologies-changing-healthcare/,21,-1817,20,-1931,0,0,0,0
LEPSL,Organic Search,/promoting-women-in-law-enforcement-leadership/,21,-73,25,-78,0,0,0,0
MESH,Organic Search,/community-health-worker-certification/,21,1,27,-1,0,0,0,0
MESH,Organic Search,/environmental-scientist-career/,21,-72,22,-63,0,0,0,0
MSNP,Direct,/,21,5,117,-123,1,1,0.047619047619047616,0.047619047619047616
MED,Direct,/teacher-cover-letter-examples/,21,0,17,-4,0,-2,0,-0.09523809523809523
MESH,Direct,/environmental-scientist-career/,21,-17,23,-23,0,0,0,0
Informatics,Organic Search,/mha-vs-mph-vs-ms-health-informatics/,21,-42,28,-46,0,-1,0,-0.015873015873015872
MSITL,Paid Search,/masters-information-technology-leadership/classes/applied-ai-specialization/,21,,68,,1,,0.047619047619047616,
MESH,Paid Search,/masters-engineering-sustainability-health/apply/,21,6,22,-8,0,0,0,0
Informatics,Organic Search,/big-tech-invest-health-care-innovations-informatics/,21,6,19,-3,0,0,0,0
MSLDT,Organic Search,/instructional-design-best-practices/,20,-109,17,-114,0,-1,0,-0.007751937984496124
MSAAI,Direct,/artificial-intelligence-courses-and-certifications/,20,-35,19,-40,0,0,0,0
MSNP,Direct,/public-administration-careers/,20,,19,,0,,0,
Informatics,Organic Search,/masters-health-informatics/lp/health-informatics-for-nurses/,20,16,32,28,0,0,0,0
MED,Direct,/careers-masters-curriculum-instruction/,20,10,20,8,0,-1,0,-0.1
MED,Organic Search,/grants-for-masters-degree-in-teaching/,20,-39,22,-43,0,0,0,0
MSAAI,Direct,/employer-partnership/axos/,20,,81,,0,,0,
MSAAI,Organic Search,/,20,-24,89,-114,0,-5,0,-0.11363636363636363
MSLDT,Direct,/learning-objectives-examples/,20,,19,,0,,0,
Default - (not set),Organic Search,/how-to-start-a-business/,20,13,18,12,0,0,0,0
MSNP,Organic Search,/donor-management-software/,20,,17,,0,,0,
MSAAI,Referral,/ai-blogs/,20,-72,19,-74,0,0,0,0
Informatics,Paid Search,/healthcare/,20,18,19,15,0,-1,0,-0.5
MESH,Organic Search,/masters-engineering-sustainability-health/lp/ppc/,20,6,24,6,0,0,0,0
Default - (not set),Paid Search,/admissions/how-to-apply/,20,,24,,0,,0,
Informatics,Direct,/education/,20,16,20,16,0,0,0,0
Informatics,Paid Search,/,20,-121,70,-379,0,-2,0,-0.014184397163120567
MTS,Organic Search,/faith-formation/,20,,18,,1,,0.05,
CyberEng,Direct,/cyber-crime-investigator-career/,20,-36,23,-38,0,0,0,0
MESH,Direct,/environmental-planner-career/,19,,18,,0,,0,
MSHA,Organic Search,/what-makes-a-good-humanitarian-important-skills/,19,-67,19,-80,0,-1,0,-0.011627906976744186
"Default - business-entrepreneurship,computer-science,technology",Organic Search,/ai-for-teachers/,19,,17,,0,,0,
MSLDT,Direct,/instructional-technology-tools/,19,-116,21,-136,0,0,0,0
Data Science,Direct,/sports-analytics-careers/,19,4,19,4,0,0,0,0
MED,Direct,/masters-education/specializations/school-leadership/,19,-4,22,-22,0,0,0,0
MED,Organic Search,/can-you-teach-with-a-bachelors-degree/,19,-172,20,-183,0,-1,0,-0.005235602094240838
Default - (not set),Referral,/,19,,27,,8,,0.42105263157894735,
MESH,Organic Search,/environmental-consultant-career/,19,-6,20,0,0,0,0,0
BSN,Direct,/bachelors-nursing/bachelors-nursing-lp-ppc/,19,,23,,0,,0,
MSLDT,Organic Social,/masters-learning-design-technology/,19,,25,,0,,0,
EML,Direct,/engineering-manager-skills/,19,0,17,-9,0,0,0,0
MSITL,Organic Search,/information-systems-vs-information-technology/,19,,18,,0,,0,
MSLDT,Organic Search,/what-is-learning-design/,19,-108,22,-106,0,0,0,0
Default - (not set),Direct,/tuition-financial-aid/additional-funding-options/,19,,15,,0,,0,
MESH,Direct,/best-sustainability-podcasts/,19,15,19,15,0,0,0,0
LEPSL,Organic Search,/criminal-justice/,19,-23,36,-32,0,0,0,0
Default - (not set),Paid Search,/bachelors-nursing/bachelors-nursing-lp-ppc/,19,,68,,4,,0.21052631578947367,
MED,Direct,/differentiated-instruction/,19,-166,20,-152,0,0,0,0
CyberOps,Organic Search,/cybersecurity-jobs-report/,18,-28,19,-28,0,0,0,0
MSAAI,Direct,/careers-using-python/,18,-39,17,-44,0,0,0,0
Informatics,Paid Search,/masters-health-informatics/lp/thank-you/,18,3,19,11,7,6,0.3888888888888889,0.32222222222222224
Informatics,Direct,/,18,-8,71,-17,0,0,0,0
MTS,Display,/masters-theological-studies/lp/dyna/,18,-1186,18,-1279,0,-3,0,-0.0024916943521594683
EML,Direct,/engineering-management-leadership-certifications/,18,-13,17,-15,0,0,0,0
MSLDT,Referral,/masters-learning-design-technology/lp/osu/,18,-4,25,-7,0,-2,0,-0.09090909090909091
EML,Organic Search,/masters-engineering-management-leadership/lp/ppc/,18,4,23,7,0,0,0,0
CyberEng,Organic Search,/cyber-security-vs-software-engineering/,18,,20,,0,,0,
MED,Organic Search,/masters-education/specializations/,18,4,18,-7,0,0,0,0
MESH,Organic Search,/environmental-policy-analyst-career/,18,-74,20,-71,0,0,0,0
Informatics,Paid Social,/masters-health-informatics/lp/request-info/,18,-5,19,-5,0,0,0,0
MTS,Organic Search,/franciscan-theology-reading-list/,18,,19,,0,,0,
MESH,Organic Search,/masters-engineering-sustainability-health/classes/,18,-44,21,-113,0,-1,0,-0.016129032258064516
MESH,Organic Search,/environmental-planner-career/,18,,27,,0,,0,
MSLDT,Referral,/addie-model-instructional-design/,18,8,16,10,0,0,0,0
MSNP,Organic Search,/business-masters-degrees-types/,18,-23,20,-22,0,0,0,0
MTS,Organic Search,.translate.goog/serving-god/,18,-98,18,-109,0,0,0,0
MSAAI,Paid Search,/masters-applied-artificial-intelligence/,18,-78,33,-161,0,-7,0,-0.07291666666666667
Default - (not set),Direct,,18,-14,19,-49,0,0,0,0
MSAAI,Direct,/resources/free-ms-aai-program-brochure/,18,10,35,20,2,0,0.1111111111111111,-0.1388888888888889
MED,Organic Search,/teacher-salaries-analysis/,18,-69,21,-66,0,0,0,0
CyberEng,Paid Search,/masters-cyber-security-engineering/,18,-16,19,-23,0,0,0,0
CyberOps,Direct,/faculty/michelle-moore/,18,10,24,10,0,0,0,0
MSNP,Direct,/best-nonprofit-degrees/,18,2,19,-2,0,0,0,0
Informatics,Direct,/what-skills-do-you-need-to-work-in-health-care-informatics/,17,-13,19,-9,0,0,0,0
Default - (not set),Direct,/campus-programs/,17,,18,,0,,0,
LEPSL,Organic Search,/risk-management-in-law-enforcement/,17,-59,14,-59,0,0,0,0
CyberEng,Organic Search,/masters-cyber-security-engineering/classes/,17,-17,13,-19,0,0,0,0
MSNP,Organic Search,/nonprofit-fundraising-ideas/,17,,14,,0,,0,
MSAAI,Organic Search,/data-scientist-vs-artificial-intelligence-engineer/,17,-282,16,-283,0,0,0,0
MED,Organic Search,/edutainment/,17,-33,18,-35,0,0,0,0
MSLDT,Organic Search,/instructional-design-vs-learning-experience-design/,17,-22,15,-18,0,0,0,0
Default - (not set),Direct,/events/,17,14,20,16,0,0,0,0
LEPSL,Organic Search,/masters-law-enforcement-leadership/classes/,17,-23,20,-67,0,-2,0,-0.05
Default - (not set),Organic Search,/usd-online-alumni/,17,15,16,15,0,0,0,0
MED,Direct,/masters-education/specializations/,17,1,28,12,0,0,0,0
MESH,Organic Search,/climate-change-analyst-career/,17,-114,19,-111,0,0,0,0
MSNNL,Organic Search,/masters-nursing-leadership/,17,-1,37,-12,0,0,0,0
LEPSL,Organic Search,/masters-law-enforcement-leadership/lp/criminal-justice/,17,-7,24,-14,1,1,0.058823529411764705,0.058823529411764705
Default - (not set),Paid Search,/tuition-financial-aid/tuition/,17,,16,,0,,0,
Informatics,Organic Search,/masters-health-informatics/classes/,17,5,46,31,0,0,0,0
Informatics,Email,/masters-health-informatics/,17,5,26,7,0,0,0,0
MSITL,Organic Search,/masters-information-technology-leadership/,17,-15,24,-63,1,-5,0.058823529411764705,-0.12867647058823528
MED,Organic Search,/masters-education/specializations/curriculum-and-instruction/,16,-4,20,-5,0,0,0,0
MED,Organic Search,/faculty/reyes-quezada/,16,,18,,0,,0,
MSLDT,Organic Search,/instructional-technologist-career/,16,-9,14,-14,0,0,0,0
MSHA,Organic Search,/masters-humanitarian-action/,16,-21,18,-38,0,-1,0,-0.02702702702702703
MSNP,Referral,/masters-nonprofit-leadership-management/,16,-5,47,2,3,2,0.1875,0.13988095238095238
CyberOps,Direct,/masters-cyber-security-operations/lp/bva-cyber-security-operations-leadership/,16,3,14,-1,0,0,0,0
MSNNL,Organic Search,/nursing-leadership-roles/,16,,18,,0,,0,
MSNP,Paid Search,/masters-nonprofit-leadership-management/,16,-5,20,-13,1,1,0.0625,0.0625
MTS,Direct,/religious-vocational-discernment/,16,-13,19,-13,0,0,0,0
MSNNL,Direct,/masters-nursing-leadership/nursing-educator-track/,16,,20,,0,,0,
MTS,Organic Search,/theology-degree-salary/,16,-29,17,-30,0,0,0,0
LEPSL,Organic Search,/police-promotion/,16,-25,16,-27,0,0,0,0
MTS,Direct,/philosophy-degree-jobs/,16,-37,27,-29,0,0,0,0
Default - (not set),Direct,/admissions/international-students/,16,,20,,0,,0,
MED,Referral,/steam-education-in-schools/,16,-13,16,-14,0,0,0,0
CyberOps,Referral,/top-100-cybersecurity-companies/,16,-37,20,-38,0,0,0,0
Data Science,Direct,/quantitative-analyst-career/,16,-36,24,-37,0,0,0,0
MTS,Direct,/liturgy-of-the-hours/,16,,18,,0,,0,
MED,Direct,/teacher-resume-examples/,16,-61,16,-63,2,-6,0.125,0.021103896103896097
MSAAI,Organic Search,/artificial-intelligence-developer-career/,16,-107,15,-130,0,0,0,0
MESH,Paid Search,/masters-engineering-sustainability-health/classes/,16,3,28,16,0,0,0,0
MED,Organic Search,/masters-in-special-education-careers/,16,-61,18,-65,0,0,0,0
MTS,Direct,/moral-theology/,16,-31,15,-50,0,0,0,0
MSNNL,Paid Search,/masters-nursing-leadership/,15,11,34,33,0,0,0,0
MSNP,Organic Search,/masters-nonprofit-leadership-management/classes/,15,9,18,7,0,0,0,0
MED,Organic Search,/masters-in-education-requirements/,15,-29,22,-31,0,0,0,0
CyberOps,Organic Search,/entry-level-cyber-security-jobs-guide/,15,-155,15,-180,0,-2,0,-0.011764705882352941
Default - (not set),Paid Search,/programs/,15,,15,,0,,0,
Informatics,Referral,/masters-health-informatics/,15,6,27,12,2,2,0.13333333333333333,0.13333333333333333
MSLDT,Paid Social,/masters-learning-design-technology/lp/thank-you/,15,,16,,12,,0.8,
MESH,Organic Search,/social-justice-careers/,15,-47,13,-50,0,0,0,0
MSITL,Direct,/it-career-paths/,15,0,15,-1,0,0,0,0
MSAAI,Direct,/machine-learning-podcast/,15,-8,19,-3,0,0,0,0
MTS,Direct,/why-study-theology/,15,-42,17,-42,0,0,0,0
MTS,Paid Search,/masters-theological-studies/,15,-32,21,-43,0,0,0,0
Default - (not set),Referral,/about/state-authorization-status/,15,,15,,0,,0,
Informatics,Organic Social,/nursing-informatics-vs-health-informatics/,15,2,14,-1,0,0,0,0
LEPSL,Organic Search,/gordon-graham-risk-management-reading-list/,15,-20,14,-38,0,0,0,0
MSAAI,Direct,/ai-governance/,15,-17,15,-20,0,0,0,0
MSLDT,Organic Search,/learning-experience-design/,15,-72,16,-86,2,1,0.13333333333333333,0.12183908045977011
CyberEng,Organic Search,/should-you-become-a-cyber-security-engineer/,15,-227,15,-247,0,-3,0,-0.012396694214876033
Data Science,Organic Search,/how-to-become-a-computer-scientist-salary-career-guide/,15,-76,14,-96,0,0,0,0
Default - (not set),Organic Search,/student-support/one-stop-student-center/,15,,17,,0,,0,
LEPSL,Direct,/what-is-intelligence-led-policing/,15,-36,18,-42,0,0,0,0
MSITL,Organic Search,/masters-in-information-technology-salary/,15,-57,17,-67,0,0,0,0
Default - engineering,Organic Search,/research-and-development-manager-career-guide/,15,,18,,0,,0,
MSHA,Referral,/humanitarian-intervention-success-stories/,15,-17,13,-22,0,0,0,0
CyberOps,Direct,/masters-cyber-security-operations/testimonials/,15,14,19,18,0,0,0,0
MESH,Organic Search,/masters-engineering-sustainability-health/,15,-11,24,-23,1,1,0.06666666666666667,0.06666666666666667
EML,Direct,/masters-engineering-management-leadership/lp/ppc/,15,-3,20,-20,2,2,0.13333333333333333,0.13333333333333333
MSITL,Organic Search,/it-management-leadership-certifications/,14,-70,14,-71,0,0,0,0
MTS,Organic Search,/theological-education/,14,-118,15,-175,0,-2,0,-0.015151515151515152
Data Science,Organic Search,/best-computer-science-jobs/,14,-90,14,-93,0,0,0,0
MSLDT,Direct,/resources/things-to-know-about-careers-in-instructional-design/,14,11,13,8,0,-1,0,-0.3333333333333333
MSHA,Direct,/masters-humanitarian-action/classes/,14,-6,17,-19,0,0,0,0
MED,Organic Search,/teacher-salary-by-state-since-2000/,14,7,14,7,0,0,0,0
Default - (not set),Direct,/contact-us/,14,,18,,0,,0,
Default - (not set),Email,/employer-partnership/,14,12,16,6,2,2,0.14285714285714285,0.14285714285714285
Data Science,Referral,/business-intelligence-certifications/,14,2,14,2,0,0,0,0
CyberEng,Organic Search,/cyber-threat-intelligence-analyst/,14,-139,13,-130,0,0,0,0
EML,Organic Search,/engineering-masters-degrees/,14,-54,17,-53,0,0,0,0
MED,Organic Search,/how-to-become-teacher-in-california/,14,1,18,2,0,0,0,0
LEPSL,Organic Search,/police-officer-wellness-programs/,14,-17,13,-9,0,0,0,0
MTS,Referral,/masters-theological-studies/,14,-72,21,-271,1,-7,0.07142857142857142,-0.021594684385382062
CyberOps,Organic Search,/data-protection-officer-career-guide/,14,-70,13,-75,0,-2,0,-0.023809523809523808
Informatics,Organic Search,/health-information-technology-terminology/,14,-16,14,-18,0,0,0,0
EML,Organic Search,/engineering-management-masters-worth-it/,14,-30,11,-38,0,0,0,0
CyberOps,Organic Search,/ceh-certification/,14,-184,14,-187,0,0,0,0
Informatics,Organic Search,/5-exciting-health-care-informatics-projects/,14,-52,25,-48,0,0,0,0
MED,Direct,/per-pupil-education-spending-by-state/,14,12,14,12,0,0,0,0
Informatics,Organic Search,/masters-health-informatics/health-informatics-track/,14,-4,31,1,0,0,0,0
Default - (not set),Paid Search,/online-programs/,14,,12,,0,,0,
MESH,Referral,/masters-engineering-sustainability-health/,14,-12,28,-27,0,0,0,0
MED,Organic Search,/blog/education/,14,6,24,22,0,0,0,0
Default - (not set),Direct,/transformational-leadership/,14,,9,,0,,0,
Default - (not set),Organic Search,/admitted-students/,14,,19,,0,,0,
MSAAI,Direct,/,14,-35,69,-184,0,0,0,0
MSITL,Organic Search,/how-to-become-a-site-reliability-engineer/,14,-45,11,-43,0,0,0,0
EML,Paid Search,/masters-engineering-management-leadership/curriculum/,14,6,13,8,0,0,0,0
MESH,Direct,/best-sustainability-certifications/,14,-21,14,-13,0,0,0,0
MSLDT,Direct,/instructional-design-portfolio/,14,,14,,0,,0,
Default - (not set),Referral,/admitted-students/,14,,12,,0,,0,
LEPSL,Referral,/10-innovative-police-technologies/,14,-23,14,-19,0,0,0,0
MSAAI,Organic Search,.translate.goog/artificial-intelligence-education/,13,-123,13,-137,0,0,0,0
Default - (not set),Direct,/humanitarian-nonprofit/,13,10,15,13,0,0,0,0
MTS,Direct,/what-is-lay-ministry/,13,-35,13,-38,0,0,0,0
MSAAI,Referral,/masters-applied-artificial-intelligence/apply/,13,3,11,4,0,0,0,0
MTS,Paid Search,/masters-theological-studies/classes/,13,-18,21,-45,1,-2,0.07692307692307693,-0.019851116625310167
MED,Organic Search,/online-teaching-certification-licensure-programs/,13,-8,22,-26,0,0,0,0
MED,Direct,/masters-education/specializations/steam/,13,-19,14,-43,0,-1,0,-0.03125
LEPSL,Organic Search,/best-degrees-federal-law-enforcement-jobs/,13,-77,28,-77,0,-4,0,-0.044444444444444446
MSHA,Direct,/social-advocacy-definition/,13,,14,,0,,0,
LEPSL,Paid Search,/masters-law-enforcement-leadership/,13,0,10,-11,0,0,0,0
Default - (not set),Direct,/business-entrepreneurship/,13,10,14,12,0,0,0,0
MSNNL,Direct,/what-is-a-nurse-administrator/,13,,14,,0,,0,
CyberOps,Organic Search,/cyber-security-architect/,13,-82,13,-86,0,0,0,0
MTS,Email,/masters-theological-studies/lp/dyna/,13,-621,13,-649,0,-4,0,-0.006309148264984227
MSNNL,Direct,/masters-nursing-leadership/apply/,13,10,16,13,0,-1,0,-0.3333333333333333
MSITL,Direct,/resources/free-itl-program-brochure/,13,7,20,10,1,1,0.07692307692307693,0.07692307692307693
MSAAI,Organic Search,/top-artificial-intelligence-companies-startups/,13,-26,12,-21,0,0,0,0
MSHA,Referral,/masters-humanitarian-action/,13,0,24,7,1,1,0.07692307692307693,0.07692307692307693
LEPSL,Organic Search,/law-enforcement-salaries-spike-with-a-masters-degree/,13,-15,13,-19,0,0,0,0
MSAAI,Direct,/open-source-ai-tools/,13,6,14,7,0,0,0,0
CyberOps,Paid Search,/masters-cyber-security-engineering/lp/cyber-security-engineering/,13,1,47,-2,9,9,0.6923076923076923,0.6923076923076923
MSAAI,Direct,/data-scientist-vs-artificial-intelligence-engineer/,13,-20,13,-23,0,0,0,0
CyberOps,Organic Search,/chief-privacy-officer-career-guide/,13,-37,12,-43,0,0,0,0
MSLDT,Direct,/articulate-vs-captivate/,13,7,12,-1,0,0,0,0
MESH,Direct,/jobs-that-make-difference/,13,-1,15,3,0,0,0,0
MED,Organic Search,/faculty/kimberly-white-smith/,13,7,13,5,0,0,0,0
MSNP,Direct,/masters-nonprofit-leadership-management/apply/,13,-16,24,-9,0,0,0,0
CyberEng,Direct,/faculty/haydar-majeed/,13,7,12,7,0,0,0,0
MSAAI,Unknown - chatgpt.com / (not set),/artificial-intelligence-education/,13,11,13,11,0,0,0,0
Default - (not set),Organic Search,/employer-partnership/,13,12,13,11,0,0,0,0
MSAAI,Organic Social,/artificial-intelligence-education/,13,-86,13,-89,0,0,0,0
Data Science,Organic Search,/13-essential-data-science-textbooks/,13,-27,14,-25,0,0,0,0
MSHA,Direct,/international-affairs-careers/,13,-9,14,-7,0,0,0,0
MSAAI,Organic Search,/study-artificial-intelligence-degree/,13,-4,12,-9,0,-1,0,-0.058823529411764705
MTS,Organic Search,/,13,-1,147,55,0,0,0,0
MSNNL,Paid Search,/masters-nursing-leadership/classes/,13,5,13,7,0,0,0,0
MSAAI,Direct,/best-artificial-intelligence-degrees/,13,-96,13,-126,0,0,0,0
Informatics,Organic Search,/health-informatics-job-description-explained/,13,-13,10,-14,0,0,0,0
MTS,Direct,/how-to-become-a-spiritual-director/,13,,16,,0,,0,
MSAAI,Organic Search,/how-to-start-career-artificial-intelligence/,13,-470,14,-473,0,0,0,0
MSAAI,Referral,/ai-impact-on-job-market/,12,-91,10,-97,0,0,0,0
MSNNL,Referral,/masters-nursing-leadership/lp/dyna/,12,,25,,0,,0,
MTS,Direct,/religious-studies-degree-jobs/,12,-1,12,-2,0,0,0,0
MESH,Organic Search,/environmental-studies-vs-environmental-science-degree/,12,-77,13,-70,0,0,0,0
EML,Paid Search,/masters-engineering-management-leadership/,12,-9,21,1,2,1,0.16666666666666666,0.11904761904761904
LEPSL,Organic Search,/masters-law-enforcement-leadership/faculty/,12,-4,18,0,0,0,0,0
LEPSL,Organic Search,/faculty/ygnacio-nash-flores/,12,-5,12,-4,0,0,0,0
MED,Direct,/mental-health-issues-in-schools/,12,-259,11,-261,0,0,0,0
MSAAI,Organic Search,/business-intelligence-analyst-career/,12,-11,10,-9,0,0,0,0
CyberOps,Organic Search,/top-paying-cybersecurity-jobs/,12,-660,15,-712,0,0,0,0
Default - (not set),Email,/admitted-students/,12,,12,,0,,0,
Informatics,Direct,/health-informatics-impact-covid-19/,12,8,11,7,0,0,0,0
Informatics,Organic Search,/what-is-clinical-informatics/,12,-19,10,-21,0,0,0,0
CyberOps,Organic Search,/cyber-security-specialist-career-guide/,12,-44,12,-44,0,0,0,0
MSLDT,Paid Social,/masters-learning-design-technology/,12,,12,,0,,0,
MSITL,Direct,/how-to-become-a-site-reliability-engineer/,12,0,12,0,0,0,0,0
EML,Organic Search,/masters-engineering-management-leadership/curriculum/,12,0,17,-6,0,0,0,0
LEPSL,Organic Search,/how-to-become-a-police-lieutenant/,12,-35,12,-43,0,0,0,0
MSAAI,Paid Search,/masters-applied-artificial-intelligence/classes/,12,-56,5,-47,0,-2,0,-0.029411764705882353
Default - (not set),Organic Search,/tuition-financial-aid/,12,,20,,1,,0.08333333333333333,
LEPSL,Organic Search,/best-police-leadership-books/,12,-40,13,-44,0,0,0,0
CyberEng,Organic Search,/what-is-cyberwarfare/,12,-37,11,-36,0,0,0,0
CyberOps,Direct,/cyber-security-information-security-network-security/,12,-26,13,-33,0,0,0,0
Default - (not set),Organic Search,/admissions/how-to-apply/,12,,10,,0,,0,
CyberEng,Organic Search,/chief-risk-officer/,12,-10,9,-10,0,0,0,0
MSAAI,Organic Search,/ethics-in-ai/,12,-76,9,-89,0,0,0,0
MSAAI,Direct,/artificial-intelligence-salary-guide/,12,-13,13,-12,0,0,0,0
MTS,Direct,/masters-theological-studies/classes/,12,-22,12,-30,0,-1,0,-0.029411764705882353
MSNNL,Direct,/masters-nursing-leadership/nursing-informatics-track/,12,,12,,0,,0,
MTS,Organic Search,/minimalist-catholic/,12,-82,14,-93,0,0,0,0
MSITL,Direct,/it-organizational-structure/,12,-4,11,-5,0,0,0,0
MSLDT,Referral,/instructional-design-best-practices/,12,-14,9,-10,0,0,0,0
CyberOps,Referral,/top-cyber-security-blogs-websites/,12,-96,12,-99,0,0,0,0
MSAAI,Display,/masters-applied-artificial-intelligence/lp/study-artificial-intelligence/,12,11,12,11,0,0,0,0
Data Science,Referral,/masters-applied-data-science/,12,-68,20,-152,0,-4,0,-0.05
MSAAI,Paid Search,/,12,-17,75,-103,2,1,0.16666666666666666,0.13218390804597702
Informatics,Unknown - Data Not Available / Data Not Available,/masters-health-informatics/lp/health-informatics-for-nurses/,12,-1,22,-4,0,-4,0,-0.3076923076923077
MED,Organic Search,/masters-education/specializations/special-ed/,12,-27,11,-45,0,-1,0,-0.02564102564102564
MSLDT,Direct,/,12,-3,88,-51,0,-1,0,-0.06666666666666667
MSAAI,Direct,/machine-learning-engineer-career/,12,-17,12,-20,0,0,0,0
MTS,Direct,/ways-to-deepen-your-faith/,12,4,12,3,0,0,0,0
MED,Direct,/summer-jobs-teachers/,12,4,12,4,0,0,0,0
MSLDT,Direct,/ai-instructional-design/,12,1,6,-6,0,0,0,0
MED,Referral,/differentiated-instruction/,12,-5,19,5,0,0,0,0
MED,Organic Search,/mental-health-issues-in-schools/,12,-253,17,-260,0,0,0,0
Informatics,Direct,/healthcare-informatics-jobs-salary/,11,-25,13,-36,0,0,0,0
MSNP,Direct,/masters-nonprofit-leadership-management/lp/ppc/,11,5,9,-8,1,1,0.09090909090909091,0.09090909090909091
Default - (not set),Paid Search,/leadership-management/,11,10,11,10,0,0,0,0
MSLDT,Direct,/masters-learning-design-technology/classes/,11,-3,19,4,0,0,0,0
MSNP,Direct,/ngo-vs-nonprofit/,11,,11,,0,,0,
CyberEng,Direct,/black-vs-gray-vs-white-hat-hackers/,11,-43,9,-50,0,0,0,0
MESH,Referral,/environmental-consultant-career/,11,9,9,7,0,0,0,0
LEPSL,Organic Social,/masters-law-enforcement-leadership/,11,0,9,-8,0,-1,0,-0.09090909090909091
MSAAI,Organic Search,/masters-applied-artificial-intelligence/faculty/,11,-5,31,1,0,0,0,0
Data Science,Direct,/data-communication/,11,-88,11,-111,0,0,0,0
MSAAI,Referral,/employer-partnership/axos/,11,,42,,0,,0,
MTS,Direct,/ministry-careers/,11,-18,11,-16,0,0,0,0
MSLDT,Organic Search,/ai-instructional-design/,11,-48,16,-44,0,0,0,0
MESH,Paid Search,/,11,-26,60,-163,0,-2,0,-0.05405405405405406
CyberOps,Organic Social,/cyber-security-information-security-network-security/,11,10,11,10,0,0,0,0
CyberOps,Referral,/cyber-security-podcasts/,11,,8,,0,,0,
Informatics,Referral,/health-informatics-impact-covid-19/,11,,11,,0,,0,
CyberOps,Direct,/top-paying-cybersecurity-jobs/,11,-62,15,-60,0,0,0,0
MTS,Organic Search,/biblical-studies-theology/,11,-45,11,-44,0,0,0,0
MSNP,Organic Search,/nonprofit-leadership/,11,-74,8,-75,0,-1,0,-0.011764705882352941
Data Science,Organic Search,/data-warehouse-engineer/,11,-31,12,-33,0,0,0,0
MSLDT,Direct,/career-changes-for-teachers/,11,-33,11,-40,0,0,0,0
Default - (not set),Organic Search,/disruptive-innovation-examples/,11,,11,,0,,0,
Default - (not set),Organic Search,/mba-interview-questions/,11,-60,9,-58,0,0,0,0
MED,Organic Search,/professional-development-options-for-teachers-at-usd/,11,-6,14,-10,0,0,0,0
MSLDT,Organic Search,.translate.goog/what-is-instructional-design-examples/,11,-20,14,-17,0,0,0,0
Default - (not set),Direct,/masters-cyber-security-engineering/,11,,63,,0,,0,
MTS,Organic Search,/incorporate-faith-in-career/,11,-34,14,-31,0,0,0,0
Data Science,Organic Search,/data-science-vs-statistics/,11,,12,,0,,0,
MSHA,Direct,/emergency-management-coordinator-career/,11,8,11,7,0,0,0,0
MSAAI,Organic Search,.translate.goog/ai-impact-on-job-market/,11,-25,11,-34,0,0,0,0
CyberOps,Direct,/best-jobs-in-cyber-security/,11,-156,11,-190,0,0,0,0
MTS,Direct,/masters-theological-studies/apply/,11,-6,10,-19,1,0,0.09090909090909091,0.03208556149732621
EML,Organic Search,/chief-engineer-officer-career/,11,-135,11,-132,0,0,0,0
Data Science,Direct,/resources/msads-request-program-brochure/,11,5,15,5,1,1,0.09090909090909091,0.09090909090909091
CyberOps,Organic Search,/cyber-security-scholarships/,11,-28,11,-52,0,-1,0,-0.02564102564102564
Default - (not set),Direct,/gfembed/,11,8,11,3,0,0,0,0
MESH,Direct,/environmental-science-vs-engineering-degree/,11,-9,12,-6,0,0,0,0
MSAAI,Direct,/masters-applied-artificial-intelligence/faculty/,11,-17,10,-50,0,-1,0,-0.03571428571428571
LEPSL,Direct,/faculty/erik-fritsvold/,11,-2,12,-3,0,0,0,0
Default - (not set),Direct,/leadership-management/,11,9,16,15,0,0,0,0
MESH,Direct,/sustainability-engineer-career/,11,-1,15,4,0,0,0,0
EML,Organic Search,/engineering-manager-vs-tech-lead/,11,-59,11,-59,0,0,0,0
CyberEng,Direct,/should-you-become-a-cyber-security-engineer/,11,-27,11,-29,0,0,0,0
MESH,Direct,/community-health-degree-jobs/,11,-15,11,-17,0,0,0,0
MTS,Email,/masters-theological-studies/,11,8,13,6,0,0,0,0
Default - (not set),Direct,/about/,11,4,15,8,0,0,0,0
MSNP,Direct,/donor-management-software/,10,,10,,0,,0,
MSITL,Paid Search,/masters-information-technology-leadership/,10,-1,13,-5,0,0,0,0
MSAAI,Organic Social,/masters-applied-artificial-intelligence/,10,-9,11,-12,0,0,0,0
MESH,Unknown - Data Not Available / Data Not Available,/masters-engineering-sustainability-health/lp/ppc/,10,-21,26,-35,2,2,0.2,0.2
MSLDT,Direct,/masters-learning-design-technology/apply/,10,-1,13,3,0,0,0,0
Default - (not set),Direct,/tuition-financial-aid/financial-aid/,10,-3,9,-4,0,0,0,0
Default - (not set),Paid Social,/,10,,10,,0,,0,
MSNP,Direct,/nonprofit-grant-databases/,10,-21,10,-16,0,0,0,0
CyberOps,Referral,/malware-analyst-career-guide/,10,-7,11,-7,0,0,0,0
Default - (not set),Organic Search,/admissions/military-veterans/,10,-19,12,-26,0,0,0,0
MSAAI,Referral,/artificial-intelligence-jobs/,10,-24,8,-27,0,-1,0,-0.029411764705882353
MTS,Organic Search,/faculty/darleen-pryds/,10,7,10,5,0,0,0,0
MED,Direct,/bilingual-education/,10,-28,14,-25,0,0,0,0
MSITL,Direct,/masters-information-technology-leadership/classes/applied-ai-specialization/,10,,14,,1,,0.1,
MSHA,Organic Search,/masters-humanitarian-action/lp/humanitarian-action/,10,-20,14,-16,1,1,0.1,0.1
MSAAI,Direct,/nlp-engineer-career/,10,-6,9,-8,0,0,0,0
Default - (not set),Organic Search,/forms/,10,8,24,19,0,-1,0,-0.5
MSNP,Direct,/nonprofit-operations-career/,10,,13,,0,,0,
MED,Organic Search,/masters-education/specializations/school-leadership/,10,-8,11,-20,0,0,0,0
CyberEng,Paid Search,/masters-cyber-security-engineering/classes/,10,-2,7,4,0,0,0,0
MSNP,Organic Search,/nonprofit-certificate-programs/,10,-71,10,-78,0,0,0,0
LEPSL,Referral,/masters-law-enforcement-leadership/transfer-credit/fbi-leeda/,10,1,14,-8,0,0,0,0
CyberOps,Organic Search,/malware-analyst-career-guide/,10,-127,10,-125,0,0,0,0
CyberOps,Organic Search,/cryptographer-career/,10,-229,9,-232,0,0,0,0
Data Science,Organic Search,/database-engineer-career/,10,-33,10,-43,0,0,0,0
MSNNL,Organic Search,/masters-nursing-leadership/nursing-informatics-track/,10,,10,,2,,0.2,
Default - (not set),Organic Search,/tuition-financial-aid/financial-aid/,10,-49,7,-67,0,0,0,0
MTS,Direct,/how-to-regain-your-faith/,10,-12,12,-15,0,0,0,0
CyberOps,Direct,/resources/top-paying-cybersecurity-jobs/,10,9,12,11,0,0,0,0
Data Science,Direct,/best-computer-science-jobs/,10,-27,10,-28,0,0,0,0
MED,Direct,/online-teaching-strategies/,10,,11,,0,,0,
Default - (not set),Organic Search,/about/state-authorization-status/,10,,9,,0,,0,
Default - (not set),Organic Search,/jobs-after-mba-entrepreneurship/,10,-14,6,-18,0,0,0,0
CyberOps,Organic Search,/information-assurance-vs-cybersecurity/,10,-98,10,-105,0,0,0,0
MESH,Organic Search,/faculty/rodney-reynolds/,10,5,10,5,0,0,0,0
MED,Paid Search,/,10,-93,48,-491,1,0,0.1,0.09029126213592234
MED,Unknown - chatgpt.com / (not set),/education-inequity-and-homework/,10,8,21,18,0,0,0,0
CyberEng,Organic Search,/faculty/nahid-farhady/,10,,10,,0,,0,
Default - (not set),Organic Search,/how-to-become-an-intrapreneur/,10,,10,,0,,0,
CyberOps,Organic Search,/cyber-security-auditor-career-guide/,10,-51,9,-59,0,0,0,0
MTS,Organic Social,/religious-studies-degree-jobs/,10,,9,,0,,0,
MESH,Organic Search,/sustainability-degree-careers/,10,-1,10,-1,0,0,0,0
MED,Organic Social,/complete-list-teaching-methods/,10,9,12,11,0,0,0,0
Data Science,Organic Search,/data-science-in-finance/,10,-29,12,-24,0,0,0,0
MED,Direct,/teacher-salaries-analysis/,10,-2,10,-2,0,0,0,0
MTS,Direct,/theology-of-retirement/,10,9,9,8,0,0,0,0
MTS,Organic Search,/master-of-theology-vs-divinity-vs-ministry-degrees/,10,-156,13,-187,0,0,0,0
MED,Referral,/co-teaching-models/,10,5,9,3,0,0,0,0
MSAAI,Organic Search,/artificial-intelligence-salary-guide/,10,-14,9,-12,0,0,0,0
MSITL,Paid Search,/masters-information-technology-leadership/classes/,10,6,12,4,0,0,0,0
Default - (not set),Paid Search,/about/state-authorization-status/,10,,10,,0,,0,
Default - (not set),Paid Search,/campus-programs/,10,,10,,0,,0,
"Default - business-entrepreneurship,computer-science,technology",Direct,/ai-for-teachers/,10,,9,,0,,0,
MSAAI,Paid Search,/masters-applied-artificial-intelligence/apply/,10,-12,10,-31,0,0,0,0
MSNNL,Organic Search,/12-types-of-msn-degrees-how-to-choose-the-best-nursing-track/,10,,8,,0,,0,
MTS,Organic Search,/apologetics-catechesis-theological-studies-comparison/,9,-65,8,-63,0,-1,0,-0.013513513513513514
CyberEng,Email,/masters-cyber-security-engineering/,9,-3,12,-2,2,2,0.2222222222222222,0.2222222222222222
CyberEng,Direct,/masters-cyber-security-engineering/scholarships-and-grants/,9,-7,8,-10,0,-1,0,-0.0625
MESH,Organic Search,/how-to-become-an-environmental-engineer/,9,-8,15,-12,0,0,0,0
CyberEng,Organic Search,/masters-cyber-security-engineering/apply/,9,-13,12,-15,0,0,0,0
EML,Referral,/masters-engineering-management-leadership/,9,-8,14,-11,1,1,0.1111111111111111,0.1111111111111111
CyberOps,Organic Search,/10-entry-level-cyber-security-resume-interview-pitfalls/,9,-16,9,-22,0,-1,0,-0.04
MED,Organic Search,/faculty-spotlight-dr-ricardo-medina/,9,1,9,1,0,0,0,0
Default - (not set),Unknown - fashion-valley-mall / ooh,/,9,,8,,0,,0,
MSAAI,Referral,/ai-research-scientist-career/,9,-22,12,-12,0,0,0,0
CyberEng,Organic Search,/network-administrator-career-salary-guide/,9,-121,9,-122,0,0,0,0
MSLDT,Organic Social,/addie-model-instructional-design/,9,8,9,8,0,0,0,0
EML,Direct,/principal-engineer-vs-senior-engineer/,9,,9,,0,,0,
MTS,Organic Search,/faculty/juliet-mousseau/,9,7,17,15,0,0,0,0
MESH,Direct,/resources/mesh-information-session-webinar/,9,5,8,2,1,1,0.1111111111111111,0.1111111111111111
CyberOps,Paid Search,/masters-cyber-security-operations/,9,-19,14,-58,0,-2,0,-0.07142857142857142
MESH,Paid Search,/masters-engineering-sustainability-health/lp/ppc/thank-you/,9,,9,,7,,0.7777777777777778,
MSAAI,Direct,/artificial-intelligence-bootcamps/,9,-13,9,-15,0,0,0,0
MSHA,Unknown - ihsa / social,/masters-humanitarian-action/,9,,8,,0,,0,
Informatics,Paid Search,/masters-health-informatics/classes/,9,3,11,-2,0,-1,0,-0.16666666666666666
CyberOps,Organic Search,.translate.goog/top-100-cybersecurity-companies/,9,0,10,1,0,0,0,0
MSLDT,Organic Search,/instructional-designer-job/,9,-32,12,-29,0,-1,0,-0.024390243902439025
LEPSL,Direct,/faculty/wendy-patrick/,9,,11,,0,,0,
MSLDT,Organic Search,/instructional-design-careers/,9,-55,9,-60,0,-2,0,-0.03125
MSHA,Organic Search,/organizational-capacity/,9,,7,,0,,0,
LEPSL,Unknown - fbileeda-insighter / offline,/masters-law-enforcement-leadership/lp/request-info/,9,-16,17,-10,3,2,0.3333333333333333,0.29333333333333333
MSLDT,Direct,/top-instructional-design-skills/,9,4,9,5,0,0,0,0
MESH,Direct,/career-changes-for-engineers/,9,0,9,2,0,0,0,0
MED,Direct,/resources/9-reasons-master-education-degree-ebook/,9,8,17,14,3,3,0.3333333333333333,0.3333333333333333
CyberEng,Organic Search,/cyber-security-internships/,9,-37,8,-44,0,0,0,0
MSNP,Organic Search,/volunteer-management-software/,9,-5,8,-5,0,0,0,0
MESH,Direct,/masters-engineering-sustainability-health/lp/ppc/,9,1,9,-1,0,0,0,0
CyberOps,Unknown - Data Not Available / Data Not Available,/masters-cyber-security-operations/lp/bva-cyber-security-operations-leadership/,9,-9,17,-21,1,1,0.1111111111111111,0.1111111111111111
MESH,Direct,/resources/sustainability-careers-ebook/,9,,19,,3,,0.3333333333333333,
MED,Direct,/teach-in-private-or-public-school/,9,6,9,6,0,0,0,0
MED,Paid Search,/masters-education/,9,-12,32,-8,0,-1,0,-0.047619047619047616
EML,Organic Search,/engineering-leadership-skills/,9,,9,,0,,0,
MSLDT,Organic Search,/training-and-development-specialist/,9,-3,8,-5,0,0,0,0
CyberOps,Unknown - chatgpt.com / (not set),/top-cyber-security-blogs-websites/,9,,8,,0,,0,
LEPSL,Direct,/masters-law-enforcement-leadership/transfer-credit/,9,2,11,4,0,0,0,0
EML,Direct,/lead-engineer-career/,9,-10,10,-8,0,0,0,0
CyberOps,Direct,/masters-cyber-security-operations/apply/,9,-10,8,-17,0,-1,0,-0.05263157894736842
Default - (not set),Direct,/forms/cse-applicant/,9,8,12,8,0,0,0,0
MED,Direct,/education-specialist/,9,-12,9,-13,0,0,0,0
Default - (not set),Organic Search,/faculty/jaime-gomez-ph-d/,9,,12,,0,,0,
MSLDT,Referral,/kirkpatrick-training-evaluation-model/,9,-28,9,-27,0,0,0,0
MED,Direct,/resources/free-med-program-brochure/,9,5,27,21,4,3,0.4444444444444444,0.19444444444444442
MSNNL,Direct,/masters-nursing-leadership/lp/ppc/,9,-37,10,-40,0,0,0,0
CyberOps,Direct,/cyber-security-podcasts/,9,5,9,6,0,0,0,0
MSLDT,Organic Search,/instructional-designer-vs-elearning-developer/,9,-16,10,-14,0,0,0,0
Default - (not set),Direct,/employer-partnership/baker-electric/,9,,9,,0,,0,
Informatics,Paid Search,/bachelors-nursing/bachelors-nursing-lp-ppc/,9,,44,,1,,0.1111111111111111,
Informatics,Direct,/ai-healthcare/,9,-14,9,-10,0,0,0,0
MSNNL,Direct,/,9,-11,70,-27,0,-2,0,-0.1
"Default - computer-science,engineering,technology",Organic Search,/cyber-security/,9,,11,,0,,0,
Default - (not set),Paid Search,/tuition-financial-aid/,9,,13,,0,,0,
CyberOps,Organic Social,/masters-cyber-security-operations/,9,3,13,2,0,0,0,0
MESH,Organic Search,/masters-in-sustainability-degree-comparison/,9,4,14,10,0,0,0,0
EML,Organic Search,/masters-in-engineering-management-vs-mba/,9,-33,6,-42,0,0,0,0
CyberEng,Organic Search,/cryptanalyst-career-guide/,9,-27,11,-20,0,0,0,0
Default - (not set),Paid Search,/tuition-financial-aid/financial-aid/,9,1,7,3,0,0,0,0
MSLDT,Organic Search,/instructional-design-career-guide/,9,-45,7,-71,0,-2,0,-0.037037037037037035
MTS,Organic Search,/what-is-theological-studies/,9,-56,10,-64,0,0,0,0
CyberOps,Organic Search,.translate.goog/ethical-hacker-career-salary-guide/,9,-34,10,-42,0,0,0,0
MSHA,Organic Search,/disaster-relief-jobs/,8,-20,8,-22,0,0,0,0
MSLDT,Direct,/learning-experience-design/,8,-1,7,-5,0,0,0,0
EML,Organic Search,/engineering-masters-scholarships/,8,-25,6,-24,0,0,0,0
CyberOps,Direct,/blog/,8,-2,5,-6,0,0,0,0
LEPSL,Paid Search,/masters-law-enforcement-leadership/apply/,8,2,8,4,0,0,0,0
LEPSL,Direct,/masters-law-enforcement-leadership/lp/law-enforcement/,8,7,17,16,3,3,0.375,0.375
Default - (not set),Direct,/engineering/,8,2,8,-2,0,0,0,0
CyberOps,Organic Search,/risk-manager-career-guide/,8,-204,10,-205,0,0,0,0
MSAAI,Direct,/resources/career-in-ai-webinar/,8,,8,,1,,0.125,
MSLDT,Referral,/instructional-design-careers/,8,5,7,4,0,0,0,0
MSNP,Direct,/nonprofit-executive-director/,8,7,8,7,0,0,0,0
MED,Referral,/mental-health-issues-in-schools/,8,-14,9,-18,0,0,0,0
MSAAI,Direct,/university-of-san-diego-launches-full-time-on-campus-masters-degree-programs-in-applied-artificial-intelligence-and-cyber-security-engineering/,8,,9,,0,,0,
MSAAI,Referral,/application-of-ai-in-robotics/,8,-6,7,-7,0,0,0,0
Default - (not set),Organic Search,/computer-science/,8,6,9,9,0,0,0,0
MSNNL,Organic Search,/masters-in-nursing-worth-it/,8,,8,,0,,0,
Default - (not set),Direct,/admissions/military-veterans/,8,-10,9,-9,0,0,0,0
Default - (not set),Direct,/technology/,8,3,8,4,0,0,0,0
MSITL,Organic Search,/,8,-2,109,50,0,0,0,0
Informatics,Direct,/health-information-management-vs-health-informatics/,8,-2,11,-3,0,0,0,0
Default - computer-science,Paid Search,/masters-applied-data-science/lp/study-data-science/,8,,18,,7,,0.875,
MSNP,Organic Search,/nonprofit-cfo-career/,8,,9,,0,,0,
MTS,Email,/masters-theological-studies/apply/,8,,8,,0,,0,
CyberOps,Direct,/history-of-cyber-security-standards/,8,,6,,0,,0,
LEPSL,Organic Search,/police-media-relations-and-social-media/,8,-10,12,-6,0,0,0,0
MED,Direct,/master-education-vs-master-arts-teaching/,8,-4,10,-6,0,0,0,0
EML,Direct,/,8,2,20,0,0,0,0,0
CyberOps,Direct,/10-reasons-to-get-your-masters-degree-in-cyber-security/,8,-32,8,-32,0,0,0,0
MSITL,Direct,/it-leadership-skills/,8,-16,9,-20,0,0,0,0
Informatics,Direct,/data-science-health-care/,8,-19,5,-29,0,0,0,0
Data Science,Organic Search,/python-for-data-science/,8,-62,9,-61,0,0,0,0
Informatics,Direct,/masters-health-informatics/careers/,8,5,8,5,0,0,0,0
MED,Organic Search,/masters-education/scholarships-and-grants/,8,0,12,6,0,0,0,0
MSAAI,Organic Search,/masters-applied-artificial-intelligence/lp/study-artificial-intelligence/,8,-1,12,-11,0,-2,0,-0.2222222222222222
LEPSL,Organic Search,/faculty/erik-fritsvold/,8,-5,10,-7,0,0,0,0
MTS,Direct,/what-is-ecospirituality/,8,-9,8,-12,0,0,0,0
Default - (not set),Organic Search,/how-to-be-innovative-at-work/,8,,8,,0,,0,
MSNNL,Direct,/masters-nursing-leadership/scholarships/,8,,8,,0,,0,
MSNNL,Unknown - Data Not Available / Data Not Available,/masters-nursing-leadership/lp/ppc/,8,-4,39,8,1,1,0.125,0.125
MESH,Direct,/resources/msesh-information-session-webinar-thank-you/,8,6,14,13,4,4,0.5,0.5
MSLDT,Organic Search,.translate.goog/instructional-design-models/,8,-1,10,-1,0,0,0,0
MED,Direct,/masters-education-non-teachers-offers-options/,8,4,8,1,0,0,0,0
MSITL,Direct,/technology-degrees/,8,-2,8,1,0,0,0,0
Data Science,Paid Search,/masters-applied-data-science/classes/,8,-4,8,-8,0,0,0,0
CyberEng,Organic Search,/network-security-solutions/,8,-84,8,-82,0,0,0,0
BSN,Unknown - Data Not Available / Data Not Available,/bachelors-nursing/bachelors-nursing-lp-ppc/,8,,11,,0,,0,
Data Science,Direct,/best-degrees-data-science/,8,-62,7,-72,0,0,0,0
Informatics,Organic Search,/healthcare-informatics-jobs-salary/,8,-31,8,-26,0,0,0,0
Data Science,Organic Search,/data-architect-career/,8,-9,8,-13,0,0,0,0
Default - (not set),Paid Search,/admitted-students/,8,,15,,0,,0,
Informatics,Organic Search,/data-science-health-care/,8,-112,11,-129,0,0,0,0
MSHA,Direct,/refugee-aid-careers/,8,2,9,3,0,0,0,0
MSLDT,Direct,/what-is-learning-design/,8,-6,8,-10,0,0,0,0
"Default - computer-science,engineering,technology",Direct,/cyber-security/,8,,42,,0,,0,
Default - (not set),Paid Search,/admissions/,8,,9,,0,,0,
MESH,Referral,/high-paying-environmental-jobs/,8,,8,,0,,0,
MSITL,Direct,/masters-information-technology-leadership/apply/,8,4,8,-1,0,0,0,0
MESH,Organic Search,/masters-engineering-sustainability-health/resources/,8,7,19,16,0,0,0,0
LEPSL,Email,/how-to-become-a-police-lieutenant/,8,,5,,0,,0,
Data Science,Organic Search,/business-intelligence-engineer-career/,8,-89,8,-84,0,0,0,0
MSNP,Organic Search,/masters-nonprofit-leadership-management/lp/ppc/,8,3,15,-54,2,2,0.25,0.25
MSNP,Direct,/benefits-of-working-in-nonprofit/,8,3,8,3,0,0,0,0
LEPSL,Organic Search,.translate.goog/police-communication-important-today/,8,-1,9,0,0,0,0,0
MTS,Direct,/jobs-for-catholics/,8,-6,8,-13,0,0,0,0
CyberOps,Organic Search,/history-of-cyber-security-standards/,8,-4,6,-5,0,0,0,0
MESH,Organic Search,/environmental-compliance-officer-career/,8,-6,8,-8,0,0,0,0
MESH,Email,/masters-engineering-sustainability-health/lp/dyna/,8,-136,9,-136,1,1,0.125,0.125
Data Science,Organic Search,/masters-applied-data-science/apply/,8,-23,6,-34,0,0,0,0
MESH,Organic Social,/resources/sustainability-careers-ebook/,8,,13,,2,,0.25,
MESH,Organic Search,/what-is-sustainable-development/,8,-88,7,-88,0,0,0,0
CyberOps,Organic Search,/masters-cyber-security-operations/lp/bva-cyber-security-operations-leadership/,8,-25,8,-34,0,0,0,0
MSLDT,Organic Search,/instructional-design-cover-letter-guide/,7,,7,,0,,0,
MSAAI,Direct,/ai-prompt-engineer/,7,-17,7,-18,0,0,0,0
LEPSL,Direct,/masters-law-enforcement-leadership/ambassadors/,7,-9,10,-9,0,-1,0,-0.0625
Informatics,Organic Search,/is-health-informatics-degree-worth-it/,7,-33,7,-32,0,0,0,0
MSNP,Paid Search,/masters-nonprofit-leadership-management/lp/thank-you/,7,4,6,-2,6,5,0.8571428571428571,0.5238095238095237
Default - (not set),Direct,/student-support/one-stop-student-center/,7,,5,,0,,0,
MSHA,Direct,/resources/msha-how-a-masters-degree-can-benefit-your-humanitarian-career/,7,,31,,0,,0,
CyberOps,Paid Social,/masters-cyber-security-operations/,7,,4,,0,,0,
MSITL,Direct,/masters-information-technology-leadership/lp/ppc/,7,-17,12,-27,0,0,0,0
MED,Organic Search,/mba-vs-emba-8-key-differences-comparison-table/,7,-19,7,-22,0,0,0,0
Data Science,Direct,/coding-salary/,7,-3,5,-6,0,0,0,0
LEPSL,Organic Search,/faculty/dave-nisleit/,7,1,9,3,0,0,0,0
MSITL,Direct,/it-leadership/,7,-13,6,-13,0,0,0,0
CyberEng,Direct,/masters-cyber-security-engineering/let-us-pay-for-your-cse-program-application-fee/,7,6,8,6,0,0,0,0
LEPSL,Paid Search,/criminal-justice/,7,-1,17,8,0,0,0,0
Default - (not set),Organic Search,/leadership-management/,7,3,8,5,0,0,0,0
MSLDT,Display,/masters-learning-design-technology/lp/dyna/,7,-15,25,-5,5,2,0.7142857142857143,0.577922077922078
LEPSL,Direct,/criminal-justice/,7,-2,6,-6,0,0,0,0
MSLDT,Referral,/create-employee-training-program/,7,-13,8,-15,0,-1,0,-0.05
Default - (not set),Paid Search,/humanitarian-nonprofit/,7,6,7,6,0,0,0,0
MSAAI,Organic Search,/university-of-san-diegos-ms-in-applied-artificial-intelligence-launching-new-course-agentic-ai-systems-in-summer-2026/,7,,8,,0,,0,
MSLDT,Organic Search,/masters-learning-design-technology/classes/,7,-3,5,-7,0,0,0,0
MSAAI,Direct,/masters-engineering-management-leadership/,7,4,25,13,0,0,0,0
LEPSL,Organic Search,/how-to-become-police-sergeant/,7,-93,8,-111,0,-4,0,-0.04
MED,Unknown - chatgpt.com / (not set),/life-skills-education-in-schools/,7,,7,,0,,0,
MED,Referral,/teacher-salaries-analysis/,7,4,9,3,0,0,0,0
Default - (not set),Organic Search,/admissions/international-students/,7,,5,,0,,0,
Default - (not set),Organic Search,/business-entrepreneurship/,7,-10,5,-13,0,0,0,0
MSNP,Direct,/volunteer-management-software/,7,6,7,6,0,0,0,0
MESH,Direct,/what-is-sustainable-development/,7,-39,8,-47,0,0,0,0
Default - (not set),Paid Search,/masters-cyber-security-engineering/lp/cyber-security-engineering/,7,,35,,2,,0.2857142857142857,
MSHA,Organic Search,/,7,2,97,65,0,-1,0,-0.2
MSHA,Direct,/masters-humanitarian-action/apply/,7,-3,10,-2,0,0,0,0
MED,Organic Search,/faculty/erika-d-garcia/,7,4,16,12,0,0,0,0
MSNP,Direct,/grant-writer-career/,7,-13,7,-17,0,0,0,0
MSITL,Organic Search,/faculty/raheleh-dilmaghani/,7,2,12,6,0,0,0,0
MSITL,Organic Search,/what-is-devops/,7,5,7,0,0,0,0,0
LEPSL,Direct,/,7,-27,39,-134,0,-1,0,-0.029411764705882353
Data Science,Organic Search,/applications-of-data-science-in-healthcare/,7,6,7,6,0,0,0,0
Data Science,Organic Search,/what-is-data-science/,7,-82,6,-79,0,0,0,0
Default - (not set),Direct,/faculty/edwin-addison/,7,,7,,0,,0,
CyberOps,Direct,/network-administrator-vs-systems-administrator/,7,4,7,3,0,0,0,0
MTS,Direct,/minimalist-catholic/,7,-15,6,-21,0,0,0,0
LEPSL,Organic Search,/become-a-criminal-justice-instructor/,7,-6,7,-10,0,0,0,0
Informatics,Organic Search,/what-is-medical-informatics/,7,-8,7,-8,0,0,0,0
MSLDT,Organic Search,/learning-design-technology-careers/,7,-9,7,-12,0,0,0,0
MED,Direct,/masters-education/lp/online-med/,7,-4,14,-27,2,1,0.2857142857142857,0.1948051948051948
EML,Referral,/masters-engineering-management-leadership/apply/,7,-6,10,-11,0,0,0,0
MSNP,Direct,/nonprofit-board-governance/,7,4,5,2,0,0,0,0
CyberEng,Direct,/cyber-security-salary-california/,7,,8,,0,,0,
LEPSL,Direct,/masters-law-enforcement-leadership/transfer-credit/command-college/,7,-2,6,-2,0,-1,0,-0.1111111111111111
EML,Organic Search,/engineering-leadership/,7,-53,7,-57,0,0,0,0
Default - (not set),Direct,/computer-science/,7,5,8,6,0,0,0,0
Data Science,Organic Search,/database-administrator-career/,7,-29,7,-23,0,0,0,0
MSITL,Direct,/masters-information-technology-leadership/classes/,7,-3,9,-11,0,0,0,0
MED,Organic Search,/substitute-teacher-tips/,7,,7,,0,,0,
MSAAI,Organic Search,.translate.goog/ai-trainer/,7,-24,7,-28,0,0,0,0
MED,Organic Search,/continuing-education-units-teachers-guide/,7,-67,7,-90,0,0,0,0
MSHA,Organic Search,/masters-humanitarian-action/classes/,7,-32,6,-36,0,0,0,0
Default - (not set),Direct,/resources/the-complete-list-of-teaching-methods-thank-you/,7,,9,,0,,0,
MSLDT,Direct,/how-to-become-a-curriculum-designer/,7,-2,7,-2,0,0,0,0
MSAAI,Organic Search,/from-devops-to-mlops-a-comprehensive-guide-to-migrating-and-adding-services/,7,-16,5,-16,0,0,0,0
Informatics,Referral,/masters-health-informatics/classes/,7,,11,,0,,0,
MESH,Direct,/sustainability-consultant-career/,7,-2,8,-8,0,0,0,0
LEPSL,Referral,/police-communication-important-today/,7,-8,10,-8,0,0,0,0
MSAAI,Email,/masters-applied-artificial-intelligence/,7,-4,15,-13,1,1,0.14285714285714285,0.14285714285714285
Default - engineering,Direct,/research-and-development-manager-career-guide/,7,,6,,0,,0,
LEPSL,Organic Search,/a-career-in-law-enforcement-3-federal-jobs/,7,3,8,3,0,0,0,0
MESH,Direct,/masters-engineering-sustainability-health/lp/ppc/thank-you/,7,,7,,6,,0.8571428571428571,
MESH,Direct,/environmental-studies-vs-environmental-science-degree/,7,1,7,1,0,0,0,0
MSAAI,Organic Search,.translate.goog/application-of-ai-in-robotics/,7,-3,9,-3,0,0,0,0
Default - (not set),Direct,/employer-partnership/san-diego-futures-foundation/,7,,8,,0,,0,
MSNNL,Display,/masters-nursing-leadership/lp/nurse-cp/,7,,8,,0,,0,
Data Science,Organic Search,/ata-specialist-career/,7,-34,6,-38,0,0,0,0
Data Science,Direct,/faculty/ebrahim-k-tarshizi/,7,6,7,6,0,0,0,0
Data Science,Direct,/how-to-become-a-computer-scientist-salary-career-guide/,7,0,7,-1,0,0,0,0
MED,Organic Search,/masters-education/apply/,7,-1,11,-2,0,0,0,0
Data Science,Organic Search,/data-science-careers/,7,-13,7,-13,0,0,0,0
EML,Direct,/masters-engineering-management-leadership/apply/,7,2,7,-6,1,1,0.14285714285714285,0.14285714285714285
MSAAI,Organic Search,/education-inequity-and-homework/,6,2,18,0,0,0,0,0
Informatics,Paid Social,/masters-health-informatics/lp/thank-you/,6,-2,6,-3,4,-4,0.6666666666666666,-0.33333333333333337
CyberOps,Direct,/cryptographer-career/,6,-10,6,-10,0,0,0,0
MED,Organic Search,/resources/the-complete-list-of-teaching-methods/,6,-13,3,-13,1,1,0.16666666666666666,0.16666666666666666
MESH,Organic Search,/masters-engineering-sustainability-health/apply/,6,-9,7,-13,0,-1,0,-0.06666666666666667
Informatics,Organic Search,/health-informatics-impact-covid-19/,6,-59,8,-55,0,0,0,0
Default - (not set),Email,/mesh-mixer-rsvp/,6,,11,,0,,0,
MED,Direct,/masters-in-special-education-careers/,6,-3,6,-4,0,0,0,0
MSITL,Organic Search,/how-to-become-a-devops-engineer/,6,2,7,4,0,0,0,0
CyberEng,Paid Search,/masters-cyber-security-engineering/apply/,6,-6,5,-5,0,-1,0,-0.08333333333333333
Default - (not set),Paid Search,/masters-engineering-management-leadership/lp/ppc/,6,,5,,4,,0.6666666666666666,
CyberOps,Direct,/vulnerability-and-penetration-testing/,6,,6,,1,,0.16666666666666666,
MSITL,Organic Search,/masters-technology-management-vs-mba/,6,-61,7,-66,0,-1,0,-0.014925373134328358
CyberOps,Organic Search,.translate.goog/top-cyber-security-blogs-websites/,6,-4,6,-4,0,0,0,0
Default - (not set),Direct,/resources/msaai-artificial-intelligence-self-assessment/,6,,7,,0,,0,
Data Science,Direct,/what-is-data-analytics/,6,4,6,-16,0,0,0,0
LEPSL,Organic Search,/,6,-10,35,-17,0,0,0,0
MSHA,Direct,/top-humanitarian-degrees/,6,-16,6,-17,0,0,0,0
MSLDT,Direct,/educational-technology-jobs/,6,-6,6,-6,0,0,0,0
Default - (not set),Email,/admissions/,6,,4,,0,,0,
MSAAI,Organic Search,/machine-learning-courses-and-certifications/,6,-12,6,-12,0,0,0,0
MSNNL,Organic Search,/what-is-a-clinical-nurse-leader/,6,,6,,0,,0,
Data Science,Direct,/business-intelligence-certifications/,6,-3,6,-3,0,0,0,0
Informatics,Paid Search,/masters-health-informatics/health-informatics-track/,6,-7,4,-28,0,0,0,0
MTS,Paid Search,/,6,-11,52,-101,0,-2,0,-0.11764705882352941
MSHA,Organic Search,/international-social-work/,6,-13,10,-17,0,0,0,0
CyberOps,Organic Search,/network-administrator-vs-systems-administrator/,6,-33,6,-33,0,0,0,0
MSAAI,Referral,/masters-applied-artificial-intelligence/lp/study-artificial-intelligence/,6,4,15,10,0,0,0,0
MSNP,Direct,/nonprofit-certificate-programs/,6,-6,5,-14,0,0,0,0
Data Science,Organic Search,/faculty/ebrahim-k-tarshizi/,6,,5,,0,,0,
Informatics,Direct,/health-data-analyst/,6,-10,8,-9,1,1,0.16666666666666666,0.16666666666666666
MESH,Direct,/masters-engineering-sustainability-health/faculty/,6,2,8,-1,0,0,0,0
MSITL,Direct,/it-management-leadership-certifications/,6,-8,6,-7,0,0,0,0
MED,Direct,/can-you-teach-with-a-bachelors-degree/,6,-14,7,-14,0,0,0,0
MSHA,Direct,/resources/msha-how-a-masters-degree-can-benefit-your-humanitarian-career-thank-you/,6,,6,,2,,0.3333333333333333,
CyberOps,Direct,/entry-level-cyber-security-jobs-guide/,6,-31,7,-29,0,0,0,0
MSITL,Organic Search,/what-is-site-reliability-engineering/,6,-3,11,3,0,0,0,0
EML,Organic Search,/faculty/gb-singh/,6,-9,8,-14,0,0,0,0
MSHA,Direct,/masters-humanitarian-action/lp/humanitarian-action/,6,1,10,4,1,1,0.16666666666666666,0.16666666666666666
Default - (not set),Email,/,6,,9,,0,,0,
Informatics,Organic Search,/education/,6,4,9,8,0,0,0,0
MED,Organic Search,/what-is-an-med-degree-explained/,6,-59,6,-68,0,0,0,0
MED,Direct,/resources/a-career-advancement-guide-for-educators-ebook/,6,,9,,0,,0,
MSITL,Direct,/,6,-8,36,-39,0,0,0,0
MTS,Organic Search,/faculty/angela-zautcke/,6,4,6,5,0,0,0,0
MESH,Direct,/sustainability-degree-careers/,6,-3,6,-3,0,0,0,0
MSAAI,Organic Search,.translate.goog/artificial-intelligence-finance/,6,-6,7,-6,0,0,0,0
Data Science,Organic Search,/data-science/,6,-1,8,0,0,0,0,0
LEPSL,Organic Search,/ai-in-law-enforcement/,6,-3,8,-3,0,0,0,0
MSAAI,Organic Search,/resources/msaai-online-artificial-intelligence-self-assessment/,6,,4,,0,,0,
MED,Organic Search,/masters-education/lp/online-med/,6,-4,11,-8,0,0,0,0
CyberEng,Direct,/cyber-security-vs-software-engineering/,6,,7,,0,,0,
MED,Organic Search,/special-education-masters-vs-masters-in-education-degree/,6,-40,8,-41,0,0,0,0
Data Science,Direct,/masters-applied-data-science/lp/let-us-pay-for-your-msads-program-application-fee/,6,,6,,0,,0,
Data Science,Organic Search,/faculty/bilgenur-baloglu/,6,,6,,0,,0,
MTS,Organic Search,.translate.goog/catholic-charism-comparison/,6,-8,6,-8,0,0,0,0
MSNP,Direct,/how-to-write-grant-proposals/,6,,4,,0,,0,
Default - (not set),Paid Social,/bachelors-nursing/bachelors-nursing-lp-ppc/,6,,14,,0,,0,
LEPSL,Organic Search,/police-management-training/,6,-3,5,-5,0,0,0,0
Informatics,Organic Search,/informatics-certificate-vs-degree-best/,6,-23,8,-29,0,-1,0,-0.034482758620689655
MSNNL,Organic Search,/director-of-nursing-career-guide/,6,,6,,0,,0,
CyberOps,Organic Search,/cyber-security-podcasts/,6,0,6,0,0,0,0,0
MTS,Direct,.translate.goog/serving-god/,6,-16,7,-15,0,0,0,0
MSLDT,Direct,/masters-learning-design-technology/lp/study-learning-design-technology/,6,-2,9,-8,0,-1,0,-0.125
Data Science,Organic Search,/data-consultant-career/,6,-13,5,-14,0,0,0,0
MSLDT,Organic Search,/elearning-developer/,6,-23,9,-21,1,1,0.16666666666666666,0.16666666666666666
Data Science,Organic Search,/masters-applied-data-science/classes/,6,-4,9,1,0,0,0,0
CyberOps,Paid Social,/masters-cyber-security-engineering/lp/cyber-security-engineering/,6,,25,,6,,1,
MSHA,Organic Search,.translate.goog/how-to-become-diplomat/,6,-22,6,-22,0,0,0,0
MSAAI,Direct,/ethics-in-ai/,6,-56,6,-55,0,-1,0,-0.016129032258064516
MSLDT,Organic Search,/corporate-trainer-career/,6,-19,6,-24,0,-1,0,-0.04
Data Science,Paid Search,/resources/data-science-self-assessment/,6,5,4,4,0,0,0,0
MSHA,Organic Search,/humanitarian-program-coordinator/,6,-31,9,-36,0,0,0,0
CyberOps,Display,/masters-cyber-security-operations/lp/smartbrief-display/,6,-4,6,-4,2,0,0.3333333333333333,0.1333333333333333
MSHA,Direct,/disaster-relief-jobs/,6,-5,6,-6,0,0,0,0
Informatics,Organic Search,/faculty/jonathan-mack/,6,-3,6,-3,0,0,0,0
MED,Organic Search,/faculty/tess-nunn-eves/,6,4,8,5,0,0,0,0
Data Science,Direct,/data-science-careers/,6,-7,6,-7,0,0,0,0
Informatics,Direct,/masters-health-informatics/lp/health-informatics-for-nurses/,6,0,5,-15,0,0,0,0
LEPSL,Referral,/masters-law-enforcement-leadership/transfer-credit/perf-smip/,6,-12,15,-19,0,0,0,0
MSLDT,Paid Search,/masters-learning-design-technology/,6,-4,12,-22,0,-1,0,-0.1
CyberEng,Email,/masters-cyber-security-engineering/classes/,6,4,5,3,0,0,0,0
MESH,Organic Search,.translate.goog/high-paying-environmental-jobs/,6,,6,,0,,0,
"Default - business-entrepreneurship,computer-science,technology",Referral,/ai-for-teachers/,6,,5,,0,,0,
MESH,Direct,/how-to-become-an-environmental-engineer/,6,2,9,5,0,0,0,0
MESH,Email,/masters-engineering-sustainability-health/classes/,6,3,10,8,0,0,0,0
Data Science,Direct,/data-scientist-salary-guide/,6,-5,4,-8,0,0,0,0
MSAAI,Organic Search,/natural-language-processing-overview/,6,-116,7,-115,0,0,0,0
MSNP,Organic Search,/masters-nonprofit-leadership-management/apply/,6,5,20,19,0,0,0,0
MSAAI,Referral,/artificial-intelligence-bootcamps/,6,5,5,4,0,0,0,0
Default - (not set),Direct,/startup-mentor/,6,5,5,4,0,0,0,0
Data Science,Direct,/companies-hiring-data-scientists/,6,-4,7,-1,0,0,0,0
MTS,Unknown - Data Not Available / Data Not Available,/masters-theological-studies/lp/ppc/,6,-24,14,-39,0,-2,0,-0.06666666666666667
Default - (not set),Direct,/contact-us-thank-you/,6,,5,,0,,0,
Default - (not set),Paid Search,/business-entrepreneurship/,6,4,6,4,0,0,0,0
Data Science,Organic Search,/supervised-machine-learning-with-gradient-boosting/,6,-29,6,-27,0,0,0,0
CyberEng,Referral,/network-forensics-tools/,6,1,4,-1,0,0,0,0
Default - (not set),Direct,/how-to-become-an-intrapreneur/,6,,5,,0,,0,
MED,Direct,/technology-in-the-classroom/,6,1,22,14,0,0,0,0
CyberOps,Organic Search,/what-is-a-chief-security-officer-high-demand-skyrocketing-pay-for-csos/,6,-11,6,-9,0,0,0,0
MTS,Organic Search,/faculty/garrett-galvin/,6,2,7,3,0,0,0,0
MSHA,Organic Search,.translate.goog/theory-of-change/,6,,6,,0,,0,
Informatics,Organic Search,/health-data-analyst/,6,-29,6,-31,0,0,0,0
MED,Referral,/teaching-to-every-students-unique-learning-style/,6,-5,6,-7,0,0,0,0
MSAAI,Referral,/artificial-intelligence-scholarships/,6,-4,6,-1,0,0,0,0
MSNNL,Organic Social,/masters-nursing-leadership/,6,5,13,12,1,1,0.16666666666666666,0.16666666666666666
MSLDT,Direct,/instructional-design-vs-learning-experience-design/,6,-5,8,-3,0,0,0,0
Informatics,Paid Social,/healthcare/,6,,6,,0,,0,
CyberOps,Organic Search,/masters-cyber-security-operations/classes/,6,-16,11,-13,0,0,0,0
CyberOps,Organic Search,/how-to-become-a-security-consultant-career-guide/,6,-103,6,-106,0,0,0,0
Informatics,Email,/masters-health-informatics/classes/,6,-1,8,-4,0,0,0,0
MSAAI,Organic Search,/ai-prompt-engineer/,6,-112,6,-147,0,-2,0,-0.01694915254237288
MTS,Organic Search,/faculty/william-short/,6,5,6,5,0,0,0,0
MESH,Direct,/climate-change-analyst-career/,5,-10,7,-14,0,0,0,0
Data Science,Organic Search,/how-to-become-a-software-engineer/,5,-5,5,-8,0,0,0,0
MED,Referral,/faculty/joseph-lathan/,5,1,7,-2,0,0,0,0
EML,Display,/masters-engineering-management-leadership/lp/ppc/,5,-7,5,-7,0,0,0,0
MESH,Display,/masters-engineering-sustainability-health/lp/dyna/,5,,5,,0,,0,
EML,Organic Search,/how-to-become-vp-engineering/,5,-20,6,-16,0,0,0,0
LEPSL,Organic Search,/masters-law-enforcement-leadership/lp/police/,5,2,5,2,0,0,0,0
MESH,Direct,/environmental-compliance-officer-career/,5,0,5,0,0,0,0,0
MED,Organic Search,/early-childhood-education-vs-elementary-education-masters/,5,1,5,0,0,0,0,0
MED,Organic Search,/alternative-teacher-certification-guide/,5,-18,5,-28,0,0,0,0
MSLDT,Direct,/instructional-design-interview-questions/,5,,5,,0,,0,
LEPSL,Organic Search,.translate.goog/10-innovative-police-technologies/,5,-12,5,-14,0,0,0,0
MESH,Referral,/sustainability-scholarships/,5,4,5,4,0,0,0,0
LEPSL,Referral,/women-in-law-enforcement/,5,-30,7,-30,0,0,0,0
MSNNL,Email,/masters-nursing-leadership/lp/dyna/,5,,12,,0,,0,
MTS,Organic Search,/faculty/patty-jimenez/,5,-1,7,-5,0,0,0,0
MED,Direct,/masters-in-education-requirements/,5,0,5,1,0,0,0,0
MSNNL,Organic Search,/masters-nursing-leadership/nursing-educator-track/,5,,15,,0,,0,
CyberOps,Organic Search,/cyber-security-salaries-make-case-for-masters/,5,-11,5,-25,0,0,0,0
MESH,Direct,/sustainability-degree-options/,5,-15,9,-17,0,0,0,0
LEPSL,Organic Search,/masters-law-enforcement-leadership/apply/,5,-6,4,-9,0,0,0,0
MESH,Organic Search,/renewable-energy-consultant-career/,5,,5,,0,,0,
BSN,Direct,/,5,,11,,0,,0,
MED,Direct,.translate.goog/what-is-educational-technology-definition-examples-impact/,5,-35,7,-35,0,0,0,0
Default - (not set),Organic Search,/employer-partnership/guidepoint-security-llc/,5,,5,,0,,0,
MSNNL,Direct,/masters-nursing-leadership/lp/preceptor-information/,5,,4,,2,,0.4,
Informatics,Organic Search,/advisory-board/kohrumel/,5,-1,4,0,0,0,0,0
MSLDT,Paid Search,/masters-learning-design-technology/classes/,5,-1,6,5,0,0,0,0
MSNP,Paid Search,/,5,-13,14,-125,0,0,0,0
MSAAI,Organic Search,/university-of-san-diego-launches-full-time-on-campus-masters-degree-programs-in-applied-artificial-intelligence-and-cyber-security-engineering/,5,,9,,0,,0,
MSITL,Direct,/systems-engineer-career/,5,-7,5,-7,0,0,0,0
MED,Direct,/resources/complete-guide-to-teacher-centered-vs-student-centered-learning/,5,-1,10,4,1,0,0.2,0.033333333333333354
EML,Direct,/manage-engineering-team/,5,-2,5,-3,0,0,0,0
MED,Organic Search,.translate.goog/complete-list-teaching-methods/,5,-49,5,-57,0,0,0,0
MSHA,Organic Search,.translate.goog/human-rights-violation-definition/,5,,6,,0,,0,
MED,Direct,/how-to-become-teacher-in-california/,5,2,6,3,0,0,0,0
MSITL,Paid Search,/masters-information-technology-leadership/apply/,5,2,6,4,0,0,0,0
LEPSL,Organic Search,/how-become-federal-correctional-officer/,5,-48,5,-52,0,0,0,0
MESH,Organic Search,.translate.goog/ngo-careers/,5,-66,6,-73,0,0,0,0
CyberEng,Display,/masters-cyber-security-engineering/lp/smartbrief-display/,5,2,5,-1,3,1,0.6,-0.06666666666666665
MED,Organic Search,/best-podcasts-for-teachers/,5,-23,6,-19,0,0,0,0
LEPSL,Direct,/police-captain-promotion-guide/,5,-12,5,-21,0,0,0,0
LEPSL,Organic Search,/masters-law-enforcement-leadership/students-agencies/,5,3,4,-6,0,0,0,0
MSAAI,Organic Search,.translate.goog/ai-blogs/,5,-11,5,-9,0,0,0,0
MESH,Paid Search,/ngo-careers/,5,-1,4,-3,0,0,0,0
Informatics,Organic Search,/faculty/dorothy-ohagan/,5,3,5,3,0,0,0,0
MED,Organic Search,/are-charter-schools-better-in-creating-education-equity/,5,-14,4,-12,0,0,0,0
MSNP,Direct,/masters-nonprofit-leadership-management/lp/thank-you/,5,,10,,5,,1,
Informatics,Organic Social,/masters-health-informatics/,5,,4,,0,,0,
MSAAI,Organic Social,/university-of-san-diego-launches-full-time-on-campus-masters-degree-programs-in-applied-artificial-intelligence-and-cyber-security-engineering/,5,,4,,0,,0,
MSHA,Direct,/,5,-6,39,-30,0,0,0,0
MSNP,Paid Search,/masters-nonprofit-leadership-management/app-waiver/,5,,5,,2,,0.4,
MSHA,Organic Search,/new-online-masters-degree-program-in-humanitarian-action/,5,3,9,8,0,0,0,0
LEPSL,Direct,/forms/,5,-1,14,-17,0,0,0,0
Default - (not set),Direct,/effective-leadership-skills/,5,,5,,0,,0,
Informatics,Organic Search,/health-informatics-websites-blogs/,5,-15,4,-14,0,0,0,0
MSAAI,Organic Search,/artificial-intelligence-engineer-career/,5,-125,5,-147,0,0,0,0
Default - (not set),Organic Social,/,5,,5,,0,,0,
MSHA,Display,/masters-humanitarian-action/lp/dyna/,5,,13,,2,,0.4,
Informatics,Paid Search,/masters-health-informatics/apply/,5,-6,10,-3,0,0,0,0
MED,Referral,/rethinking-education-assessment-types/,5,-8,5,-6,0,0,0,0
CyberEng,Organic Search,/summer-cyber-security-program/,5,-11,8,-22,0,0,0,0
MSNP,Direct,/business-masters-degrees-types/,5,-8,5,-8,0,0,0,0
Default - (not set),Organic Search,/about/general-policies/,5,3,5,0,0,0,0,0
EML,Organic Search,/advisory-board/jimmy-anklesaria/,5,-3,5,-2,0,0,0,0
EML,Direct,/engineering-scholarships/,5,4,5,5,0,0,0,0
MED,Email,/masters-education/,5,-15,31,-8,0,-2,0,-0.1
Informatics,Organic Search,/masters-health-informatics/lp/study-health-informatics/,5,-5,24,9,0,0,0,0
Data Science,Paid Search,/resources/msads-request-program-brochure/,5,-2,10,8,0,0,0,0
MSNNL,Direct,/bachelors-nursing/,5,,30,,0,,0,
MSHA,Referral,/logical-framework-approach/,5,2,3,0,0,0,0,0
CyberEng,Direct,/masters-cyber-security-engineering/faculty/,5,-1,10,6,0,0,0,0
MSHA,Paid Social,/masters-humanitarian-action/lp/thank-you/,5,4,6,1,5,3,1,-1
CyberOps,Direct,/women-cyber-security-reasons-to-enter-field/,5,0,5,-2,0,0,0,0
MSAAI,Direct,/how-to-start-career-artificial-intelligence/,5,-25,5,-25,0,0,0,0
CyberEng,Organic Search,/classes/applied-cryptography-5/,5,-17,6,-22,0,0,0,0
MSNNL,Direct,/masters-nursing-leadership/faculty/,5,2,30,24,0,0,0,0
CyberEng,Direct,/what-is-cyberwarfare/,5,-14,7,-8,0,0,0,0
MSAAI,Unknown - perplexity / (not set),/ai-blogs/,5,3,5,-1,0,0,0,0
Informatics,Email,/masters-health-informatics/health-analytics-track/,5,2,8,5,0,0,0,0
Data Science,Direct,/business-intelligence-engineer-career/,5,-8,5,-9,0,0,0,0
Default - (not set),Organic Search,/masters-degree-innovation/,5,,6,,0,,0,
Data Science,Direct,/business-intelligence-developer/,5,-3,5,-3,0,0,0,0
LEPSL,Paid Social,/masters-law-enforcement-leadership/,5,,5,,0,,0,
CyberOps,Direct,/secure-software-development/,5,-2,4,-3,0,0,0,0
MESH,Direct,/top-degrees-for-social-justice-careers/,5,-11,5,-10,0,0,0,0
MSLDT,Referral,/ai-instructional-design/,5,-6,8,0,0,0,0,0
LEPSL,Organic Search,/masters-law-enforcement-leadership/transfer-credit/,5,-5,5,-7,0,-1,0,-0.1
MSAAI,Unknown - perplexity / (not set),/artificial-intelligence-jobs/,5,,9,,0,,0,
Default - (not set),Direct,/masters-cyber-security-operations/,5,,28,,0,,0,
MED,Referral,/technology-in-the-classroom/,5,4,4,3,0,0,0,0
MSITL,Direct,/sre-vs-devops/,5,-2,5,-19,0,0,0,0
MTS,Direct,/st-francis-of-assisi-and-franciscan-theology/,5,-21,9,-28,0,0,0,0
LEPSL,Direct,/why-military-vets-should-consider-career-in-criminal-justice/,5,2,6,2,0,0,0,0
Data Science,Organic Search,/faculty/mohammad-yavarimanesh/,5,-5,4,-7,0,0,0,0
CyberOps,Direct,.translate.goog/ethical-hacker-career-salary-guide/,5,-3,5,-7,0,0,0,0
MSITL,Organic Search,/it-leadership-skills/,5,-134,5,-119,0,-1,0,-0.007194244604316547
Default - (not set),Organic Search,/student-support/military-and-veterans-program/,5,-2,5,-2,0,0,0,0
MSNP,Direct,/nonprofit-leadership/,5,-10,4,-14,0,0,0,0
MSITL,Direct,/masters-information-technology-leadership/lp/ppc/let-us-pay-for-your-msitl-application-fee/,5,,5,,1,,0.2,
Informatics,Direct,/masters-health-informatics/faculty/,5,3,5,0,0,0,0,0
Informatics,Organic Social,/what-is-health-informatics/,5,,5,,0,,0,
Informatics,Direct,/forms/,5,-10,16,-28,3,2,0.6,0.5333333333333333
MTS,Direct,/,5,-11,23,-91,0,0,0,0
MSAAI,Direct,/top-artificial-intelligence-companies-startups/,5,-14,5,-16,0,0,0,0
BSN,Organic Search,/bachelors-nursing/bachelors-nursing-lp-ppc/,5,,5,,0,,0,
MTS,Email,/resources/franciscan-footsteps-newsletter/,5,,6,,1,,0.2,
LEPSL,Organic Search,/classes/budget-finance-for-law-enforcement-leaders/,5,-7,7,-5,0,0,0,0
LEPSL,Direct,/how-to-become-police-sergeant/,5,-1,5,-1,0,0,0,0
MSAAI,Direct,/resources/8-questions-artificial-intelligence-masters-ebook/,5,1,6,0,0,0,0,0
Default - (not set),Direct,/employer-partnership/xsite/,5,,8,,0,,0,
MSHA,Unknown - flyer / offline,/masters-humanitarian-action/lp/dyna/,5,,7,,0,,0,
MSAAI,Direct,/masters-cyber-security-engineering/,5,-3,21,-51,3,2,0.6,0.475
MSNP,Referral,/masters-nonprofit-leadership-management/lp/ppc/,5,,6,,0,,0,
Data Science,Organic Search,/data-science-bootcamps/,5,-40,6,-39,0,0,0,0
LEPSL,Direct,/police-officer-wellness-programs/,5,-11,2,-14,0,0,0,0
CyberEng,Referral,/cyber-security-statistics/,5,0,4,0,0,0,0,0
MED,Unknown - Data Not Available / Data Not Available,/masters-education/lp/online-med/,5,-1,8,-14,0,-1,0,-0.16666666666666666
MSHA,Direct,/masters-humanitarian-action/app-waiver/,5,-1,5,-6,2,1,0.4,0.23333333333333336
MSAAI,Referral,/ai-ethicist-career/,5,-12,5,-26,0,0,0,0
Data Science,Direct,/data-science-vs-software-engineering/,5,-32,5,-34,0,0,0,0
MESH,Referral,/environmental-scientist-career/,5,-5,3,-13,0,0,0,0
MED,Direct,/forms/,5,4,19,5,5,4,1,0
MSHA,Organic Search,.translate.goog/logical-framework-approach/,5,,5,,0,,0,
MED,Paid Search,/masters-education/specializations/school-leadership/,5,3,4,4,0,0,0,0
MSLDT,Organic Search,/instructional-design-certificate-vs-masters-degree/,5,-33,6,-47,0,-1,0,-0.02631578947368421
MSLDT,Direct,/masters-learning-design-technology/lp/thank-you/,5,,25,,3,,0.6,
MSLDT,Referral,/job-aid-examples-template/,5,0,5,1,0,0,0,0
Default - (not set),Direct,/how-to-start-a-business/,5,-1,5,-2,0,0,0,0
LEPSL,Direct,/best-police-leadership-books/,5,-4,4,-6,0,0,0,0
MTS,Organic Search,.translate.goog/what-is-lay-ministry/,5,-17,5,-19,0,0,0,0
MTS,Organic Search,/masters-theological-studies/classes/,5,-6,4,-11,0,0,0,0
MSNNL,Unknown - chatgpt.com / (not set),/masters-nursing-leadership/scholarships/,5,,5,,0,,0,
MTS,Direct,/resources/7-applications-of-theology-degree-ebook/,4,3,5,3,1,1,0.25,0.25
CyberOps,Direct,/cyber-security-scholarships/,4,0,4,-1,0,0,0,0
MED,Organic Search,/faculty/amanda-roth/,4,2,4,2,0,0,0,0
LEPSL,Organic Search,/law-enforcement-training-tips-to-tackle-multitasking-risks/,4,-17,4,-16,0,0,0,0
CyberOps,Organic Search,/cisa-certification/,4,-110,4,-105,0,0,0,0
Default - (not set),Paid Search,/engineering/,4,-2,5,-2,0,0,0,0
MSNNL,Paid Social,/masters-nursing-leadership/classes/,4,,5,,0,,0,
Default - (not set),Referral,/employer-partnership/,4,,6,,0,,0,
EML,Unknown - Data Not Available / Data Not Available,/masters-engineering-management-leadership/lp/ppc/,4,-3,11,-3,1,1,0.25,0.25
MTS,Organic Search,/theology-of-retirement/,4,-14,20,-10,1,1,0.25,0.25
MSITL,Referral,/information-technology-trends/,4,1,4,1,0,0,0,0
MSLDT,Direct,/instructional-design-career-guide/,4,0,5,0,0,0,0,0
LEPSL,Organic Search,/masters-law-enforcement-leadership/lp/law-enforcement/,4,,10,,0,,0,
MSAAI,Direct,/resources/msaai-on-campus-artificial-intelligence-self-assessment/,4,,3,,0,,0,
MSNNL,Organic Search,/online-ms-nursing-nl/,4,,25,,0,,0,
MSITL,Referral,/resources/free-itl-program-brochure/,4,,6,,0,,0,
Default - (not set),Direct,/faq/,4,2,4,2,0,0,0,0
MESH,Direct,/environmental-policy-analyst-career/,4,0,4,1,0,0,0,0
Data Science,Direct,/data-science-vs-statistics/,4,,3,,0,,0,
MSHA,Organic Search,/humanitarian-crises-around-the-world/,4,-17,5,-16,0,0,0,0
CyberEng,Direct,/from-no-technical-experience-to-information-security-analyst-adrian-villegas-story/,4,,4,,0,,0,
MSNNL,Referral,/classes/advanced-pathophysiology/,4,,4,,0,,0,
MTS,Direct,/masters-theological-studies/faculty/,4,,8,,0,,0,
MSITL,Paid Search,/masters-cyber-security-operations/lp/bva-cyber-security-operations-leadership/,4,3,18,6,1,-3,0.25,-3.75
Default - (not set),Organic Search,/employer-partnership/axos/,4,,7,,2,,0.5,
MED,Referral,/instructional-leadership/,4,0,6,3,0,0,0,0
CyberOps,Direct,/bringing-gamification-to-cyber-security-training/,4,-12,3,-12,0,0,0,0
CyberOps,Direct,/10-entry-level-cyber-security-resume-interview-pitfalls/,4,3,4,3,0,0,0,0
Default - (not set),Organic Search,/student-support/graduate-admissions/,4,-2,5,-1,0,0,0,0
Default - (not set),Paid Search,/technology/,4,0,3,1,0,0,0,0
MESH,Referral,/climate-change-careers/,4,-37,3,-37,0,0,0,0
MTS,Direct,/resources/master-of-theological-studies-brochure/,4,,5,,0,,0,
MSLDT,Organic Search,/instructional-designer-resume-guide/,4,,3,,0,,0,
MSNNL,Organic Search,/how-to-become-a-cno/,4,,4,,0,,0,
LEPSL,Paid Search,/,4,-39,12,-157,0,0,0,0
MSAAI,Direct,/resources/free-ms-aai-program-brochure-thank-you/,4,2,4,3,1,0,0.25,-0.25
MTS,Paid Search,/masters-theological-studies/lp/ppc/thank-you/,4,-1,5,-2,0,0,0,0
LEPSL,Direct,/improving-police-promotional-process/,4,-42,4,-51,0,0,0,0
MED,Referral,/what-is-educational-technology-definition-examples-impact/,4,-97,8,-157,0,0,0,0
LEPSL,Paid Search,/masters-law-enforcement-leadership/classes/,4,2,4,3,0,0,0,0
MSITL,Direct,/information-technology-management/,4,-6,7,-5,0,0,0,0
CyberEng,Direct,/cryptanalyst-career-guide/,4,-2,5,-1,0,0,0,0
LEPSL,Paid Social,/masters-law-enforcement-leadership/classes/,4,,4,,0,,0,
MSLDT,Direct,/masters-learning-design-technology/lp/dli/,4,,11,,0,,0,
MSAAI,Referral,/,4,-3,20,-25,0,0,0,0
Informatics,Organic Search,/career-health-care-informatics-ideal-foreign-medical-graduates/,4,-23,6,-38,0,-4,0,-0.14814814814814814
MSLDT,Unknown - chatgpt.com / (not set),/addie-model-instructional-design/,4,,4,,0,,0,
MSLDT,Direct,/instructional-design-careers/,4,-2,3,-3,0,0,0,0
MSLDT,Direct,/instructional-technologist-career/,4,0,4,0,0,0,0,0
LEPSL,Organic Search,/masters-law-enforcement-leadership/scholarships-grants/,4,-17,4,-25,0,-2,0,-0.09523809523809523
MTS,Direct,/faculty/keith-warner/,4,,9,,0,,0,
LEPSL,Direct,/how-to-become-a-police-lieutenant/,4,1,5,2,0,0,0,0
MESH,Referral,/masters-engineering-sustainability-health/classes/,4,-4,4,-8,0,0,0,0
MSHA,Referral,/masters-humanitarian-action/faculty/,4,,3,,0,,0,
MSAAI,Paid Search,/resources/free-ms-aai-program-brochure/,4,2,2,1,1,1,0.25,0.25
MSAAI,Unknown - chatgpt.com / (not set),/machine-learning-podcast/,4,,4,,0,,0,
MSNNL,Direct,/how-to-become-a-cno/,4,,8,,0,,0,
LEPSL,Organic Search,/ambassador/mike-moulton/,4,0,5,1,0,0,0,0
MED,Direct,/edutainment/,4,-3,5,-2,0,0,0,0
MTS,Direct,/how-to-become-a-catholic-school-teacher/,4,-5,4,-6,0,0,0,0
MSITL,Referral,/masters-information-technology-leadership/lp/ppc/,4,2,4,-1,0,0,0,0
LEPSL,Direct,/masters-law-enforcement-leadership/transfer-credit/perf-smip/,4,0,4,-4,0,0,0,0
CyberEng,Direct,/network-administrator-career-salary-guide/,4,-33,4,-34,0,0,0,0
MED,Direct,/are-charter-schools-better-in-creating-education-equity/,4,,4,,0,,0,
MESH,Referral,/masters-engineering-sustainability-health/mesh-combined-degree/,4,3,7,4,0,0,0,0
MESH,Email,/masters-engineering-sustainability-health/apply/,4,3,4,-3,0,-1,0,-1
Informatics,Paid Search,/masters-health-informatics/health-analytics-track/,4,-10,3,-15,0,0,0,0
Default - (not set),Direct,/student-support/office-of-financial-aid-services/,4,-11,4,-17,0,0,0,0
MSNNL,Direct,/masters-in-nursing-worth-it/,4,,4,,0,,0,
LEPSL,Organic Search,/masters-law-enforcement-leadership/transfer-credit/sherman-block-sli/,4,3,5,3,0,0,0,0
Informatics,Direct,/what-is-health-informatics/,4,-16,6,-14,0,0,0,0
Default - (not set),Unknown - chatgpt.com / (not set),/admissions/,4,,5,,0,,0,
MSITL,Direct,/enterprise-it-management-guide/,4,,4,,0,,0,
MSAAI,Unknown - Data Not Available / Data Not Available,/masters-applied-artificial-intelligence/lp/study-artificial-intelligence/,4,-5,7,-19,1,0,0.25,0.1388888888888889
MSAAI,Direct,/faculty/david-friesen/,4,,4,,0,,0,
Informatics,Direct,/faculty/alfred-livingstone/,4,,4,,0,,0,
Informatics,Direct,/mha-vs-mph-vs-ms-health-informatics/,4,-2,5,-2,0,0,0,0
Default - (not set),Direct,/employer-partnership/onlinedegrees-sandiego-edu-employer-partnershipatos-se/,4,,7,,0,,0,
MSHA,Unknown - ihsa / social,/masters-humanitarian-action/classes/,4,,3,,0,,0,
MSAAI,Organic Search,/faculty/anna-marbut/,4,2,3,1,0,0,0,0
EML,Direct,/masters-engineering-management-leadership/curriculum/,4,-16,4,-13,0,0,0,0
MSAAI,Paid Search,/resources/msaai-online-artificial-intelligence-self-assessment/,4,,6,,0,,0,
MSHA,Direct,/masters-humanitarian-action/lp/thank-you/,4,3,3,2,3,3,0.75,0.75
MSNP,Email,/masters-nonprofit-leadership-management/,4,-6,9,-6,1,1,0.25,0.25
LEPSL,Organic Search,/ambassador/michael-rodriguez/,4,0,4,0,0,0,0,0
MED,Direct,/masters-education/apply/,4,-18,6,-15,0,0,0,0
Informatics,Paid Search,/what-skills-do-you-need-to-work-in-health-care-informatics/,4,,4,,0,,0,
Default - (not set),Organic Search,/faculty/carlton-c-oneal/,4,3,4,3,0,0,0,0
Informatics,Paid Search,/education/,4,1,4,2,0,0,0,0
MSHA,Direct,/forms/,4,,14,,5,,1.25,
MSLDT,Organic Search,/instructional-design-masters-degree-worth-it/,4,-37,5,-45,0,0,0,0
MTS,Organic Search,/masters-theological-studies/careers/,4,3,4,0,0,0,0,0
Data Science,Direct,/business-analyst-vs-data-analyst-vs-data-scientist/,4,-19,4,-13,0,0,0,0
MED,Organic Search,/classes/disability-in-education-policy-and-law/,4,,3,,0,,0,
MSNP,Referral,/ngo-vs-nonprofit/,4,,4,,0,,0,
MED,Organic Search,/masters-education/careers/,4,,2,,0,,0,
MSNP,Direct,/nonprofit-fundraising-ideas/,4,,4,,0,,0,
CyberEng,Organic Search,/masters-cyber-security-engineering/scholarships-and-grants/,4,1,5,2,0,0,0,0
MSHA,Paid Search,/masters-humanitarian-action/,4,-2,5,-13,0,-2,0,-0.3333333333333333
Data Science,Direct,/ata-specialist-career/,4,1,4,1,0,0,0,0
LEPSL,Referral,/police-officer-wellness-programs/,4,,3,,0,,0,
MSAAI,Direct,/masters-cyber-security-operations/,4,-1,26,2,0,0,0,0
Informatics,Direct,/masters-health-informatics/lp/study-health-informatics/,4,-15,7,-25,0,0,0,0
LEPSL,Direct,/best-degrees-federal-law-enforcement-jobs/,4,-6,3,-7,0,0,0,0
Default - (not set),Paid Search,/computer-science/,4,1,3,2,0,0,0,0
MSHA,Paid Social,/masters-humanitarian-action/,4,2,3,1,0,0,0,0
EML,Referral,/future-engineering-trends/,4,,5,,0,,0,
MSAAI,Referral,/artificial-intelligence-courses-and-certifications/,4,3,4,4,0,0,0,0
MTS,Direct,/masters-theological-studies/lp/ppc/,4,-3,3,-8,0,0,0,0
MED,Referral,/adaptive-curriculum-for-special-education/,4,,12,,0,,0,
LEPSL,Organic Search,/ambassador/luis-lealcontreras/,4,2,4,2,0,0,0,0
MTS,Organic Search,/campus-minister/,4,-38,5,-46,0,0,0,0
MSHA,Organic Search,/humanitarian-scholarships/,4,-31,4,-30,0,0,0,0
MED,Organic Search,/technology-in-classroom/,4,-25,3,-33,0,0,0,0
CyberOps,Organic Search,/cyber-security-statistics/,4,-3,6,-11,0,0,0,0
MSHA,Referral,/theory-of-change/,4,,4,,0,,0,
MTS,Direct,/masters-theological-studies/lp/ppc/thank-you/,4,,4,,4,,1,
MSITL,Direct,/information-technology-scholarships/,4,2,4,2,0,0,0,0
Data Science,Direct,/13-essential-data-science-textbooks/,4,1,4,1,0,0,0,0
Default - (not set),Direct,/disruptive-innovation-examples/,4,,6,,0,,0,
MSAAI,Email,/masters-applied-artificial-intelligence/classes/,4,-1,4,1,0,0,0,0
Informatics,Unknown - Data Not Available / Data Not Available,/masters-health-informatics/lp/study-healthcare-analytics/,4,-1,5,-7,0,-1,0,-0.2
MED,Organic Search,/life-skills-education-in-Schools/,4,,3,,0,,0,
MTS,Organic Search,/masters-theological-studies/lp/ppc/,4,-10,5,-9,0,-1,0,-0.07142857142857142
LEPSL,Organic Search,/resilience-in-law-enforcement/,4,-2,4,-8,0,0,0,0
MED,Organic Search,/3-ways-to-create-inclusive-learning/,4,-19,5,-18,0,0,0,0
CyberOps,Organic Search,/ca-paving-way-cyber-security-policy-ed-and-more/,4,,4,,0,,0,
MED,Organic Search,.translate.goog/what-is-educational-technology-definition-examples-impact/,4,-27,4,-30,0,0,0,0
MSAAI,Direct,/machine-learning-engineer-vs-data-scientist/,4,1,3,0,0,0,0,0
MSLDT,Paid Search,/,4,-12,14,-66,0,-1,0,-0.0625
CyberEng,Direct,/masters-cyber-security-engineering/lp/cyber-security-engineering/,4,0,2,-5,0,0,0,0
LEPSL,Organic Search,/faculty/jennifer-tejada/,4,0,3,-2,0,0,0,0
MTS,Organic Search,/faculty/keith-warner/,4,-1,7,-1,0,0,0,0
Default - (not set),Direct,/masters-applied-data-science/classes/,4,,11,,0,,0,
LEPSL,Organic Search,/masters-law-enforcement-leadership/ambassadors/,4,-13,6,-15,0,0,0,0
Default - (not set),Paid Search,/bachelors-nursing/,4,,17,,0,,0,
MESH,Paid Social,/masters-engineering-sustainability-health/lp/ppc/thank-you/,4,,4,,4,,1,
EML,Organic Search,/resources/engineering-leadership-skills-webinar/,4,,11,,0,,0,
MTS,Direct,/resources/franciscan-footsteps-newsletter/,4,,9,,3,,0.75,
LEPSL,Direct,/promoting-women-in-law-enforcement-leadership/,4,-7,4,-8,0,0,0,0
CyberEng,Organic Search,.translate.goog/network-forensics-tools/,4,-6,4,-9,0,0,0,0
EML,Paid Search,/,4,-5,12,-26,0,0,0,0
Data Science,Organic Search,/business-intelligence-developer/,4,-34,4,-34,0,0,0,0
MSNP,Organic Search,/volunteer-management/,4,-16,5,-23,0,0,0,0
CyberEng,Organic Search,/faculty/nikolas-behar/,4,,3,,0,,0,
Default - (not set),Organic Search,/about/,4,-7,3,-11,0,0,0,0
MSLDT,Organic Search,/education-inequity-and-homework/,4,2,22,9,0,0,0,0
MSNNL,Organic Search,/advisory-board/ryan/,4,,4,,0,,0,
Data Science,Paid Search,/masters-applied-data-science/,4,-39,5,-76,0,-1,0,-0.023255813953488372
Default - (not set),Direct,/about/career-and-professional-resources/,4,1,7,4,0,0,0,0
Default - (not set),Organic Search,/effective-leadership-skills/,4,,4,,0,,0,
EML,Organic Search,.translate.goog/senior-engineer-vs-tech-lead-vs-lead-engineer/,4,-31,4,-29,0,0,0,0
LEPSL,Organic Search,/police-captain-promotion-guide/,4,-32,6,-32,0,0,0,0
MED,Organic Search,/resources/a-career-advancement-guide-for-educators-ebook/,4,-1,4,-1,0,0,0,0
MSLDT,Paid Search,/instructional-design-careers/,4,,3,,0,,0,
LEPSL,Referral,/masters-law-enforcement-leadership/transfer-credit/,4,,4,,0,,0,
MSNP,Organic Search,/,4,-6,37,-35,0,0,0,0
MSITL,Direct,/masters-information-technology-leadership/classes/data-science-elective/,4,,13,,0,,0,
EML,Direct,/faculty/mandeep-kaur/,4,3,4,3,0,0,0,0
MSNNL,Direct,/masters-nursing-leadership/clinical-practicums/,4,,4,,0,,0,
MSNNL,Organic Search,/nurse-leader-vs-nurse-manager/,4,,20,,0,,0,
CyberOps,Direct,/malware-analyst-career-guide/,4,-17,4,-16,0,0,0,0
CyberOps,Direct,/masters-cyber-security-engineering/,4,-5,14,-16,1,0,0.25,0.1388888888888889
MSNP,Direct,/masters-engineering-sustainability-health/,4,,12,,0,,0,
MSAAI,Paid Search,/masters-cyber-security-operations/lp/bva-cyber-security-operations-leadership/,4,-3,32,-33,1,1,0.25,0.25
Informatics,Direct,/5-exciting-health-care-informatics-projects/,4,-3,6,-2,0,0,0,0
MSITL,Organic Search,/masters-degree-in-information-technology-worth-it/,4,-8,4,-9,0,0,0,0
MESH,Direct,/masters-engineering-sustainability-health/mesh-combined-degree/,4,0,3,-5,0,0,0,0
MED,Referral,/teacher-resume-examples/,4,-54,7,-44,0,0,0,0
Default - (not set),Organic Search,/tuition-financial-aid/additional-funding-options/,4,,2,,0,,0,
MSITL,Organic Search,.translate.goog/technology-degrees/,4,,4,,0,,0,
CyberOps,Direct,/cyber-security-specialist-career-guide/,4,-26,5,-27,0,0,0,0
Informatics,Paid Social,/bachelors-nursing/bachelors-nursing-lp-ppc/,4,,15,,0,,0,
CyberOps,Organic Search,/cyber-threat-intelligence-analyst/,4,-1,11,-1,0,0,0,0
Data Science,Direct,/masters-applied-data-science/msads-combined-degree/,4,0,4,1,0,0,0,0
Default - (not set),Referral,/admissions/,4,,7,,0,,0,
MSAAI,Direct,/masters-applied-artificial-intelligence/careers/,4,-2,4,-2,1,1,0.25,0.25
CyberOps,Organic Search,/healthcare-cyber-security/,4,,3,,0,,0,
Default - (not set),Paid Search,/masters-cyber-security-operations/lp/bva-cyber-security-operations-leadership/,4,,13,,0,,0,
MSNP,Referral,/volunteer-management/,4,3,2,1,0,0,0,0
MTS,Referral,/what-is-liturgy/,4,-1,5,-3,0,0,0,0
MESH,Organic Search,/resources/mesh-information-session-webinar/,4,,3,,0,,0,
MSNNL,Organic Search,/masters-nursing-leadership/classes/,4,-2,2,-12,0,0,0,0
MSNP,Direct,/forms/,4,3,18,12,3,3,0.75,0.75
MESH,Direct,/masters-engineering-sustainability-health/let-us-pay-for-your-msesh-program-application-fee/,4,2,9,5,2,2,0.5,0.5
MSITL,Organic Search,/network-computer-systems-administrator-career/,4,0,3,-5,0,0,0,0
MSAAI,Organic Search,/artificial-intelligence/,4,-11,10,-22,0,0,0,0
Data Science,Organic Search,/data-science-tools-of-the-trade-r-vs-python-2/,4,2,5,3,0,0,0,0
Informatics,Direct,/employer-partnership/axos/,4,,13,,0,,0,
MSAAI,Direct,/faculty/anna-marbut/,4,2,2,-1,0,0,0,0
EML,Organic Search,/engineering-management-vs-technical-track/,4,-20,4,-21,0,0,0,0
MESH,Organic Search,/faculty/andrea-haverkamp/,4,-11,3,-15,0,0,0,0
EML,Direct,/engineering-management-masters-worth-it/,4,1,3,0,0,0,0,0
Data Science,Direct,/data-analyst-careers-and-salary/,4,1,4,-1,0,0,0,0
LEPSL,Direct,/risk-management-in-law-enforcement/,4,-8,6,-3,0,0,0,0
EML,Organic Search,/how-to-become-an-engineering-manager/,4,0,3,-1,0,0,0,0
Data Science,Organic Search,/how-to-become-database-developer/,4,-26,3,-26,0,0,0,0
MSLDT,Direct,/learning-design-technology-careers/,4,-6,4,-6,0,0,0,0
CyberEng,Referral,/masters-cyber-security-engineering/classes/,4,0,4,1,0,0,0,0
Default - (not set),Organic Search,/engineering/,4,1,5,3,0,0,0,0
MSNP,Direct,/grant-writing-for-nonprofits/,4,-23,3,-24,0,0,0,0
CyberOps,Paid Search,/masters-cyber-security-operations/apply/,4,-5,7,-3,0,0,0,0
Informatics,Paid Social,/masters-health-informatics/health-informatics-track/,4,,4,,0,,0,
MSNP,Paid Social,/masters-nonprofit-leadership-management/lp/thank-you/,4,,4,,2,,0.5,
MESH,Direct,/masters-in-sustainability-degree-comparison/,4,3,4,1,0,0,0,0
Default - (not set),Organic Search,/masters-cyber-security-operations/,4,,21,,0,,0,
Default - (not set),Organic Search,/humanitarian-nonprofit/,4,2,4,3,0,0,0,0
MED,Organic Search,/resources/complete-guide-to-teacher-centered-vs-student-centered-learning/,4,-3,3,-8,0,0,0,0
MSNNL,Paid Search,/bachelors-nursing/bachelors-nursing-lp-ppc/,4,,20,,0,,0,
Default - (not set),Direct,/mba-interview-questions/,4,-2,4,-2,0,0,0,0
MESH,Paid Search,/climate-change-careers/,4,-3,4,-4,0,0,0,0
CyberEng,Paid Search,/masters-cyber-security-engineering/let-us-pay-for-your-cse-program-application-fee/,4,,4,,0,,0,
LEPSL,Email,/best-police-leadership-books/,4,2,3,1,0,0,0,0
Informatics,Direct,/what-is-medical-informatics/,4,1,4,1,0,0,0,0
MED,Organic Search,/faculty/rebekka-jez/,4,,4,,0,,0,
LEPSL,Direct,/resources/law-enforcement-careers-ebook/,4,0,5,-2,1,0,0.25,0
MESH,Direct,/social-justice-careers/,4,3,4,3,0,0,0,0
LEPSL,Organic Search,/faculty/mickey-williams/,4,-1,3,-2,0,0,0,0
Default - (not set),Organic Search,/faq/,4,-1,4,-1,0,0,0,0
MSNNL,Organic Search,.translate.goog/what-is-a-nurse-administrator/,4,,4,,0,,0,
MSHA,Direct,/humanitarian-aid-certificate-courses/,4,-4,4,-5,0,0,0,0
MSITL,Direct,/masters-degree-in-information-technology-worth-it/,4,0,4,-5,0,0,0,0
MSNNL,Unknown - tableposter / offline,/masters-nursing-leadership/lp/dyna/,4,2,4,-1,0,-1,0,-0.5
MTS,Referral,/masters-theological-studies/lp/ppc/,4,3,8,6,1,1,0.25,0.25
Data Science,Organic Search,.translate.goog/best-computer-science-jobs/,4,-6,4,-7,0,0,0,0
Default - (not set),Organic Search,/gmat-exam-questions-answered/,3,0,2,-1,0,0,0,0
MSLDT,Referral,/how-to-become-a-curriculum-designer/,3,2,4,3,0,0,0,0
MSITL,Direct,/resources/information-technology-leadership-degree-webinar/,3,,7,,0,,0,
LEPSL,Organic Search,/masters-law-enforcement-leadership/lp/criminology/,3,-3,7,0,1,1,0.3333333333333333,0.3333333333333333
CyberOps,Direct,/cisa-certification/,3,-9,3,-10,0,0,0,0
Default - (not set),Organic Search,/startup-mentor/,3,-1,3,-3,0,0,0,0
LEPSL,Referral,/police-conflict-management-strategies/,3,-8,3,-7,0,0,0,0
EML,Direct,/advisory-board/jimmy-anklesaria/,3,2,1,0,0,0,0,0
MED,Referral,/masters-education/,3,-19,3,-26,0,0,0,0
MSAAI,Organic Search,/faculty/rod-albuyeh/,3,-4,3,-4,0,0,0,0
Default - (not set),Organic Search,/online-leadership-courses/,3,,3,,0,,0,
MSITL,Referral,/masters-information-technology-leadership/,3,0,9,4,0,0,0,0
CyberOps,Organic Search,/bringing-gamification-to-cyber-security-training/,3,-25,4,-28,0,0,0,0
MED,Organic Search,.translate.goog/best-masters-degrees-for-teachers/,3,-67,3,-71,0,0,0,0
MED,Organic Search,.translate.goog/brain-based-learning/,3,-48,3,-50,0,0,0,0
MTS,Referral,/ministry-careers/,3,,2,,0,,0,
MSNNL,Referral,/masters-nursing-leadership/scholarships/,3,,2,,0,,0,
MSLDT,Paid Social,/masters-learning-design-technology/classes/,3,,4,,0,,0,
MED,Direct,/masters-educational-technology-worth-it/,3,-1,3,-1,0,0,0,0
MESH,Organic Social,/masters-engineering-sustainability-health/resources/,3,,4,,0,,0,
MESH,Organic Search,/,3,-5,11,-24,0,-1,0,-0.125
EML,Referral,/principal-engineer-vs-senior-engineer/,3,,5,,0,,0,
MSHA,Email,/masters-humanitarian-action/,3,-5,3,-5,0,0,0,0
Default - (not set),Direct,/about/general-policies/,3,1,3,1,0,0,0,0
Data Science,Display,/masters-applied-data-science/lp/study-data-science/,3,,3,,0,,0,
MTS,Organic Search,.translate.goog/religious-vocational-discernment/,3,0,3,-2,0,0,0,0
MSLDT,Organic Search,/faculty/lisa-evans/,3,-3,2,-4,0,0,0,0
MSLDT,Direct,/masters-learning-design-technology/testimonials/,3,,4,,0,,0,
EML,Direct,/masters-cyber-security-engineering/,3,1,5,-2,0,0,0,0
Data Science,Organic Search,/masters-applied-data-science/lp/study-data-science/,3,-3,5,-1,0,0,0,0
Informatics,Direct,/masters-health-informatics/lp/study-healthcare-analytics/,3,-4,2,-2,0,0,0,0
Informatics,Direct,/the-value-of-project-management-in-health-informatics/,3,,5,,0,,0,
EML,Direct,/resources/from-engineer-to-leader/,3,,5,,0,,0,
MESH,Email,/masters-engineering-sustainability-health/,3,1,7,3,0,0,0,0
LEPSL,Organic Search,.translate.goog/what-is-intelligence-led-policing/,3,0,3,0,0,0,0,0
Data Science,Direct,/masters-applied-data-science/lp/study-data-science/,3,-9,2,-22,0,0,0,0
LEPSL,Unknown - policeone / directory,/masters-law-enforcement-leadership/lp/request-info/,3,-15,3,-24,0,-1,0,-0.05555555555555555
MSLDT,Referral,/masters-learning-design-technology/lp/uci/,3,-24,8,-33,0,0,0,0
LEPSL,Organic Search,/ambassador/brandon-barclay/,3,-3,3,-4,0,0,0,0
MED,Organic Social,/rethinking-education-assessment-types/,3,,3,,0,,0,
MSNNL,Organic Search,/faculty/jannise-baclig/,3,,3,,0,,0,
MSHA,Organic Search,.translate.goog/humanitarian-intervention-success-stories/,3,-2,5,-1,0,0,0,0
Informatics,Direct,/what-is-clinical-informatics/,3,0,3,-2,0,0,0,0
CyberOps,Organic Search,/transition-general-it-to-cybersecurity-engineering/,3,1,4,2,0,0,0,0
Informatics,Direct,/health-information-technology-terminology/,3,-7,3,-7,0,0,0,0
MED,Direct,/continuing-education-units-teachers-guide/,3,-4,3,-4,0,0,0,0
Informatics,Direct,/do-you-need-health-informatics-certification/,3,-6,3,-7,0,0,0,0
MSAAI,Direct,/faculty/rod-albuyeh/,3,,2,,0,,0,
Informatics,Paid Social,/masters-health-informatics/,3,1,3,1,0,0,0,0
CyberEng,Direct,/is-cyber-security-hard/,3,,3,,0,,0,
EML,Organic Search,.translate.goog/future-engineering-trends/,3,,3,,0,,0,
CyberEng,Organic Search,/become-a-computer-forensics-analyst/,3,-36,3,-36,0,0,0,0
Informatics,Direct,/masters-health-informatics/lp/thank-you/,3,0,11,7,4,4,1.3333333333333333,1.3333333333333333
MSHA,Organic Search,.translate.goog/examples-of-social-change/,3,0,3,-2,0,0,0,0
MTS,Organic Search,/faculty/joe-chinnici/,3,0,2,0,0,0,0,0
Informatics,Direct,/is-health-informatics-degree-worth-it/,3,2,4,3,0,0,0,0
MESH,Affiliate,/masters-engineering-sustainability-health/lp/dyna/,3,-3,8,0,1,0,0.3333333333333333,0.16666666666666666
LEPSL,Paid Search,/masters-law-enforcement-leadership/transfer-credit/,3,,6,,0,,0,
Default - (not set),Referral,/tuition-financial-aid/financial-aid/,3,2,2,1,0,0,0,0
MSITL,Organic Social,/information-technology-trends/,3,2,3,2,0,0,0,0
MESH,Organic Social,/environmental-science-vs-engineering-degree/,3,,3,,0,,0,
Default - (not set),Organic Search,/blue-leadership-podcast/the-art-of-persistence-solving-the-christie-wilson-cold-case-homicide-with-nuno-tavares/,3,-7,3,-7,0,0,0,0
MED,Organic Search,/masters-education/specializations/technology-and-innovation/,3,-11,4,-12,1,1,0.3333333333333333,0.3333333333333333
Informatics,Organic Search,/faculty/michael-kurliand/,3,2,3,2,0,0,0,0
MSAAI,Direct,/most-searched-for-ai-jobs/,3,2,3,2,0,0,0,0
LEPSL,Direct,/forms/lepsl-applicant/,3,2,3,1,0,0,0,0
MSAAI,Paid Social,/masters-applied-artificial-intelligence/,3,,4,,0,,0,
LEPSL,Referral,/top-5-trends-in-law-enforcement/,3,1,4,3,0,0,0,0
Data Science,Direct,/data-science/,3,2,3,0,0,0,0,0
MESH,Direct,/masters-engineering-sustainability-health/resources/,3,-3,5,-15,0,0,0,0
MESH,Direct,/renewable-energy-consultant-career/,3,,4,,0,,0,
EML,Direct,/engineering-manager-vs-tech-lead/,3,-4,2,-5,0,0,0,0
CyberOps,Organic Search,/classes/cyber-security-law-privacy/,3,1,4,-5,0,0,0,0
MED,Email,/masters-education/specializations/,3,2,6,5,0,0,0,0
LEPSL,Organic Search,/ambassador/maxime-schifano/,3,0,3,-3,0,0,0,0
MTS,Organic Social,/masters-theological-studies/,3,-7,7,-5,1,1,0.3333333333333333,0.3333333333333333
MSHA,Paid Search,/masters-humanitarian-action/lp/dyna/,3,,3,,0,,0,
"Default - leadership-management,police-leadership",Direct,/,3,,2,,0,,0,
Default - (not set),Referral,/tuition-financial-aid/tuition/,3,,3,,0,,0,
MSNP,Paid Social,/masters-nonprofit-leadership-management/,3,,10,,1,,0.3333333333333333,
Informatics,Email,/masters-health-informatics/health-informatics-track/,3,2,3,3,0,0,0,0
CyberEng,Direct,/masters-cyber-security-engineering/careers/,3,,6,,0,,0,
CyberOps,Direct,.translate.goog/top-cyber-security-threats/,3,1,3,1,0,0,0,0
MSAAI,Direct,/resources/career-in-ai-webinar-thank-you/,3,,8,,0,,0,
MSNP,Organic Search,/what-is-organizational-leadership/,3,1,3,1,0,0,0,0
MED,Organic Search,/teaching-digital-literacy-in-the-classroom/,3,-1,3,-1,0,0,0,0
Data Science,Referral,/storytelling-with-data-part-1/,3,,4,,0,,0,
Informatics,Unknown - chatgpt.com / (not set),/masters-health-informatics/,3,,4,,0,,0,
MESH,Paid Search,/masters-cyber-security-operations/lp/bva-cyber-security-operations-leadership/,3,2,8,4,0,0,0,0
MSITL,Direct,/what-is-devops/,3,-5,3,-25,0,0,0,0
MED,Organic Search,/faculty/suzanne-van-steenbergen/,3,2,6,5,0,0,0,0
Default - (not set),Organic Search,/student-support/its-help-desk/,3,-9,3,-10,0,0,0,0
MSNNL,Direct,/masters-health-informatics/,3,0,10,-4,1,1,0.3333333333333333,0.3333333333333333
CyberOps,Direct,/masters-cyber-security-operations/scholarships-grants/,3,0,3,1,0,0,0,0
CyberEng,Organic Search,/network-security-engineer/,3,-1,3,-1,0,0,0,0
MSNP,Paid Search,/masters-nonprofit-leadership-management/classes/,3,-4,3,-4,0,0,0,0
Data Science,Direct,/storytelling-with-data-part-2/,3,-4,5,1,0,0,0,0
MTS,Direct,/how-to-get-more-involved-in-church/,3,-44,3,-51,0,0,0,0
MSAAI,Direct,/artificial-intelligence-engineer-career/,3,-36,3,-39,0,0,0,0
Data Science,Organic Search,/data-science-vs-statistics-masters/,3,-18,9,-10,1,1,0.3333333333333333,0.3333333333333333
CyberEng,Paid Social,/masters-cyber-security-engineering/let-us-pay-for-your-cse-program-application-fee/,3,,3,,0,,0,
CyberOps,Display,/masters-cyber-security-operations/,3,,4,,0,,0,
Default - (not set),Organic Search,/faculty/amitkumar-kakkad/,3,1,3,1,0,0,0,0
CyberEng,Organic Search,/masters-cyber-security-engineering/let-us-pay-for-your-cse-program-application-fee/,3,,2,,0,,0,
CyberOps,Organic Search,/cybersecurity-analyst-career-guide/,3,-25,3,-25,0,0,0,0
LEPSL,Organic Search,/5-tips-for-a-successful-criminal-justice-career/,3,-11,5,-14,0,0,0,0
MED,Organic Search,.translate.goog/careers-masters-curriculum-instruction/,3,-7,3,-9,0,0,0,0
MED,Paid Search,/masters-engineering-management-leadership/lp/ppc/,3,-19,15,-111,0,0,0,0
MSNP,Direct,/masters-nonprofit-leadership-management/faculty/,3,1,3,1,0,0,0,0
MSITL,Paid Search,/,3,-7,9,-38,0,0,0,0
LEPSL,Organic Search,/faculty/greg-morgan/,3,-7,6,-3,0,0,0,0
MTS,Organic Search,/faculty/linh-hoang/,3,-7,3,-7,0,0,0,0
Default - (not set),Organic Search,/blog/humanitarian-nonprofit/,3,,3,,0,,0,
Informatics,Referral,/healthcare-informatics-jobs-salary/,3,,2,,0,,0,
CyberEng,Referral,/should-you-become-a-cyber-security-engineer/,3,-12,3,-10,0,0,0,0
Default - (not set),Direct,/blog/computer-science/,3,2,3,0,0,0,0,0
CyberOps,Organic Search,.translate.goog/why-cyber-security-is-a-great-career-option-for-military-veterans/,3,2,3,2,0,0,0,0
MSLDT,Email,/masters-learning-design-technology/,3,-6,6,-11,0,-1,0,-0.1111111111111111
Informatics,Paid Social,/education/,3,,3,,0,,0,
MSHA,Direct,/humanitarian-program-coordinator/,3,-2,3,-2,0,0,0,0
Data Science,Paid Search,/masters-applied-data-science/apply/,3,-5,6,0,0,0,0,0
CyberOps,Organic Search,/is-a-cyber-security-engineering-degree-right-for-you/,3,-11,3,-11,0,0,0,0
CyberOps,Organic Search,/faculty/michelle-moore/,3,-13,3,-12,0,0,0,0
LEPSL,Direct,/police-promotion/,3,-17,2,-20,0,0,0,0
MSITL,Direct,/how-to-start-it-career/,3,0,5,2,0,0,0,0
LEPSL,Referral,/what-style-police-leadership-most-effective/,3,-6,3,-6,0,0,0,0
MSLDT,Referral,/top-instructional-design-software/,3,-9,3,-14,0,0,0,0
Default - (not set),Organic Search,/student-support/copley-library/,3,,3,,0,,0,
Default - (not set),Organic Search,/contact-us/,3,,3,,0,,0,
EML,Direct,/engineering-leadership-skills/,3,,3,,0,,0,
Informatics,Direct,/forms/hci-applicant/,3,1,2,1,0,0,0,0
CyberEng,Unknown - chatgpt.com / (not set),/masters-cyber-security-engineering/,3,,3,,0,,0,
Default - (not set),Organic Search,/cyber-security-statistics/,3,0,17,8,0,0,0,0
MSHA,Organic Search,/advisory-board/husquinet/,3,2,2,1,0,0,0,0
Informatics,Direct,/tuition-financial-aid/tuition/,3,2,2,-3,0,0,0,0
MTS,Direct,/how-to-pay-for-theology-degree/,3,,2,,0,,0,
Default - business-entrepreneurship,Direct,/top-engineering-leaders/,3,,2,,0,,0,
LEPSL,Referral,/police-media-relations-and-social-media/,3,2,3,2,0,0,0,0
MSNNL,Paid Search,/masters-nursing-leadership/lp/thank-you/,3,,2,,2,,0.6666666666666666,
EML,Organic Search,/classes/value-chain-of-engineering-organizations/,3,2,3,2,0,0,0,0
MESH,Unknown - perplexity / (not set),/sustainability-engineer-career/,3,,3,,0,,0,
MSHA,Organic Search,/humanitarian-corridor/,3,-74,7,-73,0,-2,0,-0.025974025974025976
MESH,Display,/masters-engineering-sustainability-health/,3,,4,,0,,0,
MSAAI,Direct,/tuition-financial-aid/tuition/,3,2,39,37,0,0,0,0
Default - (not set),Organic Search,/lp/apply-now/,3,,3,,0,,0,
CyberEng,Organic Search,/cybersecurity-bootcamp-vs-degree/,3,-5,3,-6,0,0,0,0
MED,Direct,/programs/,3,-96,7,-138,0,-1,0,-0.010101010101010102
LEPSL,Organic Search,/faculty/gary-morrison/,3,2,2,1,0,0,0,0
CyberOps,Organic Search,/how-to-start-career-in-cyber-security/,3,-14,2,-22,0,0,0,0
MSNNL,Organic Search,/faculty/sheree-scott/,3,1,3,1,0,0,0,0
MSLDT,Organic Search,/faculty/holly-shiflett/,3,0,6,3,0,0,0,0
CyberOps,Organic Search,/master-of-science-in-cyber-security-or-mba/,3,-47,3,-66,0,-1,0,-0.02
Informatics,Direct,/resources/health-informatics-career-guide/,3,1,3,1,0,0,0,0
CyberEng,Organic Search,/how-to-become-a-cyber-threat-hunter/,3,,2,,0,,0,
Informatics,Unknown - Data Not Available / Data Not Available,/masters-health-informatics/lp/study-health-informatics/,3,-8,7,-17,0,0,0,0
CyberEng,Direct,/cybersecurity-vs-it-degree/,3,-11,3,-16,0,-1,0,-0.07142857142857142
LEPSL,Organic Search,/faculty/tyler-blondi/,3,,3,,0,,0,
LEPSL,Organic Search,/importance-education-law-enforcement/,3,-13,3,-15,0,0,0,0
Default - (not set),Organic Search,/student-support/lela-reagan/,3,,5,,0,,0,
Informatics,Direct,/health-informatics-job-description-explained/,3,-4,4,-2,0,0,0,0
Data Science,Direct,/data-science-vs-statistics-masters/,3,-3,1,-5,0,0,0,0
MTS,Direct,/biblical-studies-theology/,3,-10,4,-10,0,0,0,0
Data Science,Display,/sports-analytics-careers/,3,,3,,0,,0,
Default - (not set),Organic Search,/lean-startup-methodology-explained/,3,,2,,0,,0,
Default - (not set),Organic Search,/best-mba-alternatives/,3,-14,3,-12,0,0,0,0
CyberOps,Organic Search,/usd-cybersecurity-degree-program-ranked-9-in-fortune-education-list/,3,-1,3,0,0,0,0,0
Data Science,Direct,/resources/questions-to-ask-masters-data-science-checklist/,3,,7,,0,,0,
LEPSL,Email,/masters-law-enforcement-leadership/transfer-credit/fbi-leeda/,3,-1,12,6,0,0,0,0
MSHA,Organic Search,/faculty/rob-grace/,3,,2,,0,,0,
MTS,Direct,/what-is-theological-studies/,3,-13,4,-12,0,0,0,0
MSAAI,Organic Search,/classes/applied-probability-and-statistics-for-artificial-intelligence-maai-500/,3,,4,,0,,0,
Data Science,Direct,/data-warehouse-engineer/,3,-6,4,-6,0,0,0,0
MED,Organic Search,/classes/qualitative-methods-in-educational-research/,3,,5,,0,,0,
MSNP,Organic Search,.translate.goog/public-administration-careers/,3,,3,,0,,0,
MESH,Organic Search,/faculty/ali-mariko-dressel/,3,-5,4,-7,0,0,0,0
Default - (not set),Direct,/forms/mseml-application-evaluation/,3,2,3,0,0,0,0,0
MSHA,Organic Search,/faculty/ernest-ogbozor/,3,1,3,1,0,0,0,0
CyberOps,Referral,/cyber-security-information-security-network-security/,3,-22,3,-20,0,0,0,0
MTS,Organic Search,.translate.goog/how-to-become-a-spiritual-director/,3,,3,,0,,0,
CyberOps,Direct,/resources/which-cybersecurity-program-is-right-for-you/,3,1,3,1,0,0,0,0
MSHA,Organic Search,/advisory-board/ocampo/,3,,3,,0,,0,
LEPSL,Referral,/masters-law-enforcement-leadership/apply/,3,2,3,1,0,0,0,0
Default - (not set),Direct,/mesh-mixer-rsvp/,3,,3,,0,,0,
EML,Direct,/engineering-masters-degrees/,3,-9,3,-11,0,0,0,0
Default - (not set),Organic Search,/gfembed/,3,-15,3,-15,0,0,0,0
LEPSL,Organic Search,/masters-law-enforcement-leadership/transfer-credit/fbina/,3,-8,4,-6,0,0,0,0
MTS,Email,/masters-theological-studies/classes/,3,0,5,0,1,1,0.3333333333333333,0.3333333333333333
MSITL,Paid Search,/masters-information-technology-leadership/classes/data-science-elective/,3,,8,,0,,0,
Informatics,Organic Social,/8-technologies-changing-healthcare/,3,-4,4,-3,0,0,0,0
Default - (not set),Paid Search,/tuition-financial-aid/additional-funding-options/,3,,3,,0,,0,
CyberOps,Unknown - chatgpt.com / (not set),/top-cyber-security-threats/,3,,6,,0,,0,
CyberEng,Organic Search,/is-cyber-security-hard/,3,,4,,0,,0,
LEPSL,Direct,/masters-law-enforcement-leadership/students-agencies/,3,,3,,0,,0,
Informatics,Organic Search,/future-health-informatics/,3,2,15,14,0,0,0,0
MSAAI,Organic Search,/masters-applied-artificial-intelligence/careers/,3,-12,3,-14,0,0,0,0
EML,Organic Search,/engineering-scholarships/,3,0,3,-1,0,0,0,0
MSAAI,Direct,/ai-impact-on-pharma-4-0/,3,-1,2,-2,0,0,0,0
MSLDT,Direct,/masters-learning-design-technology/ambassadors/,3,,15,,0,,0,
MSAAI,Direct,/university-of-san-diegos-ms-in-applied-artificial-intelligence-launching-new-course-agentic-ai-systems-in-summer-2026/,3,,7,,0,,0,
Informatics,Direct,/masters-health-informatics/testimonials/,3,2,3,3,0,0,0,0
CyberOps,Direct,/ceh-certification/,3,-26,3,-26,0,0,0,0
MESH,Organic Social,/masters-engineering-sustainability-health/apply/,3,,3,,0,,0,
MSAAI,Organic Search,/resources/free-ms-aai-program-brochure/,3,-4,2,-1,0,0,0,0
MSNNL,Paid Search,/,3,-13,12,-79,0,0,0,0
MSITL,Referral,/it-career-paths/,3,2,2,1,0,0,0,0
MSAAI,Unknown - chatgpt.com / (not set),/ai-blogs/,3,,3,,0,,0,
MED,Direct,/masters-education/scholarships-and-grants/,3,1,4,2,0,0,0,0
MSNNL,Direct,/masters-education/,3,1,10,5,0,0,0,0
Default - (not set),Organic Search,/management-masters-vs-mba/,3,-29,3,-30,0,0,0,0
CyberOps,Email,/masters-cyber-security-operations/,3,-10,3,-23,0,0,0,0
LEPSL,Organic Search,/faculty/james-r-davis/,3,-4,3,-3,0,0,0,0
LEPSL,Organic Search,/masters-law-enforcement-leadership/transfer-credit/fbi-leeda/,3,-5,7,-9,0,-1,0,-0.125
MSNNL,Organic Search,/masters-nursing-leadership/lp/ppc/,3,-32,6,-28,0,0,0,0
MSLDT,Organic Search,/resources/things-to-know-about-careers-in-instructional-design/,3,-10,2,-9,0,-1,0,-0.07692307692307693
MED,Organic Search,/the-secrets-to-successful-school-leadership/,3,-4,3,-7,0,0,0,0
Default - (not set),Direct,/usd-online-alumni/,3,-3,3,-6,0,0,0,0
MTS,Paid Social,/masters-theological-studies/lp/ppc/thank-you/,3,,3,,2,,0.6666666666666666,
Default - (not set),Referral,/how-to-become-an-entrepreneur/,3,,3,,0,,0,
MTS,Organic Social,/masters-theological-studies/resources/,3,,6,,1,,0.3333333333333333,
MSHA,Organic Search,/masters-humanitarian-action/apply/,3,0,3,-3,0,0,0,0
CyberOps,Direct,/masters-cyber-security-operations/lp/rvedu-csol/,3,,3,,0,,0,
MTS,Direct,.translate.goog/what-is-liturgy/,3,-26,3,-39,0,0,0,0
MSLDT,Direct,/masters-law-enforcement-leadership/ambassadors/,3,,14,,0,,0,
MESH,Direct,/faculty/willy-oppenheim/,3,,2,,0,,0,
Data Science,Direct,/what-is-data-science/,3,-17,3,-22,0,0,0,0
CyberOps,Direct,/what-is-a-chief-security-officer-high-demand-skyrocketing-pay-for-csos/,3,-7,4,-6,0,0,0,0
MSNNL,Direct,/12-types-of-msn-degrees-how-to-choose-the-best-nursing-track/,3,,3,,0,,0,
MSNP,Direct,/masters-humanitarian-action/,3,,55,,0,,0,
Default - (not set),Email,/events/,3,,2,,0,,0,
Informatics,Paid Social,/masters-health-informatics/health-analytics-track/,3,,2,,0,,0,
MSLDT,Unknown - Data Not Available / Data Not Available,/masters-learning-design-technology/lp/study-learning-design-technology/,3,-15,11,-26,0,-4,0,-0.2222222222222222
LEPSL,Organic Search,/faculty/timothy-albright/,3,-6,3,-6,0,0,0,0
MED,Organic Search,/classes/cognition-learning/,3,1,2,0,0,0,0,0
MED,Organic Search,/faculty-spotlight-dr-reyes-quezada-2/,3,2,3,-1,0,0,0,0
MESH,Direct,/environmental-consultant-career/,3,,3,,0,,0,
LEPSL,Direct,/ambassador/julie-rodriguez/,3,,3,,0,,0,
MTS,Organic Search,.translate.goog/how-to-regain-your-faith/,3,-1,4,-2,0,0,0,0
CyberOps,Direct,/masters-cyber-security-operations/faculty/,3,,3,,0,,0,
LEPSL,Direct,/masters-law-enforcement-leadership/transfer-credit/sherman-block-sli/,3,-5,3,-4,0,0,0,0
MSLDT,Direct,/corporate-trainer-career/,3,-1,4,0,0,0,0,0
MSLDT,Paid Search,/masters-learning-design-technology/lp/thank-you/,3,2,2,2,2,2,0.6666666666666666,0.6666666666666666
MESH,Referral,/masters-engineering-sustainability-health/apply/,3,-4,5,-1,0,0,0,0
CyberOps,Paid Search,/masters-cyber-security-engineering/let-us-pay-for-your-cse-program-application-fee/,3,,4,,2,,0.6666666666666666,
CyberOps,Unknown - Data Not Available / Data Not Available,/masters-cyber-security-operations/classes/,3,,3,,0,,0,
MSNP,Referral,s-nonprofit-leadership-management/lp/ppc/,3,,6,,4,,1.3333333333333333,
MED,Organic Search,/teaching-students-with-autism/,3,-6,4,-5,0,0,0,0
Default - (not set),Organic Search,/about/online-learning/student-support/,3,-3,3,-5,0,0,0,0
MTS,Organic Search,.translate.goog/theology-careers/,3,-7,3,-10,0,0,0,0
LEPSL,Organic Search,/key-components-of-law-enforcement-leadership-degree/,3,,3,,0,,0,
Informatics,Organic Search,/how-to-become-a-nurse-educator/,3,,2,,0,,0,
LEPSL,Direct,/masters-law-enforcement-leadership/transfer-credit/fbina/,3,2,3,1,0,0,0,0
MESH,Referral,/sustainability-degree-options/,3,,2,,0,,0,
MED,Direct,/masters-education/faculty/,3,-6,5,-1,0,0,0,0
MSNP,Organic Search,/grant-writing-for-nonprofits/,3,-47,4,-52,0,0,0,0
LEPSL,Email,/masters-law-enforcement-leadership/faculty/,3,-20,3,-21,0,0,0,0
LEPSL,Email,/masters-law-enforcement-leadership/endorsements-testimonials/,3,-15,3,-19,0,0,0,0
MSAAI,Organic Search,/masters-artificial-intelligence-vs-data-science/,3,-37,3,-48,0,0,0,0
LEPSL,Organic Search,/ambassador/eric-noble/,3,2,3,2,0,0,0,0
LEPSL,Organic Search,/faculty/matthew-odeane/,3,-14,3,-14,0,0,0,0
MSAAI,Organic Search,.translate.goog/machine-learning-podcast/,3,1,3,1,0,0,0,0
Default - (not set),Organic Search,/blue-leadership-podcast/,3,-2,2,-8,0,0,0,0
CyberOps,Organic Search,/classes/enterprise-security-architecture/,3,,2,,0,,0,
MTS,Direct,/masters-engineering-management-leadership/curriculum/,3,,6,,0,,0,
LEPSL,Organic Search,/lepsl-first-student-ryan-opeka/,3,,7,,0,,0,
MTS,Paid Search,/masters-theological-studies/faculty/,3,2,2,2,0,0,0,0
MSLDT,Direct,/masters-learning-design-technology/lp/instructional-design-for-teachers/,3,,2,,0,,0,
Data Science,Direct,/how-to-become-database-developer/,3,-6,3,-7,0,0,0,0
MESH,Organic Social,/resources/sustainability-careers-ebook-thank-you/,3,,2,,2,,0.6666666666666666,
MED,Unknown - perplexity / (not set),/teacher-centered-vs-student-centered-learning/,3,,4,,0,,0,
MSNP,Direct,/masters-engineering-sustainability-health/apply/,3,,8,,0,,0,
MSAAI,Organic Search,/impact-of-chatgpt-on-ai-careers/,3,-10,4,-14,0,0,0,0
MSNP,Organic Search,/faculty/andrea-boozer/,3,,2,,0,,0,
MSNNL,Direct,/faculty/sheree-scott/,3,,3,,0,,0,
MED,Organic Search,/education-inequity-and-homework./,3,,3,,0,,0,
EML,Organic Search,/head-of-product-career/,3,2,5,4,1,1,0.3333333333333333,0.3333333333333333
Informatics,Direct,/admissions/how-to-apply/,3,2,9,5,0,0,0,0
MSLDT,Direct,/instructional-design-best-practices/,3,-13,2,-14,0,0,0,0
CyberEng,Unknown - Data Not Available / Data Not Available,/masters-cyber-security-engineering/lp/cyber-security-engineering/,3,-11,6,-34,0,-3,0,-0.21428571428571427
MESH,Direct,/blog-msph-vs-mph-degree-comparison/,3,-16,7,-10,0,0,0,0
MSNP,Unknown - facebook / social,/masters-nonprofit-leadership-management/,3,,3,,0,,0,
Default - (not set),Organic Search,/top-cyber-security-threats/,3,,8,,0,,0,
Informatics,Referral,/what-is-health-informatics/,3,2,2,1,0,0,0,0
MESH,Organic Search,.translate.goog/best-sustainability-podcasts/,3,,3,,0,,0,
LEPSL,Organic Search,/masters-law-enforcement-leadership/lp/request-info/,3,,4,,0,,0,
Default - (not set),Organic Search,/best-jobs-for-mba-graduates/,3,-5,3,-5,0,0,0,0
MESH,Organic Search,/faculty/roman-sidortsov/,3,-4,3,-4,0,0,0,0
MSAAI,Organic Search,/aws-azure-gcp-certification/,3,-12,3,-15,0,0,0,0
MSAAI,Unknown - chatgpt.com / (not set),/masters-applied-artificial-intelligence/apply/,3,,3,,0,,0,
LEPSL,Organic Search,/faculty/adolfo-gonzales/,3,-3,4,-2,0,0,0,0
MSITL,Referral,/it-management-leadership-certifications/,3,2,4,3,0,0,0,0
LEPSL,Direct,/criminal-justice-masters-degree-comparison/,3,-10,3,-12,0,0,0,0
MESH,Organic Search,/masters-engineering-sustainability-health/mesh-combined-degree/,3,2,6,4,1,1,0.3333333333333333,0.3333333333333333
Default - (not set),Direct,/blog/sustainability/,3,2,3,2,0,0,0,0
MSNNL,Direct,/masters-nursing-leadership/lp/thank-you/,3,1,3,-9,3,3,1,1
Default - (not set),Unknown - Data Not Available / Data Not Available,/,3,,10,,0,,0,
MSNNL,Unknown - Data Not Available / Data Not Available,/masters-nursing-leadership/nursing-educator-track/,3,,8,,0,,0,
Default - (not set),Organic Search,/contact-us-thank-you/,3,,4,,3,,1,
MSLDT,Direct,/instructional-design-masters-degree-worth-it/,3,-1,3,-3,0,0,0,0
CyberEng,Organic Social,/summer-cyber-security-program/,3,,3,,0,,0,
EML,Direct,/employer-partnership/axos/,3,,11,,0,,0,
EML,Direct,/masters-engineering-management-leadership/app-waiver/,3,,3,,0,,0,
Data Science,Direct,/masters-applied-data-science/advisory-board/,3,-6,3,-8,0,0,0,0
"Default - computer-science,engineering,technology",Organic Search,/usd-gradright-partnership/,3,,3,,0,,0,
CyberOps,Email,/masters-cyber-security-operations/classes/,2,,2,,0,,0,
MED,Organic Search,.translate.goog/teacher-resume-examples/,2,-1,2,-1,0,0,0,0
MSITL,Paid Search,/search/NDG+Linux/,2,,2,,0,,0,
MSHA,Organic Search,.translate.goog/humanitarian-careers/,2,-38,2,-43,0,0,0,0
MESH,Direct,/faculty/georgina-yeboah/,2,,2,,0,,0,
MED,Organic Search,/masters-education/masters-education-resources/,2,1,1,0,0,0,0,0
CyberOps,Organic Search,/masters-cyber-security-engineering/,2,-11,4,-46,0,0,0,0
CyberEng,Organic Search,/faculty/haydar-majeed/,2,,3,,0,,0,
EML,Organic Social,/future-engineering-trends/,2,,1,,0,,0,
Default - (not set),Organic Search,/faculty/dr-venkat-shastri/,2,0,2,0,0,0,0,0
MSITL,Organic Search,/information-technology-scholarships/,2,-1,2,-1,0,0,0,0
MED,Organic Search,/resources/inside-look-med-webinar/,2,-2,3,-3,0,-1,0,-0.25
Default - (not set),Referral,/masters-applied-data-science/,2,,8,,0,,0,
CyberEng,Display,/masters-cyber-security-engineering/apply/,2,,2,,0,,0,
MSNNL,Organic Search,/education-inequity-and-homework/https:/onlinedegrees.sandiego.edu/education-inequity-and-homework/https:/onlinedegrees.sandiego.edu/education-inequity-and-homework/https:/onlinedegrees.sandiego.edu/education-inequity-and-homework/https:/onlinedegrees.sandiego.edu/education-inequity-and-homework/https:/onlinedegrees.sandiego.edu/education-inequity-and-homework/https:/onlinedegrees.sandiego.edu/education-inequity-and-homework/https:/onlinedegrees.sandiego.edu/education-inequity-and-homework/https:/onlinedegrees.sandiego.edu/education-inequity-and-homework/https:/onlinedegrees.sandiego.edu/education-inequity-and-homework/https:/onlinedegrees.sandiego.edu/education-inequity-and-homework/_,2,,3,,0,,0,
Data Science,Direct,/data-architect-career/,2,-7,2,-10,0,0,0,0
Informatics,Paid Search,/mha-vs-mph-vs-ms-health-informatics/,2,0,2,0,0,0,0,0
MSNNL,Email,/masters-nursing-leadership/classes/,2,,1,,0,,0,
CyberOps,Email,/cyber-security-information-security-network-security/,2,,2,,0,,0,
LEPSL,Email,/classes/organizational-leadership/,2,,2,,0,,0,
Default - (not set),Direct,/masters-cyber-security-operations/student-services/,2,,19,,0,,0,
Default - (not set),Direct,/masters-cyber-security-engineering/classes/,2,,5,,0,,0,
Informatics,Organic Search,/nursing-informatics-vs-health-informatics/,2,-20,2,-27,0,0,0,0
MSLDT,Referral,/what-is-instructional-design-examples/,2,-28,2,-25,0,0,0,0
MTS,Direct,/franciscan-theology-reading-list/,2,,2,,0,,0,
MED,Direct,"/search/Emotional+effects+of+frequent+classroom+transitions+(subs,+schedule+change,+new+teacher)/",2,,3,,0,,0,
MED,Direct,.translate.goog/best-masters-degrees-for-teachers/,2,-1,2,-1,0,0,0,0
MSAAI,Referral,.translate.goog/ai-governance/,2,,2,,0,,0,
Default - (not set),Referral,/student-support/one-stop-student-center/,2,,3,,0,,0,
MSITL,Organic Search,.translate.goog/information-technology-trends/,2,0,2,0,0,0,0,0
LEPSL,Direct,/law-enforcement-education-solve-community-problems/,2,,0,,0,,0,
Default - (not set),Organic Search,/faculty/bharath-inti/,2,,2,,0,,0,
CyberOps,Organic Search,.translate.goog/malware-analyst-career-guide/,2,-10,2,-13,0,0,0,0
MED,Organic Social,/masters-education/,2,-1,2,-6,0,0,0,0
MSLDT,Organic Search,/masters-learning-design-technology/lp/instructional-design-for-teachers/,2,,3,,0,,0,
MED,Unknown - perplexity / (not set),/life-skills-education-in-schools/,2,,2,,0,,0,
Informatics,Email,/masters-health-informatics/apply/,2,-15,4,-13,0,0,0,0
CyberOps,Direct,/cyber-security-auditor-career-guide/,2,-8,2,-12,0,0,0,0
MED,Paid Social,/masters-education/apply/,2,,2,,0,,0,
CyberOps,Direct,/is-a-cyber-security-engineering-degree-right-for-you/,2,-3,2,-3,0,0,0,0
MESH,Organic Search,.translate.goog/sustainability-consultant-career/,2,0,2,1,0,0,0,0
MSLDT,Direct,/instructional-design-cover-letter-guide/,2,,2,,0,,0,
LEPSL,Organic Search,/ambassador/jeff-strossner/,2,0,3,1,0,0,0,0
Data Science,Organic Search,/classes/applied-predictive-modeling/,2,,3,,0,,0,
MSAAI,Direct,/business-intelligence-analyst-career/,2,-5,1,-6,0,0,0,0
Data Science,Organic Search,/advisory-board/jules-malin/,2,-1,2,-1,0,0,0,0
MSHA,Referral,/social-advocacy-definition/,2,,2,,0,,0,
Default - (not set),Organic Search,/student-support/career-development-center/,2,-3,2,-3,0,0,0,0
Default - (not set),Organic Search,.translate.goog/transformational-leadership/,2,-1,2,-1,0,0,0,0
Default - (not set),Organic Search,/masters-applied-data-science/,2,,6,,0,,0,
MSITL,Organic Search,/sre-vs-devops/,2,-9,2,-14,0,0,0,0
CyberEng,Display,/masters-cyber-security-engineering/,2,,4,,0,,0,
Data Science,Direct,/data-science-bootcamps/,2,-12,2,-12,0,0,0,0
Default - (not set),Direct,/bachelors-nursing/,2,,6,,1,,0.5,
LEPSL,Organic Search,/faculty/pat-norris/,2,0,2,0,0,0,0,0
MED,Organic Search,/faculty/michael-salamanca/,2,,2,,0,,0,
Informatics,Direct,/faculty/razel-milo/,2,,2,,0,,0,
MESH,Direct,/masters-engineering-sustainability-health/ig/,2,,11,,0,,0,
MED,Referral,/cooperative-learning-strategies/,2,-13,2,-14,0,0,0,0
MSHA,Paid Search,/masters-humanitarian-action/classes/,2,,5,,0,,0,
CyberOps,Organic Search,/search/Information+security+analyst/,2,,2,,0,,0,
Default - (not set),Organic Search,/masters-cyber-security-engineering/program-outcomes/,2,,3,,0,,0,
Default - (not set),Direct,/employer-partnership/artemis-consulting/,2,,4,,0,,0,
LEPSL,Organic Search,/masters-law-enforcement-leadership/transfer-credit/perf-smip/,2,-11,3,-19,0,0,0,0
CyberEng,Organic Search,.translate.goog/black-vs-gray-vs-white-hat-hackers/,2,-3,2,-5,0,0,0,0
MED,Referral,/resources/free-med-program-brochure-thank-you/,2,,1,,1,,0.5,
MESH,Direct,.translate.goog/ngo-careers/,2,-25,2,-28,0,0,0,0
Informatics,Referral,/,2,1,4,2,0,0,0,0
Default - (not set),Referral,/masters-applied-artifical-intelligence/,2,,2,,0,,0,
MSHA,Paid Search,/masters-humanitarian-action/apply/,2,-3,1,-3,0,0,0,0
MSHA,Referral,/humanitarian-careers/,2,1,2,0,0,0,0,0
LEPSL,Organic Search,/masters-law-enforcement-leadership/transfer-credit/command-college/,2,1,6,5,0,0,0,0
LEPSL,Direct,/resources/law-enforcement-careers-ebook-thank-you/,2,,2,,2,,1,
LEPSL,Direct,/ambassador/james-britt/,2,,2,,0,,0,
MSAAI,Unknown - chatgpt.com / (not set),/artificial-intelligence-bootcamps/,2,,2,,0,,0,
MSNNL,Paid Search,/masters-health-informatics/lp/health-informatics-for-nurses/,2,-2,14,-2,1,1,0.5,0.5
MSNP,Organic Search,/international-affairs-careers/,2,,4,,0,,0,
Informatics,Organic Search,/masters-health-informatics/testimonials/,2,0,1,0,0,0,0,0
MESH,Organic Search,/classes/environmental-justice/,2,-2,2,-8,0,0,0,0
MED,Organic Search,/faculty/tess-reid/,2,1,3,2,0,0,0,0
Default - (not set),Direct,/blog/,2,0,6,0,0,-1,0,-0.5
MSAAI,Direct,.translate.goog/artificial-intelligence-education/,2,-37,2,-43,0,0,0,0
MSNNL,Direct,/programs/,2,,4,,0,,0,
MTS,Direct,/masters-humanitarian-action/,2,,63,,0,,0,
LEPSL,Paid Social,/masters-law-enforcement-leadership/transfer-credit/,2,,2,,0,,0,
LEPSL,Organic Search,/faculty/tory-kornblum/,2,-9,2,-10,0,0,0,0
MSLDT,Paid Search,/masters-learning-design-technology/apply/,2,0,0,-1,0,0,0,0
Data Science,Referral,/masters-applied-data-science/careers/,2,,2,,0,,0,
LEPSL,Referral,/masters-law-enforcement-leadership/classes/,2,0,1,1,0,0,0,0
MSNNL,Organic Search,/classes/advanced-pathophysiology/,2,-5,2,-7,0,0,0,0
MESH,Organic Social,/masters-engineering-sustainability-health/classes/,2,,2,,0,,0,
Default - (not set),Organic Search,/about/online-learning/course-experience/,2,-1,3,-2,0,0,0,0
Data Science,Organic Search,/masters-data-analytics-worth-it/,2,-24,2,-26,0,0,0,0
CyberOps,Organic Search,/faculty/matthew-d-hollandsworth-ph-d/,2,,2,,0,,0,
MSAAI,Organic Search,/education/,2,,6,,0,,0,
MED,Referral,/resources/the-complete-list-of-teaching-methods/,2,,2,,0,,0,
LEPSL,Organic Search,/faculty/steven-weiss/,2,-1,3,0,0,0,0,0
MSAAI,Organic Search,.translate.goog/business-intelligence-analyst-career/,2,-2,2,-2,0,0,0,0
MTS,Direct,/faculty/patty-jimenez/,2,,2,,0,,0,
MSHA,Direct,/masters-humanitarian-action/lp/dyna/,2,-7,2,-11,0,-1,0,-0.1111111111111111
MSAAI,Direct,/faculty/andrew-van-benschoten/,2,-2,1,-2,0,0,0,0
MESH,Organic Search,/faculty/rita-armstrong/,2,,4,,0,,0,
CyberEng,Direct,/chief-risk-officer/,2,-4,2,-6,0,0,0,0
MSLDT,Unknown - perplexity / (not set),/instructional-design-interview-questions/,2,,3,,0,,0,
CyberEng,Display,/masters-cyber-security-engineering/classes/,2,,2,,0,,0,
MSHA,Direct,/humanitarian-crises-around-the-world/,2,1,2,1,0,0,0,0
CyberOps,Paid Search,/masters-cyber-security-operations/let-us-pay-for-your-csol-program-application-fee/,2,1,2,0,1,1,0.5,0.5
Data Science,Organic Search,/when-inference-meets-prediction-navigating-the-line-between-statistical-models-and-machine-learning/,2,,2,,0,,0,
Informatics,Organic Search,/online-programs/,2,0,10,-3,0,0,0,0
Data Science,Unknown - Data Not Available / Data Not Available,/masters-applied-data-science/classes/,2,,1,,0,,0,
Informatics,Organic Social,/masters-health-informatics/lp/health-informatics-for-nurses/,2,-2,2,-2,0,0,0,0
LEPSL,Referral,/risk-management-in-law-enforcement/,2,0,1,-1,0,0,0,0
MSHA,Direct,/masters-cyber-security-operations/let-us-pay-for-your-csol-program-application-fee/,2,,6,,0,,0,
MSAAI,Organic Search,.translate.goog/artificial-intelligence-jobs/,2,-42,2,-48,0,0,0,0
Default - (not set),Direct,/faculty/carlton-c-oneal/,2,1,2,1,0,0,0,0
MSNNL,Direct,/masters-applied-artificial-intelligence/apply/,2,,5,,0,,0,
Informatics,Direct,/admissions/,2,0,13,3,0,0,0,0
MED,Direct,/masters-cyber-security-operations/testimonials/,2,,4,,0,,0,
LEPSL,Direct,/ambassador/david-duran/,2,,2,,0,,0,
MTS,Unknown - chatgpt.com / (not set),/liturgy-of-the-hours/,2,,2,,0,,0,
MSAAI,Referral,/ai-governance/,2,-4,2,-5,0,0,0,0
LEPSL,Organic Search,/decision-making-authority-sid-heal/,2,-3,2,-3,0,0,0,0
MTS,Organic Search,.translate.goog/ways-to-deepen-your-faith/,2,,2,,0,,0,
Default - (not set),Organic Search,/author/joseph-lathan/,2,,2,,0,,0,
CyberOps,Direct,/how-to-become-a-security-consultant-career-guide/,2,-11,2,-14,0,0,0,0
Default - (not set),Organic Search,/is-homework-necessary/,2,,1,,0,,0,
Default - (not set),Paid Social,/online-programs/,2,,2,,0,,0,
MSHA,Email,/masters-humanitarian-action/classes/,2,,2,,0,,0,
"Default - business-entrepreneurship,computer-science,technology",Organic Search,/is-a-masters-in-data-science-worth-it/,2,,2,,0,,0,
CyberOps,Organic Search,/cyber-security-director/,2,,2,,0,,0,
CyberEng,Organic Search,/chief-information-security-officer/,2,-7,2,-7,0,0,0,0
MESH,Unknown - ig / social,/masters-engineering-sustainability-health/resources/,2,,4,,0,,0,
MTS,Organic Search,.translate.goog/liturgy-of-the-hours/,2,,2,,0,,0,
Data Science,Organic Search,.translate.goog/data-science-careers/,2,,2,,0,,0,
Data Science,Organic Search,/classes/foundations-of-data-science-and-data-ethics-mads-501/,2,1,4,3,0,0,0,0
MED,Organic Search,/faculty/sobeida-velazquez/,2,0,2,0,0,0,0,0
Default - (not set),Direct,/organizational-change-strategies/,2,,2,,0,,0,
MSITL,Unknown - Data Not Available / Data Not Available,/masters-information-technology-leadership/lp/ppc/,2,-8,6,-7,1,1,0.5,0.5
Informatics,Referral,/masters-health-informatics/health-analytics-track/,2,1,1,-1,0,0,0,0
MESH,Referral,/masters-engineering-sustainability-health/faculty/,2,1,2,-1,0,0,0,0
MSAAI,Organic Search,/faculty/david-friesen/,2,,2,,0,,0,
Informatics,Organic Search,/masters-health-informatics/faculty/,2,-3,2,-9,0,0,0,0
Default - (not set),Paid Search,/contact-us/,2,,2,,0,,0,
LEPSL,Direct,/admissions/,2,-2,6,-10,0,0,0,0
MSAAI,Organic Search,.translate.goog/ai-prompt-engineer/,2,0,2,0,0,0,0,0
MSAAI,Organic Search,/harnessing-the-power-of-generative-ai-tools-at-usd-ms-in-aai-program/,2,-1,10,6,0,0,0,0
MSITL,Direct,/masters-information-technology-leadership/classes/cyber-security-pathway/,2,,2,,0,,0,
Default - (not set),Email,/case-career-cyber-security-engineer/,2,,2,,0,,0,
Default - (not set),Organic Search,/top-100-cybersecurity-companies/,2,,5,,0,,0,
MSHA,Email,/masters-humanitarian-action/apply/,2,,2,,0,,0,
MSNNL,Direct,/resources/nurse-leader-career-paths-opportunities/,2,,3,,0,,0,
Informatics,Direct,/how-to-become-a-nurse-educator/,2,,2,,0,,0,
MSITL,Referral,/it-leadership-skills/,2,,1,,0,,0,
MSLDT,Organic Search,/masters-learning-design-technology/ambassadors/,2,,2,,0,,0,
LEPSL,Direct,/masters-law-enforcement-leadership/lp/thank-you/,2,-1,15,12,3,3,1.5,1.5
Default - (not set),Organic Search,/blog/business-entrepreneurship/,2,,1,,0,,0,
MSAAI,Organic Search,/admissions/,2,1,9,6,0,0,0,0
MSAAI,Organic Search,/masters-applied-data-science/,2,-4,9,-25,0,-3,0,-0.5
Default - (not set),Organic Search,/blog/computer-science/,2,,2,,0,,0,
MTS,Unknown - ig / social,/masters-theological-studies/resources/,2,,2,,0,,0,
MED,Unknown - chatgpt.com / (not set),/educational-resources-for-teachers/,2,,2,,0,,0,
MSHA,Organic Social,/social-advocacy-definition/,2,,2,,0,,0,
MSAAI,Referral,/entry-level-ai-careers/,2,0,2,0,0,0,0,0
MSITL,Referral,/resources/free-msitl-program-brochure-thank-you/,2,,6,,0,,0,
Default - (not set),Direct,/how-to-be-innovative-at-work/,2,,2,,0,,0,
MED,Paid Search,/masters-education/specializations/curriculum-and-instruction/,2,0,1,0,0,0,0,0
Default - (not set),Paid Search,/admissions/international-students/,2,,2,,0,,0,
Informatics,Paid Search,/masters-cyber-security-operations/lp/bva-cyber-security-operations-leadership/,2,,11,,0,,0,
MESH,Referral,/community-health-degree-jobs/,2,1,1,0,0,0,0,0
MED,Organic Search,/implementing-universal-design-learning/,2,-7,2,-5,0,0,0,0
MSHA,Paid Search,/masters-humanitarian-action/app-waiver/,2,,1,,0,,0,
MSAAI,Organic Search,/classes/neural-networks-and-deep-learning-maai-511/,2,-3,2,-4,0,0,0,0
Default - (not set),Direct,/best-mba-alternatives/,2,1,2,1,0,0,0,0
Default - (not set),Direct,/forms/csol-gar/,2,,2,,0,,0,
MSITL,Direct,/masters-cyber-security-operations/,2,-1,9,-12,0,0,0,0
Default - (not set),Direct,/search/ai/,2,,2,,0,,0,
MED,Direct,/online-teaching-certification-licensure-programs/,2,-1,2,-1,0,0,0,0
Default - (not set),Direct,/getting-masters-degree-online/,2,1,1,0,0,0,0,0
Default - (not set),Direct,/employer-partnership/general-dynamics-nassco/,2,,2,,0,,0,
Data Science,Direct,/when-inference-meets-prediction-navigating-the-line-between-statistical-models-and-machine-learning/,2,,1,,0,,0,
MSAAI,Direct,/resources/an-inside-look-at-the-artificial-intelligence-masters-degree-webinar/thank-you/,2,,1,,0,,0,
LEPSL,Direct,/shift-in-law-enforcement-leadership/,2,1,2,1,0,0,0,0
LEPSL,Direct,/top-law-enforcement-blogs-websites/,2,-2,2,-1,0,0,0,0
Data Science,Unknown - Data Not Available / Data Not Available,/masters-applied-data-science/lp/study-data-science/,2,-7,4,-16,0,0,0,0
MSNP,Unknown - chatgpt.com / (not set),/nonprofit-grant-databases/,2,,1,,0,,0,
MSAAI,Organic Search,/resources/an-inside-look-at-the-artificial-intelligence-masters-degree-webinar/thank-you/,2,,2,,1,,0.5,
MSLDT,Unknown - chatgpt.com / (not set),/instructional-design-portfolio/,2,,2,,0,,0,
LEPSL,Email,/how-to-become-a-police-chief/,2,1,1,0,0,0,0,0
MSLDT,Email,/top-instructional-design-skills/,2,,1,,0,,0,
MED,Direct,.translate.goog/inclusive-education-strategies/,2,-34,2,-42,0,0,0,0
CyberEng,Referral,/masters-cyber-security-engineering/apply/,2,-21,2,-21,0,0,0,0
Default - (not set),Organic Search,/10-reasons-to-get-your-masters-degree-in-cyber-security/,2,,11,,0,,0,
MSAAI,Organic Social,/ai-impact-on-job-market/,2,-10,2,-10,0,0,0,0
MSAAI,Direct,/classes/agentic-ai-systems-maai-510/,2,,6,,0,,0,
MED,Direct,/fastest-way-to-teaching-degree/,2,-3,2,-2,0,0,0,0
Data Science,Organic Search,/faculty/erin-cooke/,2,-2,2,-3,0,0,0,0
MSNP,Unknown - Data Not Available / Data Not Available,/masters-nonprofit-leadership-management/lp/ppc/,2,-6,3,-22,0,-4,0,-0.5
Informatics,Direct,/nursing-informatics-vs-health-informatics/,2,-1,2,-1,0,0,0,0
LEPSL,Direct,/faculty/manuel-rodriguez/,2,,1,,0,,0,
LEPSL,Organic Search,/the-importance-of-building-trust-inside-your-community/,2,1,2,1,0,0,0,0
MSLDT,Organic Search,/programs/,2,0,14,6,0,0,0,0
MSHA,Organic Search,/faculty/azadeh-hassani/,2,-6,2,-7,0,0,0,0
MED,Organic Search,/resources/free-med-program-brochure/,2,-2,3,-1,0,0,0,0
MSNP,Organic Search,/faculty/marcus-lam/,2,,3,,0,,0,
CyberEng,Organic Search,/classes/digital-forensics-incident-response/,2,-1,4,1,0,0,0,0
MSHA,Organic Search,.translate.goog/social-advocacy-definition/,2,,3,,0,,0,
MED,Organic Search,.translate.goog/instructional-leadership/,2,-3,3,-3,0,0,0,0
MSLDT,Referral,/masters-learning-design-technology/,2,-17,1,-16,0,0,0,0
CyberOps,Email,/top-cyber-security-threats/,2,,2,,0,,0,
MESH,Unknown - facebook / social,/masters-engineering-sustainability-health/,2,,1,,0,,0,
Default - (not set),Paid Search,/masters-applied-data-science/lp/study-data-science/,2,,10,,0,,0,
MSAAI,Paid Search,/nlp-engineer-career/,2,,2,,0,,0,
MED,Paid Search,/educational-resources-for-teachers/,2,,1,,0,,0,
LEPSL,Unknown - Data Not Available / Data Not Available,/masters-law-enforcement-leadership/lp/law-enforcement/,2,,3,,0,,0,
MSHA,Direct,/organizational-capacity/,2,,1,,0,,0,
MTS,Direct,/masters-theological-studies/careers/,2,-3,3,-3,0,0,0,0
EML,Direct,/masters-in-engineering-management-vs-mba/,2,-5,2,-4,0,0,0,0
LEPSL,Direct,/law-enforcement-salaries-spike-with-a-masters-degree/,2,1,2,1,0,0,0,0
MSNNL,Organic Search,/advisory-board/herman/,2,,1,,0,,0,
LEPSL,Email,/masters-law-enforcement-leadership/ambassadors/,2,-10,1,-14,0,0,0,0
MESH,Referral,/faculty/necla-tschirgi/,2,,2,,0,,0,
MED,Organic Social,/effective-educational-leadership/,2,-4,2,-5,0,0,0,0
Data Science,Unknown - chatgpt.com / (not set),/data-science-bootcamps/,2,,3,,0,,0,
"Default - computer-science,engineering,technology",Email,/cyber-security/,2,,2,,0,,0,
MSNNL,Direct,/faculty/jannise-baclig/,2,,6,,0,,0,
CyberEng,Direct,/masters-cyber-security-engineering/program-outcomes/,2,0,1,0,0,0,0,0
MSAAI,Direct,/bachelors-nursing/,2,,6,,0,,0,
EML,Organic Search,.translate.goog/chief-engineer-officer-career/,2,-20,2,-21,0,0,0,0
MSLDT,Direct,/instructional-designer-vs-elearning-developer/,2,-4,2,-4,0,0,0,0
CyberEng,Organic Search,/cyber-security-coding/,2,-105,3,-104,0,-1,0,-0.009345794392523364
Default - (not set),Organic Search,/student-support/disability-and-learning-difference-resource-center-dldrc/,2,-12,3,-10,0,0,0,0
Informatics,Direct,/blog/healthcare/,2,1,2,1,0,0,0,0
LEPSL,Organic Search,.translate.goog/what-style-police-leadership-most-effective/,2,-6,2,-8,0,0,0,0
Default - (not set),Organic Search,/faculty/james-gilb-ph-d/,2,1,2,1,0,0,0,0
MSITL,Organic Search,/information-technology-management/,2,-54,3,-61,0,-1,0,-0.017857142857142856
EML,Organic Search,/advisory-board/ramon-lecanda/,2,0,2,0,0,0,0,0
MED,Organic Search,/resources/the-complete-list-of-teaching-methods-thank-you/,2,1,1,1,1,1,0.5,0.5
MSAAI,Direct,.translate.goog/application-of-ai-in-robotics/,2,-5,2,-7,0,0,0,0
MSHA,Direct,/humanitarian-corridor/,2,-13,2,-14,0,0,0,0
CyberOps,Organic Search,/finding-a-career-in-cyber-security-tips-and-resources/,2,1,2,1,0,0,0,0
MED,Referral,/best-teacher-blogs/,2,-4,2,-5,0,0,0,0
MTS,Organic Search,/faculty/jeffrey-burns/,2,0,2,0,0,0,0,0
MTS,Referral,/religious-vocational-discernment/,2,-7,2,-7,0,0,0,0
MED,Organic Search,/faculty/suzanne-stolz/,2,1,2,-2,0,0,0,0
LEPSL,Direct,/masters-law-enforcement-leadership/lp/criminal-justice/,2,,1,,0,,0,
MSAAI,Direct,.translate.goog/ai-trainer/,2,-3,2,-3,0,0,0,0
MED,Organic Search,/vanessa-araiza/,2,-1,1,-2,0,0,0,0
MED,Direct,/implementing-universal-design-learning/,2,-6,2,-9,0,0,0,0
MSITL,Organic Search,/faculty/david-smith/,2,1,2,-11,0,0,0,0
MSNNL,Direct,/what-is-a-clinical-nurse-leader/,2,,4,,0,,0,
MSAAI,Direct,/impact-of-chatgpt-on-ai-careers/,2,-4,2,-4,0,0,0,0
MSLDT,Direct,/faculty/lisa-evans/,2,0,1,-2,0,0,0,0
MSAAI,Organic Search,/classes/agentic-ai-systems-maai-510/,2,,2,,0,,0,
MSLDT,Organic Search,/ambassador/aneta-mandarino/,2,,3,,0,,0,
Default - (not set),Organic Search,/masters-cyber-security-operations/apply/,2,,7,,0,,0,
MSHA,Direct,/masters-engineering-sustainability-health/,2,,8,,0,,0,
LEPSL,Organic Search,/law-enforcement-going-back-to-college/,2,-3,2,-3,0,0,0,0
MSLDT,Direct,/elearning-developer/,2,-6,2,-6,0,0,0,0
Default - (not set),Direct,/forms/csol-applicant/,2,1,3,1,0,0,0,0
MSITL,Direct,/information-systems-vs-information-technology/,2,,5,,0,,0,
MTS,Organic Search,/faculty/joe-lonergan/,2,,2,,0,,0,
MSAAI,Referral,/introduction-to-computer-vision/,2,-3,2,-3,0,0,0,0
Default - (not set),Referral,/bringing-a-product-to-market/,2,,2,,0,,0,
MSLDT,Organic Social,/faculty/lisa-evans/,2,,2,,0,,0,
Data Science,Referral,/sports-analytics-careers/,2,1,1,0,0,0,0,0
MED,Referral,/per-pupil-education-spending-by-state/,2,1,2,1,0,0,0,0
LEPSL,Paid Search,/masters-law-enforcement-leadership/lp/thank-you/,2,1,0,-1,0,0,0,0
Informatics,Referral,/healthcare/,2,,2,,0,,0,
CyberEng,Organic Social,/is-cyber-security-hard/,2,,2,,0,,0,
MSAAI,Referral,/resources/msaai-online-artificial-intelligence-self-assessment/,2,,2,,0,,0,
MTS,Direct,/master-of-theology-vs-divinity-vs-ministry-degrees/,2,-13,2,-13,0,0,0,0
MTS,Email,/theology-careers/,2,,2,,0,,0,
LEPSL,Organic Search,/classes/organizational-leadership/,2,,3,,0,,0,
CyberOps,Organic Search,/faculty/thomas-plunkett/,2,0,2,0,0,0,0,0
MSNP,Direct,/nonprofit-cfo-career/,2,,3,,0,,0,
CyberOps,Direct,/covid-19-cybersecurity-threats/,2,,2,,0,,0,
MSAAI,Direct,/computer-science/,2,1,7,2,0,-1,0,-1
MSHA,Organic Search,/changing-humanitarian-sector/,2,,1,,0,,0,
CyberOps,Direct,/cybersecurity-analyst-career-guide/,2,-1,2,-1,0,0,0,0
CyberOps,Direct,/best-industries-cyber-security-job-seekers/,2,-2,2,-7,0,0,0,0
Informatics,Referral,/masters-health-informatics/apply/,2,,1,,0,,0,
CyberOps,Direct,/how-to-become-cybersecurity-consultant/,2,,2,,0,,0,
MTS,Direct,/apologetics-catechesis-theological-studies-comparison/,2,-14,2,-15,0,0,0,0
MSNP,Direct,/masters-education/,2,-2,5,-23,0,0,0,0
Default - (not set),Referral,/employer-partnership/g2ops/,2,,3,,0,,0,
CyberEng,Organic Search,/faculty/alec-henning-ms/,2,,2,,0,,0,
Default - (not set),Paid Social,/campus-programs/,2,,2,,0,,0,
CyberEng,Unknown - chatgpt.com / (not set),/summer-cyber-security-program/,2,,2,,0,,0,
Informatics,Organic Search,/forms/hci-applicant/,2,,2,,0,,0,
MSHA,Organic Search,.translate.goog/international-affairs-careers/,2,-10,2,-11,0,0,0,0
MSAAI,Organic Search,/masters-health-informatics/,2,1,17,16,0,0,0,0
MSNP,Organic Search,/social-impact-careers/,2,-17,2,-22,0,0,0,0
Informatics,Organic Search,/faculty/tony-rosales/,2,-4,2,-4,0,0,0,0
LEPSL,Email,/masters-law-enforcement-leadership/classes/,2,-17,2,-18,0,0,0,0
Informatics,Organic Search,/forms/,2,1,13,10,3,3,1.5,1.5
MSNP,Organic Search,/faculty/laura-deitrick/,2,1,4,3,0,0,0,0
LEPSL,Referral,/shift-in-law-enforcement-leadership/,2,-10,2,-13,0,0,0,0
Default - (not set),Referral,/employer-partnership/xsite/,2,,1,,0,,0,
LEPSL,Email,/masters-law-enforcement-leadership/lp/law-enforcement/,2,,4,,0,,0,
CyberOps,Direct,/cyber-security-architect/,2,-17,1,-22,0,0,0,0
MSITL,Organic Social,/information-technology-scholarships/,2,,2,,0,,0,
LEPSL,Unknown - fbileeda-insighter / offline,/masters-law-enforcement-leadership/classes/,2,,2,,0,,0,
MESH,Referral,/masters-engineering-sustainability-health/lp/ppc/,2,-1,3,-7,0,0,0,0
CyberEng,Organic Search,/masters-cyber-security-engineering/faculty/,2,-3,3,-2,0,0,0,0
MSITL,Direct,/resources/questions-to-ask-before-selecting-an-it-leadership-degree/,2,,50,,0,,0,
MESH,Organic Search,.translate.goog/6-best-urban-planning-careers-degree-salary-guide/,2,-6,2,-6,0,0,0,0
Data Science,Organic Search,/faculty/parastoo-qarabaqi/,2,-1,2,0,0,0,0,0
MSNP,Organic Search,/faculty/tom-abruzzo/,2,,2,,0,,0,
LEPSL,Direct,/federal-security-specialist-earns-law-enforcement-leadership-masters/,2,,2,,0,,0,
MED,Referral,/masters-education/specializations/special-ed/,2,-1,2,-6,0,-1,0,-0.3333333333333333
MSNP,Direct,/nonprofit-careers/,2,1,2,1,0,0,0,0
MSLDT,Referral,/masters-learning-design-technology/apply/,2,1,1,1,0,0,0,0
MESH,Organic Search,.translate.goog/sustainability-degree-careers/,2,0,2,0,0,0,0,0
MED,Organic Search,/master-of-education-salary/,2,-6,2,-6,0,0,0,0
LEPSL,Paid Search,/masters-law-enforcement-leadership/lp/criminal-justice/,2,-132,3,-158,1,-14,0.5,0.3880597014925373
LEPSL,Organic Search,/faculty/maria-sarasua/,2,,2,,0,,0,
Informatics,Organic Search,/classes/systems-analysis-design-health-care-informatics/,2,0,1,-1,0,0,0,0
MSLDT,Paid Search,/masters-learning-design-technology/testimonials/,2,,3,,0,,0,
MSAAI,Unknown - perplexity / (not set),/artificial-intelligence-courses-and-certifications/,2,,2,,0,,0,
CyberEng,Organic Search,/from-no-technical-experience-to-information-security-analyst-adrian-villegas-story/,2,,2,,0,,0,
MSAAI,Unknown - chatgpt.com / (not set),/masters-applied-artificial-intelligence/,2,,3,,0,,0,
MTS,Organic Search,/resources/franciscan-footsteps-newsletter/,2,,2,,1,,0.5,
MTS,Organic Search,/how-to-pay-for-theology-degree/,2,,2,,0,,0,
MTS,Organic Search,/masters-theological-studies/faculty/,2,1,4,0,0,0,0,0
Default - (not set),Direct,/blog/humanitarian-nonprofit/,2,,2,,0,,0,
MED,Organic Search,/faculty/paul-eichen/,2,,3,,0,,0,
MSAAI,Referral,/machine-learning-podcast/,2,-2,2,0,0,0,0,0
Default - (not set),Paid Social,/programs/,2,,2,,0,,0,
MSITL,Direct,/how-to-become-a-devops-engineer/,2,-3,2,-3,0,0,0,0
CyberOps,Direct,/usd-cybersecurity-entrepreneur-story/,2,,2,,0,,0,
MESH,Organic Search,/faculty/susan-abookire/,2,-1,2,-4,0,0,0,0
EML,Organic Search,/engineering-career-path/,2,-19,2,-21,0,0,0,0
CyberEng,Organic Search,/classes/introduction-to-cybersecurity-concepts-and-tools/,2,0,2,0,0,0,0,0
MED,Organic Search,/dr-joseph-lathan-lifelong-advocate-for-educators-named-director-of-online-m-ed-at-university-of-san-diego/,2,1,2,1,0,0,0,0
MSAAI,Organic Search,/masters-education/,2,0,2,-61,0,0,0,0
Default - (not set),Referral,/how-to-become-an-intrapreneur/,2,,2,,0,,0,
MESH,Direct,/resources/mesh-program-brochure/,2,,2,,0,,0,
MSAAI,Direct,/the-two-worlds-of-the-cio-in-applying-ai/,2,1,2,1,0,0,0,0
LEPSL,Organic Search,/faculty/denton-carlson/,2,0,2,0,0,0,0,0
LEPSL,Direct,/ambassador/eddie-brock/,2,,2,,0,,0,
MSAAI,Direct,/tuition-financial-aid/,2,,4,,0,,0,
LEPSL,Direct,/ambassador/lori-brumit/,2,,2,,0,,0,
MSNNL,Organic Search,/,2,-6,4,-38,0,0,0,0
Data Science,Organic Search,/data-science-vs-cybersecurity/,2,0,2,0,0,0,0,0
MSAAI,Direct,/employer-partnership/guidepoint-security-llc/,2,,6,,0,,0,
CyberOps,Organic Search,/information-security-analyst/,2,-7,2,-8,0,0,0,0
Default - (not set),Organic Search,/campus-programs/,2,,5,,0,,0,
MTS,Organic Social,/masters-theological-studies/lp/ppc/,2,1,2,1,0,0,0,0
Data Science,Paid Search,/masters-applied-data-science/lp/let-us-pay-for-your-msads-program-application-fee/,2,,1,,0,,0,
Default - (not set),Referral,/disruptive-innovation-examples/,2,,2,,0,,0,
Default - (not set),Organic Social,/masters-cyber-security-operations/,2,,7,,0,,0,
Data Science,Referral,/faculty/john-chandler/,2,,3,,0,,0,
MSAAI,Organic Search,.translate.goog/ethics-in-artificial-intelligence/,2,-9,2,-16,0,0,0,0
Data Science,Organic Search,/data-analytics-consultant/,2,-17,2,-18,0,0,0,0
MED,Organic Search,/how-educators-incorporate-steam-in-the-classroom/,2,1,2,-2,0,0,0,0
Default - (not set),Direct,/employer-partnership/eset/,2,,2,,0,,0,
Data Science,Direct,/masters-data-analytics-worth-it/,2,-3,2,-3,0,0,0,0
LEPSL,Organic Search,/ambassador/dale-fors/,2,0,2,-2,0,0,0,0
MSAAI,Unknown - perplexity / (not set),/machine-learning-podcast/,2,,2,,0,,0,
LEPSL,Unknown - copilot.com / (not set),/what-is-intelligence-led-policing/,2,,2,,0,,0,
MED,Organic Search,/classes/educational-research-methodology/,2,1,5,4,0,0,0,0
LEPSL,Organic Search,/faculty/bernie-colon/,2,1,2,1,0,0,0,0
MSAAI,Unknown - perplexity / (not set),/artificial-intelligence-education/,2,1,2,1,0,0,0,0
MSNP,Direct,/masters-humanitarian-action/apply/,2,1,4,1,0,0,0,0
MSAAI,Direct,/resources/data-science-self-assessment/,2,,8,,0,,0,
CyberOps,Organic Social,/top-cyber-security-blogs-websites/,2,1,1,0,0,0,0,0
MTS,Email,/what-is-ecospirituality/,2,,3,,0,,0,
EML,Direct,/faculty/gb-singh/,2,-4,2,-2,0,0,0,0
MSNP,Organic Search,/admissions/,2,,7,,0,,0,
MSNNL,Organic Search,/classes/management-of-quality-and-safety-practicum/,2,,3,,0,,0,
Data Science,Direct,/database-administrator-career/,2,1,1,0,0,0,0,0
MSHA,Referral,/masters-humanitarian-action/lp/dyna/,2,-3,2,-3,0,0,0,0
LEPSL,Organic Search,/first-class-graduates-masters-law-enforcement-leadership/,2,,3,,0,,0,
MTS,Organic Search,.translate.goog/why-study-theology/,2,-19,2,-21,0,0,0,0
MSITL,Paid Search,/masters-cyber-security-engineering/lp/cyber-security-engineering/,2,-2,13,-51,1,1,0.5,0.5
MSAAI,Organic Search,/educational-resources-for-teachers/,2,,5,,0,,0,
EML,Direct,/how-to-become-an-engineering-manager/,2,-3,2,-10,0,-1,0,-0.2
Informatics,Paid Search,/masters-health-informatics/careers/,2,1,1,0,0,0,0,0
LEPSL,Direct,/about/,2,,8,,0,,0,
CyberOps,Organic Social,/top-100-cybersecurity-companies/,2,-2,1,-2,0,0,0,0
Data Science,Organic Search,/data-science-certifications/,2,-12,2,-12,0,0,0,0
MSNP,Paid Search,/faculty/tesa-tinkler/,2,,1,,0,,0,
MSNP,Organic Search,/faculty/kenneth-hurst/,2,,2,,0,,0,
MSLDT,Organic Search,.translate.goog/kirkpatrick-training-evaluation-model/,2,-12,4,-10,0,0,0,0
LEPSL,Referral,/masters-law-enforcement-leadership/faculty/,2,,3,,0,,0,
Default - (not set),Organic Search,/faculty/usd-msha-faculty/,2,,1,,0,,0,
MSNP,Organic Search,/resources/msnp-program-brochure-thank-you/,2,,2,,0,,0,
Informatics,Display,/masters-health-informatics/lp/request-info/,2,,2,,0,,0,
MSAAI,Organic Search,/resources/an-inside-look-at-the-artificial-intelligence-masters-degree-webinar/,2,,2,,0,,0,
LEPSL,Organic Search,/improving-police-promotional-process/,2,0,1,-1,0,0,0,0
Informatics,Direct,/nurse-leader-vs-nurse-manager/,2,,2,,0,,0,
"Default - business-entrepreneurship,computer-science,engineering,technology",Direct,/masters-applied-data-science/,2,,8,,3,,1.5,
CyberOps,Organic Social,/cyber-security-podcasts/,2,,2,,0,,0,
Data Science,Direct,/masters-applied-data-science/faculty/,2,-7,3,-9,0,0,0,0
Informatics,Direct,/health-informatics-shaping-future-health-information-management/,2,-1,2,0,0,0,0,0
CyberOps,Direct,/cyber-security-insurance/,2,,2,,0,,0,
CyberOps,Direct,/masters-cyber-security-operations/lp/bva-cybersecurity/,2,,2,,0,,0,
Data Science,Unknown - chatgpt.com / (not set),/masters-applied-data-science/,2,,2,,0,,0,
MTS,Direct,/campus-minister/,2,-5,2,-8,0,0,0,0
MSLDT,Unknown - perplexity / (not set),/top-instructional-design-software/,2,,2,,0,,0,
MSLDT,Organic Search,/,2,-8,16,-42,0,0,0,0
Informatics,Paid Search,/masters-engineering-management-leadership/lp/ppc/,2,0,7,3,0,0,0,0
MSNP,Email,/masters-nonprofit-leadership-management/classes/,2,0,3,2,0,0,0,0
MSAAI,Organic Search,.translate.goog/ai-ethicist-career/,2,-9,2,-11,0,0,0,0
MSITL,Organic Search,/masters-information-technology-leadership/lp/ppc/,2,-50,9,-51,0,0,0,0
MSLDT,Paid Search,/masters-learning-design-technology/transfer-credit/,2,,1,,0,,0,
LEPSL,Referral,/masters-law-enforcement-leadership/lp/law-enforcement/,2,,2,,0,,0,
EML,Referral,/masters-engineering-management-leadership/curriculum/,2,,4,,0,,0,
Default - (not set),Organic Search,/faculty/trevor-maynard-phd-pe/,2,0,2,0,0,0,0,0
CyberOps,Direct,/masters-cyber-security-engineering/let-us-pay-for-your-cse-program-application-fee/,2,,2,,2,,1,
LEPSL,Organic Search,/how-to-become-a-police-chief/,2,,2,,0,,0,
MSAAI,Referral,/faculty/anna-marbut/,2,,1,,0,,0,
MTS,Unknown - chatgpt.com / (not set),/masters-theological-studies/lp/ppc/,2,,4,,1,,0.5,
MSITL,Direct,/masters-technology-management-vs-mba/,2,-6,2,-6,0,0,0,0
CyberOps,Organic Social,/classes/cyber-security-operations/,2,,2,,0,,0,
MED,Organic Search,.translate.goog/education-inequity-and-homework/,2,-36,2,-36,0,0,0,0
MSITL,Referral,/msit-vs-mba-degree/,2,,1,,0,,0,
EML,Organic Search,/faculty/mandeep-kaur/,2,0,2,-1,0,0,0,0
MSNP,Direct,/faculty/laura-deitrick/,2,,2,,0,,0,
MED,Direct,/substitute-teacher-tips/,2,,2,,0,,0,
MSHA,Organic Search,/masters-humanitarian-action/faculty/,2,1,2,1,0,0,0,0
MSAAI,Direct,/masters-applied-data-science/,2,-16,8,-104,0,-4,0,-0.2222222222222222
MSAAI,Direct,/online-programs/,2,1,10,-14,0,0,0,0
MSLDT,Organic Search,/masters-learning-design-technology/testimonials/,2,,2,,0,,0,
Default - (not set),Organic Social,/employer-partnership/,2,-7,2,-12,0,0,0,0
CyberEng,Referral,/cyber-security-salary-california/,2,,3,,0,,0,
MED,Direct,/residue-of-covid-19-impact/,2,1,2,1,0,0,0,0
MED,Organic Search,/faculty/maya-kalyanpur/,2,,2,,0,,0,
MTS,Direct,/online-mts-benefits/,2,,1,,0,,0,
MED,Direct,/employer-partnership/axos/,2,,5,,0,,0,
Data Science,Direct,/change-career-to-data-science/,2,-2,1,0,0,0,0,0
Default - (not set),Unknown - chatgpt.com / (not set),/tuition-financial-aid/financial-aid/,2,,2,,0,,0,
BSN,Unknown - Data Not Available / Data Not Available,/bachelors-nursing/,2,,4,,0,,0,
EML,Organic Search,.translate.goog/lead-engineer-career/,2,-10,2,-10,0,0,0,0
MSITL,Direct,/resources/ms-itl-info-session-webinar-registration/,2,0,5,3,0,0,0,0
MESH,Organic Search,.translate.goog/environmental-scientist-career/,2,-29,2,-31,0,0,0,0
Data Science,Direct,/resources/data-science-self-assessment/,2,-30,1,-31,0,0,0,0
MSITL,Direct,/masters-in-information-technology-salary/,2,-3,2,-3,0,0,0,0
CyberEng,Direct,/masters-cyber-security-engineering/lp/combined-degree/,2,-20,2,-19,0,0,0,0
Default - (not set),Direct,/author/lisaevans/,2,,2,,0,,0,
MSHA,Direct,.translate.goog/logical-framework-approach/,2,,2,,0,,0,
MSNNL,Direct,/advisory-board/ryan/,2,,2,,0,,0,
Informatics,Unknown - chatgpt.com / (not set),/masters-health-informatics/lp/health-informatics-for-nurses/,2,,5,,0,,0,
MESH,Unknown - chatgpt.com / (not set),/best-sustainability-certifications/,2,,2,,0,,0,
Default - (not set),Organic Search,/masters-cyber-security-engineering/,2,,15,,3,,1.5,
MESH,Direct,/masters-engineering-management-leadership/,2,-2,6,-32,0,0,0,0
MED,Organic Search,/future-of-common-core/,2,-1,2,-1,0,0,0,0
CyberEng,Direct,/cyber-security-coding/,2,-19,2,-27,0,0,0,0
MSNNL,Email,/masters-nursing-leadership/,2,0,2,0,0,0,0,0
MSNP,Direct,/masters-health-informatics/,2,1,21,18,0,0,0,0
EML,Referral,/,2,,13,,0,,0,
"Default - business-entrepreneurship,computer-science,technology",Direct,/is-a-masters-in-data-science-worth-it/,2,,2,,0,,0,
MSLDT,Direct,/instructional-design-courses/,2,0,13,11,0,0,0,0
Informatics,Direct,/faculty/tony-rosales/,2,-1,5,1,0,0,0,0
MSAAI,Referral,/resources/free-ms-aai-program-brochure/,2,1,3,3,0,0,0,0
Informatics,Organic Search,/masters-health-informatics/lp/study-healthcare-analytics/,2,-11,2,-18,0,0,0,0
MSAAI,Referral,/classes/applied-probability-and-statistics-for-artificial-intelligence-maai-500/,2,,1,,0,,0,
MESH,Email,/resources/mesh-information-session-webinar/,2,-1,2,-12,0,-2,0,-0.6666666666666666
MSAAI,Organic Search,/programs/,2,-18,9,-95,0,-1,0,-0.05
MSAAI,Direct,.translate.goog/resources/8-questions-artificial-intelligence-masters-ebook/,2,,4,,0,,0,
Default - (not set),Organic Search,/forms/msaai-applicant/,2,,2,,0,,0,
MSITL,Referral,/it-organizational-structure/,2,1,1,0,0,0,0,0
CyberEng,Direct,/cyber-threat-intelligence-analyst/,2,-10,2,-10,0,0,0,0
MED,Organic Search,/masters-educational-technology-worth-it/,2,-38,2,-37,0,0,0,0
LEPSL,Organic Search,/faculty/frank-grgurina/,2,0,4,1,0,0,0,0
Informatics,Paid Search,/bachelors-nursing/,2,,12,,0,,0,
MTS,Referral,/what-is-ecospirituality/,2,,1,,0,,0,
EML,Organic Search,/faculty/dan-heinig/,2,,2,,0,,0,
MSAAI,Direct,/aws-azure-gcp-certification/,2,-9,2,-10,0,0,0,0
Default - (not set),Direct,/blog/leadership-management/,2,,2,,0,,0,
LEPSL,Direct,/importance-education-law-enforcement/,2,-6,2,-10,0,0,0,0
LEPSL,Direct,/why-police-officer-education-is-important/,2,-13,2,-15,0,0,0,0
CyberOps,Organic Social,/top-cyber-security-threats/,2,-2,2,-4,0,0,0,0
MED,Organic Social,/differentiated-instruction/,2,1,2,1,0,0,0,0
MSAAI,Organic Search,/the-two-worlds-of-the-cio-in-applying-ai/,2,-2,2,-2,0,0,0,0
LEPSL,Organic Search,/ambassador/john-hillenbrand/,2,-1,2,-4,0,0,0,0
MSAAI,Organic Search,/resources/career-in-ai-webinar/,2,,1,,0,,0,
MESH,Organic Search,/faculty/kristen-goodrich/,2,-2,2,-7,0,0,0,0
MSITL,Organic Search,/msit-vs-mba-degree/,2,-18,2,-25,0,0,0,0
Data Science,Organic Search,/faculty/mikael-graindorge/,2,-1,2,-1,0,0,0,0
MED,Organic Search,/faculty/rachel-homel-rice/,2,-1,2,0,0,0,0,0
MSAAI,Unknown - Data Not Available / Data Not Available,/masters-applied-artificial-intelligence/apply/,2,,2,,0,,0,
CyberOps,Organic Search,/classes/csolappliedcryptography/,2,1,2,1,0,0,0,0
MED,Direct,/classes/capstone-projects/,2,,2,,0,,0,
Default - (not set),Referral,/transformational-leadership/,2,,1,,0,,0,
MSLDT,Direct,/elearning-designer-career/,2,-4,2,-4,0,0,0,0
MSNNL,Direct,/international-aid-worker-tips/,2,,17,,0,,0,
MSLDT,Direct,/masters-learning-design-technology/app-waiver/,2,,2,,0,,0,
MESH,Referral,/,2,-1,8,1,0,0,0,0
Default - (not set),Paid Social,/tuition-financial-aid/financial-aid/,2,0,2,0,0,0,0,0
Data Science,Organic Search,/how-to-become-data-analytics-manager/,2,-26,2,-28,0,0,0,0
MED,Organic Search,/resources/instructing-through-brain-informed-practices-online-presentation/,2,-4,2,-17,0,-3,0,-0.5
Default - (not set),Organic Search,/about/online-learning/,2,0,3,1,0,0,0,0
MED,Organic Social,/bilingual-education/,2,-6,2,-7,0,0,0,0
MSLDT,Organic Social,/create-employee-training-program/,2,-1,2,-2,0,0,0,0
MSLDT,Referral,/instructional-technology-tools/,2,-13,2,-17,0,0,0,0
MSNP,Organic Search,/programs/,2,-1,7,-14,2,1,1,0.6666666666666667
LEPSL,Organic Search,/university-of-san-diego-adds-online-masters-in-law-enforcement-and-public-safety-leadership/,2,1,2,-1,0,0,0,0
MSNP,Organic Search,/masters-humanitarian-action/,2,,50,,1,,0.5,
CyberEng,Direct,/cyber-security-internships/,2,-8,2,-8,0,0,0,0
MSAAI,Direct,/natural-language-processing-overview/,2,-106,2,-111,0,0,0,0
"Default - computer-science,engineering,technology",Paid Search,/cyber-security/,2,,2,,0,,0,
"Default - business-entrepreneurship,computer-science,technology",Display,/is-a-masters-in-data-science-worth-it/,2,,2,,0,,0,
MSITL,Display,/masters-information-technology-leadership/classes/,2,,14,,0,,0,
CyberOps,Display,/masters-cyber-security-operations/testimonials/,2,,6,,0,,0,
LEPSL,Organic Search,/ambassador/jay-alvarado/,2,,2,,0,,0,
LEPSL,Organic Search,/ambassador/andrew-swarthout/,2,0,2,-1,0,0,0,0
MSLDT,Paid Search,/masters-engineering-management-leadership/lp/ppc/,2,-1,8,-8,0,0,0,0
Default - (not set),Direct,/bringing-a-product-to-market/,2,,2,,0,,0,
MESH,Direct,/resources/mesh-program-brochure-thank-you/,2,,5,,1,,0.5,
MSAAI,Organic Search,.translate.goog/open-source-ai-tools/,2,,2,,0,,0,
LEPSL,Organic Search,/ambassador/eddie-brock/,2,-1,2,-1,0,0,0,0
Informatics,Organic Search,/faculty/barbara-berkovich/,2,-3,1,-3,0,0,0,0
MESH,Referral,/employer-partnership/axos/,2,,6,,0,,0,
MSITL,Direct,/faculty/carl-rebman/,2,,2,,0,,0,
Data Science,Direct,/python-for-data-science/,2,-5,2,-8,0,0,0,0
MED,Direct,/professional-development-options-for-teachers-at-usd/,2,-7,2,-9,0,0,0,0
MSHA,Email,/masters-humanitarian-action/app-waiver/,2,,2,,1,,0.5,
CyberOps,Unknown - chatgpt.com / (not set),/cyber-security-scholarships/,2,,3,,0,,0,
MED,Direct,.translate.goog/education-inequity-and-homework/,2,-1,2,-5,0,0,0,0
Informatics,Direct,/masters-applied-data-science/,2,-1,13,-2,0,0,0,0
MSAAI,Paid Search,/masters-cyber-security-engineering/lp/cyber-security-engineering/,2,-11,13,-87,1,-6,0.5,-0.038461538461538436
LEPSL,Organic Search,/ambassador/roberto-vasquez/,2,-3,2,-3,0,0,0,0
MSNP,Unknown - chatgpt.com / (not set),/grant-writing-for-nonprofits/,2,,2,,0,,0,
MTS,Organic Search,.translate.goog/moral-theology/,2,-5,2,-5,0,0,0,0
MSNP,Organic Search,/humanitarian-careers/,2,1,4,2,0,0,0,0
MSHA,Direct,/faculty/azadeh-hassani/,2,1,2,0,0,0,0,0
CyberOps,Direct,/is-a-cyber-security-certification-right-for-you/,2,,2,,0,,0,
MED,Direct,/resources/the-complete-list-of-teaching-methods-thank-you/,2,-10,2,-10,2,2,1,1
MED,Direct,.translate.goog/cooperative-learning-strategies/,2,-2,2,-4,0,0,0,0
MED,Direct,/teaching-students-with-autism/,2,,1,,0,,0,
MSLDT,Organic Search,/employer-partnership/,2,,25,,0,,0,
Data Science,Organic Search,/faculty/matthew-c-vanderbilt/,2,1,1,0,0,0,0,0
MSAAI,Organic Search,/most-searched-for-ai-jobs/,2,-6,2,-7,0,0,0,0
MED,Direct,/mba-vs-emba-8-key-differences-comparison-table/,2,-7,2,-7,0,0,0,0
MED,Organic Search,/bobbi-hansen/,2,0,2,-1,0,0,0,0
Informatics,Referral,/ai-healthcare/,2,1,2,1,0,0,0,0
CyberEng,Referral,/faq/what-is-the-total-tuition-cost-for-the-ms-cse-program/,2,,1,,0,,0,
Default - (not set),Referral,/masters-cyber-security-engineering/,2,,5,,0,,0,
Default - (not set),Email,/tuition-financial-aid/financial-aid/,2,1,2,1,0,0,0,0
CyberOps,Referral,/cisa-certification/,2,,1,,0,,0,
LEPSL,Referral,/why-police-officer-education-is-important/,2,-3,1,-3,0,0,0,0
MSITL,Organic Search,/masters-information-technology-leadership/classes/applied-ai-specialization/,2,,4,,0,,0,
LEPSL,Organic Search,/ambassador/coleman-langdon/,2,1,2,1,0,0,0,0
MSNP,Organic Search,/masters-nonprofit-leadership-management/app-waiver/,2,,2,,0,,0,
Default - (not set),Organic Search,/education-inequity-and-homework/ what is this,2,,2,,0,,0,
CyberOps,Organic Search,/best-industries-cyber-security-job-seekers/,2,-59,2,-66,0,0,0,0
Default - (not set),Paid Search,/about/online-learning/student-support/,2,,1,,0,,0,
MSAAI,Unknown - perplexity / (not set),/artificial-intelligence-business/,2,,2,,0,,0,
MSHA,Organic Search,/classes/disaster-management-and-prevention/,2,-22,3,-26,0,0,0,0
MSHA,Email,/masters-humanitarian-action/lp/dyna/,2,,2,,0,,0,
MSLDT,Referral,/masters-learning-design-technology/classes/,2,-1,1,-1,0,0,0,0
EML,Organic Search,.translate.goog/engineering-management-leadership-certifications/,2,,2,,0,,0,
LEPSL,Direct,/masters-law-enforcement-leadership/endorsements-testimonials/,2,0,4,-2,0,0,0,0
CyberEng,Organic Search,/jobs-in-cybersecurity/,2,1,3,3,0,0,0,0
LEPSL,Organic Search,/faculty/brian-goldberg/,2,,8,,0,,0,
MSHA,Organic Search,/advisory-board/puechguirbal/,2,-5,2,-9,0,0,0,0
MSHA,Referral,/examples-of-social-change/,2,1,3,1,0,0,0,0
CyberEng,Organic Search,.translate.goog/cyber-security-statistics/,2,,2,,0,,0,
MED,Direct,/search/Why+we+should+have+homework/,2,,2,,0,,0,
MED,Direct,/admissions/,2,-3,6,-35,0,0,0,0
MED,Direct,/teacher-salary-by-state-since-2000/,2,1,1,-1,0,0,0,0
LEPSL,Organic Search,/is-a-law-enforcement-degree-worth-it/,2,1,3,2,0,0,0,0
CyberOps,Direct,/masters-cyber-security-operations/let-us-pay-for-your-csol-program-application-fee/,2,0,2,1,0,0,0,0
MTS,Direct,/faculty/darleen-pryds/,2,,2,,0,,0,
LEPSL,Unknown - chatgpt.com / (not set),/masters-law-enforcement-leadership/scholarships-grants/,2,,2,,0,,0,
EML,Direct,/how-to-become-vp-engineering/,2,0,2,0,0,0,0,0
MESH,Direct,/masters-health-informatics/,2,0,10,2,0,0,0,0
MESH,Direct,/masters-law-enforcement-leadership/,2,0,7,2,0,0,0,0
MED,Referral,/teacher-salary-by-state-since-2000/,2,,4,,0,,0,
Informatics,Unknown - fashion-valley-mall / ooh,/,2,,6,,0,,0,
MSAAI,Paid Search,/masters-applied-data-science/lp/study-data-science/,2,-5,12,-44,0,0,0,0
CyberOps,Referral,/cyber-security-scholarships/,2,-2,3,-4,0,0,0,0
MTS,Paid Social,/theology-careers/,2,,2,,0,,0,
MTS,Direct,/faith-formation/,2,,3,,0,,0,
MED,Organic Search,/student-support/kelly-young/,2,0,2,0,0,0,0,0
MTS,Display,/masters-theological-studies/,2,,2,,0,,0,
MED,Organic Search,/masters-curriculum-instruction/,2,-15,4,-13,0,0,0,0
MSAAI,Referral,/ai-trainer/,2,-3,1,-3,0,0,0,0
CyberOps,Direct,/risk-manager-career-guide/,2,-16,2,-20,0,0,0,0
Default - (not set),Referral,/admissions/military-veterans/,2,,1,,0,,0,
MSNNL,Organic Search,/masters-nursing-leadership/clinical-practicums/,2,,2,,0,,0,
LEPSL,Organic Search,/ambassador/tracy-volz-montez/,2,,2,,0,,0,
LEPSL,Organic Search,/shift-in-law-enforcement-leadership/,2,-6,2,-8,0,0,0,0
CyberOps,Organic Search,/network-forensics/,2,-18,2,-15,0,0,0,0
Default - (not set),Organic Search,/organizational-change-strategies/,2,-2,3,-5,0,0,0,0
MSITL,Organic Search,.translate.goog/it-job-titles/,2,-2,2,-2,0,0,0,0
MED,Organic Search,/faculty/elizabeth-butler/,2,1,3,2,0,0,0,0
MSHA,Organic Search,/admissions/,2,,7,,0,,0,
CyberEng,Organic Search,/cybersecurity-masters-degree-comparison/,2,-44,3,-53,0,-1,0,-0.021739130434782608
CyberEng,Email,/cyber-security-statistics/,2,,3,,0,,0,
MED,Organic Social,/brain-based-learning/,2,,2,,0,,0,
Default - (not set),Direct,/resources/why-every-aspiring-startup-entrepreneur-tech-exec-needs-to-know-about-connectivity/,2,0,2,0,0,0,0,0
LEPSL,Referral,/resources/law-enforcement-careers-ebook/,2,,2,,0,,0,
MSNNL,Paid Search,/masters-nursing-leadership/clinical-practicums/,2,,2,,0,,0,
MED,Email,/masters-education/scholarships-and-grants/,2,,1,,0,,0,
MSNP,Direct,/masters-learning-design-technology/,2,-1,19,11,1,1,0.5,0.5
MED,Organic Search,/how-to-get-a-teaching-certificate/,2,-34,2,-37,0,0,0,0
Default - (not set),Direct,/masters-cyber-security-engineering/apply/,1,,3,,0,,0,
MESH,Organic Search,/faculty/georgina-yeboah/,1,-3,1,-4,0,0,0,0
MSNNL,Direct,/online-programs/,1,-2,4,-5,0,0,0,0
MSNNL,Direct,/masters-engineering-sustainability-health/classes/,1,,14,,0,,0,
MED,Direct,/search/Inclusive+Special+Education+In+Universal+Design/,1,,0,,0,,0,
EML,Direct,/masters-engineering-management-leadership/board-of-advisors/,1,0,1,-1,0,0,0,0
Default - (not set),Direct,/jobs-after-mba-entrepreneurship/,1,-6,1,-8,0,0,0,0
MED,Direct,/bobbi-hansen/,1,,1,,0,,0,
MESH,Direct,/malware-analyst-career-guide/,1,,6,,0,,0,
MSAAI,Direct,/masters-education/,1,-4,3,-17,0,0,0,0
LEPSL,Direct,/mha-vs-mph-vs-ms-health-informatics/,1,,6,,1,,1,
MED,Unknown - perplexity / (not set),/complete-list-teaching-methods/,1,,1,,0,,0,
MSAAI,Unknown - chatgpt.com / (not set),/machine-learning-courses-and-certifications/,1,,1,,0,,0,
MED,Direct,/search/Continuing+education+courses+for+teachers/,1,,1,,0,,0,
CyberOps,Direct,/search/top+23+cybersecurity+websites+and+blogs+of+2026/,1,,1,,0,,0,
MSNP,Paid Social,/masters-nonprofit-leadership-management/classes/,1,,1,,0,,0,
MED,Paid Search,/early-childhood-education-vs-elementary-education-masters/,1,,1,,0,,0,
MSAAI,Paid Search,/faculty/ebrahim-k-tarshizi/,1,,0,,0,,0,
MSNP,Paid Search,/masters-engineering-sustainability-health/lp/ppc/,1,,4,,1,,1,
MTS,Paid Search,/masters-theological-studies/resources/,1,,14,,2,,2,
MED,Referral,/blog/education/,1,,1,,0,,0,
CyberEng,Organic Search,.translate.goog/cyber-crime-investigator-career/,1,-4,1,-5,0,0,0,0
EML,Organic Search,.translate.goog/principal-engineer-vs-senior-engineer/,1,,1,,0,,0,
MED,Direct,/search/Social+media+in+education:+13+ideas+for+the+classroom/,1,,1,,0,,0,
LEPSL,Organic Search,/federal-security-specialist-earns-law-enforcement-leadership-masters/,1,,1,,0,,0,
MSAAI,Organic Search,.translate.goog/careers-using-python/,1,-19,2,-18,0,0,0,0
MSAAI,Organic Search,.translate.goog/entry-level-ai-careers/,1,-1,1,-7,0,0,0,0
Informatics,Organic Search,/classes/informatics-capstone/,1,-2,1,-1,0,0,0,0
LEPSL,Organic Search,/law-enforcement-faculty-jeffrey-jordon/,1,-7,2,-6,0,0,0,0
MED,Unknown - perplexity / (not set),/best-podcasts-for-teachers/,1,,1,,0,,0,
MSNP,Referral,/masters-engineering-management-leadership/lp/ppc/,1,,21,,0,,0,
MESH,Direct,nmental-scientist-career/,1,,1,,0,,0,
Default - (not set),Direct,/child-development-through-sports,1,,1,,0,,0,
Default - (not set),Organic Search,/education-inequity-and-homework/.McNutt,1,,1,,0,,0,
Data Science,Direct,ised-machine-learning-with-gradient-boosting/,1,,1,,0,,0,
MSAAI,Referral,/university-of-san-diego-launches-full-time-on-campus-masters-degree-programs-in-applied-artificial-intelligence-and-cyber-security-engineering/,1,,3,,0,,0,
LEPSL,Direct,/police-chiefs-advice-earning-masters-degree-law-enforcement-leadership/,1,,1,,0,,0,
MSLDT,Organic Social,/masters-learning-design-technology/classes/,1,,1,,0,,0,
Informatics,Organic Search,/masters-applied-data-science/lp/study-data-science/,1,,7,,0,,0,
MSLDT,Paid Search,/learning-experience-design/,1,0,4,2,1,1,1,1
MSITL,Organic Search,/masters-engineering-management-leadership/,1,0,5,-19,0,0,0,0
EML,Referral,/engineering-management-leadership-certifications/,1,-5,1,-10,0,0,0,0
CyberOps,Organic Search,/resources/top-paying-cybersecurity-jobs/,1,,1,,0,,0,
MSNP,Organic Social,/nonprofit-executive-director/,1,,2,,0,,0,
Data Science,Paid Search,/search/gen+chem/,1,,1,,0,,0,
LEPSL,Paid Search,/masters-engineering-management-leadership/lp/ppc/,1,-4,7,-10,0,0,0,0
Default - (not set),Direct,/category/learning-design-and-technology/page/2,1,,1,,0,,0,
MESH,Paid Search,/faculty/ali-mariko-dressel/,1,,2,,0,,0,
MSAAI,Paid Search,/masters-cyber-security-engineering/,1,,3,,0,,0,
MTS,Unknown - ig / social,/masters-theological-studies/,1,,1,,0,,0,
MSITL,Referral,/resources/msaai-online-artificial-intelligence-self-assessment/,1,,8,,3,,3,
CyberOps,Direct,/15-must-read-cyber-security-facts-figures-for-2019/,1,0,1,0,0,0,0,0
MSITL,Direct,.translate.goog/it-job-titles/,1,,2,,0,,0,
EML,Direct,/data-science-vs-software-engineering/,1,,2,,0,,0,
MSITL,Organic Search,/climate-change-careers/,1,,2,,0,,0,
CyberOps,Organic Search,.translate.goog/10-reasons-to-get-your-masters-degree-in-cyber-security/,1,-3,1,-1,0,0,0,0
Default - (not set),Unknown - chatgpt.com / (not set),/student-support/one-stop-student-center/,1,,1,,0,,0,
MSITL,Unknown - chatgpt.com / (not set),/how-to-start-it-career/,1,,1,,0,,0,
MSLDT,Unknown - chatgpt.com / (not set),/kirkpatrick-training-evaluation-model/,1,,1,,0,,0,
MSAAI,Email,/university-of-san-diego-launches-full-time-on-campus-masters-degree-programs-in-applied-artificial-intelligence-and-cyber-security-engineering/,1,,5,,0,,0,
MSNNL,Organic Search,/advisory-board/kassity-krich/,1,,1,,0,,0,
MSNNL,Unknown - Data Not Available / Data Not Available,/masters-engineering-sustainability-health/lp/ppc/,1,,3,,0,,0,
MSAAI,Unknown - perplexity / (not set),/university-of-san-diego-launches-full-time-on-campus-masters-degree-programs-in-applied-artificial-intelligence-and-cyber-security-engineering/,1,,6,,0,,0,
Informatics,Organic Search,/masters-health-informatics/careers/,1,-3,1,-11,0,0,0,0
MED,Unknown - chatgpt.com / (not set),/teacher-centered-vs-student-centered-learning/,1,,1,,0,,0,
MSNP,Email,/masters-nonprofit-leadership-management/lp/dyna/,1,-3,1,-5,0,-1,0,-0.25
MED,Paid Search,/faculty-spotlight-chris-garcia/,1,,2,,0,,0,
LEPSL,Referral,/faculty/timothy-albright/,1,,1,,0,,0,
LEPSL,Referral,/faculty/denton-carlson/,1,,1,,0,,0,
LEPSL,Organic Search,/ambassador/sig-neri/,1,0,1,-1,0,0,0,0
"Default - computer-science,engineering,technology",Direct,security-career-quiz/,1,,3,,1,,1,
Default - (not set),Organic Social,/cybersecurity-unemployment-rate-zero/,1,,1,,0,,0,
CyberOps,Referral,/cyber-security-director/,1,,1,,0,,0,
MSNP,Organic Search,.translate.goog/nonprofit-executive-director/,1,,1,,0,,0,
Data Science,Organic Search,/change-career-to-data-science/,1,-2,1,-3,0,0,0,0
CyberEng,Organic Search,/masters-cyber-security-engineering/careers/,1,-1,1,-4,0,0,0,0
MED,Direct,.translate.goog/resources/the-complete-list-of-teaching-methods/,1,,3,,0,,0,
Informatics,Paid Social,/healthcare-informatics-jobs-salary/,1,,1,,0,,0,
MED,Direct,/life-skills-education-in-Schools/,1,,1,,0,,0,
MSNNL,Direct,al-nurse-leader/,1,,12,,0,,0,
Informatics,Organic Search,/best-health-informatics-degree/,1,,1,,0,,0,
Default - (not set),Unknown - chatgpt.com / (not set),/student-support/its-help-desk/,1,,1,,0,,0,
MSNNL,Display,/resources/nurse-leader-career-paths-opportunities/,1,,3,,1,,1,
Informatics,Direct,/masters-health-informatics/board-of-advisors/,1,-1,1,-1,0,0,0,0
MTS,Referral,/theology-careers/,1,,1,,0,,0,
Default - (not set),Organic Search,/education-inequity-and-homework/ when was it writen,1,,1,,0,,0,
MSNP,Paid Search,/best-nonprofit-degrees/,1,,1,,0,,0,
Data Science,Referral,/what-is-data-analytics/,1,0,2,1,0,0,0,0
"Default - computer-science,engineering,technology",Direct,/cyber-security-career-quiz/,1,-2,0,-6,0,0,0,0
MED,Organic Social,/teacher-centered-vs-student-centered-learning/,1,-3,1,-3,0,0,0,0
Default - (not set),Direct,/become-a-student/graduate-application-instructions/,1,0,1,0,0,0,0,0
MED,Direct,.translate.goog/what-is-an-med-degree-explained/,1,,1,,0,,0,
Default - (not set),Direct,/bachelors-nursing-rn-bsn/,1,,1,,0,,0,
MSLDT,Referral,/masters-learning-design-technology/lp/instructional-design-for-teachers/,1,,1,,0,,0,
MED,Referral,/masters-education/specializations/steam/,1,-14,1,-24,0,-1,0,-0.06666666666666667
Default - (not set),Direct,/is-homework-necessary/,1,,1,,0,,0,
BSN,Referral,/bachelors-nursing/bachelors-nursing-lp-ppc/,1,,1,,0,,0,
"Default - business-entrepreneurship,computer-science,technology",Referral,/,1,,4,,0,,0,
MED,Organic Search,/search/homework/,1,,1,,0,,0,
Default - (not set),Direct,.translate.goog/transformational-leadership/,1,,2,,0,,0,
MSITL,Direct,/resources/free-msitl-program-brochure-thank-you/,1,0,2,-5,0,0,0,0
CyberOps,Direct,/cyber-security-risk-management/,1,,1,,0,,0,
MED,Organic Search,/resources/9-reasons-master-education-degree-ebook/,1,0,1,0,0,0,0,0
MSHA,Direct,/search/certificates/,1,,2,,0,,0,
MSAAI,Organic Search,/life-skills-education-in-schools/,1,,3,,0,,0,
Default - (not set),Direct,/employer-partnership/wild-genomics/,1,,1,,0,,0,
Informatics,Organic Search,/healthcare/,1,-1,1,0,0,0,0,0
MSAAI,Direct,/resources/ms-engineering-management-leadership-info-session/,1,,3,,1,,1,
MSLDT,Direct,/masters-engineering-management-leadership/curriculum/,1,,4,,0,,0,
MSNP,Direct,/tuition-financial-aid/,1,,7,,0,,0,
MED,Direct,/student-support/feliciana-stevenson/,1,,1,,0,,0,
EML,Organic Search,/resources/mseml-program-brochure/,1,,0,,0,,0,
MTS,Direct,/student-spotlight-chantell-robinson/,1,,4,,0,,0,
MED,Organic Search,.translate.goog/teacher-centered-vs-student-centered-learning/,1,-59,1,-67,0,0,0,0
MTS,Organic Search,.translate.goog/philosophy-degree-jobs/,1,-31,1,-38,0,0,0,0
Default - (not set),Organic Search,/employer-partnership/onlinedegrees-sandiego-edu-employer-partnershipatos-se/,1,,3,,0,,0,
MSLDT,Organic Search,/brain-based-learning/,1,0,6,1,0,0,0,0
MED,Organic Search,.translate.goog/what-is-an-med-degree-explained/,1,-1,1,-1,0,0,0,0
EML,Organic Search,.translate.goog/engineering-manager-skills/,1,,1,,0,,0,
MED,Direct,/resources/guide-to-teaching-styles-thank-you/,1,,2,,0,,0,
EML,Direct,/resources/engineering-leadership-skills-webinar/,1,,1,,0,,0,
MSLDT,Organic Search,/student-support/career-development-center/,1,,5,,0,,0,
MTS,Direct,/masters-law-enforcement-leadership/,1,0,9,-15,0,0,0,0
Informatics,Direct,/masters-law-enforcement-leadership/lp/re=,1,,1,,0,,0,
MSNP,Direct,/masters-law-enforcement-leadership/classes/,1,,5,,0,,0,
MSLDT,Direct,/implementing-universal-design-learning/,1,,9,,0,,0,
Informatics,Referral,/is-health-informatics-degree-worth-it/,1,,5,,0,,0,
CyberEng,Direct,/faculty/nicole-fredrich-sec-cmmc-rp-lfcs-ccp/,1,,1,,0,,0,
MSAAI,Unknown - comms / pressrelease,/nlp-engineer-career/,1,,1,,0,,0,
Informatics,Organic Search,/classes/machine-learning-applications/,1,,1,,0,,0,
MED,Unknown - optin monster / exit overlay,/search/Steam/,1,,1,,0,,0,
LEPSL,Direct,/faculty/darrin-t-grondel/,1,-1,1,-1,0,0,0,0
MTS,Unknown - perplexity / (not set),/ways-to-deepen-your-faith/,1,,1,,0,,0,
MSNNL,Unknown - Data Not Available / Data Not Available,/healthcare/,1,,3,,0,,0,
MED,Direct,/search/life+skills/,1,,1,,0,,0,
MSNP,Unknown - chatgpt.com / (not set),/masters-nonprofit-leadership-management/,1,,1,,0,,0,
Default - (not set),Paid Social,/leadership-management/,1,,1,,0,,0,
MSNP,Paid Social,/,1,,4,,0,,0,
MSNP,Direct,/faculty/antonio-jimenez-luque/,1,,1,,0,,0,
MTS,Referral,/resources/7-applications-of-theology-degree-ebook/,1,0,0,-2,0,-1,0,-1
MTS,Direct,.translate.goog/masters-theological-studies/classes/,1,,4,,0,,0,
LEPSL,Direct,/search/police+off/,1,,2,,0,,0,
MED,Paid Search,/masters-education/careers/,1,-1,1,0,0,0,0,0
MSAAI,Direct,/employer-partnership/eset/,1,,3,,0,,0,
LEPSL,Organic Social,/masters-law-enforcement-leadership/scholarships-grants/,1,,1,,0,,0,
MSNP,Direct,/masters-law-enforcement-leadership/,1,-3,4,-33,0,0,0,0
LEPSL,Organic Social,/masters-law-enforcement-leadership/classes/,1,,1,,0,,0,
Default - (not set),Direct,/search/Sonography/,1,,1,,0,,0,
CyberOps,Organic Search,/classes/cyber-threat-intelligence/,1,-2,1,-4,0,0,0,0
LEPSL,Organic Search,/ambassador/geoffrey-decesari/,1,-2,1,-2,0,0,0,0
Default - (not set),Paid Social,/about/state-authorization-status/,1,,1,,0,,0,
MSAAI,Direct,/masters-applied-data-science/apply/,1,,16,,0,,0,
MSITL,Direct,/online-programs/,1,,4,,0,,0,
EML,Unknown - chatgpt.com / (not set),/masters-engineering-management-leadership/apply/,1,,1,,0,,0,
CyberEng,Organic Search,.translate.goog/chief-risk-officer/,1,,1,,0,,0,
MTS,Organic Search,/classes/ethics-in-artificial-intelligence-maai-531/,1,,8,,0,,0,
MTS,Organic Search,/resources/7-applications-of-theology-degree-ebook/,1,-4,1,-3,0,0,0,0
MSNP,Referral,/masters-nonprofit-leadership-management/lp/thank-you/,1,,1,,1,,1,
MED,Paid Search,/contact-us-thank-you/,1,,9,,1,,1,
Data Science,Paid Search,/masters-cyber-security-engineering/lp/cyber-security-engineering/,1,-2,3,-4,0,-1,0,-0.3333333333333333
Informatics,Organic Social,/how-to-become-a-nurse-educator/,1,,1,,0,,0,
MSLDT,Organic Search,/faculty/david-haigh/,1,0,1,0,0,0,0,0
Default - (not set),Organic Search,/jobs-in-cybersecurity/,1,,2,,0,,0,
MSNP,Referral,/masters-nonprofit-leadership-management/apply/,1,,2,,0,,0,
"Default - business-entrepreneurship,computer-science,engineering,technology",Unknown - optin monster / exit overlay,/masters-applied-data-science/lp/let-us-pay-for-your-msads-program-application-fee/,1,,0,,0,,0,
MSAAI,Organic Search,/ai-healthcare/,1,,0,,0,,0,
Default - (not set),Direct,/faculty/gary-takahashi/,1,0,1,0,0,0,0,0
Informatics,Direct,/student-support/ashley-dominguez/,1,,1,,0,,0,
MSNP,Direct,.translate.goog/what-is-organizational-leadership/,1,,1,,0,,0,
MSAAI,Unknown - optin monster / exit overlay,/masters-applied-artificial-intelligence/,1,,6,,1,,1,
LEPSL,Organic Search,/classes/integrative-capstone/,1,,1,,0,,0,
MSAAI,Direct,/masters-health-informatics/,1,-1,2,-7,0,0,0,0
Informatics,Unknown - Data Not Available / Data Not Available,/masters-health-informatics/,1,0,2,0,0,0,0,0
MSLDT,Organic Search,/masters-learning-design-technology/lp/osu/,1,0,1,0,0,0,0,0
MESH,Direct,/employer-partnership/axos/,1,,11,,0,,0,
CyberEng,Display,/masters-cyber-security-engineering/program-outcomes/,1,,2,,0,,0,
Data Science,Referral,/business-analyst-vs-data-analyst-vs-data-scientist/,1,-1,1,-1,0,0,0,0
Default - (not set),Organic Search,/getting-masters-degree-online/,1,-7,1,-11,0,0,0,0
Default - (not set),Referral,/contact-us/,1,,1,,0,,0,
MSLDT,Referral,/admissions/,1,,3,,0,,0,
MTS,Referral,/franciscan-spirituality-in-todays-world/,1,-1,1,-1,0,0,0,0
MSITL,Paid Social,/masters-cyber-security-operations/lp/bva-cyber-security-operations-leadership/,1,,3,,0,,0,
CyberOps,Paid Social,/masters-cyber-security-operations/classes/,1,,1,,0,,0,
Data Science,Organic Search,/data-science-vs-computer-science/,1,-7,1,-6,0,0,0,0
MSHA,Direct,.translate.goog/humanitarian-intervention-success-stories/,1,-1,1,-1,0,0,0,0
Informatics,Paid Search,/healthcare-informatics-jobs-salary/,1,-2,1,-1,0,0,0,0
MSLDT,Direct,/right-masters-in-instructional-design-and-technology/,1,,1,,0,,0,
MTS,Referral,/masters-theological-studies/apply/,1,0,1,-2,0,0,0,0
MSAAI,Unknown - perplexity / (not set),/masters-applied-artificial-intelligence/,1,,3,,1,,1,
EML,Organic Search,/advisory-board/paul-massih/,1,0,1,0,0,0,0,0
MESH,Organic Social,/top-degrees-for-social-justice-careers/,1,,1,,0,,0,
MSAAI,Referral,/best-artificial-intelligence-degrees/,1,-5,1,-15,0,0,0,0
LEPSL,Direct,/faculty/bernie-colon/,1,,1,,0,,0,
MSAAI,Direct,/about/,1,-4,2,-8,0,0,0,0
MSAAI,Direct,/faculty/leon-shpaner/,1,,2,,0,,0,
CyberOps,Direct,/transition-general-it-to-cybersecurity-engineering/,1,0,1,0,0,0,0,0
Data Science,Organic Search,.translate.goog/data-analyst-careers-and-salary/,1,0,1,0,0,0,0,0
CyberOps,Organic Search,/15-must-read-cyber-security-facts-figures-for-2019/,1,,1,,0,,0,
MSLDT,Organic Search,.translate.goog/learning-experience-design/,1,-1,1,-3,0,0,0,0
Default - (not set),Direct,/management-masters-vs-mba/,1,-6,1,-10,0,0,0,0
MESH,Organic Search,.translate.goog/climate-change-careers/,1,-1,1,-1,0,0,0,0
Default - (not set),Organic Social,/lp/apply-now/,1,,1,,0,,0,
Data Science,Organic Search,/faculty/siamak-aram/,1,-2,1,-5,0,0,0,0
EML,Organic Search,/masters-engineering-management-leadership/student-services-support-team/,1,-1,1,1,0,0,0,0
Default - (not set),Paid Search,/masters-applied-data-science/classes/,1,,9,,0,,0,
MSHA,Paid Search,/,1,-1,14,6,0,0,0,0
MSNNL,Paid Social,/bachelors-nursing/bachelors-nursing-lp-ppc/,1,,2,,0,,0,
MSAAI,Display,/business-intelligence-certifications/,1,,2,,0,,0,
MSAAI,Organic Search,/cyber-security-salary-california/,1,,9,,0,,0,
MTS,Organic Search,.translate.goog/religious-studies-degree-jobs/,1,-7,1,-7,0,0,0,0
CyberOps,Direct,/how-to-start-career-in-cyber-security/,1,-22,1,-19,0,0,0,0
Default - (not set),Organic Search,/bringing-gamification-to-cyber-security-training/,1,,6,,0,,0,
MSITL,Organic Search,.translate.goog/it-management-leadership-certifications/,1,0,1,0,0,0,0,0
Data Science,Unknown - chatgpt.com / (not set),/masters-applied-data-science/careers/,1,,1,,0,,0,
MSAAI,Unknown - chatgpt.com / (not set),/ai-ethicist-career/,1,,1,,0,,0,
MSNNL,Organic Search,/masters-law-enforcement-leadership/,1,,2,,0,,0,
Default - (not set),Unknown - chatgpt.com / (not set),/best-mba-alternatives/,1,,1,,0,,0,
MTS,Direct,/education/,1,,3,,0,,0,
Default - (not set),Unknown - chatgpt.com / (not set),/admissions/how-to-apply/,1,,1,,0,,0,
Default - (not set),Organic Search,/cybersecurity-jobs-report/,1,,2,,0,,0,
MSAAI,Unknown - chatgpt.com / (not set),/ai-governance/,1,,1,,0,,0,
MSITL,Unknown - perplexity / (not set),/information-technology-trends/,1,,1,,0,,0,
Data Science,Direct,/advisory-board/jules-malin/,1,,0,,0,,0,
CyberOps,Organic Search,/faculty/donald-beidermann/,1,0,3,2,0,0,0,0
Informatics,Organic Search,/faculty/kathleen-stacy/,1,-3,1,-3,0,0,0,0
MED,Direct,/forms/mesh-applicant/,1,,5,,1,,1,
MSNP,Direct,/top-instructional-design-skills/,1,,5,,0,,0,
MSHA,Organic Search,/resources/msha-how-a-masters-degree-can-benefit-your-humanitarian-career-thank-you/,1,,1,,0,,0,
MESH,Direct,/masters-engineering-sustainability-health/lp/dyna/,1,-4,1,-4,0,0,0,0
MSNNL,Direct,/classes/advanced-pathophysiology/,1,0,1,-9,0,-1,0,-1
MED,Organic Search,/education-inequity-and-homework/.​,1,,2,,0,,0,
MSHA,Direct,/faculty/stephen-commins/,1,,1,,0,,0,
MSLDT,Unknown - chatgpt.com / (not set),/articulate-vs-captivate/,1,,5,,0,,0,
MSLDT,Organic Search,/faculty/maria-fernandez/,1,0,1,0,0,0,0,0
MSAAI,Unknown - chatgpt.com / (not set),/aws-azure-gcp-certification/,1,,3,,0,,0,
Default - (not set),Direct,/negative-effects-of-artificial-intelligence-in-education/,1,,3,,0,,0,
MTS,Organic Search,/classes/following-francis-an-introduction-to-the-franciscan-tradition/,1,,2,,0,,0,
Data Science,Organic Search,/faculty/vicente-malave/,1,-1,1,-1,0,0,0,0
MSLDT,Organic Search,/careers-masters-curriculum-instruction/,1,-2,2,-7,0,0,0,0
MTS,Referral,/,1,-6,2,-22,0,0,0,0
LEPSL,Direct,.translate.goog/women-in-law-enforcement/,1,,1,,0,,0,
MED,Direct,.translate.goog/instructional-leadership/,1,0,1,0,0,0,0,0
MSAAI,Organic Social,/masters-applied-artificial-intelligence/apply/,1,0,1,0,0,0,0,0
MED,Unknown - chatgpt.com / (not set),/inclusive-education-strategies/,1,,1,,0,,0,
MTS,Unknown - chatgpt.com / (not set),/masters-applied-artificial-intelligence/,1,,4,,0,,0,
CyberOps,Paid Social,/masters-cyber-security-operations/apply/,1,,1,,0,,0,
Default - (not set),Direct,/how-to-create-a-tech-startup-company-in-12-steps-2/,1,-5,1,-6,0,0,0,0
MSAAI,Email,/masters-applied-data-science/student-services/,1,,10,,0,,0,
CyberEng,Unknown - perplexity / (not set),/summer-cyber-security-program/,1,,1,,0,,0,
Default - (not set),Unknown - Data Not Available / Data Not Available,/online-programs/,1,,4,,0,,0,
MSNNL,Paid Social,/search/DNP/,1,,1,,0,,0,
MED,Direct,/education-inequity-and-homework/ when was this publish,1,,2,,0,,0,
MSLDT,Direct,/resources/things-to-know-about-careers-in-instructional-design-thank-you/,1,0,1,-1,1,1,1,1
EML,Direct,/masters-engineering-management-leadership/faculty/,1,-5,1,-7,0,0,0,0
LEPSL,Direct,/search/Charles+Davis/,1,,1,,0,,0,
MSNP,Paid Search,/masters-education/lp/online-med/,1,-1,2,-18,0,0,0,0
MSLDT,Direct,/resources/free-med-program-brochure/,1,,2,,0,,0,
MSNP,Organic Search,/top-humanitarian-degrees/,1,-1,9,0,0,0,0,0
MTS,Referral,/serving-god/,1,-1,2,-1,0,0,0,0
MED,Direct,/search/Professional+development+courses+for+teachers/,1,,1,,0,,0,
Informatics,Organic Search,/masters-health-informatics/board-of-advisors/,1,-1,1,0,0,0,0,0
Informatics,Organic Search,/masters-cyber-security-engineering/lp/cyber-security-engineering/,1,,2,,0,,0,
Default - (not set),Organic Search,/search/12345678910/,1,,1,,0,,0,
MSNNL,Direct,/search/cybersecurity/page/1/,1,,13,,0,,0,
Default - (not set),Organic Search,/search/67/page/1/,1,,1,,0,,0,
LEPSL,Organic Search,/ambassador/brian-george/,1,,1,,0,,0,
MED,Organic Search,.translate.goog/bilingual-education/,1,-6,1,-6,0,0,0,0
MSHA,Organic Search,/search/control+social/,1,,1,,0,,0,
MSAAI,Organic Search,/masters-health-informatics/health-analytics-track/,1,,12,,0,,0,
Default - (not set),Paid Search,/admissions/military-veterans/,1,-1,1,-1,0,0,0,0
Data Science,Organic Search,/data-science-masters-degrees-comparison/,1,-5,1,-5,0,0,0,0
Informatics,Organic Social,/masters-health-informatics/lp/study-health-informatics/,1,-1,1,-1,0,0,0,0
MSLDT,Referral,/educational-technology-jobs/,1,-18,1,-18,0,0,0,0
MSITL,Paid Search,/masters-applied-artificial-intelligence/lp/study-artificial-intelligence/,1,-44,2,-146,0,-5,0,-0.1111111111111111
Default - (not set),Organic Search,/faculty/michelle-moore/,1,,1,,0,,0,
Data Science,Organic Search,/data-engineer-career/,1,-1,1,-1,0,0,0,0
"Default - business-entrepreneurship,computer-science,engineering,technology",Direct,/sports-analytics-careers/,1,,1,,0,,0,
MSITL,Organic Search,/leadership-management/,1,,13,,0,,0,
MSNNL,Unknown - Data Not Available / Data Not Available,/masters-nursing-leadership/apply/,1,,0,,0,,0,
Data Science,Direct,s-applied-data-science/,1,,1,,0,,0,
MED,Organic Search,.translate.goog/best-teacher-blogs/,1,0,1,0,0,0,0,0
MTS,Email,/gods-timing-and-the-franciscan-calling/,1,,1,,0,,0,
LEPSL,Direct,/blog/police-leadership/,1,-5,1,-22,0,0,0,0
LEPSL,Direct,/masters-law-enforcement-leadership/lp/request-info/,1,0,1,0,0,0,0,0
MSNP,Direct,/search/get+upgraded+chatgpt/,1,,2,,0,,0,
Default - (not set),Direct,/classes/csolappliedcryptography/,1,,3,,0,,0,
MSNP,Display,/masters-nonprofit-leadership-management/lp/dyna/,1,,1,,0,,0,
MTS,Direct,/admissions/international-students/,1,,5,,0,,0,
MED,Organic Search,/7-tips-pursuing-masters-degree-working-full-time-education/,1,-8,1,-15,0,0,0,0
MSNP,Organic Search,/masters-nonprofit-leadership-management/faculty/,1,-1,1,0,0,0,0,0
Informatics,Organic Search,/advisory-board/hanley/,1,-2,1,-2,0,0,0,0
MED,Organic Search,/faculty/lisa-yegin/,1,-10,1,-11,0,0,0,0
MSLDT,Direct,/masters-health-informatics/apply/,1,,2,,0,,0,
MSNP,Organic Search,/masters-education/,1,0,4,0,0,0,0,0
MTS,Paid Search,/search/class+schedule/,1,,1,,0,,0,
CyberOps,Direct,/masters-cyber-security-operations/lp/scholarship-email/,1,,1,,0,,0,
Default - computer-science,Direct,/what-is-dbaas/,1,-9,1,-9,0,0,0,0
MSAAI,Direct,/edutainment/,1,,3,,0,,0,
LEPSL,Direct,/ambassador/luis-martinez-jr/,1,,1,,0,,0,
MSLDT,Direct,/masters-learning-design-technology/resources/,1,,1,,0,,0,
MSITL,Referral,/masters-information-technology-leadership/classes/applied-ai-specialization/,1,,1,,0,,0,
LEPSL,Referral,/classes/critical-issues-law-enforcement-and-public-safety/,1,,1,,0,,0,
MSLDT,Direct,/masters-learning-design-technology/faculty/,1,-1,1,0,0,0,0,0
MSAAI,Organic Search,/ai-impact-on-pharma-4-0/,1,-4,0,-6,0,0,0,0
Informatics,Organic Search,/bachelors-nursing/,1,,1,,0,,0,
Default - (not set),Organic Search,/classes/cyber-security-operations-and-leadership-orientation/,1,,2,,0,,0,
MTS,Unknown - optin monster / exit overlay,/tuition-financial-aid/tuition/,1,,2,,0,,0,
Default - (not set),Unknown - chatgpt.com / (not set),/,1,,1,,0,,0,
MSAAI,Direct,/classes/capstone-project-maai-590/,1,,1,,0,,0,
MSAAI,Unknown - chatgpt.com / (not set),/faculty/msaai-faculty/,1,,1,,0,,0,
LEPSL,Unknown - chatgpt.com / (not set),/,1,,2,,0,,0,
Default - (not set),Unknown - Data Not Available / Data Not Available,/masters-engineering-management-leadership/lp/ppc/,1,,1,,1,,1,
MSAAI,Direct,/software-engineer-to-machine-learning-engineer/,1,-1,1,-1,0,0,0,0
LEPSL,Direct,/the-importance-of-building-trust-inside-your-community/,1,-1,1,-1,0,0,0,0
EML,Organic Search,/classes/emerging-technology-trends-and-startups/,1,0,2,0,0,0,0,0
Data Science,Organic Search,/masters-applied-data-science/msads-combined-degree/,1,,2,,0,,0,
MESH,Direct,/masters-education/apply/,1,,1,,0,,0,
MSHA,Organic Search,/masters-humanitarian-action/lp/thank-you/,1,,1,,1,,1,
MED,Unknown - perplexity / (not set),/differentiated-instruction/,1,,1,,0,,0,
MSHA,Organic Search,/advisory-board/donna-duvin/,1,0,1,0,0,0,0,0
MSLDT,Organic Search,/admissions/,1,-1,3,-2,0,0,0,0
MSLDT,Unknown - chatgpt.com / (not set),/instructional-design-models/,1,,1,,0,,0,
CyberOps,Paid Social,/masters-cyber-security-engineering/let-us-pay-for-your-cse-program-application-fee/,1,,1,,1,,1,
MSNNL,Paid Social,/nursing-informatics-vs-health-informatics/,1,,4,,0,,0,
MSNNL,Paid Social,/masters-nursing-leadership/nursing-informatics-track/,1,,2,,0,,0,
LEPSL,Email,/classes/community-assessment-crime-criminal-justice/,1,,2,,0,,0,
MSLDT,Organic Search,.translate.goog/career-changes-for-teachers/,1,-44,1,-50,0,0,0,0
MSLDT,Direct,.translate.goog/educational-technology-jobs/,1,,1,,0,,0,
CyberOps,Referral,/best-industries-cyber-security-job-seekers/,1,0,1,-1,0,0,0,0
CyberOps,Email,/search/academic+calendar/,1,,1,,0,,0,
Default - (not set),Direct,/jobs-in-cybersecurity/,1,,0,,0,,0,
MSNP,Referral,/nonprofit-leadership/,1,,1,,0,,0,
MSNNL,Direct,/admissions/,1,0,2,-3,0,0,0,0
MESH,Organic Search,/masters-engineering-sustainability-health/let-us-pay-for-your-msesh-program-application-fee/,1,,1,,0,,0,
MSLDT,Organic Search,/faculty/trudy-blackmon/,1,,1,,0,,0,
EML,Organic Search,/advisory-board/kary-saleeby/,1,0,1,0,0,0,0,0
MED,Organic Search,/search/published/,1,,2,,0,,0,
Default - (not set),Referral,/impact-of-ai-on-the-job-market/,1,,1,,0,,0,
MED,Organic Search,/faculty-spotlight-libby-butler/,1,0,1,0,0,0,0,0
MTS,Referral,/minimalist-catholic/,1,,1,,0,,0,
Informatics,Paid Social,/resources/health-informatics-career-guide/,1,,0,,0,,0,
Default - business-entrepreneurship,Organic Search,.translate.goog/best-engineering-software/,1,,2,,0,,0,
MSNP,Referral,/grant-writer-career/,1,,6,,0,,0,
MSHA,Organic Search,/faculty/casey-myers/,1,-1,1,0,0,0,0,0
Data Science,Unknown - chatgpt.com / (not set),/masters-applied-data-science/apply/,1,,1,,0,,0,
MSAAI,Organic Search,/resources/cyber-security-careers-webinar-thank-you/,1,,3,,0,,0,
Data Science,Direct,/how-to-become-a-software-engineer/,1,,1,,0,,0,
Default - (not set),Direct,/is-homework-bad,1,,2,,0,,0,
Informatics,Referral,/bachelors-nursing/,1,,2,,0,,0,
LEPSL,Direct,/ambassador/steven-swetman/,1,,1,,0,,0,
MTS,Direct,.translate.goog/what-is-lay-ministry/,1,-3,1,-5,0,0,0,0
CyberEng,Direct,/network-security-solutions/,1,-13,1,-15,0,0,0,0
CyberOps,Organic Social,/masters-cyber-security-operations/lp/bva-cyber-security-operations-leadership/,1,,1,,0,,0,
Default - (not set),Direct,/10-reasons-to-get-your-masters-degree-in-cyber-security/,1,,0,,0,,0,
MSNNL,Direct,/masters-applied-data-science/classes/,1,,4,,0,,0,
Default - (not set),Direct,/masters-cyber-security-operations/lp/bva-cyber-security-operations-leadership/,1,,3,,0,,0,
MED,Referral,/the-joys-and-challenges-of-teaching-black-history-month/,1,,1,,0,,0,
MSITL,Direct,/network-computer-systems-administrator-career/,1,-1,1,0,0,0,0,0
MSLDT,Direct,/classes/program-design-assessment-and-evaluation/,1,0,1,0,0,0,0,0
MESH,Direct,/about/learning-outcomes/,1,,2,,0,,0,
LEPSL,Direct,/ambassador/rickey-hawkins/,1,,1,,0,,0,
LEPSL,Direct,/ambassador/samuel-gonzalez/,1,,1,,0,,0,
CyberEng,Email,/masters-cyber-security-engineering/faculty/,1,,1,,0,,0,
MSAAI,Paid Search,/top-ranked-law-enforcement-masters-degree/,1,,9,,0,,0,
MESH,Organic Search,/faculty/caroline-baillie/,1,-2,1,-3,0,0,0,0
Default - (not set),Organic Search,/ethical-hacker-career-salary-guide/,1,,3,,0,,0,
MED,Organic Search,/faculty-spotlight-chris-garcia/,1,0,3,2,0,0,0,0
MSAAI,Organic Search,/student-support/benn-joyce/,1,-1,1,-1,0,0,0,0
Default - (not set),Direct,/faculty/danny-barnes-phd/,1,,1,,0,,0,
LEPSL,Organic Search,/classes/organizational-theory-change/,1,0,1,0,0,0,0,0
LEPSL,Organic Social,/what-style-police-leadership-most-effective/,1,0,4,3,0,0,0,0
MESH,Direct,.translate.goog/best-sustainability-certifications/,1,,1,,0,,0,
MSNNL,Direct,/instructional-design-models/` [(onlinedegrees.sandiego.edu in Bing)](https:/www.bing.com/search,1,,1,,0,,0,
Data Science,Organic Search,/masters-applied-data-science/faculty/,1,-3,1,-5,0,0,0,0
EML,Direct,/master-of-engineering-management-careers/,1,,1,,0,,0,
MED,Referral,/teaching-digital-literacy-in-the-classroom/,1,0,2,1,0,0,0,0
MSNP,Organic Search,.translate.goog/nonprofit-cfo-career/,1,,1,,0,,0,
EML,Referral,/engineering-manager-vs-tech-lead/,1,,1,,0,,0,
MSITL,Paid Social,/masters-information-technology-leadership/,1,,1,,0,,0,
Informatics,Direct,/masters-cyber-security-operations/lp/bva-cyber-security-operations-leadership/,1,,2,,0,,0,
MSLDT,Unknown - copilot.com / (not set),/ai-instructional-design/,1,,1,,0,,0,
MESH,Direct,/masters-applied-data-science/lp/study-data-science/,1,,4,,0,,0,
MED,Direct,/search/how+much+in+percents+do+kids+do+better+with+homework+at+school/,1,,1,,0,,0,
Default - (not set),Direct,e-short/,1,,2,,0,,0,
MED,Direct,/teaching-digital-literacy-in-the-classroom/,1,-2,1,-2,0,0,0,0
Default - (not set),Direct,/education-inequality-and-homework,1,,2,,0,,0,
MSNP,Organic Search,/masters-engineering-sustainability-health/,1,,8,,0,,0,
Default - (not set),Direct,/blog/business-entrepreneurship/,1,,1,,0,,0,
MSLDT,Organic Search,/masters-education/lp/online-med/,1,,6,,2,,2,
Default - (not set),Organic Search,/resources/cybersecurity-job-market-webinar-thank-you/,1,,1,,0,,0,
Default - (not set),Organic Search,/about/learning-outcomes/,1,-5,1,-4,0,0,0,0
MED,Unknown - chatgpt.com / (not set),/faculty/amanda-roth/,1,,1,,0,,0,
Data Science,Organic Search,/masters-applied-data-science/student-services/,1,,5,,0,,0,
CyberOps,Email,/masters-cyber-security-operations/apply/,1,,1,,0,,0,
Informatics,Organic Search,/faculty/thidarat-tinnakornsrisuphap/,1,,1,,0,,0,
MSITL,Referral,/resources/free-ms-aai-program-brochure/,1,,2,,0,,0,
Data Science,Referral,/applications-of-data-science-in-healthcare/,1,,1,,0,,0,
EML,Referral,/engineering-masters-degrees/,1,,1,,0,,0,
MSNNL,Paid Search,/how-to-become-a-cno/,1,,1,,0,,0,
MTS,Direct,/education-inequity-and-homework/,1,,3,,0,,0,
MED,Organic Search,/search/can+homework+impact+familes/,1,,1,,0,,0,
MSLDT,Direct,/tuition-financial-aid/tuition/,1,,7,,0,,0,
MESH,Referral,/masters-engineering-sustainability-health/resources/,1,,7,,0,,0,
MSNNL,Direct,/search/Date/,1,,1,,0,,0,
MSLDT,Direct,/search/loose+the+love+of+learning/,1,,1,,0,,0,
MSLDT,Direct,/education-inequity-and-homework/,1,0,2,-5,0,0,0,0
MSHA,Direct,/humanitarian-scholarships/,1,-4,1,-5,0,0,0,0
MTS,Direct,/resources/master-of-theological-studies-application-guide/,1,0,1,-1,0,0,0,0
MED,Organic Search,/search/non+matriculated/,1,,2,,0,,0,
Default - (not set),Organic Search,/entry-level-cyber-security-jobs-guide/,1,,3,,0,,0,
Informatics,Direct,/campus-programs/,1,,4,,0,,0,
MSHA,Organic Search,/education-inequity-and-homework/,1,-3,9,-2,0,0,0,0
MESH,Organic Search,/why-military-vets-should-consider-career-in-criminal-justice/,1,,2,,0,,0,
MSNNL,Organic Search,/advisory-board/j-wymer/,1,,1,,0,,0,
MSITL,Organic Search,/artificial-intelligence-scholarships/,1,0,2,-2,0,0,0,0
LEPSL,Organic Search,/ambassador/timothy-simmons/,1,,1,,0,,0,
MSITL,Organic Search,/masters-information-technology-leadership/classes/data-science-elective/,1,,2,,0,,0,
MED,Referral,/admissions/,1,,4,,0,,0,
MESH,Referral,/admissions/,1,,4,,0,,0,
MSHA,Referral,/international-affairs-careers/,1,0,1,0,0,0,0,0
Default - (not set),Paid Social,/tuition-financial-aid/tuition/,1,,1,,0,,0,
MSNNL,Display,/director-of-nursing-career-guide/,1,,1,,0,,0,
MED,Direct,/search/homework/,1,,1,,0,,0,
MED,Direct,/3-ways-to-create-inclusive-learning/,1,-8,1,-14,0,0,0,0
CyberOps,Organic Search,.translate.goog/cyber-security-information-security-network-security/,1,,1,,0,,0,
CyberOps,Organic Search,/faculty/sahar-mosleh/,1,-1,1,-2,0,0,0,0
MSAAI,Unknown - chatgpt.com / (not set),/university-of-san-diego-launches-full-time-on-campus-masters-degree-programs-in-applied-artificial-intelligence-and-cyber-security-engineering/,1,,2,,0,,0,
Informatics,Organic Social,/is-health-informatics-degree-worth-it/,1,,1,,0,,0,
MSNNL,Direct,/become-a-student/tuition-financial-aid/ms-csol-scholarships-grants/,1,,1,,0,,0,
CyberEng,Organic Search,/search/Platform+Engineer/,1,,1,,0,,0,
Default - (not set),Direct,/why-study-theology/#main,1,,1,,0,,0,
LEPSL,Paid Search,/masters-health-informatics/lp/health-informatics-for-nurses/,1,,8,,2,,2,
LEPSL,Paid Search,/masters-law-enforcement-leadership/students-agencies/,1,,4,,0,,0,
MED,Paid Search,/bachelors-nursing/bachelors-nursing-lp-ppc/,1,,7,,0,,0,
MSHA,Direct,/admissions/international-students/,1,,6,,0,,0,
LEPSL,Direct,/community-policing-through-leadership/,1,-2,1,-2,0,0,0,0
MED,Paid Search,/masters-cyber-security-operations/lp/bva-cyber-security-operations-leadership/,1,,2,,1,,1,
MSLDT,Direct,/ambassador/cameron-salehi/,1,,1,,0,,0,
MSITL,Paid Search,/resources/free-itl-program-brochure/,1,-21,1,-17,0,-1,0,-0.045454545454545456
Default - (not set),Direct,/masters-cyber-security-engineering/let-us-pay-for-your-cse-program-application-fee/,1,-1,2,-6,0,0,0,0
MSAAI,Organic Search,/employer-partnership/axos/,1,,4,,0,,0,
MSITL,Direct,/masters-information-technology-leadership/faculty/,1,,1,,0,,0,
MSNNL,Direct,/masters-nursing-leadership/student-services/,1,,1,,0,,0,
MSHA,Direct,/new-online-masters-degree-program-in-humanitarian-action/,1,0,1,0,0,0,0,0
MED,Direct,/resources/free-med-program-brochure-thank-you/,1,,1,,1,,1,
MSHA,Direct,/resources/inside-look-med-webinar/,1,,5,,0,,0,
MSNNL,Direct,/tuition-financial-aid/,1,,3,,0,,0,
MSAAI,Direct,n/,1,,5,,0,,0,
MTS,Unknown - perplexity / (not set),/what-is-liturgy/,1,,1,,0,,0,
Data Science,Email,/resources/data-science-students-assessment/,1,,1,,0,,0,
MSLDT,Organic Search,/computer-science/,1,,3,,0,,0,
MSAAI,Email,/masters-applied-artificial-intelligence/lp/study-artificial-intelligence/,1,,4,,0,,0,
MSAAI,Organic Search,/faculty/kahila-mokhtari/,1,-2,1,-2,0,0,0,0
MSLDT,Unknown - linkedin / social,/create-employee-training-program/,1,,1,,0,,0,
MED,Unknown - chatgpt.com / (not set),/alternative-teacher-certification-guide/,1,,1,,0,,0,
MED,Organic Search,/search/should+kids+have+homework/,1,,1,,0,,0,
LEPSL,Organic Search,/tuition-financial-aid/tuition/,1,,6,,0,,0,
MESH,Paid Search,/masters-engineering-management-leadership/lp/ppc/,1,-2,2,-5,0,0,0,0
MESH,Paid Search,/masters-engineering-sustainability-health/faculty/,1,,3,,0,,0,
LEPSL,Referral,/5-tips-for-a-successful-criminal-justice-career/,1,,1,,0,,0,
MED,Unknown - chatgpt.com / (not set),/co-teaching-models/,1,,1,,0,,0,
MSITL,Direct,/artificial-intelligence-cyber-security/,1,,12,,0,,0,
EML,Direct,/engineering-leadership/,1,-14,1,-15,0,0,0,0
MSITL,Unknown - perplexity / (not set),/masters-information-technology-leadership/,1,,1,,0,,0,
MSAAI,Direct,/best-teacher-blogs/,1,,7,,0,,0,
MED,Direct,/search/online+continuing+education+units+for+education/,1,,1,,0,,0,
CyberEng,Direct,/cybersecurity-bootcamp-vs-degree/,1,0,1,0,0,0,0,0
MSAAI,Direct,/masters-engineering-management-leadership/lp/ppc/,1,,3,,0,,0,
MTS,Direct,/faculty/juliet-mousseau/,1,0,1,-7,0,0,0,0
Informatics,Direct,/programs/,1,,5,,0,,0,
Data Science,Organic Search,/faculty/an-tran/,1,,1,,0,,0,
Default - (not set),Direct,/search/Why+we+shouldn%27t+ban+homework/,1,,1,,0,,0,
Data Science,Organic Search,.translate.goog/13-essential-data-science-textbooks/,1,-2,1,-2,0,0,0,0
LEPSL,Direct,/become-a-criminal-justice-instructor/,1,,1,,0,,0,
MTS,Organic Search,/masters-theological-studies/apply/,1,-9,1,-21,0,0,0,0
MSLDT,Organic Search,/blog/education/,1,0,0,-4,0,0,0,0
MSAAI,Organic Social,/entry-level-ai-careers/,1,,1,,0,,0,
CyberOps,Referral,/is-cyber-security-hard/,1,,3,,0,,0,
MSAAI,Referral,/is-cyber-security-hard/,1,,6,,0,,0,
MSHA,Paid Search,/masters-health-informatics/lp/health-informatics-for-nurses/,1,,6,,0,,0,
MTS,Paid Search,/religious-studies-degree-jobs/,1,,1,,0,,0,
LEPSL,Email,/,1,,2,,0,,0,
CyberOps,Unknown - copilot.com / (not set),/top-100-cybersecurity-companies/,1,,1,,0,,0,
MSAAI,Organic Search,.translate.goog/artificial-intelligence-scholarships/,1,-4,1,-5,0,0,0,0
Default - (not set),Direct,/faculty/wanghuizi-gao/,1,,2,,0,,0,
CyberOps,Organic Search,/masters-cyber-security-engineering/lp/cyber-security-engineering/,1,,5,,0,,0,
MSLDT,Paid Search,/masters-education/lp/online-med/,1,-2,3,-21,0,-1,0,-0.3333333333333333
"Default - engineering,healthcare,sustainability",Direct,/resources/meeting-the-planets-most-urgent-challenges/,1,-5,1,-20,0,0,0,0
Default - (not set),Direct,/search/Innovated+curriculum/,1,,1,,0,,0,
MSAAI,Organic Search,.translate.goog/introduction-to-computer-vision/,1,,1,,0,,0,
CyberOps,Direct,/resources/cyber-newsletter-signup/,1,,1,,0,,0,
LEPSL,Organic Search,/classes/public-safety-law/,1,,1,,0,,0,
MSLDT,Organic Search,/faculty/heather-leslie/,1,,1,,0,,0,
MTS,Direct,/masters-education/student-services/,1,,30,,0,,0,
MESH,Referral,/environmental-compliance-officer-career/,1,,1,,0,,0,
Data Science,Organic Search,/resources/data-science-self-assessment/,1,-2,1,-3,0,0,0,0
CyberOps,Organic Search,/university-of-san-diego-to-open-center-of-cyber-security-engineering-and-technology/,1,0,2,1,0,0,0,0
Informatics,Paid Search,/about/state-authorization-status/,1,,3,,0,,0,
MESH,Referral,/environmental-science-vs-engineering-degree/,1,-1,3,1,0,0,0,0
LEPSL,Direct,/faculty/gary-morrison/,1,0,1,0,0,0,0,0
MSNP,Referral,/nonprofit-executive-director/,1,,2,,0,,0,
Default - (not set),Unknown - chatgpt.com / (not set),/tuition-financial-aid/tuition/,1,,1,,0,,0,
MSNP,Unknown - chatgpt.com / (not set),/nonprofit-fundraising-ideas/,1,,1,,0,,0,
EML,Unknown - chatgpt.com / (not set),/principal-engineer-vs-senior-engineer/,1,,1,,0,,0,
MSHA,Unknown - perplexity / (not set),/humanitarian-intervention-success-stories/,1,,1,,0,,0,
MED,Unknown - perplexity / (not set),/what-is-educational-technology-definition-examples-impact/,1,,1,,0,,0,
MED,Email,/vanessa-araiza/,1,,6,,0,,0,
CyberOps,Unknown - idg / nativecontent,/bringing-gamification-to-cyber-security-training/,1,,1,,0,,0,
Data Science,Direct,/faculty/erin-cooke/,1,0,0,0,0,0,0,0
LEPSL,Direct,/search/Thomas+Smith/,1,,1,,0,,0,
MSLDT,Direct,/hr-career-advancement-opportunities/,1,0,1,-2,0,0,0,0
Informatics,Direct,/masters-health-informatics/lp/request-info/,1,,1,,0,,0,
MSHA,Organic Social,/masters-humanitarian-action/faculty/,1,,1,,0,,0,
MED,Direct,/search/Homework+improves+student+achievement.+evidence/,1,,1,,0,,0,
MSLDT,Direct,/how-to-become-a-police-chief/,1,,4,,0,,0,
Informatics,Organic Search,/5-health-care-big-data-companies-watch/,1,-22,1,-22,0,0,0,0
MSNNL,Organic Search,/masters-nursing-leadership/lp/dyna/,1,,12,,0,,0,
Informatics,Organic Search,/tuition-financial-aid/tuition/,1,0,9,7,0,0,0,0
MSLDT,Unknown - (not set) / blog-link,/educational-technology-jobs/,1,,1,,0,,0,
MSITL,Organic Search,.translate.goog/systems-engineer-career/,1,-9,1,-12,0,0,0,0
MSAAI,Organic Social,/machine-learning-podcast/,1,,1,,0,,0,
Default - (not set),Referral,/student-support/office-of-financial-aid-services/,1,,0,,0,,0,
MED,Referral,/professional-development-options-for-teachers-at-usd/,1,,0,,0,,0,
LEPSL,Paid Social,/search/Transfer+credit/,1,,1,,0,,0,
MSAAI,Paid Search,/masters-cyber-security-engineering/apply/,1,0,4,-5,0,0,0,0
CyberOps,Paid Search,/masters-cyber-security-operations/faculty/,1,,1,,0,,0,
MSHA,Email,/masters-humanitarian-action/advisory-board/,1,-1,1,-2,0,0,0,0
MTS,Organic Search,/why-theological-studies/,1,-25,1,-35,0,0,0,0
MTS,Unknown - youtube / video,/masters-theological-studies/,1,,1,,0,,0,
MED,Paid Search,/life-skills-education-in-schools/,1,,1,,0,,0,
MSLDT,Organic Social,/masters-learning-design-technology/lp/instructional-design-for-teachers/,1,,1,,0,,0,
MSLDT,Email,/masters-learning-design-technology/lp/dyna/,1,-25,1,-25,0,-1,0,-0.038461538461538464
"Default - business-entrepreneurship,computer-science,technology",Direct,/,1,,6,,0,,0,
MED,Referral,/,1,-6,2,-50,0,0,0,0
MED,Direct,/contact-us/,1,-3,2,-7,0,0,0,0
MSITL,Referral,/enterprise-it-management-guide/,1,,1,,0,,0,
CyberOps,Organic Search,/systems-administrator/,1,-4,1,-3,0,0,0,0
MSAAI,Organic Search,/faculty/saeed-esmaili-sardari/,1,,1,,0,,0,
Default - (not set),Paid Search,/employer-partnership/eset/,1,,2,,0,,0,
MED,Unknown - chatgpt.com / (not set),/masters-education/,1,,1,,0,,0,
MED,Unknown - chatgpt.com / (not set),/masters-education/masters-education-resources/,1,,1,,0,,0,
MSNP,Direct,/cyber-security/,1,,60,,0,,0,
Default - (not set),Direct,/education-inequity-and-homework/ when was the article published,1,,1,,0,,0,
MSNP,Direct,/melissa-villagomez-empowering-others-through-nonprofit-leadership/,1,,1,,0,,0,
MSNNL,Direct,/masters-nursing-leadership/apply-for-free-usd-msn-in-nursing-leadership-online/,1,,1,,0,,0,
Informatics,Direct,/classes/ai-assisted-automation-and-scripting-in-healthcare/,1,,1,,0,,0,
MSLDT,Referral,/instructional-design-vs-learning-experience-design/,1,-2,2,-1,0,0,0,0
CyberEng,Direct,/masters-cyber-security-engineering/lp/email/,1,,1,,0,,0,
MED,Direct,/master-of-education-salary/,1,,1,,0,,0,
Default - (not set),Direct,/student-support/lela-reagan/,1,,1,,0,,0,
LEPSL,Direct,/ambassador/gene-harris/,1,0,1,0,0,0,0,0
LEPSL,Direct,/ambassador/brian-george/,1,,1,,0,,0,
LEPSL,Direct,/ambassador/diego-cornejo/,1,,1,,0,,0,
LEPSL,Direct,/ambassador/primo-diaz/,1,,1,,0,,0,
LEPSL,Direct,/ambassador/jeff-liu/,1,,1,,0,,0,
MTS,Paid Search,/classes/ecclesiology-being-the-21st-century-church/,1,,2,,0,,0,
MSNNL,Paid Search,/12-types-of-msn-degrees-how-to-choose-the-best-nursing-track/,1,,3,,0,,0,
Default - (not set),Organic Search,/faculty/ruddy-simonpour/,1,,2,,0,,0,
MSAAI,Organic Search,/blog/business-entrepreneurship/,1,-8,2,-8,0,0,0,0
CyberOps,Organic Search,/masters-cyber-security-operations/apply/,1,-7,0,-11,0,0,0,0
MSLDT,Organic Search,/differentiated-instruction/,1,,3,,0,,0,
Default - (not set),Organic Search,/faculty/shailja-somani/,1,,6,,0,,0,
Informatics,Organic Search,/faculty/christine-nibbelink/,1,0,1,0,0,0,0,0
MSNP,Referral,/masters-nonprofit-leadership-management/classes/,1,,1,,0,,0,
Default - (not set),Referral,/what-is-cultural-humility/,1,,2,,0,,0,
MESH,Direct,/degree-in-public-health/,1,-2,0,-10,0,0,0,0
Data Science,Referral,/resources/data-science-self-assessment/,1,,1,,0,,0,
MSAAI,Direct,/top-100-cybersecurity-companies/,1,,2,,0,,0,
MESH,Direct,/tuition-financial-aid/tuition/,1,,8,,0,,0,
Informatics,Paid Search,/tuition-financial-aid/,1,,5,,0,,0,
LEPSL,Direct,/ambassador/bruce-mason/,1,,1,,0,,0,
MESH,Direct,/advisory-board/michelle-gonzalez/,1,,1,,0,,0,
MSITL,Direct,/what-is-site-reliability-engineering/,1,-3,1,-3,0,0,0,0
MESH,Direct,/women-imagine-the-future-club/,1,,1,,0,,0,
MSLDT,Direct,/police-media-relations-and-social-media/,1,,2,,0,,0,
EML,Direct,/employer-partnership/xsite/,1,,13,,2,,2,
MSAAI,Direct,/admissions/how-to-apply/,1,0,2,-8,0,-1,0,-1
MED,Direct,/what-is-an-med-degree-explained/,1,-13,1,-13,0,0,0,0
LEPSL,Organic Search,/faculty/jose-tellez/,1,0,1,-4,0,0,0,0
MED,Organic Search,/online-programs/,1,-9,2,-73,0,0,0,0
Informatics,Organic Search,/resources/health-informatics-careers-thank-you/,1,0,1,0,1,0,1,0
LEPSL,Referral,/masters-law-enforcement-leadership/endorsements-testimonials/,1,,2,,0,,0,
MSAAI,Organic Search,/faculty/andrew-van-benschoten/,1,-2,1,-2,0,0,0,0
Informatics,Organic Social,/masters-health-informatics/classes/,1,,1,,0,,0,
MESH,Organic Search,/online-masters-degree-integrates-sustainability-health-and-engineering/,1,,1,,0,,0,
MSITL,Referral,/information-systems-vs-information-technology/,1,,1,,0,,0,
MSNNL,Paid Social,/masters-nursing-leadership/,1,0,1,-5,0,0,0,0
CyberEng,Organic Search,.translate.goog/what-is-cyberwarfare/,1,-1,1,-3,0,0,0,0
MSLDT,Unknown - chatgpt.com / (not set),/masters-learning-design-technology/,1,,6,,1,,1,
MSLDT,Unknown - perplexity / (not set),/careers-masters-curriculum-instruction/,1,,2,,0,,0,
MSAAI,Referral,/masters-engineering-management-leadership/,1,,8,,0,,0,
MSAAI,Direct,/masters-applied-artificial-intelligence/student-services/,1,,1,,0,,0,
LEPSL,Direct,/masters-law-enforcement-leadership/lp/police/,1,0,6,5,0,0,0,0
Data Science,Direct,/are-coding-bootcamps-worth-it/,1,,1,,0,,0,
MED,Direct,/instructional-design-portfolio/,1,,0,,0,,0,
LEPSL,Direct,/faculty/duane-voss/,1,,1,,0,,0,
Informatics,Organic Search,/faculty/razel-milo/,1,-2,1,-2,0,0,0,0
Data Science,Organic Search,.translate.goog/how-to-become-database-developer/,1,,1,,0,,0,
CyberOps,Organic Search,/threat-or-opportunity-big-data-and-cyber-security/,1,-12,2,-11,0,0,0,0
"Default - computer-science,engineering,technology",Organic Search,/masters-cyber-security-engineering/,1,,6,,0,,0,
LEPSL,Organic Search,/ambassador/daniel-shivers/,1,,1,,0,,0,
MED,Referral,/manage-cell-phones-in-class-tips/,1,,1,,0,,0,
MSNP,Email,/masters-nonprofit-leadership-management/apply/,1,,1,,0,,0,
MED,Direct,/masters-cyber-security-engineering/lp/cyber-security-engineering/,1,,2,,0,,0,
Default - (not set),Direct,/search/academic/page/1/,1,,1,,0,,0,
MSLDT,Direct,/resources/choosing-an-instructional-design-path/,1,,1,,0,,0,
MSHA,Direct,/masters-engineering-sustainability-health/apply/,1,,1,,0,,0,
MSNNL,Direct,/faculty/briony-dubose/,1,,1,,0,,0,
MTS,Organic Search,/faculty/erika-d-garcia/,1,,3,,0,,0,
CyberEng,Organic Search,/search/is+it+true+that+if+there+is+homwork+there+is+less+time+fro+the+t+hing+we+enjoy/,1,,1,,0,,0,
MSAAI,Organic Search,/dr-ebrahim-tarshizi-co-director-of-center-for-digital-civil-society/,1,,1,,0,,0,
MSLDT,Organic Search,.translate.goog/addie-model-instructional-design/,1,-1,1,-1,0,0,0,0
Default - (not set),Organic Search,/faculty/ryan-richter/,1,,1,,0,,0,
Informatics,Organic Search,/the-value-of-project-management-in-health-informatics/,1,,2,,0,,0,
MSNNL,Direct,/nursing-leadership-roles/,1,,1,,0,,0,
MSAAI,Organic Search,.translate.goog/artificial-intelligence-business/,1,-16,1,-19,0,0,0,0
MED,Unknown - perplexity / (not set),/effective-educational-leadership/,1,,1,,0,,0,
MED,Direct,/search/homework+does+more+harm+than+good/,1,,1,,0,,0,
Data Science,Direct,/applications-of-data-science-in-healthcare/,1,-2,2,-1,0,0,0,0
MSAAI,Direct,/masters-cyber-security-operations/classes/,1,,13,,0,,0,
MSNP,Direct,/faculty/lyn-corbett/,1,,1,,0,,0,
MESH,Organic Search,/degree-in-public-health/,1,-7,1,-8,0,0,0,0
MED,Paid Search,/masters-education/specializations/,1,0,0,-2,0,0,0,0
MTS,Paid Search,/masters-engineering-management-leadership/lp/ppc/,1,-1,8,0,0,0,0,0
LEPSL,Organic Search,.translate.goog/police-promotion/,1,-2,1,-1,0,0,0,0
CyberOps,Organic Search,.translate.goog/what-is-a-chief-security-officer-high-demand-skyrocketing-pay-for-csos/,1,-1,1,-2,0,0,0,0
Default - (not set),Email,/about/state-authorization-status/,1,,1,,0,,0,
LEPSL,Organic Search,/classes/community-engagement/,1,0,1,0,0,0,0,0
MESH,Unknown - chatgpt.com / (not set),/sustainability-scholarships/,1,,1,,0,,0,
MSAAI,Direct,/classes/large-language-model-engineering-maai-530/,1,,1,,0,,0,
CyberOps,Direct,/cybersecurity-masters-degree-guide/,1,-3,1,-6,0,0,0,0
MED,Direct,/grants-for-masters-degree-in-teaching/,1,-4,1,-4,0,0,0,0
LEPSL,Direct,/law-enforcement-going-back-to-college/,1,0,1,0,0,0,0,0
CyberOps,Direct,/master-of-science-in-cyber-security-or-mba/,1,-6,1,-8,0,0,0,0
MTS,Direct,/masters-cyber-security-engineering/,1,0,2,-42,0,0,0,0
Informatics,Direct,/masters-law-enforcement-leadership/lp/r=,1,,1,,0,,0,
MSHA,Direct,/search/What+is+human+violation+/,1,,1,,0,,0,
MESH,Direct,/search/physics/,1,,7,,0,,0,
Default - (not set),Organic Search,/cyber-security-salary-california/,1,,2,,0,,0,
MED,Organic Search,/faculty/charles-tre-watkins-iii/,1,-4,1,-7,0,0,0,0
EML,Organic Search,/masters-engineering-management-leadership/faculty/,1,-3,3,-3,0,0,0,0
MED,Organic Search,/teaching-license-reciprocity-guide/,1,-48,1,-50,0,0,0,0
MESH,Paid Search,/masters-engineering-sustainability-health/mesh-combined-degree/,1,,1,,0,,0,
CyberOps,Paid Social,/cybersecurity-jobs-report/,1,,1,,0,,0,
MSHA,Direct,/masters-humanitarian-action/faculty/,1,0,1,1,0,0,0,0
MSHA,Paid Social,/masters-humanitarian-action/app-waiver/,1,,1,,0,,0,
MSLDT,Unknown - youtube / social,/masters-learning-design-technology/,1,,1,,0,,0,
Default - (not set),Email,/tuition-financial-aid/,1,,1,,0,,0,
MSNP,Unknown - chatgpt.com / (not set),/masters-nonprofit-leadership-management/classes/,1,,3,,0,,0,
CyberEng,Direct,/classes/digital-forensics-incident-response/,1,,1,,0,,0,
Default - (not set),Direct,/classes/big-data/,1,,1,,0,,0,
MSAAI,Organic Search,/criminal-justice/,1,,4,,0,,0,
Default - (not set),Organic Search,/search/disbenifites+of+getting+rid+of+homework/page/2/,1,,1,,0,,0,
CyberOps,Organic Search,/masters-cyber-security-engineering/let-us-pay-for-your-cse-program-application-fee/,1,,1,,1,,1,
MTS,Organic Search,/franciscan-spirituality-in-todays-world/,1,-3,2,-4,0,0,0,0
MTS,Organic Search,/admissions/military-veterans/,1,0,30,24,0,0,0,0
MESH,Referral,/sustainability-consultant-career/,1,,1,,0,,0,
MSITL,Referral,/masters-information-technology-leadership/lp/ppc/let-us-pay-for-your-msitl-application-fee/,1,,8,,0,,0,
MSITL,Referral,/masters-cyber-security-engineering/,1,,1,,0,,0,
Default - (not set),Organic Search,/usd-cybersecurity-degree-program-ranked-9-in-fortune-education-list/,1,0,7,4,0,0,0,0
CyberOps,Direct,/cybersecurity-bootcamp-vs-degree/,1,,5,,0,,0,
Informatics,Paid Social,/masters-health-informatics/lp/study-healthcare-analytics/,1,,1,,0,,0,
Default - (not set),Organic Search,/study-tips-for-gmat-preparation/,1,,1,,0,,0,
MSLDT,Organic Search,/education-specialist/,1,0,2,-2,0,0,0,0
MSLDT,Unknown - (not set) / third-party-=,/educational-technology-jobs/,1,,1,,0,,0,
MSLDT,Organic Search,/masters-education-non-teachers-offers-options/,1,,11,,0,,0,
CyberOps,Organic Search,/why-cyber-security-is-a-great-career-option-for-military-veterans/,1,-32,1,-29,0,0,0,0
MSNP,Organic Search,/faculty/tesa-tinkler/,1,,2,,0,,0,
MSAAI,Direct,/admissions/,1,-4,3,-14,0,0,0,0
Informatics,Direct,/faculty/dorothy-ohagan/,1,0,4,1,0,0,0,0
"Default - computer-science,engineering,technology",Direct,/resources/getting-an-ms-cyber-security-8-considerations/,1,,1,,1,,1,
MED,Email,/steam-specialization-opens-doors-for-university-of-san-diego-alum/,1,,1,,0,,0,
Default - (not set),Referral,/programs/,1,,4,,0,,0,
MSAAI,Referral,/masters-applied-data-science/,1,-3,8,-17,0,-2,0,-0.5
MED,Direct,ces/9-reasons-master-education-degree-ebook/,1,,1,,0,,0,
CyberOps,Organic Search,/cyber-security-salary-california/,1,,3,,0,,0,
MSNNL,Paid Search,/masters-engineering-management-leadership/lp/ppc/,1,,7,,0,,0,
MTS,Organic Search,/online-programs/,1,-3,6,-18,0,0,0,0
Data Science,Organic Search,/resources/planning-your-future-a-career-in-data-science/,1,,1,,0,,0,
Default - (not set),Organic Search,/is-a-cyber-security-engineering-degree-right-for-you/,1,,2,,0,,0,
MSITL,Organic Search,/faculty/carl-rebman/,1,,1,,0,,0,
Informatics,Paid Search,/engineering/,1,,3,,0,,0,
Default - (not set),Paid Social,/admissions/military-veterans/,1,,1,,0,,0,
BSN,Unknown - flyer / offline,/bachelors-nursing/,1,,7,,0,,0,
Data Science,Organic Search,.translate.goog/sports-analytics-careers/,1,-1,1,-1,0,0,0,0
Default - (not set),Email,/resources/msaai-artificial-intelligence-self-assessment/,1,,0,,0,,0,
MESH,Direct,ing-sustainability-health/ig/,1,,3,,0,,0,
MSAAI,Direct,/masters-applied-artifical-intelligence/,1,,5,,0,,0,
MSITL,Direct,/faculty/raheleh-dilmaghani/,1,0,1,-1,0,0,0,0
MSLDT,Direct,/faculty/lindsay-oneill/,1,,1,,0,,0,
Default - (not set),Paid Social,/tuition-financial-aid/,1,,1,,0,,0,
Default - (not set),Direct,/alumni,1,,1,,0,,0,
MED,Paid Social,/resources/free-med-program-brochure/,1,,1,,0,,0,
MED,Paid Social,/resources/free-med-program-brochure-thank-you/,1,,1,,1,,1,
MSNP,Paid Social,/masters-health-informatics/lp/health-informatics-for-nurses/,1,,4,,1,,1,
LEPSL,Direct,/resources/lepsl-program-webinar/,1,,1,,0,,0,
MSAAI,Unknown - perplexity / (not set),/ai-impact-on-job-market/,1,,1,,0,,0,
MSLDT,Email,/learning-design-technology-careers/,1,,3,,0,,0,
MESH,Direct,/faculty/caroline-baillie/,1,,0,,0,,0,
EML,Referral,/senior-engineer-vs-tech-lead-vs-lead-engineer/,1,-16,1,-15,0,0,0,0
MSNP,Unknown - perplexity / (not set),/humanitarian-careers/,1,,4,,0,,0,
MSITL,Direct,/about/state-authorization-status/,1,,2,,0,,0,
Default - (not set),Direct,/entry-level-ai-careers/#:~:text=How%20much%20do%20entry%2Dlevel,1,,1,,0,,0,
MSHA,Organic Search,/faculty/stephen-commins/,1,0,1,0,0,0,0,0
MSHA,Direct,/changing-humanitarian-sector/,1,,1,,0,,0,
LEPSL,Direct,/ambassador/tracy-volz-montez/,1,,1,,0,,0,
MTS,Direct,/classes/new-student-orientation/,1,,6,,0,,0,
MED,Direct,/search/Why+we+shouldn't+ban+homework/,1,,1,,0,,0,
MSNNL,Direct,/contact-us/,1,,2,,0,,0,
MED,Direct,/alternative-teacher-certification-guide/,1,-2,1,-3,0,0,0,0
LEPSL,Direct,/how-to-become-a-police-chief/,1,0,2,1,0,0,0,0
LEPSL,Organic Search,/cyber-security-salary-california/,1,,7,,0,,0,
MESH,Unknown - chatgpt.com / (not set),/what-is-sustainable-development/,1,,1,,0,,0,
CyberOps,Referral,/is-a-cyber-security-certification-right-for-you/,1,,1,,0,,0,
EML,Referral,/engineering-scholarships/,1,,1,,0,,0,
MTS,Paid Search,/about/state-authorization-status/,1,,9,,0,,0,
MSAAI,Organic Search,/student-support/ashley-dominguez/,1,,2,,0,,0,
Default - (not set),Organic Search,/search/Why+should+teachers+give+out+homework+/page/1/,1,,1,,0,,0,
MTS,Organic Search,/online-mts-benefits/,1,,1,,0,,0,
MTS,Organic Search,/masters-education/specializations/school-leadership/,1,,9,,0,,0,
Data Science,Organic Search,/faculty/satya-varaprasad-allumallu/,1,,1,,0,,0,
MSAAI,Organic Search,/employer-partnership/eset/,1,,250,,0,,0,
MESH,Organic Search,/education-inequity-and-homework/,1,-1,7,-1,0,0,0,0
Informatics,Direct,/employer-partnership/,1,,2,,0,,0,
EML,Organic Search,/advisory-board/silvia-de-dea/,1,-11,1,-11,0,0,0,0
"Default - computer-science,engineering,technology",Direct,/usd-gradright-partnership/,1,,1,,0,,0,
MESH,Direct,/top-engineering-leaders/,1,,15,,1,,1,
MED,Direct,/search/negative+affects+with+homework/,1,,1,,0,,0,
EML,Direct,/resources/women-in-engineering-webinar/,1,,0,,0,,0,
MSITL,Direct,/masters-education/,1,,26,,3,,3,
Informatics,Organic Search,.translate.goog/nurse-leader-vs-nurse-manager/,1,,1,,0,,0,
Default - (not set),Direct,/faculty/mohammad-mahmoudighaznavi/,1,,1,,0,,0,
MED,Direct,/faculty/michael-salamanca/,1,,1,,0,,0,
Informatics,Organic Search,/advisory-board/birnbaum/,1,-1,1,-1,0,0,0,0
Default - (not set),Direct,/employer-partnership/apsi/,1,,1,,0,,0,
CyberOps,Direct,/cyber-security-salaries-make-case-for-masters/,1,-4,1,-5,0,0,0,0
LEPSL,Direct,/best-jobs-in-cyber-security/,1,,2,,0,,0,
Data Science,Direct,/aws-certification-careers/,1,,1,,0,,0,
MESH,Paid Search,/masters-engineering-sustainability-health/resources/,1,,1,,0,,0,
MSAAI,Paid Search,/masters-health-informatics/lp/study-health-informatics/,1,-1,5,-4,1,1,1,1
LEPSL,Organic Search,/faculty/benjamin-kelso/,1,-8,2,-8,0,0,0,0
Default - (not set),Organic Search,/admissions/international-studies-at-university-of-san-diego/,1,,1,,0,,0,
MED,Organic Search,/student-support/graduate-admissions/,1,,5,,0,,0,
MSLDT,Organic Search,/mba-vs-emba-8-key-differences-comparison-table/,1,,12,,0,,0,
MSAAI,Direct,/machine-learning-courses-and-certifications/,1,-1,1,-1,0,0,0,0
MSITL,Direct,/natural-language-processing-overview/,1,,2,,0,,0,
CyberOps,Organic Search,/faculty/melanie-thomas/,1,-1,1,-1,0,0,0,0
MED,Unknown - facebook / social,/future-of-common-core/,1,,1,,0,,0,
Data Science,Referral,/companies-hiring-data-scientists/,1,,0,,0,,0,
Default - (not set),Organic Search,/education-inequity-and-homework/ what year was this published,1,,1,,0,,0,
MSAAI,Referral,/resources/8-questions-artificial-intelligence-masters-ebook/,1,-1,1,-4,0,-3,0,-1.5
MSAAI,Organic Social,/masters-health-informatics/,1,,2,,0,,0,
MSHA,Unknown - ihsa / social,/masters-humanitarian-action/lp/dyna/,1,,1,,0,,0,
Default - (not set),Unknown - fashion-valley-mall / ooh,/admissions/international-students/,1,,1,,0,,0,
MSHA,Referral,/international-aid-worker-tips/,1,-4,1,-3,0,0,0,0
MTS,Referral,/catholic-charism-comparison/,1,-3,2,-2,0,0,0,0
MSNP,Referral,/nonprofit-grant-databases/,1,-78,15,-138,0,0,0,0
MSHA,Paid Search,/international-social-work/,1,,1,,0,,0,
Informatics,Organic Search,/faculty/brenda-boone/,1,,1,,0,,0,
Default - (not set),Organic Search,/resources/cybersecurity-engineer-guide-thank-you/,1,,1,,1,,1,
MSNP,Paid Search,/faculty/marcus-lam/,1,,2,,0,,0,
MTS,Organic Search,/classes/catholic-school-leadership-optional/,1,0,2,-5,0,0,0,0
CyberEng,Organic Search,/search/Information+security+analyst/page/3/,1,,1,,0,,0,
Default - (not set),Email,/about/,1,,1,,0,,0,
MED,Unknown - Data Not Available / Data Not Available,/resources/free-med-program-brochure/,1,,0,,0,,0,
MSAAI,Direct,.translate.goog/ai-ethicist-career/,1,,1,,0,,0,
EML,Direct,/engineering-management-vs-technical-track/,1,-5,1,-4,0,0,0,0
MTS,Direct,/blog/business-entrepreneurship/,1,,1,,0,,0,
CyberEng,Direct,/become-a-computer-forensics-analyst/,1,-7,1,-6,0,0,0,0
MSHA,Direct,/resources/free-ms-aai-program-brochure-thank-you/,1,,10,,0,,0,
CyberOps,Direct,/masters-cyber-security-operations/student-services/,1,,1,,0,,0,
MED,Direct,.translate.goog/3-ways-to-create-inclusive-learning/,1,,1,,0,,0,
MTS,Referral,/tuition-financial-aid/tuition/,1,,7,,0,,0,
LEPSL,Direct,/financial-analyst-career/,1,,3,,0,,0,
MSNNL,Email,/resources/nursing-leadership-information-session/,1,,1,,0,,0,
Data Science,Direct,/advisory-board/eric-colson/,1,-2,1,-2,0,0,0,0
CyberEng,Organic Search,/masters-cyber-security-engineering/lp/cyber-security-degrees/,1,-3,2,-3,0,-1,0,-0.25
MSAAI,Direct,/masters-applied-data-science/classes/,1,-1,6,-1,1,1,1,1
MSNP,Direct,/international-affairs-careers/,1,0,2,-7,0,0,0,0
MSITL,Organic Search,.translate.goog/information-technology-management/,1,0,1,0,0,0,0,0
MSITL,Direct,/resources/ms-itl-thank-you-here-is-your-free-webinar/,1,,8,,1,,1,
MSHA,Direct,/what-makes-a-good-humanitarian-important-skills/,1,-10,1,-12,0,0,0,0
MSNNL,Direct,/education-inequity-and-homework/,1,,4,,0,,0,
Default - (not set),Direct,/blog/computer-science/page/4,1,,0,,0,,0,
MSLDT,Paid Search,/masters-learning-design-technology/lp/osu/,1,,1,,0,,0,
Default - (not set),Organic Search,/education-lnequity-andhomework/,1,,3,,0,,0,
Default - (not set),Organic Social,/classes/cyber-security-operations/,1,,3,,0,,0,
MSNP,Organic Social,/public-administration-careers/,1,,1,,0,,0,
LEPSL,Paid Search,/faculty/dave-nisleit/,1,,1,,0,,0,
MSNNL,Organic Search,/wp-content/ uploads/2026/02/SU26-CSOL-Registration-Textbook-Info.p,1,,7,,0,,0,
MSLDT,Organic Search,/educational-resources-for-teachers/,1,0,2,1,0,0,0,0
LEPSL,Paid Search,/community-policing-through-leadership/,1,,0,,0,,0,
MSLDT,Organic Search,.translate.goog/top-instructional-design-software/,1,-2,1,-2,0,0,0,0
MED,Organic Search,/classes/creativity-and-innovation-in-steam/,1,,10,,0,,0,
Default - (not set),Organic Search,/applications-of-data-science-in-healthcare/,1,,3,,0,,0,
MSHA,Organic Search,/human-rights-vilation-defintion/,1,,2,,0,,0,
MED,Unknown - chatgpt.com / organic,/education-inequity-and-homework/,1,,1,,0,,0,
CyberOps,Direct,/faculty/melanie-thomas/,1,,1,,0,,0,
MED,Referral,/early-childhood-education-vs-elementary-education-masters/,1,,1,,0,,0,
MESH,Direct,/faculty/andrea-haverkamp/,1,,1,,0,,0,
MSLDT,Organic Social,/instructional-technology-tools/,1,,1,,0,,0,
Default - computer-science,Paid Social,/masters-applied-data-science/lp/study-data-science/,1,,3,,1,,1,
MED,Direct,/resources/inside-look-med-webinar/,1,0,1,0,0,0,0,0
MSLDT,Unknown - Data Not Available / Data Not Available,/masters-learning-design-technology/,1,,4,,0,,0,
LEPSL,Paid Social,/masters-law-enforcement-leadership/transfer-credit/fbi-leeda/,1,,1,,0,,0,
MSNP,Paid Search,/masters-nonprofit-leadership-management/apply/,1,-4,1,-5,0,0,0,0
MSAAI,Paid Social,/masters-applied-artificial-intelligence/apply/,1,,1,,0,,0,
MED,Paid Search,/masters-education/apply/,1,-2,4,2,0,0,0,0
LEPSL,Email,/masters-law-enforcement-leadership/transfer-credit/,1,0,3,2,0,0,0,0
MSNP,Direct,/masters-engineering-sustainability-health/classes/,1,,8,,0,,0,
MSAAI,Direct,/artificial-intelligence-developer-career/,1,-33,1,-31,0,0,0,0
MESH,Organic Search,/advisory-board/paul-kadetz/,1,0,1,0,0,0,0,0
MTS,Organic Search,/faculty/michael-w-blastic/,1,-1,1,-1,0,0,0,0
MED,Organic Search,/masters-education/app-waiver/,1,,1,,0,,0,
LEPSL,Direct,/law-enforcement-training-tips-to-tackle-multitasking-risks/,1,-11,1,-9,0,0,0,0
MSNP,Direct,/faculty/marcus-lam/,1,,1,,0,,0,
LEPSL,Direct,/search/Cite/,1,,1,,0,,0,
MSAAI,Referral,/ethics-in-ai/,1,-9,1,-7,0,0,0,0
MSAAI,Referral,,1,,7,,0,,0,
Default - (not set),Organic Search,/student-support/jessica-boyle/,1,-8,1,-10,0,0,0,0
MSITL,Direct,.translate.goog/information-technology-trends/,1,,1,,0,,0,
CyberEng,Organic Search,/search/statistics/,1,,1,,0,,0,
LEPSL,Direct,/police-management-training/,1,-5,1,-4,0,0,0,0
MSLDT,Direct,trick-training-evaluation-model/,1,,1,,0,,0,
MSHA,Paid Search,/humanitarian-aid-certificate-courses/,1,0,1,0,0,0,0,0
CyberOps,Direct,/faculty/paul-keener/,1,,1,,0,,0,
MSLDT,Unknown - chatgpt.com / (not set),/top-instructional-design-skills/,1,,1,,0,,0,
Informatics,Paid Social,/resources/health-informatics-careers-thank-you/,1,,1,,1,,1,
MSITL,Organic Search,/programs/,1,0,15,11,0,0,0,0
MSLDT,Paid Social,/instructional-design-interview-questions/,1,,1,,0,,0,
MTS,Email,/masters-law-enforcement-leadership/,1,,3,,0,,0,
LEPSL,Paid Search,/masters-law-enforcement-leadership/faculty/,1,0,1,1,0,0,0,0
MSHA,Unknown - ihsa / efafeeby,/masters-humanitarian-action/,1,,1,,0,,0,
MSHA,Paid Search,/masters-humanitarian-action/lp/thank-you/,1,-2,1,-1,0,0,0,0
Default - (not set),Direct,ions/how-to-apply/,1,,1,,0,,0,
MSNP,Paid Search,/bachelors-nursing/bachelors-nursing-lp-ppc/,1,,3,,0,,0,
MSITL,Direct,ces/free-itl-program-brochure/,1,,1,,0,,0,
Default - (not set),Direct,n-financial-aid/financial-aid/,1,,1,,0,,0,
EML,Direct,y/daryl-lynn-roberts-2/,1,,1,,0,,0,
MSITL,Direct,ces/ms-itl-info-session-webinar-registration/,1,,1,,0,,0,
CyberOps,Paid Search,/masters-cyber-security-operations/classes/,1,-28,3,-23,0,0,0,0
MESH,Direct,/advisory-board/paul-kadetz/,1,-1,1,-6,0,0,0,0
LEPSL,Direct,al-justice/,1,,1,,0,,0,
MED,Referral,/employer-partnership/axos/,1,,5,,0,,0,
MSNNL,Direct,/faculty/msn-nl-program-directors/,1,,1,,0,,0,
CyberOps,Direct,/threat-or-opportunity-big-data-and-cyber-security/,1,-6,1,-6,0,0,0,0
MESH,Referral,/environmental-planner-career/,1,,1,,0,,0,
"Default - business-entrepreneurship,computer-science,engineering,technology",Organic Search,/,1,,9,,2,,2,
MED,Organic Search,/classes/catholic-school-leadership-optional/,1,0,1,0,0,0,0,0
Default - (not set),Organic Search,,1,-11,1,-43,0,0,0,0
LEPSL,Organic Search,/masters-cyber-security-engineering/apply/,1,,3,,0,,0,
MSNNL,Direct,/advisory-board/kassity-krich/,1,,1,,0,,0,
LEPSL,Unknown - chatgpt.com / (not set),/masters-law-enforcement-leadership/lp/criminal-justice/,1,,1,,0,,0,
MSITL,Organic Search,/masters-applied-artificial-intelligence/,1,-8,6,-73,1,0,1,0.8888888888888888
MSAAI,Organic Search,/usd-gradright-partnership/,1,,3,,0,,0,
MSITL,Direct,/is-devops-a-good-career/,1,,1,,0,,0,
MSAAI,Direct,/masters-applied-artificial-intelligence/advisory-board/,1,-6,1,-7,0,0,0,0
MSAAI,Direct,/student-support/diana-hannasch-haag/,1,-1,1,-3,0,0,0,0
MED,Direct,/search/should+students+get+less+homework/,1,,1,,0,,0,
MSHA,Organic Search,/faculty/jim-difrancesca/,1,,1,,0,,0,
MSAAI,Direct,/artificial-intelligence/,1,-12,1,-23,0,0,0,0
MED,Direct,/the-secrets-to-successful-school-leadership/,1,-1,2,0,0,0,0,0
MSNP,Direct,/masters-applied-data-science/,1,,6,,0,,0,
Default - (not set),Unknown - Data Not Available / Data Not Available,/about/state-authorization-status/,1,,0,,0,,0,
MSHA,Organic Search,/high-paying-environmental-jobs/,1,,2,,0,,0,
MESH,Direct,/admissions/,1,-3,2,-21,0,0,0,0
Default - (not set),Direct,/search/CTEL+/,1,,1,,0,,0,
LEPSL,Email,/faculty/erik-fritsvold/,1,0,0,-1,0,0,0,0
MED,Organic Search,/search/gentle/,1,,1,,0,,0,
Data Science,Organic Search,/etl-developer-career/,1,-1,1,-1,0,0,0,0
Informatics,Email,/healthcare-informatics-jobs-salary/,1,-1,1,-2,0,0,0,0
MSAAI,Display,/bachelors-nursing/,1,,2,,0,,0,
"Default - business-entrepreneurship,computer-science,engineering,technology",Paid Search,/masters-applied-data-science/lp/let-us-pay-for-your-msads-program-application-fee/,1,,1,,1,,1,
MSHA,Organic Social,/examples-of-social-change/,1,-3,1,-3,0,0,0,0
MSNNL,Organic Social,/12-types-of-msn-degrees-how-to-choose-the-best-nursing-track/,1,,3,,0,,0,
Informatics,Referral,/masters-health-informatics/testimonials/,1,,1,,0,,0,
MSHA,Paid Social,/,1,,14,,0,,0,
MED,Email,/masters-law-enforcement-leadership/lp/law-enforcement/,1,,14,,0,,0,
LEPSL,Organic Search,/police-education-study/,1,-4,1,-3,0,0,0,0
LEPSL,Organic Search,/faculty/ryan-sheehy/,1,0,1,0,0,0,0,0
LEPSL,Organic Search,/community-policing-through-leadership/,1,-16,1,-15,0,0,0,0
MED,Organic Search,/best-engineering-software/,1,,5,,0,,0,
EML,Direct,.translate.goog/lead-engineer-career/,1,,1,,0,,0,
MSNNL,Organic Search,/forms/msn-application-evaluation/,1,,5,,3,,3,
MTS,Unknown - chatgpt.com / (not set),/masters-theological-studies/,1,,1,,0,,0,
LEPSL,Email,/faculty/james-r-davis/,1,,1,,0,,0,
MSAAI,Organic Search,/online-programs/,1,-13,6,-50,0,0,0,0
MESH,Organic Search,/faculty/minoo-gupta/,1,,1,,0,,0,
MED,Organic Search,/resources/free-med-program-brochure-thank-you/,1,,2,,1,,1,
MSITL,Organic Search,.translate.goog/how-to-become-a-site-reliability-engineer/,1,-4,1,-3,0,0,0,0
LEPSL,Direct,/a-career-in-law-enforcement-3-federal-jobs/,1,,1,,0,,0,
MSLDT,Direct,/search/technology+in+classroom/,1,,1,,0,,0,
MSAAI,Direct,/AI-IMPACT-ON-JOB-MARKET/,1,,1,,0,,0,
LEPSL,Direct,/admissions/how-to-apply/,1,,5,,0,,0,
MSNNL,Direct,/health-data-analyst/,1,,15,,0,,0,
MESH,Direct,,1,,2,,0,,0,
MTS,Direct,.translate.goog/masters-theological-studies/,1,,1,,0,,0,
MED,Email,/masters-education/apply/,1,-2,0,-3,0,0,0,0
MSLDT,Unknown - copilot.com / (not set),/instructional-design-models/,1,,1,,0,,0,
MSNNL,Unknown - mts_youtube / video,/masters-of-theological-studies/lp/dyna/,1,,1,,0,,0,
Default - (not set),Direct,/blog/technology/,1,,1,,0,,0,
MTS,Paid Search,/theology-careers/,1,0,1,0,0,0,0,0
Default - (not set),Referral,/search/register/,1,,0,,0,,0,
MESH,Direct,/masters-law-enforcement-leadership/classes/,1,,4,,0,,0,
MSHA,Direct,/environmental-policy-analyst-career/,1,,6,,0,,0,
MSAAI,Direct,/programs/,1,-4,4,-12,0,0,0,0
MSLDT,Direct,/admissions/,1,-2,3,-8,0,0,0,0
MSAAI,Organic Search,/sports-analytics-careers/,1,,2,,0,,0,
CyberOps,Organic Search,/faculty/ashton-mozano/,1,-6,1,-5,0,0,0,0
MSNP,Direct,/masters-education/specializations/school-leadership/,1,0,15,15,0,0,0,0
CyberEng,Organic Search,/classes/capstone-2/,1,,1,,0,,0,
MSNP,Direct,/faculty/tom-abruzzo/,1,,1,,0,,0,
Data Science,Direct,/top-online-cloud-computing-courses/,1,,1,,0,,0,
MSHA,Direct,/masters-education/,1,,3,,0,,0,
MSNP,Direct,/resources/6-nonprofit-careers-ebook/,1,0,1,0,0,-1,0,-1
MED,Direct,/forms/med-application-evaluation/,1,,3,,1,,1,
MSITL,Organic Search,/masters-cyber-security-operations/,1,-1,3,-35,0,0,0,0
MSAAI,Organic Search,/imagining-healthcare-in-the-era-of-machine-learning-and-artificial-intelligence/,1,-4,1,-2,0,0,0,0
CyberOps,Direct,/faculty/thomas-plunkett/,1,,1,,0,,0,
Default - (not set),Organic Search,/education-inequity-and-homework/  is it crap,1,,1,,0,,0,
Data Science,Organic Search,.translate.goog/database-engineer-career/,1,-5,1,-5,0,0,0,0
MSNP,Organic Search,/how-to-write-grant-proposals/,1,,1,,0,,0,
MSNNL,Organic Search,/faculty/nicole-martinez/,1,,2,,0,,0,
CyberOps,Organic Search,.translate.goog/cyber-security-auditor-career-guide/,1,-2,1,-2,0,0,0,0
MTS,Direct,/faculty/rob-grace/,1,,4,,0,,0,
MSAAI,Organic Search,/artificial-intelligence-degree-path/,1,0,2,1,0,0,0,0
MSHA,Direct,/international-social-work/,1,-9,1,-10,0,0,0,0
CyberEng,Unknown - Data Not Available / Data Not Available,/masters-cyber-security-engineering/classes/,1,,1,,0,,0,
EML,Organic Search,/,1,-6,4,-23,0,-1,0,-0.14285714285714285
MSAAI,Direct,.translate.goog/resources/career-in-ai-webinar/,1,,1,,0,,0,
Default - (not set),Organic Search,/cyber-threat-intelligence-analyst/,1,,3,,0,,0,
MSAAI,Unknown - copilot.com / (not set),/ai-prompt-engineer/,1,,1,,0,,0,
Data Science,Display,/data-scientist-salary-guide/,1,,1,,0,,0,
CyberOps,Organic Search,/cybersecurity-masters-degree-guide/,1,-6,1,-6,0,0,0,0
MESH,Referral,s-engineering-sustainability-health/lp/ppc/,1,,2,,2,,2,
MSHA,Referral,/humanitarian-scholarships/,1,0,1,-2,0,0,0,0
MED,Organic Social,/per-pupil-education-spending-by-state/,1,,1,,0,,0,
CyberOps,Direct,/masters-cyber-security-operations/masters-cyber-operations-leadership-program-outcomes/,1,-2,1,-1,0,0,0,0
Default - (not set),Direct,/equity-in-education-homework/,1,,1,,0,,0,
MSAAI,Referral,/appliedartificial,1,,15,,0,,0,
MSAAI,Organic Search,/classes/ethics-in-artificial-intelligence-maai-531/,1,-20,1,-38,0,0,0,0
Default - (not set),Direct,/author/michelle-moore/,1,,3,,0,,0,
MSAAI,Organic Social,/data-scientist-vs-artificial-intelligence-engineer/,1,-29,1,-31,0,0,0,0
MSLDT,Email,/,1,,2,,0,,0,
MSLDT,Paid Search,/articulate-vs-captivate/,1,,4,,0,,0,
LEPSL,Email,/become-a-criminal-justice-instructor/,1,0,1,0,0,0,0,0
MSITL,Referral,/how-to-become-a-devops-engineer/,1,,5,,0,,0,
Data Science,Referral,/classes/applied-predictive-modeling/,1,,1,,0,,0,
Default - (not set),Email,/tuition-financial-aid/tuition/,1,,1,,0,,0,
Informatics,Paid Search,/health-information-management-vs-health-informatics/,1,-2,1,-2,0,0,0,0
MED,Unknown - chatgpt.com / (not set),/per-pupil-education-spending-by-state/,1,,1,,0,,0,
MSHA,Organic Social,/faculty/ernest-ogbozor/,1,,1,,0,,0,
MED,Referral,/education-specialist/,1,-5,1,-5,0,0,0,0
CyberOps,Referral,/masters-cyber-security-operations/,1,-23,1,-60,0,0,0,0
Default - (not set),Paid Search,/10-reasons-to-get-your-masters-degree-in-cyber-security/,1,,18,,0,,0,
MSLDT,Paid Search,/right-masters-in-instructional-design-and-technology/,1,,3,,0,,0,
MESH,Referral,/environmental-policy-analyst-career/,1,,3,,0,,0,
MTS,Paid Search,/jobs-for-catholics/,1,,1,,0,,0,
MED,Direct,/employer-partnership/,1,0,3,-5,0,0,0,0
MSITL,Direct,/resources/an-inside-look-at-the-artificial-intelligence-masters-degree-webinar/thank-you/,1,,7,,0,,0,
LEPSL,Email,/police-captain-promotion-guide/,1,-373,2,-420,0,-2,0,-0.0053475935828877
Default - (not set),Referral,/blog/leadership-management/,1,,1,,0,,0,
Default - (not set),Organic Search,/faculty/erin-cooke/,1,,4,,0,,0,
MED,Direct,/student-spotlight-chantell-robinson/,1,,7,,0,,0,
CyberOps,Organic Search,/faculty/william-hess/,1,0,1,0,0,0,0,0
MSITL,Direct,/masters-health-informatics/,1,,7,,0,,0,
MSAAI,Organic Search,/masters-applied-artificial-intelligence/student-services/,1,,5,,0,,0,
MED,Organic Search,/faculty/eleonor-castillo/,1,-2,1,-2,0,0,0,0
LEPSL,Organic Search,/ambassador/bruce-mason/,1,0,1,-1,0,0,0,0
MSHA,Organic Search,.translate.goog/humanitarian-crises-around-the-world/,1,-1,1,0,0,0,0,0
Default - (not set),Direct,/classes/new-student-orientation-2/`,1,,1,,0,,0,
MTS,Direct,/masters-health-informatics/,1,-4,9,-9,0,0,0,0
CyberOps,Direct,/how-to-pick-best-online-cyber-security-program/,1,0,1,-1,0,0,0,0
MED,Direct,/best-podcasts-for-teachers/,1,-1,1,-1,0,0,0,0
LEPSL,Organic Search,/programs/,1,,3,,0,,0,
Default - (not set),Organic Search,/forms/msaai-gar/,1,,1,,0,,0,
Data Science,Organic Search,/faculty/naeim-bahrami/,1,-3,1,-3,0,0,0,0
LEPSL,Organic Search,/ambassador/jamison-maehler/,1,-4,1,-3,0,0,0,0
Informatics,Direct,/search/Medical/,1,,1,,0,,0,
CyberEng,Direct,/faculty/steven-j-templeton-ph-d/,1,,0,,0,,0,
LEPSL,Direct,/faculty/taurino-valdovinos/,1,,1,,0,,0,
MSHA,Organic Search,/masters-humanitarian-action/advisory-board/,1,,3,,0,,0,
MSNNL,Direct,/forms/,1,-2,3,-13,1,1,1,1
MSNNL,Organic Search,/faculty/nadine-kassity-krich/,1,0,1,-1,0,0,0,0
MED,Direct,/ai-for-teachers/,1,,2,,0,,0,
MSLDT,Direct,/masters-engineering-sustainability-health/apply/,1,0,2,-2,0,0,0,0
MESH,Direct,/search/Non+seeking+degree/page/2/,1,,1,,0,,0,
MESH,Direct,/community-health-worker-certification/,1,-3,1,-2,0,0,0,0
MED,Direct,/top-22-med/,1,-1,2,0,0,0,0,0
MSAAI,Organic Search,/new-masters-degree-targets-rising-tech-execs-and-startup-entrepreneurs/,1,,19,,0,,0,
MSITL,Unknown - chatgpt.com / (not set),/information-technology-trends/,1,,3,,0,,0,
MSLDT,Unknown - chatgpt.com / (not set),/tuition-financial-aid/,1,,1,,0,,0,
LEPSL,Unknown - chatgpt.com / (not set),/ai-in-law-enforcement/,1,,1,,0,,0,
Data Science,Unknown - optin monster / exit overlay,/masters-applied-data-science/lp/let-us-pay-for-your-msads-program-application-fee/,1,,1,,0,,0,
MED,Organic Search,/jennifer-gagner/,1,0,1,0,0,0,0,0
MSNP,Paid Search,/masters-engineering-management-leadership/lp/ppc/,1,-5,4,-47,0,0,0,0
LEPSL,Referral,/ambassador/john-enriquez/,1,,1,,0,,0,
MED,Paid Search,/tuition-financial-aid/,1,,4,,0,,0,
MSITL,Referral,/how-to-start-it-career/,1,,1,,0,,0,
Default - (not set),Referral,/technology/,1,,1,,0,,0,
MED,Organic Search,/fastest-way-to-teaching-degree/,1,-32,1,-38,0,0,0,0
Default - (not set),Paid Search,/lp/apply-now/,1,,1,,0,,0,
MESH,Organic Search,.translate.goog/environmental-consultant-career/,1,0,1,0,0,0,0,0
Default - (not set),Referral,/top-cyber-security-blogs-websites/,1,,1,,0,,0,
Data Science,Organic Search,.translate.goog/ata-specialist-career/,1,0,1,-2,0,0,0,0
Informatics,Organic Search,/faculty/christopher-lee/,1,0,1,0,0,0,0,0
EML,Referral,/masters-engineering-management-leadership/lp/ppc/,1,,1,,0,,0,
LEPSL,Organic Search,/ambassador/holly-martinez/,1,,1,,0,,0,
MSLDT,Paid Search,/masters-cyber-security-operations/lp/bva-cyber-security-operations-leadership/,1,,5,,0,,0,
MTS,Organic Search,.translate.goog/nature-spirituality/,1,-20,1,-20,0,0,0,0
LEPSL,Email,/masters-law-enforcement-leadership/lp/thank-you/,1,,0,,0,,0,
LEPSL,Referral,/about/state-authorization-status/,1,,2,,0,,0,
MED,Direct,/education-inequity-and-homework/https:/onlinedegrees.sandiego.edu/education-inequity-and-homework/,1,,2,,0,,0,
MED,Direct,/search/4+reasons+schools+should+ban+homework/,1,,1,,0,,0,
MED,Direct,/forms/med-gar/,1,,1,,0,,0,
Default - (not set),Direct,/online-leadership-courses/,1,,1,,0,,0,
LEPSL,Organic Search,/ambassador/laura-peck/,1,0,1,0,0,0,0,0
Default - (not set),Direct,/employer-partnership/san-diego-regional-edc/,1,,1,,0,,0,
CyberOps,Organic Search,/search/Information+security+analyst/page/2/,1,,1,,0,,0,
CyberOps,Direct,/using-biomimicry-to-combat-cyber-security-attacks-using-biomimicry-to-combat-cyber-security-attacks/,1,0,1,0,0,0,0,0
MSAAI,Direct,/classes/ethics-in-artificial-intelligence-maai-531/,1,-7,0,-14,0,0,0,0
LEPSL,Direct,/gordon-graham-risk-management-reading-list/,1,-104,1,-107,0,0,0,0
MSNNL,Organic Search,/programs/,1,0,2,-8,0,0,0,0
MSHA,Organic Search,/classes/logistics-for-humanitarian-relief/,1,-2,3,-5,0,0,0,0
"Default - engineering,healthcare,sustainability",Direct,/,1,,1,,0,,0,
Informatics,Direct,/bachelors-nursing/,1,,1,,0,,0,
MSAAI,Direct,/masters-artificial-intelligence-vs-data-science/,1,-4,1,-4,0,0,0,0
Informatics,Direct,/classes/database-design-knowledge-management/,1,,1,,0,,0,
Informatics,Referral,/about/state-authorization-status/,1,,0,,0,,0,
EML,Direct,/head-of-product-career/,1,,1,,0,,0,
"Default - computer-science,engineering,technology",Direct,/online-programs/,1,,1,,0,,0,
MED,Direct,/how-to-get-a-teaching-certificate/,1,-10,1,-13,0,0,0,0
EML,Direct,/employer-partnership/,1,0,5,1,0,0,0,0
MSLDT,Unknown - copilot.com / (not set),/resources/things-to-know-about-careers-in-instructional-design/,1,,1,,0,,0,
MED,Direct,/bachelors-nursing/,1,,2,,0,,0,
MED,Unknown - perplexity / (not set),/teacher-resume-examples/,1,,1,,0,,0,
Informatics,Direct,/himss-approved-informatics-degree/,1,,6,,0,,0,
"Default - leadership-management,police-leadership",Direct,ent-ryan-opeka/,1,,4,,0,,0,
Informatics,Paid Social,/what-is-health-informatics/,1,,1,,0,,0,
MED,Direct,/search/why+should+homework+be+banned/,1,,1,,0,,0,
"Default - computer-science,engineering,technology",Direct,/tuition-financial-aid/,1,,3,,0,,0,
MED,Paid Search,/masters-health-informatics/lp/health-informatics-for-nurses/,1,-2,3,-25,0,-2,0,-0.6666666666666666
Default - (not set),Direct,learning-outcomes/,1,,1,,0,,0,
"Default - leadership-management,police-leadership",Direct,,1,,3,,0,,0,
LEPSL,Direct,/classes/organizational-theory-change/,1,,1,,0,,0,
MSNNL,Direct,/bachelors-nursing/bachelors-nursing-lp-ppc/,1,,9,,0,,0,
MSHA,Paid Search,/programs/,1,-1,22,-2,0,0,0,0
CyberOps,Paid Search,/top-100-cybersecurity-companies/,1,,3,,0,,0,
CyberOps,Email,/best-jobs-in-cyber-security/,1,,1,,0,,0,
LEPSL,Direct,/search/James+Smith/,1,,1,,0,,0,
MSITL,Paid Search,/bachelors-nursing/bachelors-nursing-lp-ppc/,1,,14,,0,,0,
MSITL,Referral,/it-careers-after-help-desk/,1,,1,,0,,0,
MSAAI,Organic Social,/artificial-intelligence-finance/,1,-6,1,-12,0,0,0,0
MSAAI,Organic Social,/ai-prompt-engineer/,1,,1,,0,,0,
MSNNL,Referral,/masters-nursing-leadership/lp/ppc/,1,,2,,0,,0,
MSAAI,Referral,/masters-applied-artificial-intelligence/classes/,1,-15,0,-19,0,-2,0,-0.125
MSNNL,Organic Search,/classes/advanced-nurse-clinician-practicum/,1,,7,,2,,2,
LEPSL,Organic Search,/classes/digital-forensics-incident-response/,1,0,12,-1,0,0,0,0
MED,Organic Search,/student-profile-joshua-truax/,1,,1,,0,,0,
MED,Organic Search,/police-promotion/,1,,2,,0,,0,
MED,Organic Search,/faculty/bobbi-hansen/,1,0,1,-2,0,0,0,0
MSLDT,Organic Search,/instructional-design-courses/,1,-18,1,-31,0,0,0,0
MED,Organic Search,/search/active+learning/page/3/,1,,0,,0,,0,
MED,Organic Search,/masters-education/faculty/,1,-1,1,-2,0,0,0,0
CyberEng,Organic Search,/summer-camp-goes-cyber-rising-stars-security/,1,,1,,0,,0,
MSNNL,Organic Search,/masters-nursing-leadership/apply/,1,-1,1,0,0,0,0,0
MED,Organic Search,/about/,1,-1,4,-1,0,0,0,0
MSLDT,Organic Search,.translate.goog/how-to-become-a-curriculum-designer/,1,-1,1,-1,0,0,0,0
MESH,Direct,/faculty/john-gulick/,1,-1,1,0,0,0,0,0
MTS,Organic Search,/search/quote/,1,,1,,0,,0,
Default - (not set),Direct,/student-support/upma-saini/,1,,1,,0,,0,
MSHA,Direct,/search/Mention+two+function+of+human+rights+campaign+/,1,,1,,0,,0,
MSAAI,Paid Social,/masters-health-informatics/lp/health-informatics-for-nurses/,1,-2,1,-5,0,0,0,0
MSLDT,Direct,/masters-law-enforcement-leadership/,1,,1,,0,,0,
MTS,Direct,/masters-theological-studies/resources/,1,,1,,0,,0,
MTS,Paid Social,/masters-theological-studies/resources/,1,,2,,0,,0,
MED,Direct,/masters-education/careers/,1,-2,8,5,0,0,0,0
MSLDT,Organic Search,.translate.goog/educational-technology-jobs/,1,,1,,0,,0,
CyberOps,Direct,/network-forensics-tools/,1,,2,,0,,0,
MSHA,Referral,/masters-humanitarian-action/classes/,1,,0,,0,,0,
MED,Referral,/masters-education/specializations/curriculum-and-instruction/,1,-1,5,4,1,1,1,1
CyberOps,Referral,/vulnerability-and-penetration-testing/,1,-6,1,-8,0,0,0,0
MTS,Referral,,1,,5,,0,,0,
Data Science,Organic Search,.translate.goog/data-communication/,1,-9,1,-11,0,0,0,0
MTS,Unknown - copilot.com / (not set),/philosophy-degree-jobs/,1,,1,,0,,0,
"Default - engineering,healthcare,sustainability",Organic Search,/resources/meeting-the-planets-most-urgent-challenges/,1,0,0,-11,0,0,0,0
MTS,Direct,/masters-applied-data-science/classes/,1,,4,,0,,0,
MSAAI,Unknown - Data Not Available / Data Not Available,/masters-applied-artificial-intelligence/,1,,1,,0,,0,
MTS,Organic Search,/education-inequity-and-homework/,1,-1,3,-22,0,0,0,0
MESH,Direct,/faculty/kristen-goodrich/,1,0,1,-3,0,0,0,0
MSAAI,Direct,/faculty/kahila-mokhtari/,1,0,1,0,0,0,0,0
CyberOps,Organic Search,/cyber-security-professionals-from-across-the-nation-earn-masters-degrees-from-university-of-san-diego/,1,,1,,0,,0,
MED,Unknown - chatgpt.com / (not set),/faculty/joseph-lathan/,1,,1,,0,,0,
CyberOps,Organic Search,/cyber-crime-investigator-career/,1,-9,4,-21,0,0,0,0
LEPSL,Organic Search,/ambassador/michael-arias/,1,,1,,0,,0,
MTS,Organic Search,.translate.goog/jobs-for-catholics/,1,-1,1,-1,0,0,0,0
EML,Organic Search,.translate.goog/how-to-become-vp-engineering/,1,,1,,0,,0,
MSITL,Organic Search,/faculty/kimberly-white-smith/,1,,11,,0,,0,
LEPSL,Paid Search,/masters-law-enforcement-leadership/lp/fop/,1,,1,,0,,0,
CyberEng,Paid Search,/masters-cyber-security-engineering/scholarships-and-grants/,1,-1,1,-3,0,-1,0,-0.5
MSITL,Organic Search,/is-devops-a-good-career/,1,,1,,0,,0,
LEPSL,Referral,/masters-law-enforcement-leadership/students-agencies/,1,,1,,0,,0,
CyberOps,Organic Search,.translate.goog/cyber-security-architect/,1,-1,1,-1,0,0,0,0
MSAAI,Referral,/what-is-educational-technology-definition-examples-impact/,1,,12,,0,,0,
LEPSL,Organic Social,/masters-law-enforcement-leadership/faculty/,1,,1,,0,,0,
MSAAI,Organic Search,/faculty/som-shahapurkar/,1,-5,1,-14,0,0,0,0
MSAAI,Organic Search,/masters-cyber-security-engineering/lp/cyber-security-engineering/,1,-1,2,-6,0,0,0,0
Default - (not set),Direct,/artificial-intelligence-business/[sandiego],1,,2,,0,,0,
MSNP,Paid Search,/top-humanitarian-degrees/,1,,2,,0,,0,
CyberOps,Direct,/chief-privacy-officer-career-guide/,1,-7,1,-7,0,0,0,0
CyberOps,Organic Search,/black-vs-gray-vs-white-hat-hackers/,1,-3,4,-10,0,0,0,0
MED,Direct,/is-blended-learning-the-next-big-thing-in-education/,1,-2,1,-2,0,0,0,0
MSNNL,Paid Search,/tuition-financial-aid/tuition/,1,,4,,0,,0,
MESH,Direct,/masters-cyber-security-operations/testimonials/,1,,1,,0,,0,
MSLDT,Paid Search,/masters-learning-design-technology/app-waiver/,1,,8,,0,,0,
MSNNL,Direct,/online-ms-nursing-nl/,1,,1,,0,,0,
MSITL,Paid Search,/masters-engineering-sustainability-health/lp/ppc/,1,0,2,-7,0,0,0,0
MSLDT,Referral,/faculty/lisa-evans/,1,,1,,0,,0,
MSNP,Direct,/volunteer-management/,1,-1,1,-4,0,0,0,0
Default - (not set),Direct,/faculty/dr-ramesh-rajagopalan-phd/,1,,1,,0,,0,
Default - (not set),Direct,/faculty/usd-msha-faculty/,1,0,1,0,0,0,0,0
MSHA,Organic Social,/logical-framework-approach/,1,-1,1,-1,0,0,0,0
CyberEng,Direct,/search/ciso/,1,,1,,0,,0,
MESH,Direct,/masters-education/,1,-3,3,-5,0,0,0,0
CyberOps,Organic Search,.translate.goog/how-to-become-a-security-consultant-career-guide/,1,-10,1,-12,0,0,0,0
Data Science,Direct,.translate.goog/database-engineer-career/,1,0,1,0,0,0,0,0
MSAAI,Organic Search,/bilingual-education/,1,,11,,0,,0,
MSNP,Direct,/resources/women-in-engineering-webinar/,1,,3,,0,,0,
Default - (not set),Direct,/search/+/,1,,1,,0,,0,
Default - (not set),Organic Search,/faculty/jae-kim-phd/,1,-1,1,-1,0,0,0,0
Default - (not set),Direct,/masters-applied-data-science/,1,,6,,0,,0,
MSITL,Direct,/masters-applied-artificial-intelligence/apply/,1,,36,,0,,0,
MSHA,Organic Search,/masters-in-sustainability-degree-comparison/,1,,5,,0,,0,
MSHA,Organic Search,/online-programs/,1,-1,2,-22,0,-2,0,-1
MSNP,Unknown - sdbusinessjournal / offline,/masters-nonprofit-leadership-management/lp/dyna/,1,,1,,0,,0,
CyberOps,Organic Social,/is-a-cyber-security-engineering-degree-right-for-you/,1,,1,,0,,0,
CyberOps,Organic Search,.translate.goog/risk-manager-career-guide/,1,-4,1,-7,0,0,0,0
MED,Organic Search,/faculty/viviana-alexandrowicz/,1,,1,,0,,0,
MSHA,Organic Search,/classes/humanitarian-safety-and-security/,1,,1,,0,,0,
MSNNL,Display,/masters-cyber-security-engineering/,1,,3,,0,,0,
Informatics,Organic Search,/admissions/military-veterans/,1,,2,,0,,0,
MED,Organic Search,/education-online-learning/,1,,1,,0,,0,
LEPSL,Organic Search,/top-law-enforcement-blogs-websites/,1,-15,1,-12,0,0,0,0
Default - (not set),Organic Search,/student-support/dr-ramesh-rajagopalan/,1,,2,,0,,0,
LEPSL,Paid Search,/what-style-police-leadership-most-effective/,1,,1,,0,,0,
MSITL,Email,/masters-information-technology-leadership/classes/,1,,1,,0,,0,
MTS,Paid Search,/masters-cyber-security-engineering/lp/cyber-security-engineering/,1,,6,,0,,0,
MED,Organic Search,.translate.goog/inclusive-education-strategies/,1,-22,1,-24,0,0,0,0
MSHA,Organic Search,/resources/msha-how-a-masters-degree-can-benefit-your-humanitarian-career/,1,-5,5,-3,0,0,0,0
MED,Paid Search,/masters-education/specializations/special-ed/,1,0,1,1,0,0,0,0
MED,Paid Search,/grants-for-masters-degree-in-teaching/,1,,3,,0,,0,
MSNP,Direct,/masters-nonprofit-leadership-management/app-waiver/,1,,1,,1,,1,
Data Science,Direct,/data-consultant-career/,1,-6,1,-35,0,0,0,0
MED,Direct,/education-inequality-and-homework/,1,0,2,-1,0,0,0,0
Default - (not set),Direct,/artificial-intelligence-cyber-security/,1,,1,,0,,0,
MSLDT,Unknown - chatgpt.com / (not set),/masters-learning-design-technology/apply/,1,,0,,0,,0,
Default - (not set),Paid Social,/admissions/,1,,1,,0,,0,
CyberOps,Unknown - chatgpt.com / (not set),/masters-cyber-security-operations/scholarships-grants/,1,,1,,1,,1,
MESH,Paid Search,/blog-msph-vs-mph-degree-comparison/,1,0,1,0,0,0,0,0
EML,Referral,/engineering-leadership-skills/,1,,1,,0,,0,
MTS,Direct,/search/should+homework+be+banned++in+middle+school/,1,,10,,0,,0,
LEPSL,Organic Search,/ambassador/daniel-moss/,1,-4,1,-5,0,0,0,0
MSAAI,Organic Search,/employer-partnership/apsi/,1,,20,,0,,0,
CyberOps,Direct,.translate.goog/best-jobs-in-cyber-security/,1,-6,1,-8,0,0,0,0
MSAAI,Direct,/search/Non+seeking+degree/,1,,1,,0,,0,
LEPSL,Direct,/search/Shut+up/,1,,1,,0,,0,
Default - (not set),Direct,/education-inequity-and-homHomework helps reinforce classroom learning,1,,1,,0,,0,
MSAAI,Direct,/health-information-technology-jobs-salary/,1,,2,,0,,0,
LEPSL,Referral,/admissions/,1,,2,,0,,0,
Default - (not set),Direct,/pattern-library/landing-page-library/,1,,1,,0,,0,
MSLDT,Direct,/about/,1,,2,,0,,0,
CyberOps,Referral,/cyber-security-statistics/,1,,2,,0,,0,
Default - (not set),Organic Search,/search/67/,1,,1,,0,,0,
Default - (not set),Organic Search,/about/career-and-professional-resources/,1,0,1,0,0,0,0,0
MED,Organic Search,/search/tuition/,1,,1,,0,,0,
MSNP,Organic Search,/student-support/office-of-financial-aid-services/,1,,5,,0,,0,
Informatics,Organic Search,/advisory-board/parizek/,1,0,1,0,0,0,0,0
Default - (not set),Organic Search,/to-cyber-security-blogs-websites/,1,,2,,0,,0,
Default - (not set),Organic Search,/search/is+homework+bad/,1,,1,,0,,0,
LEPSL,Direct,/police-continuing-education/,1,,1,,0,,0,
Data Science,Organic Search,/classes/applied-data-mining/,1,0,1,0,0,0,0,0
MSLDT,Organic Search,/masters-health-informatics/classes/,1,0,6,3,0,0,0,0
Informatics,Organic Search,/masters-applied-data-science/apply/,1,,8,,0,,0,
MTS,Direct,/search/how+old+is+this+artical/,1,,1,,0,,0,
MSNNL,Organic Search,/advisory-board/warlan/,1,,1,,0,,0,
MSNP,Organic Search,.translate.goog/what-is-organizational-leadership/,1,-1,1,-1,0,0,0,0
Informatics,Referral,/data-science-health-care/,1,-16,1,-13,0,0,0,0
MSAAI,Organic Social,/employer-partnership/,1,,4,,0,,0,
MSLDT,Direct,/instructional-designer-job/,1,-23,1,-22,0,0,0,0
MSAAI,Organic Search,/student-support/graduate-admissions/,1,,2,,0,,0,
MSAAI,Organic Search,/masters-cyber-security-engineering/,1,-4,5,-25,0,0,0,0
Default - (not set),Organic Search,/blog/education5,1,,1,,0,,0,
CyberEng,Direct,/bachelors-nursing/,1,,1,,0,,0,
MED,Organic Search,/education-inequity-and-homework/ejed,1,,2,,0,,0,
MSLDT,Paid Social,/lp/apply-now/,1,,4,,0,,0,
CyberEng,Display,/masters-cyber-security-engineering/lp/cyber-security-engineering/,1,-1,1,-1,0,0,0,0
MSLDT,Paid Social,/masters-cyber-security-operations/lp/bva-cyber-security-operations-leadership/,1,,5,,2,,2,
MSNNL,Direct,/masters-cyber-security-operations/faculty/,1,,26,,0,,0,
Default - (not set),Direct,/tests-and-samples-repository/maria-test-page/,1,,5,,0,,0,
LEPSL,Direct,/masters-health-informatics/,1,-3,2,-18,0,0,0,0
MSLDT,Referral,/training-and-development-specialist/,1,,1,,0,,0,
CyberOps,Direct,/masters-cyber-security-engineering/faculty/,1,,14,,0,,0,
CyberOps,Unknown - idg / native,/bringing-gamification-to-cyber-security-training/,1,,1,,0,,0,
MED,Organic Search,/search/ipsative+assessments/,1,,0,,0,,0,
CyberOps,Email,/masters-cyber-security-operations/lp/bva-cyber-security-operations-leadership/,1,-1,1,-1,0,0,0,0
MED,Direct,/faculty/rebekka-jez/,1,,2,,0,,0,
MSAAI,Direct,/employer-partnership/,1,-2,3,-24,0,0,0,0
MSNNL,Organic Search,/advisory-board/de-veyra/,1,,1,,0,,0,
MSHA,Direct,/admissions/,1,-1,3,-1,0,0,0,0
MSAAI,Direct,/business-entrepreneurship/,1,,16,,0,,0,
EML,Email,/masters-engineering-management-leadership/curriculum/,1,-1,1,1,0,0,0,0
MED,Direct,/masters-curriculum-instruction/,1,-5,1,-5,0,0,0,0
MTS,Direct,ophy-degree-jobs/,1,,1,,0,,0,
MSNNL,Direct,/faculty/josh-wymer/,1,,3,,0,,0,
MSLDT,Referral,/instructional-design-portfolio/,1,,2,,0,,0,
MSLDT,Direct,/about/state-authorization-status/,1,,6,,0,,0,
LEPSL,Direct,/ambassador/steve-kim/,1,,1,,0,,0,
MSHA,Paid Social,/masters-humanitarian-action/apply/,1,,1,,0,,0,
MSAAI,Direct,/classes/aai-589-directed-ai-research/,1,,1,,0,,0,
Data Science,Organic Search,/resources/questions-to-ask-masters-data-science-checklist/,1,0,1,1,0,0,0,0
MSAAI,Unknown - Data Not Available / Data Not Available,/nlp-engineer-career/,1,,1,,0,,0,
EML,Paid Search,/masters-engineering-management-leadership/apply/,1,0,1,1,0,0,0,0
MED,Direct,.translate.goog/resources/free-med-program-brochure/,1,,1,,0,,0,
Default - (not set),Paid Search,/search/class+schedule/page/1/,1,,1,,0,,0,
Default - (not set),Paid Search,/faq/,1,,1,,0,,0,
CyberOps,Paid Search,/cyber-security-scholarships/,1,,4,,0,,0,
CyberEng,Unknown - chatgpt.com / (not set),/classes/cyber-engineering-research-i/,1,,1,,0,,0,
Informatics,Unknown - chatgpt.com / (not set),/masters-health-informatics/classes/,1,,1,,0,,0,
MSLDT,Unknown - chatgpt.com / (not set),/instructional-design-best-practices/,1,,1,,0,,0,
MESH,Paid Search,/masters-applied-data-science/classes/,1,,4,,0,,0,
MSNP,Unknown - chatgpt.com / (not set),/volunteer-management/,1,,1,,0,,0,
MSNP,Direct,/search/msw/,1,,5,,0,,0,
CyberOps,Direct,/black-vs-gray-vs-white-hat-hackers/,1,,3,,0,,0,
MSLDT,Organic Social,/resources/things-to-know-about-careers-in-instructional-design/,1,,1,,0,,0,
MSLDT,Organic Social,/masters-learning-design-technology/faculty/,1,,1,,0,,0,
MSNP,Direct,/resources/msnp-program-brochure-thank-you/,1,,6,,0,,0,
MESH,Direct,/resources/planets-most-urgent-challenges-thank-you/,1,,0,,0,,0,
MSHA,Organic Search,/tuition-financial-aid/,1,,3,,0,,0,
CyberOps,Direct,/information-assurance-vs-cybersecurity/,1,-9,1,-7,0,0,0,0
CyberOps,Direct,/masters-cyber-security-engineering/classes/,1,,2,,0,,0,
MSNP,Direct,/faculty/tesa-tinkler/,1,,1,,0,,0,
MSNP,Direct,/faculty/andrea-boozer/,1,,1,,0,,0,
Informatics,Organic Search,/masters-health-informatics/lp/request-info/,1,-1,1,-1,0,0,0,0
Informatics,Organic Search,/tuition-financial-aid/,1,,3,,0,,0,
MTS,Paid Search,/masters-nursing-leadership/nursing-educator-track/,1,,3,,0,,0,
MSAAI,Referral,.translate.goog/artificial-intelligence-education/,1,-2,1,-4,0,0,0,0
MTS,Organic Search,/environmental-justice-careers/,1,,0,,0,,0,
MSNNL,Organic Search,/community-health-worker-certification/,1,,13,,3,,3,
MTS,Organic Search,/blog/theology/,1,,3,,0,,0,
MSNNL,Organic Search,/classes/assessment-and-evaluation-strategies-for-nursing-education/,1,,1,,0,,0,
MSNNL,Organic Search,/forms/,1,,10,,3,,3,
MSAAI,Organic Search,/masters-applied-artificial-intelligence/advisory-board/,1,,0,,0,,0,
CyberEng,Referral,/black-vs-gray-vs-white-hat-hackers/,1,0,1,0,0,0,0,0
MSITL,Organic Social,/enterprise-it-management-guide/,1,,6,,0,,0,
EML,Organic Search,/advisory-board/nirav-mandir/,1,-4,1,-5,0,0,0,0
Default - (not set),Referral,/online-programs/,1,,1,,0,,0,
MESH,Organic Search,.translate.goog/sustainability-scholarships/,1,,1,,0,,0,
MSITL,Referral,/admissions/how-to-apply/,1,,3,,0,,0,
MSITL,Referral,/masters-engineering-sustainability-health/classes/,1,,126,,0,,0,
MESH,Referral,/best-sustainability-podcasts/,1,-3,1,-3,0,0,0,0
MSAAI,Organic Search,.translate.goog/artificial-intelligence-salary-guide/,1,-6,1,-5,0,0,0,0
LEPSL,Direct,/ambassador/amy-sariotti/,1,,1,,0,,0,
Default - (not set),Paid Social,/admissions/how-to-apply/,1,,1,,0,,0,
MSLDT,Email,/instructional-design-portfolio/,1,,1,,0,,0,
LEPSL,Direct,/ambassador/miguel-contreras/,1,,1,,0,,0,
LEPSL,Direct,/ambassador/raymond-garcia/,1,,1,,0,,0,
MSNNL,Direct,/faculty/nadine-kassity-krich/,1,,1,,0,,0,
MSHA,Direct,/advisory-board/commins/,1,,1,,0,,0,
LEPSL,Direct,/ambassador/jeff-strossner/,1,,1,,0,,0,
MSAAI,Direct,/faculty/ebrahim-k-tarshizi/,1,,3,,0,,0,
MSAAI,Direct,/faculty/dallin-munger/,1,,1,,0,,0,
MSHA,Direct,/bachelors-nursing/,1,,2,,0,,0,
LEPSL,Direct,/ambassador/thomas-williams/,1,,1,,0,,0,
EML,Organic Search,/resources/from-engineer-to-leader-ebook-thank-you-2/,1,-2,1,-2,1,-1,1,0.33333333333333337
MED,Organic Search,/search/merch/,1,,2,,0,,0,
Default - (not set),Organic Search,/student-support/the-soles-graduate-student-writing-center/,1,-2,1,-2,0,0,0,0
LEPSL,Direct,/ambassador/maxime-schifano/,1,,1,,0,,0,
LEPSL,Direct,/ambassador/jay-alvarado/,1,,1,,0,,0,
Informatics,Organic Search,/faculty/lilian-chan/,1,0,1,0,0,0,0,0
Informatics,Organic Search,/faculty/juhi-israni/,1,0,1,0,0,0,0,0
MED,Direct,/faculty/adan-escobedo-sanchez/,1,,1,,0,,0,
MSAAI,Direct,/masters-applied-data-science/careers/,1,,3,,0,,0,
MTS,Direct,/incorporate-faith-in-career/,1,-3,1,-3,0,0,0,0
LEPSL,Direct,/ambassador/wes-herman/,1,,1,,0,,0,
CyberOps,Referral,/usd-cybersecurity-degree-program-ranked-9-in-fortune-education-list/,1,,2,,0,,0,
LEPSL,Direct,/masters-cyber-security-operations/,1,0,4,2,0,0,0,0
MSLDT,Paid Search,/what-is-learning-design/,1,,1,,0,,0,
MSHA,Direct,/bachelors-nursing/bachelors-nursing-lp-ppc/,1,,16,,0,,0,
Default - (not set),Email,/masters-law-enforcement-leadership/lp/ntoa-scholarship/,1,,1,,0,,0,
MSITL,Referral,/masters-applied-data-science/,1,,8,,0,,0,
MSHA,Referral,/human-rights-violation-definition/,1,,1,,0,,0,
Informatics,Direct,/faculty/thidarat-tinnakornsrisuphap/,1,,1,,0,,0,
MSAAI,Unknown - perplexity / (not set),/classes/ethics-in-artificial-intelligence-maai-531/,1,,2,,0,,0,
Informatics,Unknown - chatgpt.com / (not set),/masters-health-informatics/apply/,1,,3,,0,,0,
LEPSL,Direct,/ambassador/gage-johnston/,1,,1,,0,,0,
MSAAI,Direct,/masters-cyber-security-engineering/classes/,1,-1,3,-18,0,0,0,0
Data Science,Direct,.translate.goog/data-communication/,1,-6,1,-7,0,0,0,0
LEPSL,Direct,/search/saudi+arabia/,1,,1,,0,,0,
MED,Direct,/search/why+do+you+believe+home+work+should++not+be+a+thing/,1,,2,,0,,0,
"Default - humanitarian-nonprofit,leadership-management",Direct,/forms/,1,,2,,0,,0,
MED,Direct,/search/suzanne+stolz/,1,,2,,0,,0,
Default - (not set),Direct,/forms/msaai-applicant/,1,-4,1,-22,0,-1,0,-0.2
"Default - business-entrepreneurship,computer-science,engineering,technology",Direct,/masters/,1,,1,,0,,0,
EML,Direct,/masters-applied-data-science/apply/,1,,4,,0,,0,
MSNP,Direct,/criminal-justice/,1,,1,,0,,0,
MSHA,Direct,/masters-cyber-security-operations/,1,,7,,0,,0,
Default - (not set),Organic Search,"/education-inequity-and-homework/ when was this piublished, where was this published, and who published it",1,,1,,0,,0,
MED,Direct,/10-reasons-to-get-your-masters-degree-in-cyber-security/,1,,8,,0,,0,
LEPSL,Direct,.translate.goog/10-innovative-police-technologies/,1,-5,1,-10,0,0,0,0
MSITL,Organic Search,/resources/free-itl-program-brochure/,1,0,1,1,0,0,0,0
Data Science,Direct,/how-to-become-data-analytics-manager/,1,-8,1,-8,0,0,0,0
MED,Direct,/faculty/amanda-roth/,1,,1,,0,,0,
MSAAI,Referral,/machine-learning-courses-and-certifications/,1,,3,,0,,0,
CyberEng,Referral,/cyber-security-coding/,1,,1,,0,,0,
Data Science,Direct,/search/when+was+this+published/,1,,1,,0,,0,
LEPSL,Direct,/5-tips-for-a-successful-criminal-justice-career/,1,-3,1,-4,0,0,0,0
MED,Paid Search,/masters-cyber-security-engineering/lp/cyber-security-engineering/,1,-7,9,-26,0,-1,0,-0.125
MESH,Email,/masters-engineering-sustainability-health/lp/ppc/,1,,1,,0,,0,
MTS,Unknown - fashion-valley-mall / ooh,/programs/,1,,5,,0,,0,
MSLDT,Display,/masters-learning-design-technology/,1,-2,2,-2,0,0,0,0
Default - (not set),Organic Search,/life-skills-education-in-schools/,1,,1,,0,,0,
MSITL,Unknown - Keystone / ReadMoreSchoolWebsiteCTA,/masters-information-technology-leadership/,1,,6,,1,,1,
Data Science,Unknown - chatgpt.com / (not set),/coding-salary/,1,,1,,0,,0,
MED,Direct,/masters-education/specializations/technology-and-innovation/,1,-4,1,-9,0,-1,0,-0.2
MED,Direct,/blog/sustainability/,1,,2,,0,,0,
Default - (not set),Unknown - chatgpt.com / (not set),/student-support/office-of-financial-aid-services/,1,,1,,0,,0,
LEPSL,Direct,/masters-law-enforcement-leadership/lp/rv-edu/,1,0,1,0,0,0,0,0
Default - (not set),Organic Search,/faculty/michele-mcconnell/,1,,1,,0,,0,
MESH,Direct,/faculty/glevys-rondon/,1,,1,,0,,0,
Data Science,Organic Search,/faculty/jonathan-sixt/,1,-1,1,-1,0,0,0,0
Default - (not set),Organic Search,/best-jobs-in-cyber-security/,1,,4,,0,,0,
MSAAI,Unknown - perplexity / (not set),/ai-ethicist-career/,1,,1,,0,,0,
Data Science,Referral,/quantitative-analyst-career/,1,-6,1,-7,0,0,0,0
MED,Unknown - chatgpt.com / (not set),/teaching-to-every-students-unique-learning-style/,1,,1,,0,,0,
MED,Unknown - perplexity / (not set),/educational-resources-for-teachers/,1,,3,,0,,0,
MTS,Paid Search,/why-theological-studies/,1,,1,,0,,0,
MSNNL,Paid Social,/masters-humanitarian-action/lp/humanitarian-action/,1,,5,,0,,0,
MSITL,Email,/masters-information-technology-leadership/lp/ppc/,1,-1,1,-5,0,0,0,0
Informatics,Paid Social,/masters-health-informatics/apply/,1,,1,,0,,0,
MED,Organic Search,.translate.goog/steam-education-in-schools/,1,-8,1,-8,0,0,0,0
Default - (not set),Organic Search,/ceh-certification/,1,,6,,0,,0,
CyberEng,Referral,/chief-risk-officer/,1,0,1,-1,0,0,0,0
MED,Paid Search,/best-paying-school-districts-ca-teachers/,1,,1,,0,,0,
MSLDT,Paid Search,/instructional-technology-tools/,1,,1,,0,,0,
Informatics,Referral,/masters-applied-data-science/apply/,1,,13,,0,,0,
Data Science,Direct,/masters-applied-data-science/careers/,1,-2,1,-2,0,0,0,0
CyberOps,Direct,/faculty/umesh-varma/,1,,1,,0,,0,
MED,Direct,/what-grade-should-you-teach/,1,,1,,0,,0,
CyberOps,Direct,/masters-cyber-security-engineering/apply/,1,-4,3,-16,0,0,0,0
MSLDT,Organic Search,/faculty/jeff-suarez-grant/,1,-1,1,-1,0,0,0,0
MSLDT,Email,/what-is-instructional-design-examples/,1,,1,,0,,0,
MED,Direct,/7-tips-pursuing-masters-degree-working-full-time-education/,1,-1,1,-1,0,0,0,0
EML,Paid Search,/masters-applied-data-science/lp/study-data-science/,1,,4,,1,,1,
MED,Direct,/classes/changemaking-with-technology/,1,,4,,0,,0,
CyberOps,Organic Search,/faculty/mansi-thakar/,1,,1,,0,,0,
CyberOps,Direct,/faculty/danny-barnes/,1,,1,,0,,0,
MSITL,Referral,/masters-in-information-technology-salary/,1,,1,,0,,0,
MTS,Referral,/franciscan-theology-reading-list/,1,,1,,0,,0,
LEPSL,Email,/about/,1,,5,,0,,0,
MSLDT,Paid Social,/masters-learning-design-technology/transfer-credit/,1,,1,,0,,0,
LEPSL,Paid Social,/masters-law-enforcement-leadership/apply/,1,,1,,0,,0,
MED,Paid Search,/programs/,1,-20,3,-31,0,0,0,0
MSAAI,Referral,/masters-cyber-security-engineering/,1,,0,,0,,0,
MSNP,Paid Search,/masters-health-informatics/lp/health-informatics-for-nurses/,1,,6,,3,,3,
Informatics,Paid Search,/what-is-health-informatics/,1,,0,,0,,0,
MESH,Organic Search,/nursing-informatics-vs-health-informatics/,1,0,2,-3,0,0,0,0
MED,Organic Search,/residue-of-covid-19-impact/,1,-12,1,-9,0,0,0,0
Default - (not set),Paid Social,/master-of-science-cyber-security-operations-leadership,1,-1,1,-1,0,0,0,0
MSNP,Organic Search,/best-jobs-for-veterans-after-the-military/,1,-14,1,-18,0,0,0,0
MED,Direct,y/sarina-molina/,1,,1,,0,,0,
MED,Organic Search,/faculty/mark-dzula/,1,,1,,0,,0,
MSNP,Paid Search,/masters-nursing-leadership/lp/ppc/,1,0,7,-5,0,0,0,0
MED,Organic Search,/faculty/denise-goulart/,1,0,2,1,0,0,0,0
Default - (not set),Direct,/student-centered-vs-teacher-centered-learning/,1,,1,,0,,0,
MSLDT,Unknown - (not set) / partner,/educational-technology-jobs/,1,,1,,0,,0,
LEPSL,Email,/faculty/bernie-colon/,1,,6,,0,,0,
MSNP,Unknown - chatgpt.com / (not set),/how-to-write-grant-proposals/,1,,1,,0,,0,
CyberEng,Direct,/system-security-architecture/,1,,1,,0,,0,
Data Science,Organic Search,/faculty/john-chandler/,1,-4,1,-4,0,0,0,0
LEPSL,Organic Search,/top-ranked-law-enforcement-masters-degree/,1,-6,1,-11,0,0,0,0
MED,Direct,/online-programs/,1,-5,3,-12,0,0,0,0
LEPSL,Organic Search,/ambassador/paul-arteta/,1,,1,,0,,0,
LEPSL,Direct,/ambassador/michael-rodriguez/,1,,1,,0,,0,
MSNNL,Organic Search,/masters-nursing-leadership/scholarships/,1,,1,,0,,0,
CyberEng,Direct,/network-security-engineer/,1,-1,1,-1,0,0,0,0
MED,Organic Search,/is-homework-necessary/,1,,3,,0,,0,
MESH,Organic Search,/faculty/daryl-lynn-roberts/,1,-2,1,-2,0,0,0,0
Informatics,Organic Search,/student-support/ashley-dominguez/,1,0,1,0,0,0,0,0
Default - (not set),Organic Search,/student-support/grace-nelson/,1,0,1,0,0,0,0,0
MSLDT,Organic Social,/training-and-development-specialist/,1,,3,,0,,0,
Default - (not set),Referral,/about/online-learning/student-support/,1,,1,,0,,0,
MSAAI,Direct,s-applied-artificial-intelligence/,1,-3,1,-2,0,0,0,0
MSLDT,Direct,/masters-learning-design-technology/related-articles/,1,,7,,0,,0,
MSLDT,Direct,ces/things-to-know-about-careers-in-instructional-design/,1,,1,,0,,0,
LEPSL,Direct,/search/some+fact+that+should+ban+homeork/,1,,1,,0,,0,
CyberOps,Unknown - perplexity / (not set),/top-cyber-security-blogs-websites/,1,,1,,0,,0,
MED,Direct,/resources/9-reasons-master-education-degree-ebook-thank-you/,1,,1,,0,,0,
CyberOps,Direct,/resources/top-paying-cybersecurity-jobs-thank-you/,1,,1,,0,,0,
MTS,Direct,/theological-education/,1,-28,1,-34,0,-1,0,-0.034482758620689655
MSNNL,Direct,/masters-health-informatics/apply/,1,,2,,0,,0,
MSNNL,Direct,/masters-health-informatics/careers/,1,,4,,0,,0,
MTS,Unknown - copilot.com / (not set),/what-is-lay-ministry/,1,,1,,0,,0,
BSN,Unknown - chatgpt.com / (not set),/bachelors-nursing/,1,,1,,0,,0,
Informatics,Organic Search,/what-is-ecospirituality/https:/www.ecojesuit.com/an-indigenous-reflection-on-ecospirituality/,1,,1,,0,,0,
MSITL,Referral,ces/free-itl-program-brochure/,1,,4,,4,,4,
Default - (not set),Organic Search,/faculty/jaime-gomez/,1,,1,,0,,0,
MESH,Direct,/programs/,1,-1,3,-2,0,0,0,0
Default - (not set),Organic Search,/blue-leadership-podcast/captain-jolie-macias-tactical-training-and-swat-leadership/,1,,1,,0,,0,
LEPSL,Referral,/police-management-training/,1,,2,,0,,0,
Default - computer-science,Paid Search,/masters-applied-data-science/apply/,1,,0,,0,,0,
MSHA,Paid Search,/classes/humanitarian-safety-and-security/,1,,1,,0,,0,
MSNNL,Referral,/masters-nursing-leadership/,1,0,2,1,0,0,0,0
LEPSL,Email,/masters-law-enforcement-leadership/lp/request-info/,1,-33,1,-33,0,0,0,0
Default - (not set),Paid Search,/masters-cyber-security-engineering/,1,,4,,0,,0,
LEPSL,Email,/police-communication-important-today/,1,,1,,0,,0,
MSLDT,Paid Social,/about/,1,,8,,0,,0,
MSLDT,Paid Search,/tuition-financial-aid/additional-funding-options/,1,,7,,0,,0,
MSHA,Direct,/masters-humanitarian-action/advisory-board/,1,-6,1,-8,0,0,0,0
MSAAI,Direct,/faculty/msaai-faculty/,1,,5,,0,,0,
CyberEng,Direct,/faculty/lynn-hijar-hoffman/,1,,1,,0,,0,
MSAAI,Direct,/study-artificial-intelligence-degree/,1,-5,1,-7,0,0,0,0
MSHA,Direct,/forms/msha-application-evaluation/,1,,2,,1,,1,
CyberOps,Direct,.translate.goog/chief-privacy-officer-career-guide/,1,,1,,0,,0,
MSITL,Organic Search,/masters-information-technology-leadership/apply/,1,-1,0,-3,0,0,0,0
EML,Direct,/engineering-career-path/,1,-7,1,-6,0,0,0,0
MSNP,Direct,/forms/msnp-application-evaluation/,1,,5,,1,,1,
MSNP,Organic Search,/resources/6-nonprofit-careers-ebook/,1,0,7,6,3,3,3,3
CyberOps,Organic Search,/faculty/brian-russell/,1,-1,1,0,0,0,0,0
MSNNL,Organic Search,/masters-nursing-leadership/faculty/,1,,6,,0,,0,
MSHA,Organic Search,/faculty/topher-mcdougal/,1,0,1,-3,0,0,0,0
Default - (not set),Organic Search,/should-you-become-a-cyber-security-engineer/,1,,9,,0,,0,
CyberOps,Organic Search,/resources/should-you-become-a-cybersecurity-engineer/,1,,1,,0,,0,
Informatics,Referral,/bachelors-nursing/bachelors-nursing-lp-ppc/,1,,0,,0,,0,
CyberEng,Organic Search,.translate.goog/cyber-threat-intelligence-analyst/,1,-2,1,-2,0,0,0,0
LEPSL,Unknown - policeone / directory,/,1,0,3,0,0,0,0,0
CyberOps,Organic Search,/is-a-cyber-security-certification-right-for-you/,1,-26,1,-25,0,0,0,0
MED,Direct,/student-support/program-assistant/,1,,2,,0,,0,
LEPSL,Direct,/ambassador/brandon-barclay/,1,,1,,0,,0,
MED,Email,/masters-education/specializations/steam/,1,0,3,2,0,0,0,0
Informatics,Direct,/informatics-nursing-essential-career/,1,,2,,0,,0,
Data Science,Direct,/classes/capstone-project-599/,1,,1,,0,,0,
Default - (not set),Direct,/masters-cyber-security-engineering/faculty/,1,,9,,0,,0,
LEPSL,Direct,/faculty/greg-morgan/,1,-3,1,-6,0,0,0,0
MED,Organic Search,/top-online-education-programs/,1,0,2,2,0,0,0,0
LEPSL,Direct,/employer-partnership/axos/,1,,3,,0,,0,
MESH,Paid Search,/environmental-planner-career/,1,,1,,0,,0,
MTS,Email,/st-francis-of-assisi-and-franciscan-theology/,1,,1,,0,,0,
MSHA,Direct,/ai-research-scientist-career/,1,,22,,0,,0,
LEPSL,Direct,/ambassador/benjamin-moszkowicz/,1,,1,,0,,0,
MSAAI,Organic Social,/artificial-intelligence-developer-career/,1,0,6,5,0,0,0,0
MED,Paid Social,/masters-education/specializations/,1,,1,,0,,0,
MESH,Direct,/faculty/jessica-mikels/,1,,1,,0,,0,
MSHA,Direct,/faculty/topher-mcdougal/,1,-1,1,-1,0,0,0,0
MED,Direct,/resources/women-in-engineering-webinar/,1,,2,,0,,0,
MTS,Email,/masters-theological-studies/lp/ppc/,1,-2,1,-11,0,-1,0,-0.3333333333333333
Default - (not set),Display,/masters-cyber-security-engineering/lp/smartbrief-display/,1,,4,,0,,0,
MSNP,Email,/masters-law-enforcement-leadership/,1,,4,,0,,0,
MSNP,Organic Social,/masters-nonprofit-leadership-management/,1,,3,,0,,0,
MSAAI,Organic Search,/future-engineering-trends/,1,,2,,0,,0,
EML,Organic Search,/how-to-become-an-entrepreneur/,1,,3,,0,,0,
MSHA,Organic Social,/humanitarian-intervention-success-stories/,1,,1,,0,,0,
Default - (not set),Organic Search,/resources/questions-to-ask-before-selecting-an-it-leadership-degree/,1,,1,,0,,0,
MED,Organic Search,/search/Why+should+teachers+give+out+homework+/,1,,1,,0,,0,
Data Science,Referral,/data-science-bootcamps/,1,,1,,0,,0,
CyberOps,Paid Search,/is-a-cyber-security-certification-right-for-you/,1,,1,,0,,0,
CyberOps,Paid Search,/masters-cyber-security-operations/testimonials/,1,0,2,0,0,0,0,0
Informatics,Organic Search,/ms-msc-health-informatics-usa/,1,-4,1,-4,0,0,0,0
MED,Organic Search,/girls-in-stem-how-teachers-can-help-break-stereotype/,1,-4,1,-3,0,0,0,0
LEPSL,Organic Search,/faculty/nuno-tavares/,1,-1,1,-1,0,0,0,0
MED,Direct,/early-childhood-education-vs-elementary-education-masters/,1,-3,1,-22,0,0,0,0
CyberOps,Direct,/faculty/al-ajrawi-phd/,1,,1,,0,,0,
MED,Direct,/search/what+is+homework/,1,,1,,0,,0,
MESH,Direct,/admitted-students/,1,,2,,0,,0,
MTS,Direct,/masters-cyber-security-operations/,1,-1,2,-26,0,-2,0,-1
MESH,Direct,/quantitative-analyst-career/,1,,3,,0,,0,
CyberOps,Organic Search,/cybersecurity-vs-it-degree/,1,-10,2,-23,0,0,0,0
LEPSL,Organic Search,/sergeant-achieves-career-goals-after-earning-masters-degree/,1,0,1,0,0,0,0,0
MSHA,Paid Search,/faculty/stephen-commins/,1,,1,,0,,0,
MTS,Paid Search,/search/Vocational+/,1,,1,,0,,0,
MSAAI,Paid Search,/bachelors-nursing/bachelors-nursing-lp-ppc/,1,,12,,0,,0,
Data Science,Direct,/data-science-scholarships/,1,0,1,0,0,0,0,0
Default - (not set),Direct,/about/online-learning/,1,-10,1,-12,0,0,0,0
Default - (not set),Direct,/faculty/dr-venkat-shastri/,1,,1,,0,,0,
MSLDT,Direct,/instructional-design-certificate-vs-masters-degree/,1,-2,1,-2,0,0,0,0
Data Science,Organic Search,.translate.goog/data-science-certifications/,1,,1,,0,,0,
Informatics,Direct,/offers/oed-leads/,1,0,1,-1,0,0,0,0
Default - (not set),Display,/,1,,2,,0,,0,
CyberOps,Direct,.translate.goog/top-cyber-security-blogs-websites/,1,-1,1,-1,0,0,0,0
LEPSL,Organic Search,/ambassador/luis-martinez-jr/,1,0,1,0,0,0,0,0
MED,Organic Search,/faculty/rucheeta-kulkarni/,1,-1,3,1,0,0,0,0
MSAAI,Unknown - perplexity / (not set),/ai-trainer/,1,,1,,0,,0,
CyberOps,Organic Search,/faculty/todd-raines/,1,-2,1,-2,0,0,0,0
LEPSL,Organic Search,/usd-online-alumni/,1,,4,,1,,1,
Default - (not set),Paid Search,/search/course+catalog/,1,,0,,0,,0,
MED,Paid Search,/education/,1,,5,,0,,0,
Informatics,Organic Social,/the-value-of-project-management-in-health-informatics/,1,,1,,0,,0,
MSNNL,Referral,/masters-nursing-leadership/apply/,1,-1,0,-4,0,-2,0,-1
MED,Unknown - chatgpt.com / (not set),/masters-education/specializations/curriculum-and-instruction/,1,,1,,0,,0,
EML,Unknown - chatgpt.com / (not set),/resources/from-engineer-to-leader-ebook-thank-you-2/,1,,1,,1,,1,
MED,Unknown - chatgpt.com / (not set),/rethinking-education-assessment-types/,1,,1,,0,,0,
MED,Email,/curriculum-and-instruction-degree-offers-hands-on-approach/,1,,1,,0,,0,
MED,Unknown - chatgpt.com / (not set),/masters-education/specializations/school-leadership/,1,,1,,0,,0,
Default - (not set),Direct,/search/homwork+should+be+requireed+or+not/,1,,1,,0,,0,
MSLDT,Direct,/masters-law-enforcement-leadership/lp/criminal-justice/,1,,2,,0,,0,
Default - (not set),Direct,/mental-health -issues-in-schools/,1,,1,,0,,0,
Data Science,Direct,/advisory-board/albert-wang/,1,,1,,0,,0,
MED,Organic Search,/student-spotlight-brian-saucedo/,1,0,1,0,0,0,0,0
Data Science,Direct,/database-engineer-career/,1,-7,1,-8,0,0,0,0
Data Science,Organic Search,/search/when+published/,1,,1,,0,,0,
MSITL,Direct,/masters-applied-data-science/apply/,1,,2,,0,,0,
Default - (not set),Direct,/education-inequity-and-homework/_,1,,1,,0,,0,
MSAAI,Organic Search,/masters-engineering-management-leadership/,1,0,3,0,0,0,0,0
CyberOps,Organic Search,/women-cyber-security-reasons-to-enter-field/,1,-7,1,-6,0,0,0,0
LEPSL,Organic Search,/blog/police-leadership/,1,,0,,0,,0,
MSNP,Organic Search,/about/online-learning/,1,,7,,0,,0,
MED,Organic Search,/faculty/angelica-sleiman/,1,-1,1,-1,0,0,0,0
Data Science,Organic Search,/masters-applied-data-science/careers/,1,-1,1,-1,0,0,0,0
CyberOps,Organic Search,/faculty/umesh-varma/,1,-1,2,0,0,0,0,0
LEPSL,Referral,/masters-law-enforcement-leadership/transfer-credit/fbina/,1,,1,,0,,0,
MSAAI,Referral,/masters-applied-data-science/classes/,1,,2,,0,,0,
MSNNL,Organic Search,/masters-nursing-leadership/lp/preceptor-information/,1,,1,,0,,0,
MED,Organic Search,/faculty/juanita-campbell-rodriguez/,1,,2,,0,,0,
Default - (not set),Unknown - Data Not Available / Data Not Available,/masters-applied-data-science/lp/study-data-science/,1,,4,,0,,0,
LEPSL,Organic Search,/ambassador/benjamin-moszkowicz/,1,-4,1,-5,0,0,0,0
Default - (not set),Direct,/classes/capstone-development/,1,,1,,0,,0,
Data Science,Direct,/classes/applied-data-science-for-business/,1,,1,,0,,0,
CyberOps,Direct,/cyber-security-statistics/,1,,2,,0,,0,
Data Science,Organic Search,/advisory-board/albert-wang/,1,0,1,0,0,0,0,0
MED,Email,/masters-education/student-services/,1,,1,,0,,0,
MSAAI,Organic Search,/tuition-financial-aid/,1,,4,,0,,0,
MESH,Organic Search,/resources/msesh-information-session-webinar-thank-you/,1,,1,,1,,1,
MSLDT,Paid Search,/masters-information-technology-leadership/classes/applied-ai-specialization/,1,,3,,0,,0,
MSAAI,Paid Search,/masters-engineering-management-leadership/lp/ppc/,1,-7,5,-48,0,0,0,0
EML,Email,/masters-cyber-security-operations/,1,,5,,0,,0,
MSITL,Direct,/cyber-security/,1,0,3,-3,0,0,0,0
CyberEng,Direct,s-software-engineering/,1,,2,,0,,0,
MED,Direct,/search/jobs/,1,,1,,0,,0,
MTS,Direct,/resources/free-ms-aai-program-brochure-thank-you/,1,,5,,0,,0,
Default - (not set),Direct,/forms/msads-applicant/,1,,1,,0,,0,
Informatics,Direct,/advisory-board/birnbaum/,1,-1,1,-1,0,0,0,0
MSLDT,Direct,/masters-education/,1,-1,4,-5,0,0,0,0
"Default - humanitarian-nonprofit,leadership-management",Direct,/forms/msitl-gray-area-review/,1,,1,,0,,0,
LEPSL,Direct,/ambassador/jamison-maehler/,1,-1,1,-1,0,0,0,0
LEPSL,Direct,/ambassador/michael-penney-guzman/,1,,1,,0,,0,
LEPSL,Direct,/ambassador/aaron-hollemon/,1,,1,,0,,0,
LEPSL,Direct,/faculty/frank-grgurina/,1,,1,,0,,0,
MSNNL,Organic Search,/education-inequity-and-homework/,1,,4,,0,,0,
MESH,Organic Search,.translate.goog/masters-in-sustainability-degree-comparison/,1,,1,,0,,0,
MSAAI,Direct,/from-devops-to-mlops-a-comprehensive-guide-to-migrating-and-adding-services/,1,-4,1,-4,0,0,0,0
CyberEng,Organic Search,/masters-cyber-security-engineering/lp/cyber-campaign/,1,,2,,0,,0,
Informatics,Organic Search,/education-inequity-and-homework/https:/onlinedegrees.sandiego.edu/education-inequity-and-homework/,1,,1,,0,,0,
MSNNL,Display,/masters-nursing-leadership/lp/dyna/,1,,1,,0,,0,
MSAAI,Organic Search,/classes/applied-text-mining/,1,,3,,0,,0,
LEPSL,Organic Search,/faculty/taurino-valdovinos/,1,-1,3,1,0,0,0,0
MSNP,Direct,.translate.goog/public-administration-careers/,1,,1,,0,,0,
EML,Referral,/faculty/gb-singh/,1,,1,,0,,0,
MTS,Email,/resources/master-of-theological-studies-brochure/,1,,1,,0,,0,
LEPSL,Direct,/masters-cyber-security-engineering/classes/,1,,24,,0,,0,
LEPSL,Direct,/is-a-law-enforcement-degree-worth-it/,1,0,1,0,0,0,0,0
MSAAI,Unknown - chatgpt.com / (not set),/entry-level-ai-careers/,1,,1,,0,,0,
Informatics,Direct,/classes/informatics-capstone/,1,0,1,-1,0,0,0,0
MED,Direct,/faculty/suzanne-stolz/,1,0,1,0,0,0,0,0
Default - (not set),Direct,/artificial-intelligence-education/-,1,,1,,0,,0,
MSAAI,Direct,/cyber-security-salary-california/,1,,4,,0,,0,
MED,Organic Search,/programs/,1,-121,5,-258,0,0,0,0
Default - (not set),Organic Search,/faculty/julia-cantzler/,1,-1,1,0,0,0,0,0
MSLDT,Organic Search,.translate.goog/training-and-development-specialist/,1,-4,1,-4,0,0,0,0
Informatics,Organic Search,/faculty/josh-wymer/,1,-3,1,-3,0,0,0,0
MSAAI,Organic Search,/faculty/amit-manghani/,1,-2,2,-1,0,0,0,0
MSITL,Direct,/how-to-start-career-artificial-intelligence/,1,,3,,0,,0,
LEPSL,Paid Search,/masters-law-enforcement-leadership/ambassadors/,1,,1,,0,,0,
MESH,Paid Search,/tuition-financial-aid/tuition/,1,0,3,-1,0,0,0,0
MTS,Direct,/franciscan-spirituality-in-todays-world/,1,-5,1,-5,0,0,0,0
MESH,Paid Social,/masters-engineering-sustainability-health/,1,,1,,0,,0,
EML,Unknown - chatgpt.com / (not set),/engineering-scholarships/,1,,1,,0,,0,
MTS,Referral,/masters-engineering-sustainability-health/apply/,1,,9,,0,,0,
MSAAI,Direct,/health-data-analyst/,1,,12,,0,,0,
MSLDT,Direct,/resources/planets-most-urgent-challenges-thank-you/,1,,2,,0,,0,
MSNP,Direct,/forms/med-application-evaluation/,1,,7,,0,,0,
CyberOps,Direct,/classes/cyber-incident-response-and-computer-network-forensics/,1,,1,,0,,0,
MSNNL,Referral,/masters-nursing-leadership/clinical-practicums/,1,,1,,0,,0,
Data Science,Direct,/career-data-mining/,1,-7,1,-8,0,0,0,0
MESH,Direct,/mesh-scholarship-awarded/,1,,1,,0,,0,
Default - (not set),Paid Search,/about/,1,0,1,0,0,0,0,0
LEPSL,Organic Search,.translate.goog/women-in-law-enforcement/,1,,1,,0,,0,
Data Science,Organic Search,/advisory-board/michael-cavaretta-ms-phd/,1,,1,,0,,0,
MSLDT,Organic Social,/instructional-design-interview-questions/,1,,1,,0,,0,
CyberEng,Referral,/how-to-become-a-cyber-threat-hunter/,1,,1,,0,,0,
CyberEng,Paid Search,/masters-cyber-security-engineering/faculty/,1,0,3,2,0,0,0,0
MSNNL,Unknown - Data Not Available / Data Not Available,/masters-health-informatics/lp/health-informatics-for-nurses/,1,,9,,0,,0,
Data Science,Unknown - perplexity / (not set),/data-scientist-salary-guide/,1,,1,,0,,0,
Default - (not set),Direct,/education-inequity-and-homework/counter claim,1,,1,,0,,0,
MSLDT,Direct,/instructional-designer-resume-guide/,1,,3,,0,,0,
MED,Direct,/education-inequity-and-homework/ publication date,1,,4,,0,,0,
MSAAI,Organic Search,/engineering-management-leadership-certifications/,1,,10,,0,,0,
Default - (not set),Organic Search,/masters-applied-data-science/classes/,1,,3,,0,,0,
MSAAI,Organic Search,/admissions/military-veterans/,1,0,2,-2,0,0,0,0
Default - (not set),Organic Search,/faculty/ruixia-shi/,1,,1,,0,,0,
CyberEng,Organic Search,/faculty/mark-heckman/,1,,1,,0,,0,
Data Science,Referral,/business-intelligence-developer/,1,,1,,0,,0,
LEPSL,Referral,/classes/budget-finance-for-law-enforcement-leaders/,1,,1,,0,,0,
MED,Paid Search,/resources/9-reasons-master-education-degree-ebook/,1,,0,,0,,0,
MTS,Organic Search,/how-to-become-a-curriculum-designer/,1,,2,,0,,0,
MSAAI,Direct,/faculty/som-shahapurkar/,1,0,1,0,0,0,0,0
MSNP,Organic Search,/masters-cyber-security-operations/lp/bva-cyber-security-operations-leadership/,1,,19,,0,,0,
LEPSL,Organic Social,/faculty/jeffrey-jordon/,1,,1,,0,,0,
Informatics,Email,/healthcare/,1,,1,,0,,0,
Informatics,Email,/masters-health-informatics/lp/study-health-informatics/,1,0,1,-1,0,0,0,0
LEPSL,Paid Social,/masters-law-enforcement-leadership/lp/thank-you/,1,,1,,1,,1,
Default - (not set),Paid Search,/search/nurse+practionoer/,1,,0,,0,,0,
MSAAI,Organic Search,.translate.goog/ai-governance/,1,,1,,0,,0,
MTS,Referral,/moral-theology/,1,,4,,0,,0,
MED,Direct,.translate.goog/steam-education-in-schools/,1,0,1,0,0,0,0,0
MSAAI,Direct,/about/learning-outcomes/,1,0,9,7,0,0,0,0
CyberOps,Direct,/ca-paving-way-cyber-security-policy-ed-and-more/,1,0,1,0,0,0,0,0
Default - (not set),Direct,/emails=,1,,1,,0,,0,
MED,Direct,/search/AI+in+Education/page/2/,1,,1,,0,,0,
Default - (not set),Direct,/faculty/jaime-gomez-ph-d/,1,-1,6,4,0,0,0,0
CyberEng,Direct,/faculty/nikolas-behar/,1,,1,,0,,0,
MED,Organic Search,.translate.goog/adaptive-curriculum-for-special-education/,1,,1,,0,,0,
Data Science,Direct,/resources/look-inside-data-science-masters/,1,-2,1,-8,0,-1,0,-0.3333333333333333
MESH,Organic Search,.translate.goog/sustainability-engineer-career/,1,-4,1,-4,0,0,0,0
LEPSL,Organic Search,/ambassador/antonio-cortina/,1,0,2,1,0,0,0,0
Default - (not set),Organic Search,/cyber-security-information-security-network-security/,1,,2,,0,,0,
MSHA,Organic Search,/faculty/eric-james/,1,0,1,0,0,0,0,0
Default - (not set),Organic Search,/masters-cyber-security-operations/let-us-pay-for-your-csol-program-application-fee/,1,,5,,0,,0,
MSHA,Organic Search,/sustainability-scholarships/,1,,7,,0,,0,
LEPSL,Referral,/classes/organizational-leadership/,1,,1,,0,,0,
Default - (not set),Referral,/faculty/ruixia-shi/,1,,1,,0,,0,
MSHA,Referral,/types-of-advocacy/,1,,1,,0,,0,
LEPSL,Direct,/classes/critical-issues-law-enforcement-and-public-safety/,1,-2,1,-2,0,0,0,0
LEPSL,Email,/classes/community-engagement/,1,,5,,0,,0,
MSITL,Direct,/resources/questions-to-ask-before-selecting-an-it-leadership-degree-thank-you/,1,,1,,0,,0,
CyberOps,Direct,/programs/master-of-science-in-cyber-security-operations-and-leadership/,1,,1,,0,,0,
MED,Direct,/search/Joseph+Brown/,1,,1,,0,,0,
MED,Direct,/beginning-the-new-year-successfully/,1,0,1,0,0,0,0,0
MSAAI,Direct,/masters-education/specializations/steam/,1,,3,,0,,0,
CyberOps,Organic Search,/vulnerability-and-penetration-testing/,1,-11,1,-11,0,0,0,0
MED,Organic Search,/search/disbenifites+of+getting+rid+of+homework/,1,,1,,0,,0,
MED,Organic Search,/search/Why+should+kids+get+free+time+insted+of+homework/,1,,1,,0,,0,
CyberEng,Organic Search,/search/Why+should+the+kids+get+free+time+instead+of+doing+homewor/,1,,1,,0,,0,
Default - (not set),Organic Search,/quantitative-analyst-career/,1,,2,,0,,0,
EML,Organic Search,/classes/sustainability-ethics-and-compliance/,1,,2,,0,,0,
MSNNL,Organic Search,/advisory-board/waterbury-clark/,1,,1,,0,,0,
Data Science,Organic Search,/storytelling-with-data-part-1/,1,-13,3,-9,0,0,0,0
MSITL,Organic Search,/faculty/paul-evans/,1,,2,,0,,0,