program_category,default_channel,Landing_page,Session,sessions_mom_difference,Pageview,pageview_mom_difference,Conversions,conversions_mom_difference,Conversion_Rate,conversion_rate_mom_percent_difference
MED,Organic Search,/education-inequity-and-homework/,11453,-1739,13283,-2006,1,1,8.73134E-05,8.73134E-05
MED,Direct,/education-inequity-and-homework/,3349,-765,3503,-828,0,0,0,0
null,Direct,"c23e2abe9b026b1c89d4db_3524dcd141f9011478d243e2d93ac301""'`--)()\""&%1'-;%00",1704,,1633,,0,,0,
MSAAI,Organic Search,/artificial-intelligence-education/,1589,47,1669,67,1,0,0.000629327,-1.91818E-05
MESH,Paid Social,/masters-engineering-sustainability-health/lp/ppc/,1123,307,1197,280,47,-16,0.041852182,-0.035353701
MED,Organic Search,/life-skills-education-in-schools/,984,85,1087,82,2,2,0.00203252,0.00203252
MESH,Paid Search,/masters-engineering-sustainability-health/lp/ppc/,864,259,1156,381,61,24,0.070601852,0.009444827
MSAAI,Organic Search,/artificial-intelligence-business/,843,180,827,159,0,-1,0,-0.001508296
BSN,Paid Search,/bachelors-nursing/bachelors-nursing-lp-ppc/,818,,930,,36,,0.04400978,
BSN,Paid Social,/bachelors-nursing/bachelors-nursing-lp-ppc/,668,,722,,39,,0.058383234,
MESH,Organic Search,/high-paying-environmental-jobs/,636,146,709,175,0,-2,0,-0.004081633
MSAAI,Direct,/artificial-intelligence-education/,607,-124,602,-133,0,-2,0,-0.002735978
Informatics,Paid Social,/masters-health-informatics/lp/health-informatics-for-nurses/,599,257,709,320,31,11,0.051752922,-0.006726611
MSLDT,Paid Social,/masters-learning-design-technology/lp/instructional-design-for-teachers/,573,91,649,99,39,9,0.068062827,0.005822163
Informatics,Paid Search,/masters-health-informatics/lp/health-informatics-for-nurses/,546,363,786,562,42,28,0.076923077,0.000420345
MED,Organic Search,/complete-list-teaching-methods/,531,50,575,20,8,2,0.015065913,0.002591901
MSITL,Display,/masters-information-technology-leadership/lp/dyna/,530,516,534,520,1,1,0.001886792,0.001886792
(default) (not set),Direct,/,511,-17,628,3,4,3,0.007827789,0.005933849
CyberOps,Paid Search,/masters-cyber-security-operations/lp/bva-cyber-security-operations-leadership/,497,27,608,30,39,6,0.078470825,0.008258059
MTS,Paid Search,/masters-theological-studies/lp/ppc/,480,28,617,38,31,10,0.064583333,0.018123156
MED,Organic Search,/best-masters-degrees-for-teachers/,470,60,532,73,1,-1,0.00212766,-0.002750389
MED,Organic Search,/best-paying-school-districts-ca-teachers/,469,71,492,71,0,0,0,0
MSNNL,Paid Social,/masters-nursing-leadership/lp/ppc/,459,121,546,115,20,5,0.043572985,-0.000805713
MSNP,Paid Search,/masters-nonprofit-leadership-management/lp/ppc/,439,160,554,199,29,12,0.066059226,0.005127326
MSAAI,Organic Search,/ai-impact-on-job-market/,424,-45,432,-86,0,0,0,0
MSNP,Paid Social,/masters-nonprofit-leadership-management/lp/ppc/,413,-75,515,-37,53,11,0.128329298,0.042263724
MSNNL,Paid Search,/masters-nursing-leadership/lp/ppc/,405,25,625,30,16,-1,0.039506173,-0.005230669
CyberOps,Organic Search,/top-cyber-security-threats/,404,88,1441,1107,0,0,0,0
CyberOps,Paid Social,/masters-cyber-security-operations/lp/bva-cyber-security-operations-leadership/,400,-8,473,10,37,7,0.0925,0.018970588
CyberEng,Paid Search,/masters-cyber-security-engineering/lp/cyber-security-engineering/,386,169,448,184,25,11,0.064766839,0.00025071
EML,Paid Search,/masters-engineering-management-leadership/lp/ppc/,384,193,555,304,25,5,0.065104167,-0.039607875
MSAAI,Organic Search,/ai-blogs/,380,7,367,-10,2,2,0.005263158,0.005263158
CyberEng,Paid Social,/masters-cyber-security-engineering/lp/cyber-security-engineering/,375,-47,413,-54,37,13,0.098666667,0.041794629
Informatics,Organic Search,/8-technologies-changing-healthcare/,360,116,362,106,1,1,0.002777778,0.002777778
CyberOps,Organic Search,/top-100-cybersecurity-companies/,357,-54,358,-44,1,1,0.00280112,0.00280112
CyberOps,Direct,/top-cyber-security-threats/,349,140,338,123,0,0,0,0
MSITL,Paid Search,/masters-information-technology-leadership/lp/ppc/,337,77,513,157,23,6,0.068249258,0.002864643
Informatics,Paid Search,/masters-health-informatics/lp/study-health-informatics/,332,62,445,85,28,14,0.084337349,0.032485498
MSHA,Organic Search,/humanitarian-careers/,324,-6,346,-6,2,0,0.00617284,0.000112233
LEPSL,Paid Social,/masters-law-enforcement-leadership/lp/law-enforcement/,324,43,342,43,9,-4,0.027777778,-0.018485567
(default) (not set),Paid Search,/,319,58,444,67,2,1,0.006269592,0.002438175
MSHA,Paid Social,/masters-humanitarian-action/lp/humanitarian-action/,318,48,362,49,25,-1,0.078616352,-0.017679944
MTS,Organic Search,/what-is-liturgy/,311,-5,333,-1,0,0,0,0
MSLDT,Paid Search,/masters-learning-design-technology/lp/study-learning-design-technology/,310,18,427,45,24,5,0.077419355,0.012350862
MSAAI,Organic Search,/artificial-intelligence-jobs/,288,-158,314,-163,1,-1,0.003472222,-0.001012083
MED,Organic Search,/teacher-centered-vs-student-centered-learning/,282,-52,283,-103,1,1,0.003546099,0.003546099
MED,Referral,/education-inequity-and-homework/,270,-49,302,-63,0,0,0,0
MTS,Organic Search,/serving-god/,265,-54,280,-96,0,0,0,0
MSAAI,Paid Search,/masters-applied-artificial-intelligence/lp/study-artificial-intelligence/,263,17,387,6,35,12,0.133079848,0.039583913
(default) (not set),Organic Search,/how-to-become-an-entrepreneur/,256,33,265,21,0,0,0,0
MSAAI,Direct,/artificial-intelligence-business/,248,56,236,61,0,0,0,0
MSLDT,Organic Search,/kirkpatrick-training-evaluation-model/,243,-21,238,-16,0,-2,0,-0.007575758
MED,Organic Search,/brain-based-learning/,242,-122,230,-142,0,-1,0,-0.002747253
MSAAI,Direct,/masters-applied-artificial-intelligence/,234,-86,415,-117,6,1,0.025641026,0.010016026
(default) (not set),Direct,/employer-partnership/axos/,230,223,264,258,0,0,0,0
MED,Direct,/life-skills-education-in-schools/,223,-43,211,-59,0,0,0,0
LEPSL,Organic Search,/10-innovative-police-technologies/,223,-9,232,10,0,0,0,0
MSHA,Organic Search,/how-to-become-diplomat/,222,-74,250,-62,0,0,0,0
(default) (not set),Organic Search,/,217,-31,337,-15,1,1,0.004608295,0.004608295
MSAAI,Referral,/artificial-intelligence-education/,217,54,282,95,0,0,0,0
MSAAI,Organic Search,/application-of-ai-in-robotics/,215,-43,227,-50,0,0,0,0
MSAAI,Organic Search,/ai-ethicist-career/,212,-7,229,0,0,-2,0,-0.00913242
MSHA,Organic Search,/human-rights-violation-definition/,211,7,218,-15,0,0,0,0
MSAAI,Paid Social,/masters-applied-artificial-intelligence/lp/study-artificial-intelligence/,211,-552,228,-662,6,-42,0.028436019,-0.034473549
Informatics,Direct,/masters-health-informatics/,211,-23,380,-20,4,1,0.018957346,0.006136833
MTS,Organic Search,/catholic-charism-comparison/,207,23,212,17,0,0,0,0
MSLDT,Paid Social,/masters-learning-design-technology/lp/study-learning-design-technology/,204,123,204,118,4,3,0.019607843,0.007262164
MSITL,Organic Search,/information-technology-trends/,199,100,205,101,0,0,0,0
MED,Paid Search,/masters-education/lp/online-med/,199,28,294,30,15,-14,0.075376884,-0.094213759
MED,Organic Search,/cooperative-learning-strategies/,193,23,201,14,1,0,0.005181347,-0.000701006
CyberEng,Organic Search,/cyber-security-statistics/,190,99,189,102,0,0,0,0
MED,Organic Search,/teaching-to-every-students-unique-learning-style/,189,15,216,9,1,-3,0.005291005,-0.0176975
MSLDT,Direct,/addie-model-instructional-design/,189,147,187,139,0,0,0,0
MSAAI,Organic Search,/masters-applied-artificial-intelligence/,188,-53,304,-149,3,-8,0.015957447,-0.029685707
EML,Organic Search,/future-engineering-trends/,187,35,197,43,0,0,0,0
Data Science,Display,/masters-applied-data-science/apply/,186,184,186,184,0,0,0,0
LEPSL,Direct,/10-innovative-police-technologies/,181,31,171,24,0,0,0,0
MTS,Organic Search,/theology-careers/,175,-25,181,-37,0,0,0,0
MSHA,Organic Search,/humanitarian-intervention-success-stories/,172,-137,177,-137,0,0,0,0
MSLDT,Organic Search,/instructional-design-models/,172,-13,161,-16,0,-1,0,-0.005405405
Informatics,Organic Search,/health-information-technology-jobs-salary/,171,21,182,20,1,1,0.005847953,0.005847953
Informatics,Organic Search,/masters-health-informatics/,170,26,323,46,5,1,0.029411765,0.001633987
LEPSL,Direct,/masters-law-enforcement-leadership/,169,-29,253,-29,7,6,0.041420118,0.036369613
MSLDT,Organic Search,/job-aid-examples-template/,169,31,180,50,1,1,0.00591716,0.00591716
MTS,Paid Social,/masters-theological-studies/lp/ppc/,166,-118,170,-142,3,-11,0.018072289,-0.031223485
MED,Organic Search,/effective-educational-leadership/,166,-34,223,-37,2,-1,0.012048193,-0.002951807
MSAAI,Organic Search,/ai-trainer/,163,6,188,20,2,2,0.012269939,0.012269939
LEPSL,Organic Search,/police-communication-important-today/,161,-13,165,-25,0,0,0,0
MSAAI,Organic Search,/entry-level-ai-careers/,160,-50,172,-67,0,-1,0,-0.004761905
MED,Organic Search,/careers-masters-curriculum-instruction/,156,9,154,-7,0,0,0,0
LEPSL,Organic Search,/masters-law-enforcement-leadership/,154,0,232,-41,2,1,0.012987013,0.006493506
CyberOps,Organic Search,/top-cyber-security-blogs-websites/,154,-39,147,-34,0,0,0,0
(default) (not set),Direct,/about/state-authorization-status/,153,-11,180,13,0,0,0,0
Informatics,Paid Search,/masters-health-informatics/lp/study-healthcare-analytics/,151,-87,193,-85,9,-1,0.059602649,0.017585842
MSHA,Organic Search,/theory-of-change/,148,-15,141,-16,1,1,0.006756757,0.006756757
MSHA,Organic Search,/examples-of-social-change/,146,-7,158,1,0,0,0,0
MSAAI,Direct,/ai-impact-on-job-market/,146,-59,143,-79,0,0,0,0
MSAAI,Organic Search,/artificial-intelligence-finance/,145,-11,139,-8,0,-1,0,-0.006410256
MSITL,Organic Search,/it-job-titles/,142,-39,143,-30,0,0,0,0
MED,Organic Search,/rethinking-education-assessment-types/,142,-13,137,-10,0,0,0,0
MTS,Direct,/serving-god/,139,15,139,8,0,0,0,0
MSITL,Paid Social,/masters-information-technology-leadership/lp/ppc/,139,-63,193,-75,21,3,0.151079137,0.061970226
CyberEng,Direct,/masters-cyber-security-engineering/,138,-1,181,14,1,1,0.007246377,0.007246377
MSHA,Organic Search,/logical-framework-approach/,136,9,116,-8,0,0,0,0
MSLDT,Organic Search,/create-employee-training-program/,134,48,153,62,0,0,0,0
MED,Direct,/complete-list-teaching-methods/,131,-84,133,-94,0,-1,0,-0.004651163
MSHA,Organic Search,/international-aid-worker-tips/,130,-46,141,-58,0,-2,0,-0.011363636
MESH,Organic Search,/climate-change-careers/,129,0,127,-9,0,0,0,0
MED,Organic Search,/adaptive-curriculum-for-special-education/,127,14,134,9,0,0,0,0
LEPSL,Organic Search,/what-is-intelligence-led-policing/,127,27,129,33,0,0,0,0
(default) (not set),Paid Social,/lp/apply-now/,126,-5,129,-6,0,0,0,0
MSNP,Organic Search,/nonprofit-jobs/,121,-6,124,-8,0,0,0,0
MSAAI,Direct,/artificial-intelligence-jobs/,121,-23,129,-16,1,1,0.008264463,0.008264463
MSNP,Direct,/masters-nonprofit-leadership-management/,121,-2,200,-60,5,0,0.041322314,0.000671908
CyberOps,Direct,/top-cyber-security-blogs-websites/,119,-1,109,-2,0,0,0,0
MED,Organic Search,/manage-cell-phones-in-class-tips/,118,-27,125,-31,0,0,0,0
MSNP,Organic Search,/best-nonprofit-degrees/,117,20,129,14,0,0,0,0
MED,Organic Search,/summer-jobs-teachers/,115,7,119,14,0,0,0,0
MED,Organic Search,/what-is-educational-technology-definition-examples-impact/,115,11,126,6,0,0,0,0
Data Science,Paid Search,/masters-applied-data-science/lp/study-data-science/,114,-9,130,-26,6,-4,0.052631579,-0.028669234
MED,Organic Search,/teacher-cover-letter-examples/,113,3,105,5,0,-4,0,-0.036363636
LEPSL,Paid Search,/masters-law-enforcement-leadership/lp/law-enforcement/,112,-46,139,-48,8,-5,0.071428571,-0.01084991
MED,Direct,/teacher-centered-vs-student-centered-learning/,112,-168,103,-189,0,0,0,0
LEPSL,Organic Search,/women-in-law-enforcement/,111,-16,119,-11,0,0,0,0
MTS,Organic Search,/ministry-careers/,110,15,125,29,0,0,0,0
MSHA,Paid Search,/masters-humanitarian-action/lp/humanitarian-action/,110,-8,138,-30,7,-6,0.063636364,-0.046533128
MSLDT,Organic Search,/what-is-instructional-design-examples/,109,-65,114,-86,1,-1,0.009174312,-0.002319941
MED,Organic Search,/faculty/joseph-lathan/,109,0,119,0,0,0,0,0
MESH,Organic Search,/sustainability-scholarships/,107,-27,107,-32,0,0,0,0
MED,Direct,/faculty/joseph-lathan/,106,-14,135,-4,0,0,0,0
MED,Organic Search,/educational-resources-for-teachers/,105,-16,107,-10,1,1,0.00952381,0.00952381
MSLDT,Direct,/kirkpatrick-training-evaluation-model/,104,8,109,21,2,2,0.019230769,0.019230769
MSAAI,Organic Search,/careers-using-python/,104,0,107,-7,0,0,0,0
MSAAI,Direct,/masters-applied-artificial-intelligence/classes/,103,-34,119,-46,1,-2,0.009708738,-0.012189072
(default) (not set),Organic Search,/transformational-leadership/,102,-22,110,-10,0,0,0,0
MED,Direct,/masters-education/,102,9,232,61,2,1,0.019607843,0.008855155
"(default) business-entrepreneurship,computer-science,technology",Display,/ai-for-teachers/,102,100,102,100,0,0,0,0
MESH,Organic Search,/6-best-urban-planning-careers-degree-salary-guide/,101,-17,106,-16,0,0,0,0
Data Science,Organic Search,/sports-analytics-careers/,100,49,105,43,0,-1,0,-0.019607843
(default) (not set),Referral,/employer-partnership/axos/,98,90,112,101,0,0,0,0
MED,Organic Search,/steam-education-in-schools/,97,-26,114,-30,0,0,0,0
MTS,Direct,/what-is-liturgy/,97,-33,109,-45,1,0,0.010309278,0.002616971
MED,Organic Search,/per-pupil-education-spending-by-state/,97,13,101,17,0,0,0,0
MED,Organic Search,/masters-education/,96,29,144,47,2,1,0.020833333,0.00590796
null,Direct,/education-inequity-and-homework/,96,,96,,0,,0,
CyberEng,Organic Search,/masters-cyber-security-engineering/lp/cyber-security-engineering/,95,55,100,44,0,-2,0,-0.05
MSAAI,Direct,/masters-applied-artificial-intelligence/apply/,95,-52,127,-85,15,13,0.157894737,0.144289295
MESH,Organic Search,/community-health-degree-jobs/,94,-3,93,-10,0,0,0,0
MED,Direct,/effective-educational-leadership/,92,-84,113,-86,1,1,0.010869565,0.010869565
MSHA,Organic Search,/types-of-advocacy/,91,-22,88,-26,0,0,0,0
MESH,Direct,/high-paying-environmental-jobs/,90,1,93,-3,0,0,0,0
Informatics,Organic Search,/ai-healthcare/,88,65,89,64,0,0,0,0
CyberOps,Direct,/top-100-cybersecurity-companies/,88,-72,80,-81,0,0,0,0
Data Science,Display,/business-intelligence-certifications/,86,82,86,82,0,0,0,0
Data Science,Direct,/masters-applied-data-science/,86,11,117,14,3,2,0.034883721,0.021550388
MTS,Organic Search,/how-to-become-a-catholic-school-teacher/,85,42,88,36,0,0,0,0
MED,Direct,/brain-based-learning/,84,-18,76,-23,0,0,0,0
MSHA,Organic Search,/top-humanitarian-degrees/,84,5,108,24,1,1,0.011904762,0.011904762
MSNNL,Paid Search,/masters-nursing-leadership/nursing-educator-track/,81,-48,137,-58,2,1,0.024691358,0.01693942
MESH,Organic Search,/ngo-careers/,80,9,86,11,0,-1,0,-0.014084507
LEPSL,Organic Search,/what-style-police-leadership-most-effective/,79,-27,76,-36,0,0,0,0
MED,Direct,/best-masters-degrees-for-teachers/,79,5,80,2,0,0,0,0
EML,Direct,/future-engineering-trends/,79,-3,74,-5,0,0,0,0
MED,Direct,/what-is-educational-technology-definition-examples-impact/,77,-11,80,-3,0,0,0,0
MSLDT,Organic Search,/top-instructional-design-software/,77,3,74,3,0,-1,0,-0.013513514
EML,Organic Search,/senior-engineer-vs-tech-lead-vs-lead-engineer/,77,-23,79,-20,0,0,0,0
EML,Organic Search,/principal-engineer-vs-senior-engineer/,77,-24,84,-16,0,-1,0,-0.00990099
MSLDT,Organic Search,/addie-model-instructional-design/,76,-47,72,-42,0,0,0,0
(default) (not set),Direct,/employer-partnership/guidepoint-security-llc/,75,,66,,0,,0,
MED,Organic Search,/inclusive-education-strategies/,75,-42,85,-36,0,0,0,0
MTS,Organic Search,/how-to-become-a-spiritual-director/,73,-6,83,-1,0,0,0,0
MSLDT,Organic Search,/career-changes-for-teachers/,73,-30,71,-42,0,0,0,0
Informatics,Direct,/8-technologies-changing-healthcare/,73,-10,71,-6,0,0,0,0
CyberOps,Direct,/masters-cyber-security-operations/,73,-29,110,-27,4,3,0.054794521,0.044990599
MED,Direct,/inclusive-education-strategies/,72,4,74,6,0,0,0,0
(default) (not set),Direct,/how-to-become-an-entrepreneur/,72,-130,73,-120,0,0,0,0
MTS,Paid Social,/masters-theological-studies/lp/mts-ppc/,71,60,83,72,7,7,0.098591549,0.098591549
BSN,Paid Search,/bachelors-nursing/,70,,86,,0,,0,
LEPSL,Referral,/masters-law-enforcement-leadership/lp/fop/,70,28,88,41,4,4,0.057142857,0.057142857
MED,Organic Search,/co-teaching-models/,70,-28,71,-20,0,0,0,0
MSNNL,Direct,/masters-nursing-leadership/,69,2,132,-21,0,-3,0,-0.044776119
MSAAI,Direct,/ai-blogs/,69,-34,64,-41,0,0,0,0
MSHA,Direct,/examples-of-social-change/,69,4,64,-4,0,0,0,0
Informatics,Paid Social,/nursing-informatics-vs-health-informatics/,69,,75,,0,,0,
(default) (not set),Organic Search,/student-support/office-of-financial-aid-services/,69,12,72,9,0,0,0,0
(default) (not set),Direct,/admissions/,66,10,76,10,0,-2,0,-0.035714286
MSHA,Organic Search,/social-advocacy-definition/,66,17,62,16,0,0,0,0
CyberEng,Organic Search,/masters-cyber-security-engineering/,66,11,75,-4,1,1,0.015151515,0.015151515
MSLDT,Direct,/create-employee-training-program/,65,18,59,12,0,0,0,0
MESH,Organic Search,/career-changes-for-engineers/,65,-12,73,-6,0,0,0,0
MSITL,Direct,/masters-information-technology-leadership/,64,25,81,20,0,-1,0,-0.025641026
LEPSL,Direct,/masters-law-enforcement-leadership/classes/,63,24,83,39,1,1,0.015873016,0.015873016
MED,Organic Search,/differentiated-instruction/,63,-13,68,-5,0,0,0,0
MSAAI,Organic Search,/artificial-intelligence-scholarships/,62,14,72,17,3,3,0.048387097,0.048387097
LEPSL,Organic Search,/top-5-trends-in-law-enforcement/,62,1,70,6,0,0,0,0
MSAAI,Organic Search,/artificial-intelligence-courses-and-certifications/,62,-46,66,-44,1,0,0.016129032,0.006869773
MTS,Organic Search,/what-is-lay-ministry/,62,18,68,20,0,0,0,0
MED,Direct,/instructional-leadership/,61,16,61,20,0,0,0,0
(default) (not set),Direct,/programs/,61,11,65,-7,0,-2,0,-0.04
MESH,Direct,/masters-engineering-sustainability-health/,61,12,80,23,0,0,0,0
MSAAI,Direct,/application-of-ai-in-robotics/,60,-11,62,-8,0,0,0,0
MSHA,Direct,/human-rights-violation-definition/,59,-3,58,-11,0,0,0,0
MED,Organic Search,/instructional-leadership/,58,-13,50,-21,0,0,0,0
MSNP,Organic Search,/ngo-vs-nonprofit/,58,-1,52,-8,0,0,0,0
MSLDT,Direct,/instructional-design-models/,58,-44,59,-50,0,0,0,0
MTS,Organic Search,/nature-spirituality/,57,21,54,14,0,0,0,0
Informatics,Paid Social,/health-data-analyst/,57,,67,,0,,0,
(default) business-entrepreneurship,Organic Search,/best-engineering-software/,56,17,57,20,0,0,0,0
MSITL,Organic Search,/it-careers-after-help-desk/,56,-7,55,-6,0,0,0,0
CyberEng,Direct,/cyber-security-statistics/,56,20,55,23,0,0,0,0
Informatics,Paid Social,/masters-health-informatics/lp/study-health-informatics/,56,-1,83,23,8,7,0.142857143,0.125313283
MSLDT,Direct,/masters-learning-design-technology/,55,-68,120,-87,0,-1,0,-0.008130081
MESH,Direct,/masters-engineering-sustainability-health/apply/,55,23,92,56,0,0,0,0
MSLDT,Organic Search,/learning-objectives-examples/,55,-21,50,-26,0,0,0,0
CyberOps,Organic Search,/ethical-hacker-career-salary-guide/,55,-24,55,-35,0,0,0,0
MTS,Organic Search,/jobs-for-catholics/,55,-24,64,-24,0,0,0,0
MSAAI,Organic Search,/best-artificial-intelligence-degrees/,54,-8,57,-8,0,-1,0,-0.016129032
MSAAI,Direct,/ai-ethicist-career/,54,-8,54,-7,0,0,0,0
MTS,Direct,/masters-theological-studies/,53,-16,103,-16,4,4,0.075471698,0.075471698
MSNP,Organic Search,/nonprofit-executive-director/,52,-1,46,-13,0,0,0,0
LEPSL,Organic Search,/why-police-officer-education-is-important/,52,-8,55,-4,0,0,0,0
MED,Referral,/brain-based-learning/,52,20,44,17,0,0,0,0
MSNNL,Paid Search,/masters-nursing-leadership/nursing-informatics-track/,52,3,101,13,2,1,0.038461538,0.018053375
EML,Direct,/masters-engineering-management-leadership/,52,-82,74,-107,1,1,0.019230769,0.019230769
MESH,Organic Search,/jobs-that-make-difference/,52,14,54,16,0,0,0,0
MSITL,Organic Search,/technology-degrees/,51,-12,50,-17,0,0,0,0
MSAAI,Organic Search,/machine-learning-podcast/,51,-19,49,-23,0,0,0,0
(default) (not set),Unknown - tradedesk / dooh,/,51,38,51,38,0,0,0,0
MED,Direct,/best-paying-school-districts-ca-teachers/,50,15,50,14,0,0,0,0
MED,Direct,/teaching-to-every-students-unique-learning-style/,50,-23,63,-21,1,1,0.02,0.02
(default) (not set),Direct,/tuition-financial-aid/,50,6,73,5,0,0,0,0
MED,Direct,/cooperative-learning-strategies/,50,-12,50,-6,0,0,0,0
MESH,Organic Search,/environmental-justice-careers/,49,7,54,13,0,0,0,0
CyberOps,Direct,/ethical-hacker-career-salary-guide/,49,-3,61,3,1,1,0.020408163,0.020408163
CyberOps,Organic Search,/best-jobs-in-cyber-security/,49,19,52,21,0,0,0,0
Data Science,Paid Social,/masters-applied-data-science/lp/study-data-science/,49,-266,52,-285,1,-10,0.020408163,-0.014512472
MSHA,Direct,/humanitarian-careers/,48,-131,48,-133,0,0,0,0
MTS,Organic Search,/why-study-theology/,48,-8,44,-15,0,0,0,0
MSAAI,Referral,/artificial-intelligence-business/,48,-18,45,-20,0,-2,0,-0.03030303
CyberEng,Direct,/masters-cyber-security-engineering/classes/,47,-17,56,-11,0,-1,0,-0.015625
Data Science,Organic Search,/quantitative-analyst-career/,47,-38,45,-40,0,0,0,0
(default) (not set),Direct,/employer-partnership/,47,5,56,2,3,2,0.063829787,0.040020263
EML,Organic Search,/engineering-manager-skills/,46,-1,54,10,1,1,0.02173913,0.02173913
MSNP,Organic Search,/nonprofit-operations-career/,46,-6,46,-7,1,1,0.02173913,0.02173913
MED,Organic Search,/master-education-vs-master-arts-teaching/,46,4,52,5,0,0,0,0
Informatics,Paid Social,/what-skills-do-you-need-to-work-in-health-care-informatics/,46,,48,,0,,0,
MSAAI,Direct,/artificial-intelligence-finance/,46,-30,44,-28,0,0,0,0
BSN,Direct,/bachelors-nursing/,46,,51,,1,,0.02173913,
MED,Referral,/complete-list-teaching-methods/,46,4,39,-9,0,0,0,0
MSLDT,Organic Search,/instructional-technology-tools/,45,-18,44,-18,1,0,0.022222222,0.006349206
CyberEng,Organic Search,/black-vs-gray-vs-white-hat-hackers/,45,-6,44,-4,0,0,0,0
EML,Organic Search,/engineering-management-leadership-certifications/,45,1,49,8,0,0,0,0
MTS,Direct,/catholic-charism-comparison/,45,-21,44,-26,0,0,0,0
(default) (not set),Direct,/forms/,45,7,115,32,5,1,0.111111111,0.005847953
MSAAI,Direct,/ai-trainer/,45,-7,57,2,0,0,0,0
MED,Direct,/steam-education-in-schools/,45,-24,42,-28,0,0,0,0
(default) (not set),Organic Search,/programs/,44,-26,56,-41,0,0,0,0
CyberEng,Direct,/masters-cyber-security-engineering/apply/,44,5,44,3,0,0,0,0
(default) (not set),Organic Search,/bringing-a-product-to-market/,44,9,44,11,0,0,0,0
MTS,Organic Search,/religious-vocational-discernment/,44,-14,42,-20,0,0,0,0
(default) (not set),Direct,/admissions/how-to-apply/,44,-15,58,-7,2,0,0.045454545,0.01155624
MED,Direct,/best-teacher-blogs/,43,35,66,55,0,0,0,0
MED,Organic Search,/teach-in-private-or-public-school/,43,12,51,18,0,0,0,0
Data Science,Direct,/masters-applied-data-science/classes/,42,-3,51,-12,0,0,0,0
MTS,Organic Search,/liturgy-of-the-hours/,42,-39,40,-43,0,0,0,0
MSHA,Direct,/theory-of-change/,42,10,40,10,0,0,0,0
CyberEng,Organic Search,/cyber-security-salary-california/,42,13,43,13,0,0,0,0
MSHA,Direct,/masters-humanitarian-action/,42,-28,85,-35,0,0,0,0
MSLDT,Organic Search,/how-to-become-a-curriculum-designer/,41,1,49,9,2,0,0.048780488,-0.001219512
MSNP,Organic Search,/grant-writer-career/,41,-19,43,-28,0,0,0,0
CyberEng,Organic Search,/cybersecurity-vs-it-degree/,40,-2,42,-3,0,0,0,0
CyberEng,Organic Search,/cyber-crime-investigator-career/,40,-23,41,-27,0,0,0,0
MED,Direct,/rethinking-education-assessment-types/,40,-9,40,-13,0,0,0,0
MSNP,Organic Search,/public-administration-careers/,39,-4,38,-6,0,0,0,0
MTS,Paid Search,/masters-theological-studies/apply/,39,-5,48,-28,0,0,0,0
CyberOps,Referral,/top-cyber-security-threats/,39,29,37,25,0,0,0,0
MSAAI,Organic Search,/machine-learning-engineer-career/,39,-4,40,-10,0,0,0,0
MSHA,Direct,/logical-framework-approach/,39,-11,32,-18,0,0,0,0
MSITL,Direct,/it-job-titles/,39,-30,36,-56,0,0,0,0
(default) (not set),Direct,/online-programs/,39,-17,46,-11,0,0,0,0
MSHA,Organic Search,/international-affairs-careers/,38,-23,34,-33,0,0,0,0
MESH,Organic Search,/top-degrees-for-social-justice-careers/,38,-10,43,-12,0,0,0,0
MSAAI,Organic Search,/open-source-ai-tools/,38,6,35,-1,1,0,0.026315789,-0.004934211
MTS,Organic Search,/moral-theology/,38,-4,51,-3,1,0,0.026315789,0.002506266
MTS,Organic Search,/philosophy-degree-jobs/,38,-2,38,-3,0,0,0,0
MESH,Direct,/,38,21,82,8,0,0,0,0
MED,Organic Social,/education-inequity-and-homework/,37,13,37,1,0,0,0,0
CyberEng,Organic Search,/network-forensics-tools/,37,-21,31,-19,0,0,0,0
MTS,Organic Search,/religious-studies-degree-jobs/,37,2,41,4,0,0,0,0
MSITL,Organic Search,/it-organizational-structure/,37,-12,39,-5,0,0,0,0
MED,Direct,/co-teaching-models/,37,-42,35,-29,0,0,0,0
LEPSL,Direct,/top-5-trends-in-law-enforcement/,37,18,34,16,0,0,0,0
MED,Organic Search,/bilingual-education/,37,5,42,16,2,2,0.054054054,0.054054054
MED,Referral,/teacher-centered-vs-student-centered-learning/,37,-45,36,-48,0,-3,0,-0.036585366
MTS,Organic Search,/what-is-ecospirituality/,36,-7,44,-3,0,0,0,0
MESH,Organic Search,/sustainability-degree-options/,36,5,46,14,0,0,0,0
(default) (not set),Direct,/tuition-financial-aid/tuition/,36,-34,38,-37,0,0,0,0
MSLDT,Organic Search,/instructional-design-interview-questions/,36,4,36,8,0,0,0,0
MTS,Organic Search,/how-to-get-more-involved-in-church/,36,0,42,6,0,0,0,0
MSLDT,Organic Search,/masters-learning-design-technology/lp/study-learning-design-technology/,36,22,38,18,0,0,0,0
MSITL,Direct,/information-technology-trends/,35,-17,35,-16,2,2,0.057142857,0.057142857
Data Science,Organic Search,/data-science-vs-software-engineering/,35,3,37,3,0,0,0,0
MED,Organic Search,/technology-in-the-classroom/,35,-2,32,-5,0,0,0,0
MSLDT,Organic Search,/masters-learning-design-technology/,35,-29,64,-86,1,0,0.028571429,0.012946429
MSHA,Direct,/how-to-become-diplomat/,35,-58,30,-69,0,0,0,0
Data Science,Organic Search,/what-is-data-analytics/,35,2,31,-1,0,0,0,0
MED,Organic Search,/teacher-resume-examples/,35,-20,36,-27,1,-1,0.028571429,-0.007792208
CyberOps,Direct,/masters-cyber-security-operations/classes/,35,9,39,13,0,0,0,0
MED,Organic Search,/education-specialist/,34,1,36,0,0,0,0,0
MED,Referral,/effective-educational-leadership/,34,20,42,12,0,-1,0,-0.071428571
MESH,Direct,/environmental-justice-careers/,34,27,33,27,0,0,0,0
LEPSL,Direct,/lepsl-first-student-ryan-opeka/,34,,38,,0,,0,
MED,Direct,/adaptive-curriculum-for-special-education/,34,-26,33,-22,0,0,0,0
MSHA,Direct,/types-of-advocacy/,33,5,31,1,0,0,0,0
MTS,Organic Search,/how-to-regain-your-faith/,33,-21,39,-18,0,0,0,0
MED,Referral,/life-skills-education-in-schools/,33,25,31,22,0,0,0,0
Informatics,Organic Search,/what-is-health-care-analytics/,33,15,37,21,0,0,0,0
CyberEng,Direct,/network-forensics-tools/,33,24,30,23,0,0,0,0
LEPSL,Direct,/women-in-law-enforcement/,33,9,28,5,0,0,0,0
(default) (not set),Organic Search,/tuition-financial-aid/tuition/,33,-10,38,-1,0,0,0,0
MED,Organic Search,/masters-education-non-teachers-offers-options/,33,12,48,21,0,-1,0,-0.047619048
(default) business-entrepreneurship,Organic Search,/top-engineering-leaders/,33,19,36,18,0,0,0,0
MESH,Organic Search,/sustainability-consultant-career/,33,2,34,-1,0,-1,0,-0.032258065
LEPSL,Direct,/what-style-police-leadership-most-effective/,33,-13,33,-18,0,0,0,0
(default) (not set),Organic Search,/online-programs/,33,-2,37,-5,0,0,0,0
Informatics,Organic Search,/what-is-health-informatics/,32,26,33,26,0,0,0,0
LEPSL,Direct,/police-conflict-management-strategies/,32,25,31,21,0,0,0,0
Data Science,Direct,/masters-applied-data-science/apply/,32,-4,34,-5,0,0,0,0
MESH,Direct,/ngo-careers/,32,-13,39,-8,0,0,0,0
EML,Organic Search,/masters-engineering-management-leadership/,32,-27,59,-47,0,-1,0,-0.016949153
MSLDT,Organic Search,/educational-technology-jobs/,32,5,33,5,0,0,0,0
MED,Organic Search,/what-grade-should-you-teach/,31,-13,31,-13,0,0,0,0
MESH,Organic Search,/blog-msph-vs-mph-degree-comparison/,31,-7,35,-3,0,0,0,0
MSHA,Direct,/international-aid-worker-tips/,31,5,36,4,1,1,0.032258065,0.032258065
Informatics,Direct,/health-information-technology-jobs-salary/,31,8,31,8,0,0,0,0
CyberOps,Organic Search,/cyber-security-information-security-network-security/,31,4,35,10,0,0,0,0
MSITL,Display,/technology-degrees/,31,,31,,0,,0,
Informatics,Direct,/masters-health-informatics/health-informatics-track/,31,-15,39,-9,0,0,0,0
EML,Paid Social,/masters-engineering-management-leadership/lp/ppc/,31,-215,32,-243,2,-14,0.064516129,-0.000524521
LEPSL,Email,/lepsl-first-student-ryan-opeka/,31,,34,,0,,0,
MED,Paid Social,/masters-education/lp/online-med/,31,1,35,4,3,1,0.096774194,0.030107527
MTS,Organic Search,.translate.goog/what-is-liturgy/,30,4,32,2,0,0,0,0
MED,Direct,/,30,4,132,22,0,0,0,0
MED,Direct,/manage-cell-phones-in-class-tips/,30,-19,32,-20,0,0,0,0
EML,Organic Search,/lead-engineer-career/,30,4,31,1,0,-1,0,-0.038461538
CyberOps,Organic Search,/masters-cyber-security-operations/,30,-21,59,-47,0,-2,0,-0.039215686
MSHA,Organic Search,/emergency-management-coordinator-career/,30,-1,34,4,0,0,0,0
MSNP,Direct,/nonprofit-jobs/,30,7,32,10,1,1,0.033333333,0.033333333
LEPSL,Organic Search,/why-military-vets-should-consider-career-in-criminal-justice/,30,-3,35,0,0,0,0,0
MESH,Direct,/masters-engineering-sustainability-health/classes/,29,-1,38,4,0,0,0,0
Data Science,Organic Search,/coding-salary/,29,-7,30,-12,0,0,0,0
MESH,Organic Search,/environmental-science-vs-engineering-degree/,29,-12,32,-12,0,0,0,0
MESH,Organic Search,/best-sustainability-podcasts/,29,-3,24,-6,0,0,0,0
MSNP,Organic Search,/nonprofit-grant-databases/,29,-33,27,-35,0,-1,0,-0.016129032
LEPSL,Organic Search,/faculty/wendy-patrick/,29,7,29,5,0,0,0,0
Data Science,Organic Search,/masters-applied-data-science/,29,-5,51,3,0,0,0,0
MSAAI,Organic Search,/nlp-engineer-career/,29,-1,30,1,1,1,0.034482759,0.034482759
Data Science,Organic Search,/companies-hiring-data-scientists/,29,0,32,1,0,0,0,0
MSAAI,Direct,/ai-research-scientist-career/,29,-2,38,6,0,0,0,0
MED,Direct,/educational-resources-for-teachers/,29,-10,35,-3,0,0,0,0
MED,Organic Search,/,29,4,98,24,0,0,0,0
MSAAI,Organic Search,/masters-applied-artificial-intelligence/apply/,29,-11,42,-31,6,6,0.206896552,0.206896552
LEPSL,Email,/masters-law-enforcement-leadership/,28,-22,34,-23,0,-1,0,-0.02
MSNP,Organic Search,/nonprofit-board-governance/,28,10,27,10,0,0,0,0
MTS,Organic Search,/st-francis-of-assisi-and-franciscan-theology/,28,-5,30,-2,0,0,0,0
MED,Organic Search,/best-teacher-blogs/,28,-2,27,-9,0,0,0,0
MSITL,Direct,/it-careers-after-help-desk/,28,13,29,13,0,0,0,0
MSAAI,Organic Search,/masters-applied-artificial-intelligence/classes/,28,-11,29,-28,0,-2,0,-0.051282051
MSHA,Organic Search,/humanitarian-aid-certificate-courses/,27,3,35,3,0,0,0,0
Informatics,Organic Search,/health-information-management-vs-health-informatics/,27,3,28,3,0,0,0,0
MSAAI,Referral,/masters-applied-artificial-intelligence/,27,-20,54,-72,1,-5,0.037037037,-0.090622537
MSLDT,Direct,/what-is-instructional-design-examples/,27,-34,29,-31,0,0,0,0
Informatics,Paid Search,/masters-health-informatics/,27,1,33,-15,1,0,0.037037037,-0.001424501
MED,Direct,/masters-education/specializations/special-ed/,27,-12,34,-42,0,0,0,0
(default) (not set),Direct,/offers/oed-leads/,27,-2,36,3,0,0,0,0
MTS,Organic Search,/ways-to-deepen-your-faith/,27,-15,29,-18,0,0,0,0
MSAAI,Direct,/ethics-in-artificial-intelligence/,27,-5,27,-4,0,0,0,0
MSAAI,Direct,/entry-level-ai-careers/,27,-6,33,1,0,0,0,0
MSLDT,Organic Search,/top-instructional-design-skills/,27,8,27,3,0,0,0,0
Informatics,Organic Search,/nurse-leader-vs-nurse-manager/,27,-2,30,-2,0,0,0,0
MSAAI,Organic Search,/ai-governance/,27,-11,28,-4,0,-2,0,-0.052631579
MSAAI,Organic Search,/introduction-to-computer-vision/,26,14,29,12,0,0,0,0
MSAAI,Direct,/artificial-intelligence-scholarships/,26,1,28,3,0,0,0,0
MSNP,Organic Search,/masters-nonprofit-leadership-management/,26,-23,44,-42,0,-5,0,-0.102040816
LEPSL,Direct,/masters-law-enforcement-leadership/apply/,26,1,25,1,0,0,0,0
LEPSL,Direct,/police-communication-important-today/,26,-14,26,-15,0,0,0,0
MESH,Organic Search,/sustainability-engineer-career/,26,1,30,7,0,0,0,0
Data Science,Organic Search,/data-communication/,26,-2,24,-8,0,0,0,0
LEPSL,Referral,/masters-law-enforcement-leadership/,26,-1,52,3,0,0,0,0
Informatics,Direct,/masters-health-informatics/apply/,26,-5,45,16,3,2,0.115384615,0.083126551
EML,Direct,/senior-engineer-vs-tech-lead-vs-lead-engineer/,26,9,25,10,0,0,0,0
Informatics,Organic Search,/what-skills-do-you-need-to-work-in-health-care-informatics/,25,0,25,0,0,0,0,0
Informatics,Direct,/what-is-health-care-analytics/,25,17,18,11,0,0,0,0
MSLDT,Direct,/top-instructional-design-software/,25,-8,27,-7,0,-1,0,-0.03030303
MESH,Paid Search,/masters-engineering-sustainability-health/,25,5,35,8,0,0,0,0
MSITL,Organic Search,/systems-engineer-career/,25,-1,22,-4,0,0,0,0
MSHA,Organic Search,/refugee-aid-careers/,25,-9,26,-17,0,0,0,0
BSN,Organic Search,/bachelors-nursing/,25,,22,,0,,0,
Informatics,Organic Search,/masters-health-informatics/apply/,25,5,26,2,0,0,0,0
Informatics,Direct,/masters-health-informatics/classes/,25,-1,38,13,0,0,0,0
CyberEng,Referral,/masters-cyber-security-engineering/,24,19,27,19,2,2,0.083333333,0.083333333
MED,Organic Search,/masters-education/specializations/steam/,24,-17,26,-26,1,1,0.041666667,0.041666667
(default) (not set),Referral,,24,19,62,57,28,28,1.166666667,1.166666667
MESH,Direct,/6-best-urban-planning-careers-degree-salary-guide/,24,1,24,-1,0,0,0,0
MSNNL,Paid Search,/masters-nursing-leadership/apply/,24,-52,26,-73,0,-1,0,-0.013157895
MTS,Direct,/nature-spirituality/,24,-6,17,-9,0,0,0,0
MED,Direct,/masters-education/specializations/curriculum-and-instruction/,24,1,35,6,0,0,0,0
MSAAI,Direct,/resources/msaai-online-artificial-intelligence-self-assessment/,24,-18,29,-29,0,0,0,0
Data Science,Organic Search,/business-analyst-vs-data-analyst-vs-data-scientist/,24,12,27,16,0,0,0,0
Informatics,Direct,/healthcare/,23,6,33,15,0,0,0,0
Data Science,Organic Search,/career-data-mining/,23,5,26,6,0,0,0,0
MED,Referral,/inclusive-education-strategies/,23,8,18,2,0,0,0,0
LEPSL,Email,/resources/law-enforcement-careers-ebook/,23,14,43,23,9,5,0.391304348,-0.053140097
MSHA,Direct,/humanitarian-intervention-success-stories/,23,-41,21,-50,0,-1,0,-0.015625
EML,Direct,/chief-engineer-officer-career/,23,17,23,17,0,0,0,0
Data Science,Organic Search,/business-intelligence-certifications/,23,-7,27,-4,0,0,0,0
MSAAI,Organic Search,/artificial-intelligence-bootcamps/,23,-6,23,-6,0,0,0,0
Data Science,Organic Search,/data-scientist-salary-guide/,23,-5,32,2,0,0,0,0
MSLDT,Organic Search,/articulate-vs-captivate/,23,5,21,5,0,0,0,0
LEPSL,Organic Search,/criminal-justice-masters-degree-comparison/,23,-13,27,-12,0,0,0,0
MSLDT,Organic Search,/instructional-design-portfolio/,23,9,23,8,0,0,0,0
Data Science,Organic Search,/best-degrees-data-science/,23,6,23,6,0,0,0,0
MESH,Organic Search,/best-sustainability-certifications/,23,2,23,0,0,0,0,0
MSAAI,Organic Search,/ethics-in-artificial-intelligence/,23,-14,21,-14,0,0,0,0
MSAAI,Organic Search,/ai-research-scientist-career/,23,-2,23,-2,0,0,0,0
MSLDT,Direct,/job-aid-examples-template/,23,-21,22,-21,0,0,0,0
MSNP,Organic Search,/benefits-of-working-in-nonprofit/,23,-8,23,-9,0,0,0,0
MESH,Direct,/sustainability-scholarships/,22,-4,19,-8,0,0,0,0
MSAAI,Referral,/artificial-intelligence-finance/,22,17,30,21,0,0,0,0
Informatics,Organic Search,/do-you-need-health-informatics-certification/,22,-1,20,-11,0,0,0,0
MED,Direct,/blog/education/,22,10,21,6,0,0,0,0
MTS,Organic Search,/masters-theological-studies/,22,-4,39,-51,0,0,0,0
Informatics,Organic Search,/,22,4,70,14,0,0,0,0
CyberOps,Organic Search,/10-reasons-to-get-your-masters-degree-in-cyber-security/,22,3,25,4,0,0,0,0
LEPSL,Direct,/masters-law-enforcement-leadership/faculty/,22,16,22,18,0,0,0,0
MESH,Direct,/climate-change-careers/,22,1,20,-2,0,0,0,0
MSNNL,Organic Search,/what-is-a-nurse-administrator/,22,7,20,3,0,0,0,0
Informatics,Direct,/masters-health-informatics/health-analytics-track/,22,-23,19,-39,0,-2,0,-0.044444444
MTS,Direct,/theology-careers/,22,-12,22,-16,0,0,0,0
MED,Direct,/resources/the-complete-list-of-teaching-methods/,22,11,31,16,2,1,0.090909091,0
MSAAI,Direct,/introduction-to-computer-vision/,22,16,21,15,0,0,0,0
MSNNL,Direct,/masters-nursing-leadership/classes/,22,2,23,-8,0,0,0,0
Informatics,Organic Search,/mha-vs-mph-vs-ms-health-informatics/,21,6,28,9,0,0,0,0
MESH,Organic Search,/environmental-scientist-career/,21,-11,22,-8,0,0,0,0
MSLDT,Referral,/instructional-design-models/,21,-38,27,-30,2,2,0.095238095,0.095238095
MSNP,Direct,/,21,5,117,4,1,0,0.047619048,-0.014880952
(default) (not set),Organic Search,/admissions/,21,-5,22,-8,0,-1,0,-0.038461538
MSITL,Paid Search,/masters-information-technology-leadership/classes/applied-ai-specialization/,21,-2,68,32,1,-1,0.047619048,-0.039337474
MSNP,Direct,/masters-nonprofit-leadership-management/classes/,21,-12,28,-6,0,0,0,0
MESH,Organic Search,/community-health-worker-certification/,21,-11,27,-7,0,0,0,0
MSITL,Organic Search,/it-leadership/,21,3,19,0,0,0,0,0
Informatics,Organic Search,/big-tech-invest-health-care-innovations-informatics/,21,18,19,16,0,0,0,0
(default) business-entrepreneurship,Direct,/best-engineering-software/,21,11,21,11,0,0,0,0
MESH,Direct,/environmental-scientist-career/,21,-1,23,0,0,0,0,0
LEPSL,Organic Search,/police-conflict-management-strategies/,21,-29,27,-25,0,0,0,0
MSAAI,Direct,/masters-applied-artificial-intelligence/lp/study-artificial-intelligence/,21,-5,27,-1,1,1,0.047619048,0.047619048
(default) (not set),Direct,/admitted-students/,21,-20,19,-23,0,0,0,0
EML,Organic Search,/manage-engineering-team/,21,0,18,-3,0,0,0,0
Informatics,Organic Search,/masters-health-informatics/health-analytics-track/,21,5,25,-1,1,-1,0.047619048,-0.077380952
Informatics,Referral,/8-technologies-changing-healthcare/,21,7,20,7,0,0,0,0
MED,Direct,/teacher-cover-letter-examples/,21,13,17,9,0,0,0,0
MSITL,Organic Search,/it-career-paths/,21,-2,23,2,0,0,0,0
LEPSL,Organic Search,/promoting-women-in-law-enforcement-leadership/,21,6,25,9,0,0,0,0
MESH,Paid Search,/masters-engineering-sustainability-health/apply/,21,9,22,9,0,0,0,0
Informatics,Direct,/education/,20,-8,20,-8,0,0,0,0
MSAAI,Direct,/employer-partnership/axos/,20,,81,,0,,0,
(default) (not set),Paid Search,/admissions/how-to-apply/,20,5,24,9,0,0,0,0
(default) (not set),Organic Search,/how-to-start-a-business/,20,3,18,-2,0,0,0,0
MSAAI,Direct,/artificial-intelligence-courses-and-certifications/,20,0,19,2,0,0,0,0
MSAAI,Organic Search,/,20,7,89,27,0,-1,0,-0.076923077
MSAAI,Referral,/ai-blogs/,20,16,19,15,0,0,0,0
MSLDT,Direct,/learning-objectives-examples/,20,-14,19,-22,0,0,0,0
Informatics,Paid Search,/,20,-13,70,-65,0,0,0,0
MED,Organic Search,/grants-for-masters-degree-in-teaching/,20,15,22,16,0,0,0,0
MESH,Organic Search,/masters-engineering-sustainability-health/lp/ppc/,20,17,24,21,0,0,0,0
MED,Direct,/careers-masters-curriculum-instruction/,20,-2,20,-2,0,0,0,0
Data Science,Direct,/sports-analytics-careers/,20,12,20,12,0,0,0,0
MSLDT,Organic Search,/instructional-design-best-practices/,20,0,17,-2,0,-1,0,-0.05
MTS,Organic Search,/faith-formation/,20,8,18,5,1,1,0.05,0.05
MSNP,Organic Search,/donor-management-software/,20,-7,17,-11,0,0,0,0
MSNP,Direct,/public-administration-careers/,20,11,19,10,0,0,0,0
Informatics,Organic Search,/masters-health-informatics/lp/health-informatics-for-nurses/,20,12,32,16,0,0,0,0
Informatics,Paid Search,/healthcare/,20,15,19,14,0,0,0,0
CyberEng,Direct,/cyber-crime-investigator-career/,20,-1,23,3,0,0,0,0
(default) (not set),Direct,/tuition-financial-aid/additional-funding-options/,19,10,15,9,0,0,0,0
"(default) business-entrepreneurship,computer-science,technology",Organic Search,/ai-for-teachers/,19,-48,17,-52,0,0,0,0
MSLDT,Organic Search,/what-is-learning-design/,19,-4,22,-7,0,0,0,0
MESH,Direct,/environmental-planner-career/,19,13,18,13,0,0,0,0
MSITL,Organic Search,/information-systems-vs-information-technology/,19,16,18,15,0,0,0,0
MSLDT,Organic Social,/masters-learning-design-technology/,19,-23,25,-20,0,0,0,0
(default) (not set),Referral,/,19,-2,27,-4,8,8,0.421052632,0.421052632
MSLDT,Direct,/instructional-technology-tools/,19,-16,21,-17,0,0,0,0
MED,Direct,/masters-education/specializations/school-leadership/,19,-1,22,-5,0,0,0,0
BSN,Direct,/bachelors-nursing/bachelors-nursing-lp-ppc/,19,14,23,18,0,0,0,0
LEPSL,Organic Search,/criminal-justice/,19,3,36,13,0,0,0,0
EML,Direct,/engineering-manager-skills/,19,0,17,-2,0,0,0,0
MSHA,Organic Search,/what-makes-a-good-humanitarian-important-skills/,19,-2,19,-2,0,0,0,0
MED,Direct,/differentiated-instruction/,19,-49,20,-40,0,0,0,0
MESH,Organic Search,/environmental-consultant-career/,19,6,20,8,0,0,0,0
MESH,Direct,/best-sustainability-podcasts/,19,12,19,12,0,0,0,0
MED,Organic Search,/can-you-teach-with-a-bachelors-degree/,19,-5,20,-6,0,0,0,0
EML,Direct,/engineering-management-leadership-certifications/,18,10,17,10,0,0,0,0
CyberOps,Direct,/faculty/michelle-moore/,18,5,24,11,0,0,0,0
MESH,Organic Search,/masters-engineering-sustainability-health/classes/,18,3,21,0,0,0,0,0
MED,Organic Search,/teacher-salaries-analysis/,18,0,21,6,0,0,0,0
CyberOps,Organic Search,/cybersecurity-jobs-report/,18,4,19,4,0,0,0,0
CyberEng,Organic Search,/cyber-security-vs-software-engineering/,18,-3,20,-3,0,0,0,0
MED,Organic Search,/masters-education/specializations/,18,-11,18,-9,0,0,0,0
CyberEng,Paid Search,/masters-cyber-security-engineering/,18,-6,19,-9,0,0,0,0
MSAAI,Direct,/resources/free-ms-aai-program-brochure/,18,-9,35,-6,2,0,0.111111111,0.037037037
MSAAI,Paid Search,/masters-applied-artificial-intelligence/,18,-32,33,-40,0,-2,0,-0.04
MSAAI,Direct,/careers-using-python/,18,2,17,-1,0,0,0,0
Informatics,Paid Search,/masters-health-informatics/lp/thank-you/,18,13,19,16,7,6,0.388888889,0.188888889
MESH,Organic Search,/environmental-planner-career/,18,-2,27,9,0,0,0,0
MTS,Organic Search,.translate.goog/serving-god/,18,1,18,1,0,0,0,0
MSNP,Organic Search,/business-masters-degrees-types/,18,-16,20,-14,0,0,0,0
(default) (not set),Direct,,18,7,19,8,0,0,0,0
MSNP,Direct,/best-nonprofit-degrees/,18,1,19,-17,0,0,0,0
Informatics,Direct,/,18,-19,71,-41,0,0,0,0
EML,Organic Search,/masters-engineering-management-leadership/lp/ppc/,18,11,23,16,0,0,0,0
MSLDT,Referral,/addie-model-instructional-design/,18,17,16,15,0,0,0,0
MESH,Organic Search,/environmental-policy-analyst-career/,18,-14,20,-13,0,0,0,0
MTS,Organic Search,/franciscan-theology-reading-list/,18,6,19,5,0,0,0,0
MSLDT,Referral,/masters-learning-design-technology/lp/osu/,18,3,25,-5,0,0,0,0
MTS,Display,/masters-theological-studies/lp/dyna/,18,1,18,0,0,0,0,0
Informatics,Paid Social,/masters-health-informatics/lp/request-info/,18,7,19,8,0,0,0,0
Informatics,Organic Search,/masters-health-informatics/classes/,17,13,46,40,0,0,0,0
MSAAI,Organic Search,/data-scientist-vs-artificial-intelligence-engineer/,17,-4,16,-4,0,0,0,0
MSNNL,Organic Search,/masters-nursing-leadership/,17,9,37,5,0,-1,0,-0.125
MSITL,Organic Search,/masters-information-technology-leadership/,17,3,24,-7,1,1,0.058823529,0.058823529
CyberEng,Organic Search,/masters-cyber-security-engineering/classes/,17,7,13,2,0,0,0,0
(default) (not set),Direct,/campus-programs/,17,5,18,-2,0,-1,0,-0.083333333
MSNP,Organic Search,/nonprofit-fundraising-ideas/,17,10,14,7,0,0,0,0
CyberOps,Direct,/masters-cyber-security-operations/lp/bva-cyber-security-operations-leadership/,17,4,17,3,0,0,0,0
MESH,Organic Search,/climate-change-analyst-career/,17,1,19,-2,0,0,0,0
MSLDT,Organic Search,/instructional-design-vs-learning-experience-design/,17,-4,15,-8,0,-1,0,-0.047619048
LEPSL,Organic Search,/masters-law-enforcement-leadership/classes/,17,-16,20,-22,0,-1,0,-0.03030303
(default) (not set),Paid Search,/tuition-financial-aid/tuition/,17,-3,16,-6,0,0,0,0
MED,Organic Search,/edutainment/,17,10,18,11,0,0,0,0
(default) (not set),Organic Search,/usd-online-alumni/,17,6,16,4,0,0,0,0
Informatics,Email,/masters-health-informatics/,17,7,26,-7,0,-1,0,-0.1
(default) (not set),Direct,/events/,17,2,20,4,0,0,0,0
LEPSL,Organic Search,/risk-management-in-law-enforcement/,17,-5,14,-7,0,0,0,0
MED,Direct,/masters-education/specializations/,17,-4,28,4,0,0,0,0
LEPSL,Organic Search,/masters-law-enforcement-leadership/lp/criminal-justice/,17,-9,24,-14,1,-2,0.058823529,-0.056561086
Informatics,Direct,/what-skills-do-you-need-to-work-in-health-care-informatics/,17,5,19,-2,0,0,0,0
Data Science,Direct,/quantitative-analyst-career/,16,-4,24,6,0,0,0,0
MSNNL,Organic Search,/nursing-leadership-roles/,16,-5,18,-5,0,0,0,0
LEPSL,Organic Search,/police-promotion/,16,0,16,-3,0,0,0,0
MESH,Paid Search,/masters-engineering-sustainability-health/classes/,16,0,28,3,0,0,0,0
MSNP,Paid Search,/masters-nonprofit-leadership-management/,16,7,20,10,1,1,0.0625,0.0625
MTS,Organic Search,/theology-degree-salary/,16,10,17,10,0,0,0,0
MTS,Direct,/religious-vocational-discernment/,16,-13,19,-8,0,0,0,0
MSNP,Referral,/masters-nonprofit-leadership-management/,16,-4,47,15,3,3,0.1875,0.1875
MTS,Direct,/liturgy-of-the-hours/,16,-10,18,-13,0,0,0,0
MED,Referral,/steam-education-in-schools/,16,12,16,13,0,0,0,0
(default) (not set),Direct,/admissions/international-students/,16,-3,20,2,0,0,0,0
MSNNL,Direct,/masters-nursing-leadership/nursing-educator-track/,16,4,20,10,0,0,0,0
MED,Organic Search,/masters-education/specializations/curriculum-and-instruction/,16,-5,20,-3,0,0,0,0
MSAAI,Organic Search,/artificial-intelligence-developer-career/,16,-25,15,-26,0,0,0,0
MED,Organic Search,/faculty/reyes-quezada/,16,,18,,0,,0,
MTS,Direct,/philosophy-degree-jobs/,16,3,27,11,0,0,0,0
MED,Organic Search,/masters-in-special-education-careers/,16,4,18,0,0,0,0,0
MSLDT,Organic Search,/instructional-technologist-career/,16,-17,14,-13,0,0,0,0
MED,Direct,/teacher-resume-examples/,16,-47,16,-41,2,-1,0.125,0.077380952
MTS,Direct,/moral-theology/,16,9,15,7,0,0,0,0
MSHA,Organic Search,/masters-humanitarian-action/,16,-3,18,-13,0,-1,0,-0.052631579
CyberOps,Referral,/top-100-cybersecurity-companies/,16,13,20,17,0,0,0,0
EML,Direct,/masters-engineering-management-leadership/lp/ppc/,15,12,20,11,2,2,0.133333333,0.133333333
MSAAI,Direct,/machine-learning-podcast/,15,-3,19,2,0,0,0,0
MSLDT,Organic Search,/learning-experience-design/,15,-8,16,-16,2,2,0.133333333,0.133333333
(default) (not set),Referral,/about/state-authorization-status/,15,9,15,10,0,0,0,0
CyberOps,Direct,/masters-cyber-security-operations/testimonials/,15,14,19,18,0,0,0,0
MSNP,Organic Search,/masters-nonprofit-leadership-management/classes/,15,3,18,4,0,0,0,0
LEPSL,Direct,/what-is-intelligence-led-policing/,15,-21,18,-15,0,0,0,0
MESH,Organic Search,/social-justice-careers/,15,-25,13,-30,0,0,0,0
MSLDT,Paid Social,/masters-learning-design-technology/lp/thank-you/,15,5,16,6,12,3,0.8,-0.1
MSNNL,Paid Search,/masters-nursing-leadership/,15,2,34,6,0,-1,0,-0.076923077
(default) (not set),Paid Search,/programs/,15,5,15,6,0,0,0,0
LEPSL,Organic Search,/gordon-graham-risk-management-reading-list/,15,4,14,-2,0,0,0,0
MTS,Paid Search,/masters-theological-studies/,15,-6,21,-6,0,0,0,0
CyberEng,Organic Search,/should-you-become-a-cyber-security-engineer/,15,-4,15,-8,0,0,0,0
MSAAI,Direct,/ai-governance/,15,2,15,2,0,0,0,0
Informatics,Organic Social,/nursing-informatics-vs-health-informatics/,15,,14,,0,,0,
MTS,Direct,/why-study-theology/,15,-1,17,1,0,0,0,0
MESH,Organic Search,/masters-engineering-sustainability-health/,15,-1,24,-2,1,-1,0.066666667,-0.058333333
(default) (not set),Organic Search,/student-support/one-stop-student-center/,15,1,17,3,0,0,0,0
MSITL,Organic Search,/masters-in-information-technology-salary/,15,9,17,10,0,0,0,0
MED,Organic Search,/masters-in-education-requirements/,15,2,22,0,0,0,0,0
MSITL,Direct,/it-career-paths/,15,3,15,2,0,0,0,0
Data Science,Organic Search,/how-to-become-a-computer-scientist-salary-career-guide/,15,-9,14,-8,0,0,0,0
CyberOps,Organic Search,/entry-level-cyber-security-jobs-guide/,15,0,15,-4,0,0,0,0
(default) engineering,Organic Search,/research-and-development-manager-career-guide/,15,4,18,9,0,0,0,0
Informatics,Referral,/masters-health-informatics/,15,12,27,23,2,2,0.133333333,0.133333333
MSHA,Referral,/humanitarian-intervention-success-stories/,15,12,13,10,0,0,0,0
MED,Organic Search,/teacher-salary-by-state-since-2000/,14,2,14,-1,0,0,0,0
(default) (not set),Direct,/contact-us/,14,1,18,5,0,0,0,0
(default) (not set),Email,/employer-partnership/,14,13,16,16,2,2,0.142857143,0.142857143
Data Science,Organic Search,/best-computer-science-jobs/,14,-2,14,-4,0,0,0,0
MSITL,Organic Search,/how-to-become-a-site-reliability-engineer/,14,-8,11,-12,0,0,0,0
EML,Organic Search,/engineering-management-masters-worth-it/,14,12,11,7,0,0,0,0
MSAAI,Direct,/,14,-4,69,8,0,0,0,0
Informatics,Organic Search,/health-information-technology-terminology/,14,3,14,4,0,0,0,0
LEPSL,Organic Search,/police-officer-wellness-programs/,14,-5,13,-8,0,0,0,0
MTS,Organic Search,/theological-education/,14,-3,15,-4,0,0,0,0
MED,Organic Search,/how-to-become-teacher-in-california/,14,-1,18,4,0,0,0,0
(default) (not set),Paid Search,/online-programs/,14,-1,12,-4,0,0,0,0
EML,Organic Search,/engineering-masters-degrees/,14,-6,17,-4,0,0,0,0
EML,Paid Search,/masters-engineering-management-leadership/curriculum/,14,1,13,0,0,0,0,0
LEPSL,Referral,/10-innovative-police-technologies/,14,3,14,3,0,0,0,0
Informatics,Organic Search,/5-exciting-health-care-informatics-projects/,14,-8,25,1,0,0,0,0
CyberEng,Organic Search,/cyber-threat-intelligence-analyst/,14,-14,13,-10,0,0,0,0
MSHA,Direct,/masters-humanitarian-action/classes/,14,-9,17,-13,0,-1,0,-0.043478261
MSLDT,Direct,/instructional-design-portfolio/,14,2,14,2,0,0,0,0
(default) (not set),Organic Search,/admitted-students/,14,-12,19,-10,0,0,0,0
MSLDT,Direct,/resources/things-to-know-about-careers-in-instructional-design/,14,4,13,-4,0,0,0,0
MSITL,Organic Search,/it-management-leadership-certifications/,14,-3,14,-3,0,0,0,0
(default) (not set),Direct,/transformational-leadership/,14,2,9,-1,0,0,0,0
MED,Organic Search,/blog/education/,14,4,24,12,0,0,0,0
Informatics,Organic Search,/masters-health-informatics/health-informatics-track/,14,3,31,23,0,0,0,0
MESH,Referral,/masters-engineering-sustainability-health/,14,-3,28,3,0,0,0,0
Data Science,Referral,/business-intelligence-certifications/,14,-12,14,-16,0,0,0,0
MED,Direct,/per-pupil-education-spending-by-state/,14,1,14,1,0,0,0,0
(default) (not set),Referral,/admitted-students/,14,7,12,7,0,0,0,0
MESH,Direct,/best-sustainability-certifications/,14,6,14,7,0,0,0,0
CyberOps,Organic Search,/ceh-certification/,14,-6,14,-7,0,0,0,0
CyberOps,Organic Search,/data-protection-officer-career-guide/,14,-6,13,-7,0,0,0,0
MTS,Referral,/masters-theological-studies/,14,-7,21,-8,1,0,0.071428571,0.023809524
LEPSL,Organic Search,/law-enforcement-salaries-spike-with-a-masters-degree/,13,4,13,2,0,0,0,0
MSLDT,Direct,/articulate-vs-captivate/,13,7,12,5,0,-1,0,-0.166666667
MSNP,Direct,/masters-nonprofit-leadership-management/apply/,13,-6,24,-32,0,0,0,0
MED,Organic Search,/online-teaching-certification-licensure-programs/,13,3,22,6,0,0,0,0
CyberOps,Referral,/top-cyber-security-blogs-websites/,13,-2,13,-10,0,0,0,0
MSAAI,Organic Search,/top-artificial-intelligence-companies-startups/,13,12,12,11,0,0,0,0
MSAAI,Direct,/best-artificial-intelligence-degrees/,13,1,13,-1,0,0,0,0
CyberOps,Paid Search,/masters-cyber-security-engineering/lp/cyber-security-engineering/,13,5,47,17,9,0,0.692307692,-0.432692308
MED,Organic Search,/faculty/kimberly-white-smith/,13,11,13,11,0,0,0,0
MSHA,Direct,/international-affairs-careers/,13,-5,14,-5,0,0,0,0
MESH,Direct,/jobs-that-make-difference/,13,0,15,-1,0,0,0,0
MTS,Paid Search,/masters-theological-studies/classes/,13,-6,21,-10,1,0,0.076923077,0.024291498
(default) (not set),Direct,/humanitarian-nonprofit/,13,10,15,12,0,0,0,0
MSAAI,Organic Search,.translate.goog/artificial-intelligence-education/,13,-13,13,-16,0,0,0,0
MTS,Direct,/how-to-become-a-spiritual-director/,13,-1,16,2,0,0,0,0
MSAAI,Direct,/open-source-ai-tools/,13,1,14,2,0,0,0,0
MTS,Direct,/what-is-lay-ministry/,13,-2,13,-3,0,0,0,0
Data Science,Organic Search,/13-essential-data-science-textbooks/,13,4,14,6,0,0,0,0
MSAAI,Organic Social,/artificial-intelligence-education/,13,2,13,-1,0,0,0,0
(default) (not set),Organic Search,/employer-partnership/,13,6,13,6,0,0,0,0
MSAAI,Direct,/data-scientist-vs-artificial-intelligence-engineer/,13,1,13,2,0,0,0,0
MSAAI,Referral,/masters-applied-artificial-intelligence/apply/,13,-2,11,-27,0,0,0,0
MSITL,Direct,/resources/free-itl-program-brochure/,13,-2,20,-17,1,1,0.076923077,0.076923077
MSNNL,Direct,/what-is-a-nurse-administrator/,13,3,14,1,0,0,0,0
MSAAI,Organic Search,/study-artificial-intelligence-degree/,13,9,12,7,0,0,0,0
MED,Direct,/masters-education/specializations/steam/,13,0,14,-1,0,0,0,0
MSNNL,Direct,/masters-nursing-leadership/apply/,13,-14,16,-16,0,0,0,0
CyberOps,Organic Search,/chief-privacy-officer-career-guide/,13,1,12,-2,0,0,0,0
MTS,Email,/masters-theological-studies/lp/dyna/,13,-336,13,-440,0,-24,0,-0.068767908
(default) (not set),Direct,/business-entrepreneurship/,13,-1,14,0,0,0,0,0
CyberEng,Direct,/faculty/haydar-majeed/,13,9,12,10,0,0,0,0
Informatics,Organic Search,/health-informatics-job-description-explained/,13,7,10,5,0,0,0,0
LEPSL,Organic Search,/best-degrees-federal-law-enforcement-jobs/,13,2,28,16,0,0,0,0
MTS,Organic Search,/,13,11,147,96,0,0,0,0
MSHA,Referral,/masters-humanitarian-action/,13,-1,24,4,1,-1,0.076923077,-0.065934066
LEPSL,Paid Search,/masters-law-enforcement-leadership/,13,8,10,-2,0,0,0,0
MSHA,Direct,/social-advocacy-definition/,13,-2,14,1,0,0,0,0
MSAAI,Unknown - chatgpt.com / (not set),/artificial-intelligence-education/,13,,13,,0,,0,
CyberOps,Organic Search,/cyber-security-architect/,13,-1,13,-2,0,0,0,0
MSAAI,Organic Search,/how-to-start-career-artificial-intelligence/,13,5,14,2,0,0,0,0
MSNNL,Paid Search,/masters-nursing-leadership/classes/,13,4,13,-3,0,0,0,0
LEPSL,Organic Search,/faculty/ygnacio-nash-flores/,12,-1,12,-3,0,0,0,0
MSLDT,Direct,/ai-instructional-design/,12,4,6,-9,0,0,0,0
MTS,Direct,/masters-theological-studies/classes/,12,-3,12,-7,0,0,0,0
MSAAI,Paid Search,/masters-applied-artificial-intelligence/classes/,12,-8,5,-21,0,0,0,0
MTS,Direct,/religious-studies-degree-jobs/,12,-5,12,-6,0,0,0,0
MSITL,Direct,/it-organizational-structure/,12,-2,11,-4,0,0,0,0
MSLDT,Direct,/,12,-9,88,-58,0,0,0,0
LEPSL,Organic Search,/masters-law-enforcement-leadership/faculty/,12,4,18,11,0,0,0,0
CyberEng,Organic Search,/what-is-cyberwarfare/,12,3,11,2,0,0,0,0
MSLDT,Paid Social,/masters-learning-design-technology/,12,10,12,10,0,0,0,0
EML,Organic Search,/masters-engineering-management-leadership/curriculum/,12,-1,17,6,0,0,0,0
(default) (not set),Organic Search,/tuition-financial-aid/,12,0,20,7,1,1,0.083333333,0.083333333
MSNNL,Direct,/masters-nursing-leadership/nursing-informatics-track/,12,-7,12,-11,0,0,0,0
MSAAI,Direct,/artificial-intelligence-salary-guide/,12,6,13,7,0,0,0,0
(default) (not set),Email,/admitted-students/,12,1,12,1,0,0,0,0
EML,Paid Search,/masters-engineering-management-leadership/,12,-8,21,0,2,2,0.166666667,0.166666667
MESH,Organic Search,/environmental-studies-vs-environmental-science-degree/,12,-9,13,-8,0,0,0,0
MTS,Direct,/ways-to-deepen-your-faith/,12,-2,12,-3,0,0,0,0
CyberOps,Organic Search,/cyber-security-specialist-career-guide/,12,-9,12,-18,0,0,0,0
CyberOps,Organic Search,/top-paying-cybersecurity-jobs/,12,7,15,10,0,0,0,0
MSAAI,Referral,/ai-impact-on-job-market/,12,6,10,5,0,0,0,0
CyberEng,Organic Search,/chief-risk-officer/,12,-3,9,-7,0,0,0,0
(default) (not set),Organic Search,/admissions/how-to-apply/,12,-2,10,-4,0,0,0,0
MSNNL,Referral,/masters-nursing-leadership/lp/dyna/,12,6,25,19,0,0,0,0
MED,Direct,/mental-health-issues-in-schools/,12,1,11,0,0,0,0,0
MED,Referral,/differentiated-instruction/,12,7,19,14,0,0,0,0
MED,Organic Search,/mental-health-issues-in-schools/,12,1,17,5,0,0,0,0
MED,Direct,/summer-jobs-teachers/,12,3,12,2,0,0,0,0
MSITL,Direct,/how-to-become-a-site-reliability-engineer/,12,3,12,3,0,0,0,0
MSAAI,Direct,/machine-learning-engineer-career/,12,-6,12,-7,0,0,0,0
MED,Organic Search,/masters-education/specializations/special-ed/,12,-1,11,-9,0,0,0,0
Data Science,Referral,/masters-applied-data-science/,12,-5,20,3,0,0,0,0
MSAAI,Display,/masters-applied-artificial-intelligence/lp/study-artificial-intelligence/,12,-70,12,-78,0,-1,0,-0.012195122
LEPSL,Organic Search,/best-police-leadership-books/,12,1,13,1,0,0,0,0
MSAAI,Organic Search,/ethics-in-ai/,12,-1,9,-2,0,0,0,0
CyberOps,Direct,/cyber-security-information-security-network-security/,12,-15,13,-10,0,0,0,0
LEPSL,Organic Search,/how-to-become-a-police-lieutenant/,12,-2,12,-4,0,0,0,0
MTS,Organic Search,/minimalist-catholic/,12,-19,14,-20,0,0,0,0
Informatics,Direct,/health-informatics-impact-covid-19/,12,7,11,7,0,0,0,0
Informatics,Unknown - Data Not Available / Data Not Available,/masters-health-informatics/lp/health-informatics-for-nurses/,12,7,22,6,0,0,0,0
MSAAI,Paid Search,/,12,0,75,30,2,2,0.166666667,0.166666667
MSAAI,Organic Search,/business-intelligence-analyst-career/,12,3,10,1,0,0,0,0
MSLDT,Referral,/instructional-design-best-practices/,12,-8,9,-8,0,0,0,0
Informatics,Organic Search,/what-is-clinical-informatics/,12,5,10,2,0,0,0,0
MESH,Direct,/community-health-degree-jobs/,11,0,11,0,0,0,0,0
Data Science,Organic Search,/data-science-vs-statistics/,11,0,12,1,0,0,0,0
MSLDT,Direct,/masters-learning-design-technology/classes/,11,-11,19,-41,0,0,0,0
MSLDT,Organic Search,/ai-instructional-design/,11,-17,16,-17,0,-1,0,-0.035714286
EML,Organic Search,/engineering-manager-vs-tech-lead/,11,-2,11,0,0,0,0,0
MTS,Organic Search,/biblical-studies-theology/,11,3,11,-1,0,0,0,0
MSAAI,Referral,/employer-partnership/axos/,11,10,42,37,0,0,0,0
Informatics,Referral,/health-informatics-impact-covid-19/,11,9,11,10,0,0,0,0
MSLDT,Organic Search,.translate.goog/what-is-instructional-design-examples/,11,3,14,6,0,0,0,0
(default) (not set),Organic Search,/disruptive-innovation-examples/,11,-4,11,-5,0,0,0,0
MESH,Paid Search,/,11,6,60,35,0,-2,0,-0.4
MSAAI,Direct,/masters-applied-artificial-intelligence/faculty/,11,0,10,-2,0,0,0,0
LEPSL,Organic Social,/masters-law-enforcement-leadership/,11,0,9,-9,0,0,0,0
CyberOps,Referral,/cyber-security-podcasts/,11,,8,,0,,0,
CyberOps,Direct,/best-jobs-in-cyber-security/,11,-6,11,-6,0,0,0,0
CyberEng,Direct,/black-vs-gray-vs-white-hat-hackers/,11,-13,9,-14,0,0,0,0
(default) (not set),Direct,/gfembed/,11,-15,11,-15,0,0,0,0
CyberEng,Direct,/should-you-become-a-cyber-security-engineer/,11,-5,11,-5,0,0,0,0
MSNP,Direct,/masters-nonprofit-leadership-management/lp/ppc/,11,8,9,6,1,1,0.090909091,0.090909091
(default) (not set),Paid Search,/leadership-management/,11,6,11,6,0,0,0,0
MSAAI,Organic Search,/masters-applied-artificial-intelligence/faculty/,11,0,31,11,0,0,0,0
MSAAI,Organic Search,.translate.goog/ai-impact-on-job-market/,11,1,11,0,0,0,0,0
(default) (not set),Direct,/about/,11,-8,15,-9,0,0,0,0
EML,Organic Search,/chief-engineer-officer-career/,11,-15,11,-15,0,0,0,0
(default) (not set),Organic Search,/mba-interview-questions/,11,-15,9,-12,0,0,0,0
MESH,Direct,/environmental-science-vs-engineering-degree/,11,1,12,2,0,0,0,0
Informatics,Direct,/healthcare-informatics-jobs-salary/,11,-7,13,-17,0,0,0,0
Data Science,Organic Search,/data-warehouse-engineer/,11,6,12,6,0,0,0,0
MSNP,Organic Search,/nonprofit-leadership/,11,1,8,-5,0,0,0,0
MSHA,Direct,/emergency-management-coordinator-career/,11,5,11,6,0,0,0,0
MTS,Email,/masters-theological-studies/,11,-11,13,-29,0,-4,0,-0.181818182
MED,Organic Search,/professional-development-options-for-teachers-at-usd/,11,7,14,10,0,0,0,0
CyberOps,Organic Social,/cyber-security-information-security-network-security/,11,,11,,0,,0,
Data Science,Direct,/resources/msads-request-program-brochure/,11,-18,15,-24,1,-2,0.090909091,-0.012539185
LEPSL,Direct,/faculty/erik-fritsvold/,11,7,12,7,0,0,0,0
MSNP,Direct,/ngo-vs-nonprofit/,11,-2,11,-2,0,0,0,0
CyberOps,Direct,/top-paying-cybersecurity-jobs/,11,-6,15,-6,0,0,0,0
(default) (not set),Direct,/leadership-management/,11,-1,16,4,0,0,0,0
Data Science,Direct,/data-communication/,11,-2,11,-3,0,0,0,0
MESH,Referral,/environmental-consultant-career/,11,,9,,0,,0,
MTS,Organic Search,/incorporate-faith-in-career/,11,9,14,12,0,0,0,0
MTS,Direct,/masters-theological-studies/apply/,11,-3,10,-13,1,0,0.090909091,0.019480519
MTS,Direct,/ministry-careers/,11,-6,11,-9,0,0,0,0
MESH,Direct,/sustainability-engineer-career/,11,0,15,5,0,0,0,0
CyberOps,Organic Search,/cyber-security-scholarships/,11,-5,11,-4,0,0,0,0
MSLDT,Direct,/career-changes-for-teachers/,11,-4,11,-3,0,0,0,0
(default) (not set),Organic Search,/forms/,10,3,24,9,0,0,0,0
CyberOps,Organic Search,/information-assurance-vs-cybersecurity/,10,-15,10,-20,0,0,0,0
MSAAI,Paid Search,/masters-applied-artificial-intelligence/apply/,10,-13,10,-24,0,0,0,0
MED,Organic Social,/complete-list-teaching-methods/,10,-1,12,0,0,0,0,0
MESH,Organic Search,/faculty/rodney-reynolds/,10,-3,10,-2,0,0,0,0
CyberOps,Direct,/resources/top-paying-cybersecurity-jobs/,10,7,12,9,0,0,0,0
MSITL,Direct,/masters-information-technology-leadership/classes/applied-ai-specialization/,10,2,14,5,1,1,0.1,0.1
(default) (not set),Organic Search,/tuition-financial-aid/financial-aid/,10,-3,7,-1,0,0,0,0
MSNNL,Organic Search,/masters-nursing-leadership/nursing-informatics-track/,10,9,10,5,2,2,0.2,0.2
MTS,Organic Search,/master-of-theology-vs-divinity-vs-ministry-degrees/,10,-1,13,-9,0,-1,0,-0.090909091
MED,Direct,/bilingual-education/,10,-28,14,-14,0,0,0,0
MSITL,Paid Search,/masters-information-technology-leadership/classes/,10,6,12,9,0,0,0,0
Data Science,Organic Search,/data-science-in-finance/,10,3,12,5,0,0,0,0
Data Science,Organic Search,/database-engineer-career/,10,-5,10,-7,0,0,0,0
CyberOps,Organic Search,/cryptographer-career/,10,-6,9,-13,0,0,0,0
MED,Direct,/teacher-salaries-analysis/,10,-5,10,-4,0,0,0,0
MSNP,Direct,/nonprofit-grant-databases/,10,0,10,3,0,0,0,0
MSNP,Direct,/nonprofit-operations-career/,10,3,13,5,0,0,0,0
Data Science,Direct,/best-computer-science-jobs/,10,-12,10,-13,0,0,0,0
MED,Unknown - chatgpt.com / (not set),/education-inequity-and-homework/,10,,21,,0,,0,
MSAAI,Organic Social,/masters-applied-artificial-intelligence/,10,-9,11,-13,0,-1,0,-0.052631579
CyberEng,Organic Search,/faculty/nahid-farhady/,10,-3,10,-6,0,0,0,0
MSAAI,Referral,/artificial-intelligence-jobs/,10,0,8,-10,0,0,0,0
CyberOps,Organic Search,/cyber-security-auditor-career-guide/,10,-5,9,-2,0,0,0,0
MESH,Organic Search,/sustainability-degree-careers/,10,-3,10,-5,0,0,0,0
(default) (not set),Paid Social,/,10,5,10,5,0,0,0,0
CyberOps,Organic Search,/malware-analyst-career-guide/,10,-12,10,-12,0,0,0,0
MED,Organic Search,/masters-education/specializations/school-leadership/,10,-9,11,-11,0,0,0,0
MSNP,Organic Search,/nonprofit-certificate-programs/,10,-16,10,-20,0,0,0,0
MED,Referral,/co-teaching-models/,10,-35,9,-32,0,0,0,0
MED,Direct,/online-teaching-strategies/,10,9,11,10,0,0,0,0
MSAAI,Direct,/nlp-engineer-career/,10,3,9,2,0,0,0,0
CyberEng,Paid Search,/masters-cyber-security-engineering/classes/,10,-1,7,-7,0,0,0,0
(default) (not set),Organic Search,/about/state-authorization-status/,10,0,9,2,0,0,0,0
MED,Paid Search,/,10,1,48,0,1,1,0.1,0.1
MTS,Direct,/how-to-regain-your-faith/,10,0,12,2,0,0,0,0
(default) (not set),Organic Search,/how-to-become-an-intrapreneur/,10,4,10,3,0,0,0,0
(default) (not set),Paid Search,/campus-programs/,10,9,10,9,0,0,0,0
(default) (not set),Paid Search,/about/state-authorization-status/,10,-7,10,-4,0,0,0,0
LEPSL,Referral,/masters-law-enforcement-leadership/transfer-credit/fbi-leeda/,10,5,14,4,0,0,0,0
MSHA,Organic Search,/masters-humanitarian-action/lp/humanitarian-action/,10,5,14,7,1,1,0.1,0.1
MSNNL,Organic Search,/12-types-of-msn-degrees-how-to-choose-the-best-nursing-track/,10,1,8,-49,0,0,0,0
MSLDT,Direct,/masters-learning-design-technology/apply/,10,-16,13,-30,0,0,0,0
(default) (not set),Direct,/tuition-financial-aid/financial-aid/,10,-7,9,-12,0,0,0,0
MSNP,Direct,/donor-management-software/,10,-4,10,-4,0,0,0,0
MTS,Direct,/theology-of-retirement/,10,7,9,7,0,0,0,0
MSITL,Paid Search,/masters-information-technology-leadership/,10,3,13,4,0,0,0,0
MTS,Organic Search,/faculty/darleen-pryds/,10,7,10,6,0,0,0,0
MESH,Unknown - Data Not Available / Data Not Available,/masters-engineering-sustainability-health/lp/ppc/,10,2,26,15,2,2,0.2,0.2
MTS,Organic Social,/religious-studies-degree-jobs/,10,-5,9,-4,0,0,0,0
CyberOps,Organic Social,/masters-cyber-security-operations/,10,4,18,11,0,0,0,0
"(default) business-entrepreneurship,computer-science,technology",Direct,/ai-for-teachers/,10,-10,9,-10,0,0,0,0
CyberOps,Referral,/malware-analyst-career-guide/,10,8,11,10,0,0,0,0
(default) (not set),Organic Search,/admissions/military-veterans/,10,-10,12,-16,0,0,0,0
MSAAI,Organic Search,/artificial-intelligence-salary-guide/,10,-3,9,-5,0,0,0,0
(default) (not set),Organic Search,/jobs-after-mba-entrepreneurship/,10,7,6,3,0,0,0,0
CyberEng,Organic Search,/cyber-security-internships/,9,-3,8,-3,0,0,0,0
MED,Direct,/education-specialist/,9,2,9,2,0,0,0,0
LEPSL,Direct,/faculty/wendy-patrick/,9,5,11,7,0,0,0,0
CyberOps,Direct,/masters-cyber-security-operations/apply/,9,-3,8,-8,0,0,0,0
MESH,Organic Search,/how-to-become-an-environmental-engineer/,9,5,15,9,0,0,0,0
MED,Organic Search,/faculty-spotlight-dr-ricardo-medina/,9,3,9,3,0,0,0,0
MSNNL,Direct,/,9,-11,70,-97,0,-1,0,-0.05
CyberEng,Direct,/masters-cyber-security-engineering/scholarships-and-grants/,9,0,8,-6,0,-1,0,-0.111111111
MESH,Direct,/masters-engineering-sustainability-health/lp/ppc/,9,5,9,5,0,0,0,0
MSAAI,Referral,/ai-research-scientist-career/,9,4,12,0,0,0,0,0
MTS,Organic Search,/what-is-theological-studies/,9,-8,10,-5,0,0,0,0
EML,Organic Search,/masters-in-engineering-management-vs-mba/,9,4,6,0,0,0,0,0
MSNNL,Direct,/masters-nursing-leadership/lp/ppc/,9,-5,10,-17,0,0,0,0
MED,Direct,/teach-in-private-or-public-school/,9,1,9,1,0,0,0,0
MSLDT,Organic Search,/instructional-design-careers/,9,-3,9,-1,0,0,0,0
EML,Direct,/lead-engineer-career/,9,0,10,1,0,0,0,0
MED,Direct,/resources/free-med-program-brochure/,9,-2,27,10,4,1,0.444444444,0.171717172
MED,Paid Search,/masters-education/,9,-3,32,18,0,0,0,0
Informatics,Direct,/ai-healthcare/,9,-7,9,-8,0,0,0,0
(default) (not set),Unknown - fashion-valley-mall / ooh,/,9,-7,8,-9,0,0,0,0
CyberOps,Organic Search,.translate.goog/top-100-cybersecurity-companies/,9,-1,10,-1,0,0,0,0
MSHA,Organic Search,/organizational-capacity/,9,0,7,-2,0,0,0,0
CyberOps,Paid Search,/masters-cyber-security-operations/,9,-4,14,-11,0,0,0,0
MTS,Organic Search,/apologetics-catechesis-theological-studies-comparison/,9,-4,8,-7,0,0,0,0
MSNP,Organic Search,/volunteer-management-software/,9,-11,8,-13,0,0,0,0
Informatics,Paid Search,/bachelors-nursing/bachelors-nursing-lp-ppc/,9,,44,,1,,0.111111111,
MTS,Organic Search,/faculty/juliet-mousseau/,9,4,17,12,0,0,0,0
MESH,Paid Search,/masters-engineering-sustainability-health/lp/ppc/thank-you/,9,3,9,3,7,1,0.777777778,-0.222222222
MESH,Direct,/career-changes-for-engineers/,9,-16,9,-15,0,0,0,0
CyberEng,Organic Search,/network-administrator-career-salary-guide/,9,-3,9,-7,0,0,0,0
MSHA,Unknown - ihsa / social,/masters-humanitarian-action/,9,-85,8,-137,0,-8,0,-0.085106383
(default) (not set),Paid Search,/bachelors-nursing/bachelors-nursing-lp-ppc/,9,,42,,3,,0.333333333,
(default) (not set),Paid Search,/tuition-financial-aid/,9,-5,13,-8,0,0,0,0
MESH,Direct,/resources/sustainability-careers-ebook/,9,7,19,14,3,2,0.333333333,-0.166666667
MESH,Direct,/resources/mesh-information-session-webinar/,9,8,8,7,1,1,0.111111111,0.111111111
MSLDT,Organic Search,/training-and-development-specialist/,9,2,8,0,0,0,0,0
(default) (not set),Organic Search,/faculty/jaime-gomez-ph-d/,9,,12,,0,,0,
MED,Direct,/resources/9-reasons-master-education-degree-ebook/,9,5,17,14,3,3,0.333333333,0.333333333
EML,Direct,/principal-engineer-vs-senior-engineer/,9,-18,9,-18,0,0,0,0
Informatics,Paid Search,/masters-health-informatics/classes/,9,6,11,8,0,0,0,0
CyberOps,Organic Search,.translate.goog/ethical-hacker-career-salary-guide/,9,2,10,3,0,0,0,0
MSLDT,Referral,/kirkpatrick-training-evaluation-model/,9,5,9,0,0,0,0,0
CyberOps,Unknown - Data Not Available / Data Not Available,/masters-cyber-security-operations/lp/bva-cyber-security-operations-leadership/,9,3,17,8,1,1,0.111111111,0.111111111
CyberOps,Organic Search,/10-entry-level-cyber-security-resume-interview-pitfalls/,9,0,9,-2,0,0,0,0
(default) (not set),Direct,/forms/cse-applicant/,9,-1,12,1,0,0,0,0
MSLDT,Organic Search,/instructional-designer-job/,9,5,12,6,0,0,0,0
MESH,Organic Search,/masters-in-sustainability-degree-comparison/,9,6,14,10,0,0,0,0
CyberOps,Direct,/cyber-security-podcasts/,9,5,9,5,0,0,0,0
LEPSL,Unknown - fbileeda-insighter / offline,/masters-law-enforcement-leadership/lp/request-info/,9,,17,,3,,0.333333333,
(default) (not set),Paid Search,/tuition-financial-aid/financial-aid/,9,2,7,2,0,0,0,0
EML,Referral,/masters-engineering-management-leadership/,9,-12,14,-27,1,-1,0.111111111,0.015873016
CyberEng,Organic Search,/masters-cyber-security-engineering/apply/,9,1,12,8,0,0,0,0
MSLDT,Direct,/top-instructional-design-skills/,9,1,9,2,0,0,0,0
(default) (not set),Direct,/employer-partnership/baker-electric/,9,4,9,4,0,0,0,0
EML,Organic Search,/engineering-leadership-skills/,9,3,9,1,0,0,0,0
CyberEng,Email,/masters-cyber-security-engineering/,9,-32,12,-41,2,2,0.222222222,0.222222222
CyberEng,Organic Search,/cryptanalyst-career-guide/,9,-3,11,0,0,0,0,0
MSLDT,Organic Search,/instructional-designer-vs-elearning-developer/,9,5,10,6,0,0,0,0
MSAAI,Direct,/artificial-intelligence-bootcamps/,9,1,9,1,0,0,0,0
CyberOps,Unknown - chatgpt.com / (not set),/top-cyber-security-blogs-websites/,9,,8,,0,,0,
MSLDT,Organic Social,/addie-model-instructional-design/,9,6,9,5,0,0,0,0
MSLDT,Organic Search,/instructional-design-career-guide/,9,3,7,1,0,0,0,0
LEPSL,Direct,/masters-law-enforcement-leadership/transfer-credit/,9,-8,11,-13,0,0,0,0
MSNNL,Direct,/masters-nursing-leadership/scholarships/,8,0,8,-7,0,0,0,0
MSHA,Direct,/refugee-aid-careers/,8,2,9,4,0,0,0,0
EML,Organic Search,/engineering-masters-scholarships/,8,1,6,0,0,0,0,0
MESH,Direct,/resources/msesh-information-session-webinar-thank-you/,8,,14,,4,,0.5,
"(default) computer-science,engineering,technology",Direct,/cyber-security/,8,-5,42,29,0,0,0,0
MTS,Direct,/jobs-for-catholics/,8,0,8,0,0,0,0,0
MESH,Organic Social,/resources/sustainability-careers-ebook/,8,,13,,2,,0.25,
Informatics,Direct,/masters-health-informatics/careers/,8,-3,8,-2,0,0,0,0
MESH,Organic Search,/what-is-sustainable-development/,8,2,7,-1,0,0,0,0
BSN,Unknown - Data Not Available / Data Not Available,/bachelors-nursing/bachelors-nursing-lp-ppc/,8,,11,,0,,0,
MSNP,Direct,/benefits-of-working-in-nonprofit/,8,2,8,2,0,0,0,0
Data Science,Paid Search,/masters-applied-data-science/classes/,8,-8,8,-7,0,0,0,0
MSNP,Direct,/nonprofit-executive-director/,8,4,8,4,0,0,0,0
MSITL,Direct,/masters-information-technology-leadership/apply/,8,,8,,0,,0,
MED,Direct,/master-education-vs-master-arts-teaching/,8,2,10,6,0,0,0,0
Data Science,Organic Search,/business-intelligence-engineer-career/,8,-5,8,-5,0,0,0,0
MED,Organic Search,/masters-education/scholarships-and-grants/,8,3,12,5,0,0,0,0
MSITL,Direct,/technology-degrees/,8,-2,8,-2,0,0,0,0
MSAAI,Organic Search,/masters-applied-artificial-intelligence/lp/study-artificial-intelligence/,8,0,12,1,0,0,0,0
MSNP,Organic Search,/masters-nonprofit-leadership-management/lp/ppc/,8,4,15,5,2,2,0.25,0.25
CyberOps,Organic Search,/masters-cyber-security-operations/lp/bva-cyber-security-operations-leadership/,8,1,8,-3,0,0,0,0
LEPSL,Paid Search,/masters-law-enforcement-leadership/apply/,8,7,8,7,0,0,0,0
LEPSL,Direct,/masters-law-enforcement-leadership/lp/law-enforcement/,8,1,17,4,3,3,0.375,0.375
MTS,Direct,/what-is-ecospirituality/,8,-2,8,-2,0,0,0,0
LEPSL,Organic Search,/faculty/erik-fritsvold/,8,2,10,3,0,0,0,0
MED,Referral,/mental-health-issues-in-schools/,8,4,9,4,0,0,0,0
CyberEng,Organic Search,/network-security-solutions/,8,4,8,3,0,0,0,0
LEPSL,Organic Search,.translate.goog/police-communication-important-today/,8,7,9,8,0,0,0,0
CyberOps,Organic Search,/history-of-cyber-security-standards/,8,4,6,3,0,0,0,0
MESH,Referral,/high-paying-environmental-jobs/,8,,8,,0,,0,
MESH,Organic Search,/environmental-compliance-officer-career/,8,-12,8,-12,0,0,0,0
MSLDT,Direct,/learning-experience-design/,8,3,7,1,0,0,0,0
"(default) computer-science,engineering,technology",Organic Search,/cyber-security/,8,-3,9,-22,0,0,0,0
MSITL,Organic Search,/,8,3,109,36,0,0,0,0
MSAAI,Direct,/resources/career-in-ai-webinar/,8,6,8,6,1,1,0.125,0.125
MSAAI,Direct,/university-of-san-diego-launches-full-time-on-campus-masters-degree-programs-in-applied-artificial-intelligence-and-cyber-security-engineering/,8,-13,9,-17,0,0,0,0
BSN,Direct,/,8,,18,,0,,0,
MSLDT,Referral,/instructional-design-careers/,8,5,7,3,0,0,0,0
(default) (not set),Paid Search,/admitted-students/,8,-4,15,4,0,0,0,0
CyberOps,Direct,/history-of-cyber-security-standards/,8,6,6,5,0,0,0,0
MSLDT,Direct,/what-is-learning-design/,8,2,8,-1,0,0,0,0
(default) (not set),Organic Search,/computer-science/,8,0,9,-4,0,0,0,0
(default) (not set),Direct,/engineering/,8,2,8,2,0,0,0,0
CyberEng,Direct,/masters-cyber-security-engineering/let-us-pay-for-your-cse-program-application-fee/,8,7,10,9,0,0,0,0
(default) (not set),Direct,/technology/,8,-4,8,-4,0,0,0,0
CyberOps,Direct,/10-reasons-to-get-your-masters-degree-in-cyber-security/,8,-3,8,-3,0,0,0,0
LEPSL,Organic Search,/police-media-relations-and-social-media/,8,-2,12,3,0,0,0,0
Informatics,Organic Search,/data-science-health-care/,8,-4,11,2,0,0,0,0
MESH,Email,/masters-engineering-sustainability-health/lp/dyna/,8,-27,9,-30,1,1,0.125,0.125
MED,Direct,/masters-education-non-teachers-offers-options/,8,5,8,5,0,0,0,0
MSHA,Organic Search,/disaster-relief-jobs/,8,1,8,0,0,0,0,0
Informatics,Direct,/health-information-management-vs-health-informatics/,8,-5,11,-3,0,0,0,0
MSNP,Organic Search,/nonprofit-cfo-career/,8,4,9,5,0,0,0,0
CyberOps,Direct,/blog/,8,2,5,0,0,0,0,0
LEPSL,Email,/how-to-become-a-police-lieutenant/,8,6,5,4,0,0,0,0
MSAAI,Referral,/application-of-ai-in-robotics/,8,-5,7,-4,0,0,0,0
Data Science,Organic Search,/masters-applied-data-science/apply/,8,4,6,3,0,0,0,0
Data Science,Direct,/best-degrees-data-science/,8,-6,7,-2,0,0,0,0
MSNNL,Unknown - Data Not Available / Data Not Available,/masters-nursing-leadership/lp/ppc/,8,3,39,31,1,1,0.125,0.125
Data Science,Organic Search,/python-for-data-science/,8,-7,9,-5,0,0,0,0
(default) (not set),Organic Search,/how-to-be-innovative-at-work/,8,-2,8,-2,0,0,0,0
MESH,Organic Search,/masters-engineering-sustainability-health/resources/,8,7,19,18,0,0,0,0
Informatics,Direct,/data-science-health-care/,8,0,5,-4,0,0,0,0
EML,Direct,/,8,4,20,8,0,0,0,0
MSNNL,Organic Search,/masters-in-nursing-worth-it/,8,6,8,4,0,0,0,0
MTS,Email,/masters-theological-studies/apply/,8,2,8,2,0,0,0,0
MSITL,Direct,/it-leadership-skills/,8,-11,9,-10,0,0,0,0
MSLDT,Organic Search,.translate.goog/instructional-design-models/,8,4,10,4,0,0,0,0
CyberOps,Organic Search,/risk-manager-career-guide/,8,-10,10,-9,0,0,0,0
Data Science,Organic Search,/data-architect-career/,8,2,8,1,0,0,0,0
Informatics,Organic Search,/healthcare-informatics-jobs-salary/,8,-28,8,-32,0,0,0,0
MSNP,Paid Search,/masters-nonprofit-leadership-management/lp/thank-you/,7,6,6,5,6,5,0.857142857,-0.142857143
MESH,Direct,/what-is-sustainable-development/,7,3,8,4,0,0,0,0
EML,Referral,/masters-engineering-management-leadership/apply/,7,2,10,5,0,0,0,0
Informatics,Organic Search,/what-is-medical-informatics/,7,-7,7,-6,0,0,0,0
MED,Organic Search,/continuing-education-units-teachers-guide/,7,-8,7,-3,0,0,0,0
LEPSL,Organic Search,/faculty/dave-nisleit/,7,,9,,0,,0,
CyberEng,Direct,/cyber-security-salary-california/,7,3,8,5,0,0,0,0
MSITL,Organic Search,/faculty/raheleh-dilmaghani/,7,6,12,11,0,0,0,0
MSLDT,Display,/masters-learning-design-technology/lp/dyna/,7,-3,25,10,5,2,0.714285714,0.414285714
(default) (not set),Organic Search,/admissions/international-students/,7,-1,5,-1,0,0,0,0
MSITL,Organic Search,/what-is-devops/,7,-3,7,-1,0,0,0,0
LEPSL,Paid Search,/criminal-justice/,7,4,17,10,0,0,0,0
MSAAI,Direct,/ai-prompt-engineer/,7,-6,7,-12,0,0,0,0
MSITL,Direct,/masters-information-technology-leadership/lp/ppc/,7,-18,12,-24,0,-2,0,-0.08
MSHA,Organic Search,/,7,2,97,73,0,0,0,0
(default) (not set),Paid Search,/masters-cyber-security-engineering/lp/cyber-security-engineering/,7,5,35,15,2,2,0.285714286,0.285714286
(default) (not set),Paid Search,/humanitarian-nonprofit/,7,5,7,5,0,0,0,0
LEPSL,Direct,/criminal-justice/,7,1,6,-7,0,0,0,0
MSNP,Direct,/volunteer-management-software/,7,-1,7,-1,0,0,0,0
MSAAI,Organic Search,/university-of-san-diegos-ms-in-applied-artificial-intelligence-launching-new-course-agentic-ai-systems-in-summer-2026/,7,4,8,0,0,0,0,0
(default) engineering,Direct,/research-and-development-manager-career-guide/,7,2,6,2,0,0,0,0
MSAAI,Organic Search,.translate.goog/ai-trainer/,7,-1,7,-1,0,0,0,0
MED,Organic Search,/substitute-teacher-tips/,7,-10,7,-12,0,0,0,0
MSNNL,Display,/masters-nursing-leadership/lp/nurse-cp/,7,-86,8,-91,0,0,0,0
Data Science,Organic Search,/ata-specialist-career/,7,-5,6,-8,0,0,0,0
(default) (not set),Direct,/admissions/military-veterans/,7,-7,6,-7,0,0,0,0
MED,Organic Search,/mba-vs-emba-8-key-differences-comparison-table/,7,3,7,3,0,0,0,0
MSLDT,Organic Search,/masters-learning-design-technology/classes/,7,2,5,-1,0,0,0,0
MSHA,Organic Search,/masters-humanitarian-action/classes/,7,6,6,5,0,0,0,0
MESH,Direct,/masters-engineering-sustainability-health/lp/ppc/thank-you/,7,-2,7,-3,6,-2,0.857142857,-0.031746032
MSLDT,Referral,/create-employee-training-program/,7,2,8,3,0,0,0,0
(default) (not set),Paid Search,/admissions/,7,0,7,1,0,0,0,0
EML,Direct,/masters-engineering-management-leadership/apply/,7,-8,7,-13,1,1,0.142857143,0.142857143
Data Science,Organic Search,/applications-of-data-science-in-healthcare/,7,,7,,0,,0,
Data Science,Direct,/faculty/ebrahim-k-tarshizi/,7,3,7,3,0,0,0,0
LEPSL,Organic Search,/a-career-in-law-enforcement-3-federal-jobs/,7,2,8,3,0,0,0,0
MSITL,Direct,/masters-information-technology-leadership/classes/,7,1,9,-6,0,0,0,0
(default) (not set),Direct,/resources/the-complete-list-of-teaching-methods-thank-you/,7,5,9,7,0,0,0,0
MSNP,Direct,/nonprofit-board-governance/,7,2,5,0,0,0,0,0
MSLDT,Direct,/how-to-become-a-curriculum-designer/,7,-2,7,-2,0,-2,0,-0.222222222
CyberOps,Direct,/network-administrator-vs-systems-administrator/,7,2,7,2,0,0,0,0
MSAAI,Email,/masters-applied-artificial-intelligence/,7,-93,15,-133,1,0,0.142857143,0.132857143
EML,Organic Search,/engineering-leadership/,7,-1,7,-1,0,0,0,0
(default) (not set),Direct,/faculty/edwin-addison/,7,,7,,0,,0,
MSITL,Direct,/it-leadership/,7,2,6,1,0,0,0,0
(default) (not set),Direct,/computer-science/,7,-4,8,-2,0,0,0,0
MED,Unknown - chatgpt.com / (not set),/life-skills-education-in-schools/,7,,7,,0,,0,
MSAAI,Direct,/masters-engineering-management-leadership/,7,4,25,5,0,0,0,0
Data Science,Organic Search,/database-administrator-career/,7,1,7,1,0,0,0,0
LEPSL,Referral,/police-communication-important-today/,7,1,10,4,0,0,0,0
MED,Direct,/masters-education/lp/online-med/,7,4,14,10,2,2,0.285714286,0.285714286
MSLDT,Organic Search,/instructional-design-cover-letter-guide/,7,-6,7,-5,0,0,0,0
MSAAI,Organic Search,.translate.goog/application-of-ai-in-robotics/,7,-2,9,0,0,0,0,0
MSAAI,Organic Search,/from-devops-to-mlops-a-comprehensive-guide-to-migrating-and-adding-services/,7,6,5,4,0,0,0,0
Data Science,Organic Search,/what-is-data-science/,7,6,6,5,0,0,0,0
LEPSL,Direct,/masters-law-enforcement-leadership/transfer-credit/command-college/,7,5,6,4,0,0,0,0
(default) (not set),Direct,/student-support/one-stop-student-center/,7,5,5,2,0,0,0,0
(default) (not set),Organic Search,/leadership-management/,7,6,8,7,0,0,0,0
MSHA,Direct,/masters-humanitarian-action/apply/,7,-2,10,-1,0,0,0,0
LEPSL,Organic Search,/become-a-criminal-justice-instructor/,7,-4,7,-4,0,0,0,0
LEPSL,Organic Search,/how-to-become-police-sergeant/,7,1,8,2,0,0,0,0
MED,Organic Search,/masters-education/apply/,7,-11,11,-4,0,0,0,0
MSNP,Direct,/grant-writer-career/,7,-2,7,-3,0,0,0,0
MED,Referral,/teacher-salaries-analysis/,7,,9,,0,,0,
CyberOps,Paid Social,/masters-cyber-security-operations/,7,6,4,3,0,0,0,0
(default) (not set),Direct,/employer-partnership/san-diego-futures-foundation/,7,,8,,0,,0,
LEPSL,Direct,/,7,-5,39,-11,0,-1,0,-0.083333333
Informatics,Organic Search,/is-health-informatics-degree-worth-it/,7,0,7,1,0,0,0,0
MSLDT,Organic Search,/learning-design-technology-careers/,7,-3,7,-3,0,0,0,0
MSHA,Direct,/resources/msha-how-a-masters-degree-can-benefit-your-humanitarian-career/,7,2,31,25,0,0,0,0
MESH,Direct,/sustainability-consultant-career/,7,-2,8,-1,0,0,0,0
Data Science,Direct,/how-to-become-a-computer-scientist-salary-career-guide/,7,1,7,-1,0,0,0,0
Data Science,Direct,/coding-salary/,7,-8,5,-10,0,0,0,0
MESH,Direct,/environmental-studies-vs-environmental-science-degree/,7,2,7,3,0,0,0,0
Data Science,Organic Search,/data-science-careers/,7,2,7,1,0,0,0,0
Informatics,Referral,/masters-health-informatics/classes/,7,,11,,0,,0,
LEPSL,Direct,/masters-law-enforcement-leadership/ambassadors/,7,-2,10,1,0,0,0,0
MTS,Direct,/minimalist-catholic/,7,-28,6,-32,0,0,0,0
(default) (not set),Organic Search,/business-entrepreneurship/,7,4,5,3,0,0,0,0
MED,Organic Search,/faculty/erika-d-garcia/,7,,16,,0,,0,
MED,Organic Search,/faculty/tess-nunn-eves/,6,5,8,7,0,0,0,0
(default) (not set),Paid Search,/business-entrepreneurship/,6,2,6,2,0,0,0,0
Informatics,Organic Search,/informatics-certificate-vs-degree-best/,6,2,8,-1,0,0,0,0
"(default) business-entrepreneurship,computer-science,technology",Referral,/ai-for-teachers/,6,5,5,4,0,0,0,0
MSAAI,Organic Search,/education-inequity-and-homework/,6,4,18,13,0,0,0,0
LEPSL,Organic Search,/ai-in-law-enforcement/,6,4,8,5,0,0,0,0
MSNP,Direct,/how-to-write-grant-proposals/,6,-1,4,-2,0,0,0,0
Data Science,Direct,/data-science-careers/,6,0,6,0,0,0,0,0
MSAAI,Direct,/ethics-in-ai/,6,-8,6,-7,0,0,0,0
CyberEng,Paid Search,/masters-cyber-security-engineering/apply/,6,0,5,1,0,0,0,0
Informatics,Paid Social,/masters-health-informatics/lp/thank-you/,6,3,6,3,4,2,0.666666667,0
MSAAI,Organic Search,/machine-learning-courses-and-certifications/,6,-4,6,-4,0,0,0,0
(default) (not set),Direct,/startup-mentor/,6,,5,,0,,0,
LEPSL,Referral,/masters-law-enforcement-leadership/transfer-credit/perf-smip/,6,-3,15,8,0,0,0,0
MSHA,Organic Search,/international-social-work/,6,-6,10,-8,0,0,0,0
MSLDT,Direct,/instructional-design-vs-learning-experience-design/,6,-1,8,0,0,0,0,0
MESH,Direct,/masters-engineering-sustainability-health/faculty/,6,4,8,5,0,0,0,0
MSAAI,Referral,/artificial-intelligence-bootcamps/,6,,5,,0,,0,
(default) (not set),Email,/mesh-mixer-rsvp/,6,-5,11,-3,0,0,0,0
Informatics,Direct,/health-data-analyst/,6,4,8,0,1,1,0.166666667,0.166666667
MESH,Direct,/sustainability-degree-careers/,6,,6,,0,,0,
CyberEng,Direct,/cyber-security-vs-software-engineering/,6,2,7,3,0,0,0,0
MSHA,Organic Search,/humanitarian-program-coordinator/,6,-7,9,-5,0,0,0,0
MESH,Organic Search,/masters-engineering-sustainability-health/apply/,6,-9,7,-16,0,0,0,0
LEPSL,Organic Search,/police-management-training/,6,-4,5,-8,0,0,0,0
MTS,Unknown - Data Not Available / Data Not Available,/masters-theological-studies/lp/ppc/,6,1,14,7,0,0,0,0
Data Science,Direct,/data-scientist-salary-guide/,6,2,4,1,0,0,0,0
MSAAI,Organic Search,/natural-language-processing-overview/,6,-3,7,-4,0,0,0,0
MSNP,Organic Search,/masters-nonprofit-leadership-management/apply/,6,0,20,12,0,-1,0,-0.166666667
LEPSL,Organic Search,/,6,-3,35,0,0,0,0,0
MSITL,Organic Search,/what-is-site-reliability-engineering/,6,-1,11,3,0,0,0,0
MSHA,Direct,/resources/msha-how-a-masters-degree-can-benefit-your-humanitarian-career-thank-you/,6,,6,,2,,0.333333333,
CyberOps,Organic Search,.translate.goog/top-cyber-security-blogs-websites/,6,-2,6,-2,0,0,0,0
Informatics,Organic Search,/health-data-analyst/,6,-4,6,-3,0,0,0,0
MSITL,Organic Search,/masters-technology-management-vs-mba/,6,4,7,5,0,0,0,0
MED,Direct,/technology-in-the-classroom/,6,-7,22,9,0,0,0,0
CyberOps,Organic Search,/how-to-become-a-security-consultant-career-guide/,6,1,6,1,0,0,0,0
MSNP,Direct,/nonprofit-certificate-programs/,6,-4,5,-6,0,0,0,0
MSHA,Direct,/masters-humanitarian-action/lp/humanitarian-action/,6,5,10,9,1,1,0.166666667,0.166666667
MSLDT,Paid Search,/masters-learning-design-technology/,6,-4,12,1,0,0,0,0
Data Science,Direct,/business-intelligence-certifications/,6,-6,6,-6,0,0,0,0
Data Science,Organic Search,/faculty/bilgenur-baloglu/,6,1,6,2,0,0,0,0
Data Science,Organic Search,/supervised-machine-learning-with-gradient-boosting/,6,3,6,3,0,0,0,0
MTS,Organic Search,.translate.goog/catholic-charism-comparison/,6,-1,6,-1,0,0,0,0
Informatics,Organic Search,/health-informatics-impact-covid-19/,6,-2,8,3,0,0,0,0
MSNNL,Organic Search,/what-is-a-clinical-nurse-leader/,6,,6,,0,,0,
MTS,Organic Search,/faculty/angela-zautcke/,6,4,6,4,0,0,0,0
CyberEng,Email,/masters-cyber-security-engineering/classes/,6,-1,5,-8,0,0,0,0
MED,Direct,/masters-in-special-education-careers/,6,-1,6,-4,0,0,0,0
MSNNL,Organic Social,/masters-nursing-leadership/,6,2,13,9,1,1,0.166666667,0.166666667
MESH,Organic Search,.translate.goog/high-paying-environmental-jobs/,6,2,6,1,0,0,0,0
MSHA,Organic Search,.translate.goog/how-to-become-diplomat/,6,-12,6,-12,0,0,0,0
EML,Organic Search,/faculty/gb-singh/,6,4,8,5,0,0,0,0
(default) (not set),Direct,/contact-us-thank-you/,6,1,5,-1,0,-4,0,-0.8
MSHA,Direct,/top-humanitarian-degrees/,6,-10,6,-11,0,0,0,0
MTS,Direct,.translate.goog/serving-god/,6,-2,7,-2,0,0,0,0
Informatics,Direct,/masters-health-informatics/lp/health-informatics-for-nurses/,6,-6,5,-5,0,0,0,0
MSAAI,Referral,/artificial-intelligence-scholarships/,6,4,6,4,0,0,0,0
Informatics,Organic Search,/education/,6,1,9,4,0,0,0,0
Data Science,Paid Search,/resources/data-science-self-assessment/,6,3,4,-1,0,0,0,0
MSAAI,Organic Search,/resources/msaai-online-artificial-intelligence-self-assessment/,6,2,4,-1,0,0,0,0
Data Science,Direct,/what-is-data-analytics/,6,3,6,3,0,0,0,0
CyberOps,Paid Social,/masters-cyber-security-engineering/lp/cyber-security-engineering/,6,2,25,7,6,1,1,-0.25
Data Science,Organic Search,/data-consultant-career/,6,0,5,0,0,0,0,0
MESH,Email,/masters-engineering-sustainability-health/classes/,6,-3,10,0,0,0,0,0
Data Science,Organic Search,/masters-applied-data-science/classes/,6,-10,9,-9,0,-1,0,-0.0625
MED,Direct,/can-you-teach-with-a-bachelors-degree/,6,1,7,2,0,0,0,0
MSLDT,Direct,/educational-technology-jobs/,6,-3,6,-3,0,0,0,0
MSITL,Direct,/,6,0,36,9,0,0,0,0
MTS,Organic Search,/faculty/garrett-galvin/,6,-2,7,-1,0,0,0,0
(default) (not set),Direct,/how-to-become-an-intrapreneur/,6,5,5,4,0,0,0,0
MED,Direct,/resources/a-career-advancement-guide-for-educators-ebook/,6,1,9,4,0,0,0,0
MED,Organic Search,/special-education-masters-vs-masters-in-education-degree/,6,-6,8,-6,0,-1,0,-0.083333333
MSLDT,Organic Search,/elearning-developer/,6,-1,9,-1,1,1,0.166666667,0.166666667
(default) (not set),Direct,/resources/msaai-artificial-intelligence-self-assessment/,6,-2,7,-7,0,0,0,0
CyberOps,Organic Search,/masters-cyber-security-operations/classes/,6,3,11,7,0,0,0,0
MSLDT,Organic Search,/corporate-trainer-career/,6,-4,6,-10,0,0,0,0
CyberEng,Referral,/network-forensics-tools/,6,5,4,3,0,0,0,0
MED,Organic Search,/what-is-an-med-degree-explained/,6,0,6,1,0,0,0,0
MSITL,Direct,/it-management-leadership-certifications/,6,1,6,1,0,0,0,0
MTS,Paid Search,/,6,4,52,46,0,0,0,0
MED,Organic Search,/masters-education/lp/online-med/,6,-3,11,-1,0,0,0,0
MSHA,Direct,/disaster-relief-jobs/,6,4,6,3,0,0,0,0
Informatics,Paid Search,/masters-health-informatics/health-informatics-track/,6,-4,4,-12,0,-1,0,-0.1
Data Science,Direct,/companies-hiring-data-scientists/,6,-2,7,1,0,0,0,0
(default) (not set),Email,/admissions/,6,2,4,-1,0,0,0,0
Informatics,Email,/masters-health-informatics/classes/,6,3,8,2,0,-1,0,-0.333333333
Informatics,Organic Search,/faculty/jonathan-mack/,6,3,6,4,0,0,0,0
Data Science,Direct,/masters-applied-data-science/lp/let-us-pay-for-your-msads-program-application-fee/,6,-4,6,-2,0,-4,0,-0.4
Informatics,Paid Social,/healthcare/,6,5,6,5,0,0,0,0
Data Science,Organic Search,/faculty/ebrahim-k-tarshizi/,6,3,5,2,0,0,0,0
(default) (not set),Direct,/masters-cyber-security-engineering/,6,-3,44,-5,0,0,0,0
MTS,Organic Search,/faculty/william-short/,6,4,6,4,0,0,0,0
CyberOps,Organic Search,/what-is-a-chief-security-officer-high-demand-skyrocketing-pay-for-csos/,6,-1,6,0,0,0,0,0
MSLDT,Direct,/masters-learning-design-technology/lp/study-learning-design-technology/,6,-4,9,-10,0,0,0,0
MESH,Direct,/how-to-become-an-environmental-engineer/,6,2,9,5,0,0,0,0
CyberOps,Direct,/entry-level-cyber-security-jobs-guide/,6,-6,7,-6,0,0,0,0
MED,Referral,/teaching-to-every-students-unique-learning-style/,6,-2,6,-2,0,0,0,0
MSHA,Organic Search,.translate.goog/theory-of-change/,6,3,6,3,0,0,0,0
MSNNL,Organic Search,/director-of-nursing-career-guide/,6,-5,6,-6,0,0,0,0
CyberOps,Organic Search,/cyber-security-podcasts/,6,1,6,-1,0,0,0,0
CyberOps,Organic Search,/network-administrator-vs-systems-administrator/,6,1,6,0,0,0,0,0
CyberOps,Display,/masters-cyber-security-operations/lp/smartbrief-display/,6,-128,6,-143,2,-4,0.333333333,0.288557214
CyberOps,Direct,/vulnerability-and-penetration-testing/,6,3,6,3,1,1,0.166666667,0.166666667
MSAAI,Organic Search,/ai-prompt-engineer/,6,-3,6,-8,0,0,0,0
MSAAI,Organic Search,.translate.goog/artificial-intelligence-finance/,6,-2,7,-2,0,0,0,0
MSAAI,Referral,/masters-applied-artificial-intelligence/lp/study-artificial-intelligence/,6,3,15,6,0,0,0,0
MED,Organic Search,/resources/the-complete-list-of-teaching-methods/,6,3,3,-1,1,1,0.166666667,0.166666667
CyberOps,Direct,/cryptographer-career/,6,-15,6,-13,0,0,0,0
MSITL,Organic Search,/how-to-become-a-devops-engineer/,6,-3,7,-2,0,0,0,0
Data Science,Organic Search,/data-science/,6,4,8,6,0,0,0,0
Informatics,Paid Search,/masters-health-informatics/apply/,5,-5,10,-8,0,0,0,0
LEPSL,Organic Search,/classes/budget-finance-for-law-enforcement-leaders/,5,0,7,-1,0,0,0,0
MED,Referral,/faculty/joseph-lathan/,5,2,7,4,0,0,0,0
Informatics,Organic Social,/what-is-health-informatics/,5,,5,,0,,0,
MSNP,Referral,/masters-nonprofit-leadership-management/lp/ppc/,5,4,6,5,0,0,0,0
LEPSL,Organic Search,/masters-law-enforcement-leadership/lp/police/,5,,5,,0,,0,
MSHA,Display,/masters-humanitarian-action/lp/dyna/,5,-3,13,4,2,1,0.4,0.275
LEPSL,Direct,/police-officer-wellness-programs/,5,-4,2,-4,0,0,0,0
Informatics,Organic Search,/faculty/dorothy-ohagan/,5,,5,,0,,0,
LEPSL,Organic Search,.translate.goog/10-innovative-police-technologies/,5,-3,5,-4,0,0,0,0
LEPSL,Direct,/forms/,5,-6,14,-19,0,0,0,0
MSNNL,Unknown - chatgpt.com / (not set),/masters-nursing-leadership/scholarships/,5,,5,,0,,0,
MESH,Organic Search,/renewable-energy-consultant-career/,5,-3,5,-5,0,-1,0,-0.125
EML,Unknown - Data Not Available / Data Not Available,/masters-engineering-management-leadership/lp/ppc/,5,-2,12,5,2,1,0.4,0.257142857
LEPSL,Organic Search,/masters-law-enforcement-leadership/transfer-credit/,5,-1,5,-2,0,0,0,0
LEPSL,Direct,/how-to-become-police-sergeant/,5,-2,5,-2,0,0,0,0
LEPSL,Organic Search,/masters-law-enforcement-leadership/apply/,5,-6,4,-12,0,-1,0,-0.090909091
MSAAI,Organic Social,/university-of-san-diego-launches-full-time-on-campus-masters-degree-programs-in-applied-artificial-intelligence-and-cyber-security-engineering/,5,-12,4,-32,0,0,0,0
MSLDT,Referral,/job-aid-examples-template/,5,-1,5,1,0,0,0,0
Informatics,Organic Search,/health-informatics-websites-blogs/,5,-5,4,-8,0,0,0,0
MSHA,Direct,/,5,-2,39,13,0,0,0,0
CyberEng,Organic Search,/classes/applied-cryptography-5/,5,0,6,1,0,0,0,0
MESH,Display,/masters-engineering-sustainability-health/lp/dyna/,5,-248,5,-249,0,-1,0,-0.003952569
MED,Direct,/masters-in-education-requirements/,5,2,5,3,0,0,0,0
Informatics,Direct,/masters-health-informatics/faculty/,5,0,5,-1,0,0,0,0
CyberEng,Direct,/masters-cyber-security-engineering/faculty/,5,-1,10,5,0,0,0,0
EML,Display,/masters-engineering-management-leadership/lp/ppc/,5,-64,5,-65,0,-1,0,-0.014492754
LEPSL,Direct,/best-police-leadership-books/,5,0,4,0,0,0,0,0
MSAAI,Organic Search,.translate.goog/ai-blogs/,5,1,5,1,0,0,0,0
MSAAI,Direct,/resources/8-questions-artificial-intelligence-masters-ebook/,5,-3,6,0,0,0,0,0
MED,Organic Search,/are-charter-schools-better-in-creating-education-equity/,5,3,4,1,0,0,0,0
CyberEng,Referral,/cyber-security-statistics/,5,2,4,2,0,0,0,0
MED,Email,/masters-education/,5,-8,31,2,0,-2,0,-0.153846154
(default) (not set),Organic Search,/about/general-policies/,5,3,5,3,0,0,0,0
MED,Organic Search,.translate.goog/complete-list-teaching-methods/,5,3,5,3,0,0,0,0
Data Science,Direct,/business-intelligence-engineer-career/,5,2,5,2,0,0,0,0
MSNP,Direct,/business-masters-degrees-types/,5,-2,5,-2,0,0,0,0
CyberOps,Direct,/secure-software-development/,5,,4,,0,,0,
MESH,Direct,/sustainability-degree-options/,5,0,9,4,0,0,0,0
MESH,Paid Search,/ngo-careers/,5,0,4,-2,0,0,0,0
MSNP,Direct,/nonprofit-leadership/,5,2,4,1,0,0,0,0
MSNNL,Direct,/masters-nursing-leadership/lp/preceptor-information/,5,4,4,3,2,2,0.4,0.4
CyberOps,Direct,/women-cyber-security-reasons-to-enter-field/,5,4,5,4,0,0,0,0
Data Science,Direct,/business-intelligence-developer/,5,0,5,0,0,0,0,0
Informatics,Organic Search,/masters-health-informatics/lp/study-health-informatics/,5,-8,24,2,0,-3,0,-0.230769231
BSN,Organic Search,/bachelors-nursing/bachelors-nursing-lp-ppc/,5,,5,,0,,0,
LEPSL,Organic Search,/masters-law-enforcement-leadership/students-agencies/,5,2,4,2,0,0,0,0
MSLDT,Organic Search,/instructional-design-certificate-vs-masters-degree/,5,-3,6,-3,0,0,0,0
MSITL,Direct,/systems-engineer-career/,5,0,5,0,0,0,0,0
MSAAI,Direct,/how-to-start-career-artificial-intelligence/,5,-6,5,-4,0,0,0,0
MTS,Organic Search,/masters-theological-studies/classes/,5,-3,4,-7,0,0,0,0
MSLDT,Referral,/ai-instructional-design/,5,3,8,6,0,0,0,0
Data Science,Organic Search,/data-science-bootcamps/,5,-7,6,-7,0,0,0,0
Informatics,Organic Search,/advisory-board/kohrumel/,5,4,4,3,0,0,0,0
Data Science,Organic Search,/how-to-become-a-software-engineer/,5,2,5,0,0,0,0,0
(default) (not set),Organic Social,/,5,-7,5,-11,0,0,0,0
MSAAI,Referral,/ai-ethicist-career/,5,,5,,0,,0,
EML,Organic Search,/how-to-become-vp-engineering/,5,-7,6,-5,0,0,0,0
MSITL,Paid Search,/masters-information-technology-leadership/apply/,5,-4,6,-18,0,-5,0,-0.555555556
CyberEng,Display,/masters-cyber-security-engineering/lp/smartbrief-display/,5,-114,5,-123,3,2,0.6,0.591596639
MTS,Direct,/,5,-8,23,-42,0,-1,0,-0.076923077
MSNP,Paid Search,/masters-nonprofit-leadership-management/app-waiver/,5,2,5,1,2,2,0.4,0.4
MTS,Direct,/st-francis-of-assisi-and-franciscan-theology/,5,-18,9,-6,0,0,0,0
Informatics,Email,/masters-health-informatics/health-analytics-track/,5,3,8,-7,0,-1,0,-0.5
MED,Unknown - Data Not Available / Data Not Available,/masters-education/lp/online-med/,5,3,8,1,0,-1,0,-0.5
MED,Direct,/forms/,5,0,19,3,5,1,1,0.2
LEPSL,Direct,/police-captain-promotion-guide/,5,-2,5,-1,0,0,0,0
MSNNL,Direct,/masters-nursing-leadership/faculty/,5,0,30,26,0,0,0,0
CyberOps,Direct,.translate.goog/ethical-hacker-career-salary-guide/,5,3,5,3,0,0,0,0
MESH,Direct,/environmental-compliance-officer-career/,5,3,5,3,0,0,0,0
(default) (not set),Organic Search,/student-support/military-and-veterans-program/,5,,5,,0,,0,
(default) (not set),Direct,/how-to-start-a-business/,5,-4,5,-8,0,0,0,0
MSITL,Direct,/masters-information-technology-leadership/lp/ppc/let-us-pay-for-your-msitl-application-fee/,5,3,5,3,1,1,0.2,0.2
CyberEng,Direct,/what-is-cyberwarfare/,5,-2,7,0,0,0,0,0
MSHA,Unknown - flyer / offline,/masters-humanitarian-action/lp/dyna/,5,,7,,0,,0,
MSAAI,Organic Search,/university-of-san-diego-launches-full-time-on-campus-masters-degree-programs-in-applied-artificial-intelligence-and-cyber-security-engineering/,5,0,9,0,0,0,0,0
EML,Direct,/manage-engineering-team/,5,-3,5,-3,0,0,0,0
Data Science,Organic Search,/faculty/mohammad-yavarimanesh/,5,3,4,2,0,0,0,0
MSNNL,Direct,/bachelors-nursing/,5,,30,,0,,0,
Data Science,Direct,/data-science-vs-software-engineering/,5,-3,5,-2,0,0,0,0
MED,Direct,/how-to-become-teacher-in-california/,5,4,6,5,0,0,0,0
MESH,Referral,/sustainability-scholarships/,5,,5,,0,,0,
MSNP,Paid Search,/,5,3,14,-17,0,0,0,0
MED,Referral,/technology-in-the-classroom/,5,,4,,0,,0,
MSHA,Organic Search,.translate.goog/human-rights-violation-definition/,5,3,6,3,0,0,0,0
MTS,Organic Search,/faculty/patty-jimenez/,5,4,7,4,0,0,0,0
MSITL,Direct,/sre-vs-devops/,5,0,5,0,0,0,0,0
MED,Referral,/rethinking-education-assessment-types/,5,0,5,-4,0,0,0,0
CyberOps,Organic Search,/cyber-threat-intelligence-analyst/,5,,14,,0,,0,
MSHA,Referral,/logical-framework-approach/,5,3,3,1,0,0,0,0
(default) (not set),Organic Search,/masters-degree-innovation/,5,3,6,4,0,0,0,0
CyberEng,Organic Search,/summer-cyber-security-program/,5,-1,8,-3,0,0,0,0
MED,Organic Search,/alternative-teacher-certification-guide/,5,1,5,1,0,0,0,0
MSITL,Organic Search,/it-leadership-skills/,5,-8,5,-4,0,0,0,0
MSLDT,Direct,/instructional-design-interview-questions/,5,-19,5,-25,0,0,0,0
EML,Organic Search,/advisory-board/jimmy-anklesaria/,5,-3,5,-4,0,0,0,0
MSNNL,Email,/masters-nursing-leadership/lp/dyna/,5,,12,,0,,0,
MSAAI,Organic Search,/artificial-intelligence-engineer-career/,5,3,5,2,0,0,0,0
MSAAI,Direct,/top-artificial-intelligence-companies-startups/,5,-1,5,-1,0,0,0,0
CyberOps,Direct,/employer-partnership/guidepoint-security-llc/,5,,12,,0,,0,
MSHA,Direct,/masters-humanitarian-action/app-waiver/,5,-3,5,-3,2,0,0.4,0.15
Informatics,Organic Social,/masters-health-informatics/,5,3,4,2,0,0,0,0
LEPSL,Direct,/why-military-vets-should-consider-career-in-criminal-justice/,5,-5,6,-4,0,0,0,0
(default) (not set),Email,/,5,0,7,3,0,0,0,0
MESH,Direct,/top-degrees-for-social-justice-careers/,5,-7,5,-7,0,0,0,0
MSNP,Direct,/masters-nonprofit-leadership-management/lp/thank-you/,5,-1,10,4,5,-1,1,0
MSHA,Organic Search,/new-online-masters-degree-program-in-humanitarian-action/,5,,9,,0,,0,
MSAAI,Direct,/masters-cyber-security-engineering/,5,0,21,9,3,3,0.6,0.6
EML,Direct,/engineering-scholarships/,5,2,5,2,0,0,0,0
CyberOps,Organic Search,/cyber-security-salaries-make-case-for-masters/,5,4,5,3,0,0,0,0
Data Science,Paid Search,/resources/msads-request-program-brochure/,5,-2,10,3,0,0,0,0
MESH,Organic Search,.translate.goog/ngo-careers/,5,1,6,2,0,0,0,0
MSLDT,Paid Search,/masters-learning-design-technology/classes/,5,-3,6,2,0,0,0,0
MED,Direct,.translate.goog/what-is-educational-technology-definition-examples-impact/,5,,7,,0,,0,
MSAAI,Unknown - perplexity / (not set),/artificial-intelligence-jobs/,5,,9,,0,,0,
MED,Direct,/resources/complete-guide-to-teacher-centered-vs-student-centered-learning/,5,-6,10,-1,1,1,0.2,0.2
(default) (not set),Direct,/effective-leadership-skills/,5,-7,5,-7,0,0,0,0
MSNNL,Organic Search,/masters-nursing-leadership/nursing-educator-track/,5,3,15,-2,0,-1,0,-0.5
MSHA,Organic Search,.translate.goog/logical-framework-approach/,5,2,5,2,0,0,0,0
MESH,Direct,/climate-change-analyst-career/,5,-4,7,-4,0,0,0,0
MTS,Email,/resources/franciscan-footsteps-newsletter/,5,,6,,1,,0.2,
Informatics,Direct,/forms/,5,0,16,1,3,-1,0.6,-0.2
LEPSL,Referral,/women-in-law-enforcement/,5,-1,7,-2,0,0,0,0
LEPSL,Paid Social,/masters-law-enforcement-leadership/,5,4,5,4,0,0,0,0
MSLDT,Direct,/masters-learning-design-technology/lp/thank-you/,5,4,25,24,3,2,0.6,-0.4
MED,Organic Search,/best-podcasts-for-teachers/,5,-2,6,-2,0,0,0,0
LEPSL,Organic Search,/how-become-federal-correctional-officer/,5,1,5,-3,0,0,0,0
MESH,Referral,/environmental-scientist-career/,5,,3,,0,,0,
MED,Organic Search,/early-childhood-education-vs-elementary-education-masters/,5,1,5,0,0,0,0,0
MTS,Organic Search,.translate.goog/what-is-lay-ministry/,5,2,5,2,0,0,0,0
MSAAI,Unknown - perplexity / (not set),/ai-blogs/,5,,5,,0,,0,
MED,Paid Search,/masters-education/specializations/school-leadership/,5,,4,,0,,0,
MSHA,Paid Social,/masters-humanitarian-action/lp/thank-you/,5,2,6,3,5,2,1,0
MSNNL,Organic Search,/advisory-board/ryan/,4,-2,4,-4,0,0,0,0
LEPSL,Direct,/how-to-become-a-police-lieutenant/,4,-2,5,-1,0,0,0,0
CyberEng,Organic Search,/faculty/nikolas-behar/,4,3,3,2,0,0,0,0
LEPSL,Organic Search,/police-captain-promotion-guide/,4,-12,6,-7,0,0,0,0
(default) (not set),Organic Search,/faq/,4,-2,4,-5,0,0,0,0
CyberEng,Direct,/cryptanalyst-career-guide/,4,-1,5,-3,0,0,0,0
MTS,Direct,/faculty/keith-warner/,4,,9,,0,,0,
MSHA,Direct,/masters-humanitarian-action/lp/thank-you/,4,3,3,2,3,2,0.75,-0.25
MTS,Referral,/what-is-liturgy/,4,3,5,4,0,0,0,0
MSHA,Referral,/theory-of-change/,4,,4,,0,,0,
(default) (not set),Organic Search,/engineering/,4,1,5,3,0,0,0,0
(default) (not set),Organic Search,/about/,4,-4,3,-4,0,0,0,0
MESH,Referral,/climate-change-careers/,4,,3,,0,,0,
MED,Direct,/are-charter-schools-better-in-creating-education-equity/,4,,4,,0,,0,
LEPSL,Paid Social,/masters-law-enforcement-leadership/classes/,4,2,4,2,0,0,0,0
CyberOps,Direct,/bringing-gamification-to-cyber-security-training/,4,2,3,2,0,0,0,0
(default) (not set),Organic Search,/humanitarian-nonprofit/,4,3,4,3,0,0,0,0
MSNNL,Referral,/classes/advanced-pathophysiology/,4,,4,,0,,0,
MTS,Organic Search,/theology-of-retirement/,4,0,20,13,1,1,0.25,0.25
LEPSL,Organic Search,/law-enforcement-training-tips-to-tackle-multitasking-risks/,4,-2,4,-3,0,0,0,0
CyberOps,Organic Search,/healthcare-cyber-security/,4,3,3,2,0,0,0,0
(default) (not set),Organic Search,/tuition-financial-aid/additional-funding-options/,4,0,2,-2,0,0,0,0
MTS,Organic Search,/faculty/keith-warner/,4,-3,7,0,0,0,0,0
EML,Organic Search,/resources/engineering-leadership-skills-webinar/,4,,11,,0,,0,
CyberEng,Direct,/,4,0,12,3,0,0,0,0
MESH,Direct,/social-justice-careers/,4,1,4,0,0,0,0,0
MSNP,Referral,/ngo-vs-nonprofit/,4,1,4,2,0,0,0,0
MSAAI,Unknown - chatgpt.com / (not set),/machine-learning-podcast/,4,,4,,0,,0,
Data Science,Organic Search,/how-to-become-database-developer/,4,1,3,0,0,0,0,0
CyberEng,Paid Search,/masters-cyber-security-engineering/let-us-pay-for-your-cse-program-application-fee/,4,-1,4,-1,0,0,0,0
LEPSL,Organic Search,/masters-law-enforcement-leadership/ambassadors/,4,3,6,5,0,0,0,0
(default) (not set),Paid Search,/technology/,4,-4,3,-5,0,0,0,0
MSNNL,Direct,/masters-in-nursing-worth-it/,4,3,4,3,0,0,0,0
MSNNL,Paid Search,/bachelors-nursing/bachelors-nursing-lp-ppc/,4,,20,,0,,0,
EML,Direct,/masters-engineering-management-leadership/curriculum/,4,-18,4,-22,0,0,0,0
(default) (not set),Referral,/employer-partnership/,4,,6,,0,,0,
(default) (not set),Organic Search,/employer-partnership/axos/,4,,7,,2,,0.5,
MSNNL,Direct,/how-to-become-a-cno/,4,0,8,4,0,0,0,0
MTS,Organic Search,/masters-theological-studies/lp/ppc/,4,1,5,2,0,0,0,0
LEPSL,Email,/best-police-leadership-books/,4,-6,3,-6,0,0,0,0
(default) (not set),Organic Search,/effective-leadership-skills/,4,-1,4,-2,0,0,0,0
MSNP,Direct,/masters-engineering-sustainability-health/,4,2,12,-10,0,-1,0,-0.5
LEPSL,Referral,/police-officer-wellness-programs/,4,2,3,1,0,0,0,0
(default) (not set),Direct,/employer-partnership/xsite/,4,-9,6,-6,0,0,0,0
MSHA,Direct,/humanitarian-aid-certificate-courses/,4,0,4,1,0,0,0,0
EML,Direct,/faculty/mandeep-kaur/,4,-10,4,-10,0,0,0,0
MTS,Direct,/how-to-become-a-catholic-school-teacher/,4,-4,4,-4,0,0,0,0
MSNP,Email,/masters-nonprofit-leadership-management/,4,2,9,6,1,1,0.25,0.25
MESH,Direct,/masters-engineering-sustainability-health/mesh-combined-degree/,4,-4,3,-7,0,0,0,0
(default) (not set),Direct,/disruptive-innovation-examples/,4,-1,6,3,0,0,0,0
MSNNL,Organic Search,/nurse-leader-vs-nurse-manager/,4,1,20,13,0,0,0,0
MSAAI,Organic Search,/faculty/anna-marbut/,4,3,3,2,0,0,0,0
MSLDT,Direct,/learning-design-technology-careers/,4,3,4,3,0,0,0,0
Informatics,Direct,/masters-health-informatics/lp/study-health-informatics/,4,-3,7,-4,0,0,0,0
MSLDT,Unknown - chatgpt.com / (not set),/addie-model-instructional-design/,4,,4,,0,,0,
MSAAI,Unknown - Data Not Available / Data Not Available,/masters-applied-artificial-intelligence/lp/study-artificial-intelligence/,4,0,7,1,1,1,0.25,0.25
MTS,Organic Search,/masters-theological-studies/careers/,4,1,4,-1,0,0,0,0
(default) (not set),Unknown - chatgpt.com / (not set),/admissions/,4,,5,,0,,0,
MESH,Organic Search,/faculty/andrea-haverkamp/,4,-2,3,-4,0,0,0,0
MSITL,Referral,/information-technology-trends/,4,-2,4,-1,0,0,0,0
MSAAI,Paid Search,/resources/free-ms-aai-program-brochure/,4,-1,2,-4,1,0,0.25,0.05
(default) (not set),Paid Search,/computer-science/,4,-5,3,-6,0,0,0,0
(default) (not set),Paid Search,/engineering/,4,,5,,0,,0,
MSLDT,Organic Search,/education-inequity-and-homework/,4,3,22,19,0,0,0,0
Data Science,Paid Search,/masters-applied-data-science/,4,-8,5,-14,0,-2,0,-0.166666667
Informatics,Direct,/what-is-health-informatics/,4,-16,6,-12,0,0,0,0
MESH,Organic Search,/resources/mesh-information-session-webinar/,4,3,3,2,0,0,0,0
CyberOps,Organic Search,/cisa-certification/,4,-13,4,-13,0,0,0,0
MSITL,Direct,/information-technology-management/,4,-3,7,2,0,0,0,0
MESH,Direct,/environmental-policy-analyst-career/,4,-1,4,-1,0,0,0,0
LEPSL,Organic Search,/ambassador/luis-lealcontreras/,4,1,4,1,0,0,0,0
Informatics,Paid Search,/what-skills-do-you-need-to-work-in-health-care-informatics/,4,2,4,3,0,0,0,0
MSHA,Unknown - ihsa / social,/masters-humanitarian-action/classes/,4,,3,,0,,0,
MED,Organic Search,/faculty/amanda-roth/,4,3,4,2,0,0,0,0
(default) (not set),Organic Search,/student-support/graduate-admissions/,4,-1,5,-2,0,0,0,0
MSNP,Paid Social,/masters-nonprofit-leadership-management/lp/thank-you/,4,1,4,1,2,-1,0.5,-0.5
EML,Organic Search,/engineering-management-vs-technical-track/,4,-7,4,-9,0,0,0,0
Informatics,Direct,/what-is-medical-informatics/,4,2,4,1,0,0,0,0
LEPSL,Paid Search,/,4,-8,12,-50,0,0,0,0
MED,Referral,/what-is-educational-technology-definition-examples-impact/,4,-1,8,3,0,0,0,0
MSAAI,Direct,/resources/free-ms-aai-program-brochure-thank-you/,4,-3,4,-6,1,-7,0.25,-0.892857143
Data Science,Direct,/data-science-vs-statistics/,4,2,3,1,0,0,0,0
MSITL,Direct,/enterprise-it-management-guide/,4,2,4,2,0,0,0,0
Data Science,Direct,/masters-applied-data-science/msads-combined-degree/,4,1,4,1,0,0,0,0
MED,Organic Search,/faculty/rebekka-jez/,4,2,4,3,0,0,0,0
MSNNL,Organic Search,/online-ms-nursing-nl/,4,2,25,23,0,0,0,0
LEPSL,Paid Search,/masters-law-enforcement-leadership/classes/,4,-3,4,-7,0,0,0,0
MSAAI,Direct,/masters-applied-artificial-intelligence/careers/,4,-4,4,-6,1,1,0.25,0.25
Informatics,Paid Social,/masters-health-informatics/health-informatics-track/,4,2,4,2,0,0,0,0
MED,Organic Search,/resources/a-career-advancement-guide-for-educators-ebook/,4,-3,4,-2,0,0,0,0
Informatics,Paid Search,/education/,4,0,4,0,0,0,0,0
CyberOps,Direct,/,4,-3,17,0,0,0,0,0
MESH,Direct,/masters-engineering-sustainability-health/let-us-pay-for-your-msesh-program-application-fee/,4,1,9,2,2,1,0.5,0.166666667
(default) (not set),Direct,/faq/,4,0,4,1,0,0,0,0
CyberOps,Direct,/cyber-security-specialist-career-guide/,4,-6,5,-5,0,0,0,0
Informatics,Direct,/mha-vs-mph-vs-ms-health-informatics/,4,0,5,1,0,0,0,0
EML,Organic Search,.translate.goog/senior-engineer-vs-tech-lead-vs-lead-engineer/,4,0,4,0,0,0,0,0
MSNP,Direct,/forms/,4,-5,18,-11,3,-6,0.75,-0.25
MSLDT,Organic Search,/instructional-designer-resume-guide/,4,,3,,0,,0,
EML,Referral,/future-engineering-trends/,4,-1,5,-7,0,0,0,0
MED,Direct,/masters-education/apply/,4,-28,6,-27,0,0,0,0
Informatics,Direct,/faculty/alfred-livingstone/,4,,4,,0,,0,
MSLDT,Paid Search,/,4,-3,14,-42,0,-1,0,-0.142857143
MSNNL,Organic Search,/masters-nursing-leadership/classes/,4,,2,,0,,0,
(default) (not set),Organic Search,/employer-partnership/guidepoint-security-llc/,4,,3,,0,,0,
LEPSL,Direct,/promoting-women-in-law-enforcement-leadership/,4,-1,4,-5,0,0,0,0
MSNNL,Organic Search,.translate.goog/what-is-a-nurse-administrator/,4,3,4,3,0,0,0,0
LEPSL,Organic Search,/masters-law-enforcement-leadership/transfer-credit/sherman-block-sli/,4,3,5,4,0,0,0,0
MSNNL,Unknown - tableposter / offline,/masters-nursing-leadership/lp/dyna/,4,3,4,3,0,0,0,0
Data Science,Direct,/business-analyst-vs-data-analyst-vs-data-scientist/,4,-1,4,-1,0,0,0,0
MSLDT,Paid Search,/instructional-design-careers/,4,3,3,2,0,0,0,0
Informatics,Unknown - Data Not Available / Data Not Available,/masters-health-informatics/lp/study-healthcare-analytics/,4,-2,5,-7,0,0,0,0
CyberEng,Referral,/masters-cyber-security-engineering/classes/,4,,4,,0,,0,
MTS,Direct,/masters-theological-studies/lp/ppc/thank-you/,4,3,4,3,4,3,1,0
Informatics,Direct,/5-exciting-health-care-informatics-projects/,4,0,6,1,0,0,0,0
MSAAI,Email,/masters-applied-artificial-intelligence/classes/,4,3,4,3,0,0,0,0
LEPSL,Direct,/best-degrees-federal-law-enforcement-jobs/,4,3,3,2,0,0,0,0
(default) (not set),Direct,/about/career-and-professional-resources/,4,0,7,3,0,0,0,0
MSNP,Referral,/volunteer-management/,4,,2,,0,,0,
MED,Organic Search,/3-ways-to-create-inclusive-learning/,4,0,5,2,0,0,0,0
MTS,Organic Search,/campus-minister/,4,0,5,1,0,0,0,0
MSITL,Organic Search,/masters-degree-in-information-technology-worth-it/,4,0,4,0,0,0,0,0
MSHA,Organic Search,/humanitarian-scholarships/,4,-8,4,-12,0,-1,0,-0.083333333
MED,Organic Search,/classes/disability-in-education-policy-and-law/,4,,3,,0,,0,
MED,Organic Search,/masters-education/careers/,4,3,2,2,0,0,0,0
CyberEng,Direct,/masters-cyber-security-engineering/lp/cyber-security-engineering/,4,-6,2,-4,0,0,0,0
MSAAI,Direct,/machine-learning-engineer-vs-data-scientist/,4,,3,,0,,0,
Informatics,Direct,/employer-partnership/axos/,4,,13,,0,,0,
CyberEng,Organic Search,.translate.goog/network-forensics-tools/,4,-6,4,-6,0,0,0,0
CyberEng,Organic Search,/masters-cyber-security-engineering/scholarships-and-grants/,4,3,5,4,0,0,0,0
MSAAI,Organic Search,/artificial-intelligence/,4,-2,10,-14,0,0,0,0
MED,Referral,/instructional-leadership/,4,-17,6,-23,0,0,0,0
MED,Organic Search,.translate.goog/what-is-educational-technology-definition-examples-impact/,4,0,4,0,0,0,0,0
(default) (not set),Organic Search,/faculty/carlton-c-oneal/,4,,4,,0,,0,
MED,Referral,/adaptive-curriculum-for-special-education/,4,-7,12,0,0,0,0,0
LEPSL,Direct,/resources/law-enforcement-careers-ebook/,4,,5,,1,,0.25,
(default) (not set),Direct,/employer-partnership/onlinedegrees-sandiego-edu-employer-partnershipatos-se/,4,-2,7,-2,0,0,0,0
MESH,Direct,/masters-in-sustainability-degree-comparison/,4,2,4,2,0,0,0,0
(default) (not set),Direct,/student-support/office-of-financial-aid-services/,4,1,4,2,0,0,0,0
LEPSL,Referral,/masters-law-enforcement-leadership/transfer-credit/,4,0,4,-3,0,0,0,0
MSLDT,Direct,/instructional-design-career-guide/,4,2,5,3,0,0,0,0
CyberOps,Direct,/10-entry-level-cyber-security-resume-interview-pitfalls/,4,0,4,0,0,0,0,0
MSHA,Paid Social,/masters-humanitarian-action/,4,3,3,2,0,0,0,0
LEPSL,Organic Search,/resilience-in-law-enforcement/,4,-2,4,-1,0,0,0,0
MTS,Direct,/masters-theological-studies/faculty/,4,1,8,5,0,0,0,0
MSLDT,Organic Search,/instructional-design-masters-degree-worth-it/,4,0,5,1,0,0,0,0
Data Science,Organic Search,/business-intelligence-developer/,4,-7,4,-7,0,0,0,0
(default) (not set),Referral,/admissions/,4,0,7,-1,0,0,0,0
MSNNL,Organic Search,/how-to-become-a-cno/,4,-15,4,-23,0,-1,0,-0.052631579
CyberOps,Organic Search,/ca-paving-way-cyber-security-policy-ed-and-more/,4,1,4,1,0,0,0,0
MTS,Direct,/resources/master-of-theological-studies-brochure/,4,0,5,0,0,-1,0,-0.25
MESH,Paid Social,/masters-engineering-sustainability-health/lp/ppc/thank-you/,4,-2,4,-2,4,-2,1,0
MESH,Paid Search,/climate-change-careers/,4,-3,4,-11,0,0,0,0
LEPSL,Organic Search,/faculty/jennifer-tejada/,4,2,3,-22,0,0,0,0
MED,Organic Search,/resources/complete-guide-to-teacher-centered-vs-student-centered-learning/,4,-3,3,-4,0,0,0,0
LEPSL,Organic Search,/masters-law-enforcement-leadership/scholarships-grants/,4,-1,4,-1,0,0,0,0
MSNP,Direct,/grant-writing-for-nonprofits/,4,0,3,0,0,0,0,0
LEPSL,Direct,/masters-law-enforcement-leadership/transfer-credit/perf-smip/,4,2,4,2,0,0,0,0
MSITL,Direct,/masters-degree-in-information-technology-worth-it/,4,3,4,3,0,0,0,0
CyberEng,Direct,/network-administrator-career-salary-guide/,4,1,4,1,0,0,0,0
MTS,Referral,/masters-theological-studies/lp/ppc/,4,3,8,7,1,1,0.25,0.25
MSNP,Direct,/nonprofit-fundraising-ideas/,4,0,4,0,0,0,0,0
MSHA,Direct,/forms/,4,,14,,5,,1.25,
EML,Paid Search,/,4,3,12,4,0,0,0,0
MSAAI,Referral,/artificial-intelligence-courses-and-certifications/,4,0,4,2,0,0,0,0
MED,Direct,/edutainment/,4,-1,5,0,0,0,0,0
CyberOps,Direct,/malware-analyst-career-guide/,4,-2,4,-2,0,0,0,0
MSAAI,Direct,/faculty/anna-marbut/,4,,2,,0,,0,
LEPSL,Organic Search,/ambassador/michael-rodriguez/,4,0,4,0,0,0,0,0
MED,Organic Search,/life-skills-education-in-Schools/,4,,3,,0,,0,
CyberOps,Direct,/cyber-security-scholarships/,4,-5,4,-6,0,0,0,0
MED,Referral,/teacher-resume-examples/,4,1,7,3,0,0,0,0
Data Science,Direct,/ata-specialist-career/,4,2,4,2,0,0,0,0
MSITL,Direct,/masters-information-technology-leadership/classes/data-science-elective/,4,2,13,9,0,0,0,0
LEPSL,Organic Search,/faculty/mickey-williams/,4,-3,3,-6,0,0,0,0
MESH,Referral,/masters-engineering-sustainability-health/mesh-combined-degree/,4,2,7,5,0,0,0,0
MSITL,Direct,/information-technology-scholarships/,4,,4,,0,,0,
Data Science,Direct,/13-essential-data-science-textbooks/,4,-2,4,-1,0,0,0,0
MSHA,Paid Search,/masters-humanitarian-action/,4,-4,5,-3,0,0,0,0
LEPSL,Direct,/risk-management-in-law-enforcement/,4,-1,6,1,0,0,0,0
LEPSL,Organic Search,/masters-law-enforcement-leadership/lp/law-enforcement/,4,-1,10,-3,0,-2,0,-0.4
MSAAI,Paid Search,/masters-cyber-security-operations/lp/bva-cyber-security-operations-leadership/,4,3,32,30,1,1,0.25,0.25
MSITL,Referral,/masters-information-technology-leadership/lp/ppc/,4,,4,,0,,0,
MSAAI,Referral,/,4,-2,20,0,0,0,0,0
MSLDT,Direct,/masters-learning-design-technology/lp/dli/,4,,11,,0,,0,
MESH,Email,/masters-engineering-sustainability-health/apply/,4,-2,4,-2,0,0,0,0
CyberOps,Paid Search,/masters-cyber-security-operations/apply/,4,3,7,-4,0,-2,0,-2
MSNP,Organic Search,/,4,-1,37,13,0,0,0,0
Data Science,Organic Search,.translate.goog/best-computer-science-jobs/,4,0,4,0,0,0,0,0
MSHA,Organic Search,/humanitarian-crises-around-the-world/,4,-4,5,-1,0,0,0,0
MSHA,Referral,/masters-humanitarian-action/faculty/,4,,3,,0,,0,
CyberOps,Organic Search,/faculty/michelle-moore/,4,0,4,-1,0,0,0,0
EML,Organic Search,/how-to-become-an-engineering-manager/,4,-2,3,-3,0,0,0,0
Informatics,Paid Search,/masters-health-informatics/health-analytics-track/,4,-5,3,-15,0,-1,0,-0.111111111
MSNNL,Paid Social,/masters-nursing-leadership/classes/,4,-3,5,-2,0,0,0,0
MTS,Paid Search,/masters-theological-studies/lp/ppc/thank-you/,4,0,5,2,0,-2,0,-0.5
Informatics,Paid Social,/bachelors-nursing/bachelors-nursing-lp-ppc/,4,,15,,0,,0,
MSNP,Organic Search,/volunteer-management/,4,-11,5,-7,0,0,0,0
MSLDT,Direct,/instructional-technologist-career/,4,,4,,0,,0,
Informatics,Organic Search,/career-health-care-informatics-ideal-foreign-medical-graduates/,4,-2,6,-1,0,0,0,0
MESH,Referral,/masters-engineering-sustainability-health/classes/,4,,4,,0,,0,
MSAAI,Direct,/resources/msaai-on-campus-artificial-intelligence-self-assessment/,4,-4,3,-7,0,0,0,0
MTS,Direct,/masters-theological-studies/lp/ppc/,4,0,3,1,0,0,0,0
MSITL,Organic Search,/network-computer-systems-administrator-career/,4,-3,3,-1,0,0,0,0
MED,Organic Search,/technology-in-classroom/,4,-4,3,-6,0,0,0,0
MSAAI,Paid Search,/resources/msaai-online-artificial-intelligence-self-assessment/,4,-11,6,-14,0,0,0,0
(default) (not set),Direct,/mba-interview-questions/,4,-1,4,-1,0,0,0,0
MSAAI,Direct,/faculty/david-friesen/,4,,4,,0,,0,
MSAAI,Direct,/masters-cyber-security-operations/,4,3,26,24,0,0,0,0
Data Science,Organic Search,/data-science-tools-of-the-trade-r-vs-python-2/,4,2,5,4,0,0,0,0
CyberOps,Direct,/masters-cyber-security-engineering/,4,0,14,1,1,1,0.25,0.25
LEPSL,Direct,/improving-police-promotional-process/,4,0,4,-1,0,0,0,0
CyberEng,Direct,/from-no-technical-experience-to-information-security-analyst-adrian-villegas-story/,4,,4,,0,,0,
MSITL,Referral,/resources/free-itl-program-brochure/,4,,6,,0,,0,
EML,Direct,/engineering-management-masters-worth-it/,4,-3,3,-10,0,-1,0,-0.142857143
Data Science,Paid Search,/masters-applied-data-science/apply/,4,-6,6,-5,0,0,0,0
Data Science,Direct,/data-analyst-careers-and-salary/,4,3,4,1,0,0,0,0
MSLDT,Direct,/instructional-design-careers/,4,-2,3,-1,0,0,0,0
MSITL,Paid Search,/masters-cyber-security-operations/lp/bva-cyber-security-operations-leadership/,4,,18,,1,,0.25,
CyberOps,Organic Search,/cyber-security-statistics/,4,1,6,-2,0,0,0,0
MSNNL,Direct,/masters-nursing-leadership/clinical-practicums/,4,-3,4,-2,0,0,0,0
MSITL,Organic Search,.translate.goog/technology-degrees/,4,,4,,0,,0,
MTS,Direct,/resources/7-applications-of-theology-degree-ebook/,4,1,5,-4,1,0,0.25,-0.083333333
MTS,Direct,/resources/franciscan-footsteps-newsletter/,4,,9,,3,,0.75,
LEPSL,Organic Search,/ambassador/mike-moulton/,4,,5,,0,,0,
MSHA,Organic Search,/faculty/rob-grace/,3,,2,,0,,0,
MED,Organic Search,/teaching-digital-literacy-in-the-classroom/,3,0,3,0,0,0,0,0
MSLDT,Direct,/masters-learning-design-technology/ambassadors/,3,,15,,0,,0,
EML,Direct,/engineering-masters-degrees/,3,-4,3,-4,0,0,0,0
(default) (not set),Organic Search,/gfembed/,3,-1,3,-1,0,0,0,0
LEPSL,Referral,/police-conflict-management-strategies/,3,2,3,2,0,0,0,0
(default) (not set),Direct,/forms/mseml-application-evaluation/,3,1,3,0,0,-2,0,-1
MSNNL,Direct,/masters-health-informatics/,3,1,10,0,1,1,0.333333333,0.333333333
MSAAI,Organic Search,.translate.goog/machine-learning-podcast/,3,-1,3,-1,0,0,0,0
MSAAI,Direct,/tuition-financial-aid/tuition/,3,,39,,0,,0,
CyberOps,Organic Search,/classes/cyber-security-law-privacy/,3,1,4,2,0,0,0,0
MTS,Direct,/how-to-get-more-involved-in-church/,3,-5,3,-4,0,0,0,0
(default) (not set),Direct,/blog/sustainability/,3,0,3,0,0,0,0,0
LEPSL,Email,/masters-law-enforcement-leadership/endorsements-testimonials/,3,,3,,0,,0,
CyberOps,Organic Search,/usd-cybersecurity-degree-program-ranked-9-in-fortune-education-list/,3,1,3,-5,0,0,0,0
LEPSL,Organic Search,/ambassador/brandon-barclay/,3,1,3,1,0,0,0,0
MSHA,Organic Search,.translate.goog/examples-of-social-change/,3,-4,3,-4,0,0,0,0
CyberOps,Organic Search,.translate.goog/why-cyber-security-is-a-great-career-option-for-military-veterans/,3,,3,,0,,0,
MED,Organic Search,/faculty/suzanne-van-steenbergen/,3,1,6,3,0,0,0,0
MESH,Organic Search,/faculty/roman-sidortsov/,3,1,3,1,0,0,0,0
MSNNL,Referral,/masters-nursing-leadership/scholarships/,3,,2,,0,,0,
MSAAI,Direct,/artificial-intelligence-engineer-career/,3,-3,3,-3,0,0,0,0
MSNP,Direct,/masters-engineering-sustainability-health/apply/,3,,8,,0,,0,
MSAAI,Direct,/ai-impact-on-pharma-4-0/,3,2,2,-1,0,0,0,0
Informatics,Direct,/health-information-technology-terminology/,3,-13,3,-15,0,-1,0,-0.0625
MSNNL,Unknown - Data Not Available / Data Not Available,/masters-nursing-leadership/nursing-educator-track/,3,0,8,2,0,0,0,0
LEPSL,Organic Search,/key-components-of-law-enforcement-leadership-degree/,3,,3,,0,,0,
MSNP,Organic Search,/faculty/andrea-boozer/,3,2,2,1,0,0,0,0
Data Science,Direct,/employer-partnership/axos/,3,,10,,0,,0,
Informatics,Paid Social,/masters-health-informatics/,3,,3,,0,,0,
CyberOps,Direct,/masters-cyber-security-operations/faculty/,3,0,3,0,0,0,0,0
Data Science,Direct,/masters-applied-data-science/lp/study-data-science/,3,-12,2,-8,0,0,0,0
MESH,Direct,/environmental-consultant-career/,3,-6,3,-6,0,0,0,0
(default) (not set),Organic Search,/about/online-learning/student-support/,3,,3,,0,,0,
LEPSL,Organic Search,.translate.goog/what-is-intelligence-led-policing/,3,2,3,2,0,0,0,0
CyberOps,Direct,/masters-cyber-security-operations/scholarships-grants/,3,1,3,1,0,0,0,0
CyberOps,Paid Search,/masters-cyber-security-engineering/let-us-pay-for-your-cse-program-application-fee/,3,0,4,2,2,0,0.666666667,0
MTS,Organic Search,.translate.goog/how-to-regain-your-faith/,3,,4,,0,,0,
MSLDT,Organic Search,/resources/things-to-know-about-careers-in-instructional-design/,3,-4,2,-4,0,0,0,0
MSLDT,Direct,/masters-learning-design-technology/lp/instructional-design-for-teachers/,3,1,2,0,0,0,0,0
MED,Unknown - perplexity / (not set),/teacher-centered-vs-student-centered-learning/,3,,4,,0,,0,
MSITL,Paid Search,/masters-information-technology-leadership/classes/data-science-elective/,3,-9,8,-12,0,-1,0,-0.083333333
LEPSL,Organic Search,/faculty/gary-morrison/,3,2,2,1,0,0,0,0
Data Science,Referral,/storytelling-with-data-part-1/,3,,4,,0,,0,
Informatics,Organic Search,/how-to-become-a-nurse-educator/,3,,2,,0,,0,
LEPSL,Organic Search,/ambassador/maxime-schifano/,3,-2,3,-2,0,0,0,0
MTS,Organic Social,/masters-theological-studies/resources/,3,-5,6,-5,1,1,0.333333333,0.333333333
MSLDT,Direct,/corporate-trainer-career/,3,-3,4,-2,0,0,0,0
MESH,Organic Social,/environmental-science-vs-engineering-degree/,3,,3,,0,,0,
(default) (not set),Organic Search,/student-support/lela-reagan/,3,2,5,4,0,0,0,0
(default) (not set),Direct,/mesh-mixer-rsvp/,3,0,3,-1,0,0,0,0
Data Science,Organic Search,/data-science-vs-statistics-masters/,3,-5,9,0,1,1,0.333333333,0.333333333
MSHA,Direct,/humanitarian-program-coordinator/,3,1,3,1,0,0,0,0
MSNP,Referral,s-nonprofit-leadership-management/lp/ppc/,3,,6,,4,,1.333333333,
CyberEng,Organic Search,/network-security-engineer/,3,-3,3,-4,0,0,0,0
CyberEng,Paid Social,/masters-cyber-security-engineering/let-us-pay-for-your-cse-program-application-fee/,3,2,3,2,0,0,0,0
MED,Organic Search,/faculty-spotlight-dr-reyes-quezada-2/,3,,3,,0,,0,
CyberEng,Direct,/is-cyber-security-hard/,3,1,3,1,0,0,0,0
MED,Organic Search,/the-secrets-to-successful-school-leadership/,3,1,3,2,0,0,0,0
MSAAI,Organic Search,/classes/applied-probability-and-statistics-for-artificial-intelligence-maai-500/,3,1,4,-1,0,0,0,0
CyberEng,Unknown - chatgpt.com / (not set),/masters-cyber-security-engineering/,3,,3,,0,,0,
LEPSL,Direct,/masters-law-enforcement-leadership/transfer-credit/sherman-block-sli/,3,-5,3,-9,0,0,0,0
(default) (not set),Email,/events/,3,2,2,1,0,0,0,0
MED,Organic Social,/rethinking-education-assessment-types/,3,2,3,2,0,0,0,0
(default) (not set),Organic Search,/management-masters-vs-mba/,3,,3,,0,,0,
MSITL,Paid Search,/,3,2,9,4,0,0,0,0
MSHA,Paid Search,/masters-humanitarian-action/lp/dyna/,3,,3,,0,,0,
MESH,Display,/masters-engineering-sustainability-health/,3,-508,4,-507,0,0,0,0
MED,Paid Search,/masters-engineering-management-leadership/lp/ppc/,3,,15,,0,,0,
MED,Organic Search,/education-inequity-and-homework./,3,,3,,0,,0,
Informatics,Direct,/tuition-financial-aid/tuition/,3,,2,,0,,0,
(default) (not set),Direct,/about/general-policies/,3,-1,3,-2,0,0,0,0
MSHA,Organic Search,/humanitarian-corridor/,3,-2,7,3,0,0,0,0
MSNP,Paid Search,/masters-nonprofit-leadership-management/classes/,3,0,3,2,0,0,0,0
MESH,Email,/masters-engineering-sustainability-health/,3,-5,7,-6,0,0,0,0
MED,Organic Search,.translate.goog/brain-based-learning/,3,1,3,1,0,0,0,0
CyberOps,Organic Search,/cybersecurity-analyst-career-guide/,3,0,3,1,0,0,0,0
CyberOps,Referral,/cyber-security-information-security-network-security/,3,-31,3,-34,0,0,0,0
MSHA,Organic Search,/masters-humanitarian-action/apply/,3,1,3,2,0,0,0,0
CyberEng,Direct,/cybersecurity-vs-it-degree/,3,-7,3,-7,0,0,0,0
CyberEng,Organic Search,/masters-cyber-security-engineering/let-us-pay-for-your-cse-program-application-fee/,3,,2,,0,,0,
MSLDT,Referral,/top-instructional-design-software/,3,2,3,2,0,0,0,0
Informatics,Direct,/admissions/how-to-apply/,3,2,9,7,0,0,0,0
CyberOps,Unknown - chatgpt.com / (not set),/top-cyber-security-threats/,3,,6,,0,,0,
MSITL,Referral,/it-management-leadership-certifications/,3,,4,,0,,0,
MSITL,Direct,/what-is-devops/,3,1,3,1,0,0,0,0
Informatics,Organic Social,/8-technologies-changing-healthcare/,3,1,4,2,0,0,0,0
MSLDT,Organic Search,/faculty/holly-shiflett/,3,,6,,0,,0,
Informatics,Referral,/what-is-health-informatics/,3,,2,,0,,0,
MED,Direct,/masters-education/scholarships-and-grants/,3,0,4,1,0,0,0,0
MED,Organic Search,/masters-education/specializations/technology-and-innovation/,3,1,4,-3,1,0,0.333333333,-0.166666667
MSITL,Direct,/resources/information-technology-leadership-degree-webinar/,3,2,7,6,0,0,0,0
(default) (not set),Organic Search,/gmat-exam-questions-answered/,3,2,2,1,0,0,0,0
MESH,Organic Social,/masters-engineering-sustainability-health/resources/,3,,4,,0,,0,
CyberOps,Organic Search,/how-to-start-career-in-cyber-security/,3,0,2,-2,0,0,0,0
MSAAI,Direct,/university-of-san-diegos-ms-in-applied-artificial-intelligence-launching-new-course-agentic-ai-systems-in-summer-2026/,3,-13,7,-12,0,0,0,0
(default) (not set),Organic Search,/blue-leadership-podcast/,3,2,2,1,0,0,0,0
Data Science,Display,/masters-applied-data-science/lp/study-data-science/,3,-86,3,-89,0,0,0,0
EML,Organic Search,/classes/value-chain-of-engineering-organizations/,3,,3,,0,,0,
MESH,Direct,/renewable-energy-consultant-career/,3,-2,4,-2,0,0,0,0
Informatics,Direct,/masters-health-informatics/lp/study-healthcare-analytics/,3,-10,2,-8,0,0,0,0
Informatics,Direct,/what-is-clinical-informatics/,3,0,3,0,0,0,0,0
LEPSL,Organic Search,/faculty/tyler-blondi/,3,2,3,2,0,0,0,0
MTS,Direct,/what-is-theological-studies/,3,-4,4,-18,0,0,0,0
(default) (not set),Unknown - Data Not Available / Data Not Available,/,3,1,10,3,0,0,0,0
MSLDT,Referral,/masters-learning-design-technology/lp/uci/,3,-1,8,4,0,0,0,0
Informatics,Organic Search,/future-health-informatics/,3,2,15,13,0,0,0,0
Informatics,Unknown - chatgpt.com / (not set),/masters-health-informatics/,3,,4,,0,,0,
MED,Organic Search,/teaching-students-with-autism/,3,-3,4,-3,0,0,0,0
MSLDT,Direct,/masters-learning-design-technology/testimonials/,3,-1,4,-9,0,0,0,0
LEPSL,Direct,/criminal-justice-masters-degree-comparison/,3,1,3,1,0,0,0,0
Informatics,Direct,/resources/health-informatics-career-guide/,3,2,3,2,0,0,0,0
MSNP,Direct,/masters-nonprofit-leadership-management/faculty/,3,1,3,1,0,0,0,0
(default) (not set),Direct,/masters-cyber-security-operations/,3,0,20,7,0,-3,0,-1
Data Science,Direct,/how-to-become-database-developer/,3,-1,3,-1,0,0,0,0
LEPSL,Direct,/ambassador/julie-rodriguez/,3,,3,,0,,0,
LEPSL,Direct,/forms/lepsl-applicant/,3,2,3,2,0,0,0,0
LEPSL,Direct,/masters-law-enforcement-leadership/transfer-credit/fbina/,3,2,3,2,0,0,0,0
CyberOps,Organic Search,/bringing-gamification-to-cyber-security-training/,3,0,4,1,0,0,0,0
MSHA,Organic Search,.translate.goog/humanitarian-intervention-success-stories/,3,1,5,2,0,0,0,0
MSNNL,Paid Search,/,3,,12,,0,,0,
Data Science,Direct,/what-is-data-science/,3,0,3,1,0,0,0,0
MSHA,Organic Search,/advisory-board/ocampo/,3,,3,,0,,0,
(default) (not set),Organic Search,/startup-mentor/,3,2,3,2,0,0,0,0
MESH,Organic Search,.translate.goog/best-sustainability-podcasts/,3,,3,,0,,0,
MSNP,Direct,/masters-humanitarian-action/,3,0,55,16,0,-2,0,-0.666666667
(default) (not set),Organic Search,/student-support/copley-library/,3,2,3,2,0,0,0,0
(default) (not set),Organic Search,/student-support/its-help-desk/,3,-3,3,-3,0,0,0,0
CyberOps,Display,/masters-cyber-security-operations/,3,-4,4,-9,0,-1,0,-0.142857143
MED,Organic Search,/classes/cognition-learning/,3,,2,,0,,0,
LEPSL,Email,/masters-law-enforcement-leadership/faculty/,3,-5,3,-13,0,0,0,0
MED,Organic Search,/classes/qualitative-methods-in-educational-research/,3,,5,,0,,0,
MESH,Organic Search,/,3,-2,11,-2,0,0,0,0
(default) (not set),Organic Search,/blue-leadership-podcast/the-art-of-persistence-solving-the-christie-wilson-cold-case-homicide-with-nuno-tavares/,3,1,3,1,0,0,0,0
MESH,Organic Search,/faculty/ali-mariko-dressel/,3,0,4,0,0,0,0,0
Data Science,Direct,/data-warehouse-engineer/,3,1,4,2,0,0,0,0
MESH,Organic Social,/resources/sustainability-careers-ebook-thank-you/,3,,2,,2,,0.666666667,
MTS,Organic Search,.translate.goog/theology-careers/,3,-1,3,-1,0,0,0,0
CyberOps,Organic Search,/masters-cyber-security-operations/apply/,3,,7,,0,,0,
MTS,Direct,/masters-engineering-management-leadership/curriculum/,3,,6,,0,,0,
MSNP,Unknown - facebook / social,/masters-nonprofit-leadership-management/,3,-2,3,-2,0,0,0,0
Data Science,Referral,/employer-partnership/axos/,3,,7,,0,,0,
LEPSL,Email,/masters-law-enforcement-leadership/transfer-credit/fbi-leeda/,3,,12,,0,,0,
Data Science,Display,/sports-analytics-careers/,3,,3,,0,,0,
MSLDT,Paid Search,/masters-learning-design-technology/lp/thank-you/,3,-1,2,-7,2,-2,0.666666667,-0.333333333
MSNP,Organic Search,/what-is-organizational-leadership/,3,1,3,1,0,0,0,0
EML,Organic Search,/engineering-scholarships/,3,-4,3,-4,0,0,0,0
MSAAI,Organic Search,/masters-artificial-intelligence-vs-data-science/,3,-2,3,-2,0,0,0,0
CyberEng,Organic Search,/cybersecurity-bootcamp-vs-degree/,3,,3,,0,,0,
MESH,Referral,/masters-engineering-sustainability-health/apply/,3,1,5,1,0,0,0,0
MTS,Direct,.translate.goog/what-is-liturgy/,3,-6,3,-6,0,0,0,0
Informatics,Referral,/healthcare-informatics-jobs-salary/,3,,2,,0,,0,
(default) (not set),Organic Search,/blog/humanitarian-nonprofit/,3,2,3,2,0,0,0,0
CyberEng,Organic Search,/how-to-become-a-cyber-threat-hunter/,3,-2,2,-2,0,0,0,0
MED,Direct,/continuing-education-units-teachers-guide/,3,0,3,0,0,0,0,0
Informatics,Direct,/the-value-of-project-management-in-health-informatics/,3,,5,,0,,0,
MSHA,Email,/masters-humanitarian-action/,3,-10,3,-10,0,0,0,0
Data Science,Direct,/data-science/,3,,3,,0,,0,
MTS,Organic Search,/faculty/linh-hoang/,3,2,3,2,0,0,0,0
LEPSL,Organic Search,/masters-law-enforcement-leadership/lp/criminology/,3,0,7,1,1,0,0.333333333,0
CyberEng,Direct,/masters-cyber-security-engineering/careers/,3,-2,6,0,0,0,0,0
MED,Referral,/masters-education/,3,2,3,-2,0,-1,0,-1
MSNNL,Direct,/masters-education/,3,,10,,0,,0,
(default) (not set),Organic Search,/online-leadership-courses/,3,-2,3,-2,0,0,0,0
MSAAI,Organic Search,/impact-of-chatgpt-on-ai-careers/,3,1,4,2,0,0,0,0
LEPSL,Referral,/police-media-relations-and-social-media/,3,,3,,0,,0,
MED,Organic Search,.translate.goog/best-masters-degrees-for-teachers/,3,-2,3,-2,0,0,0,0
MSAAI,Direct,/resources/career-in-ai-webinar-thank-you/,3,,8,,0,,0,
Informatics,Direct,/do-you-need-health-informatics-certification/,3,-1,3,-1,0,0,0,0
MSNNL,Organic Search,/faculty/sheree-scott/,3,2,3,2,0,0,0,0
LEPSL,Organic Search,/importance-education-law-enforcement/,3,-5,3,-6,0,0,0,0
MSNNL,Organic Search,/faculty/jannise-baclig/,3,,3,,0,,0,
(default) (not set),Referral,/how-to-become-an-entrepreneur/,3,,3,,0,,0,
MESH,Direct,/masters-engineering-sustainability-health/resources/,3,2,5,3,0,0,0,0
MTS,Referral,/ministry-careers/,3,,2,,0,,0,
EML,Organic Search,/head-of-product-career/,3,2,5,3,1,1,0.333333333,0.333333333
MSITL,Referral,/it-career-paths/,3,,2,,0,,0,
LEPSL,Referral,/what-style-police-leadership-most-effective/,3,0,3,-1,0,0,0,0
Informatics,Direct,/health-informatics-job-description-explained/,3,-6,4,-21,0,0,0,0
MSITL,Direct,/how-to-start-it-career/,3,,5,,0,,0,
LEPSL,Organic Search,/5-tips-for-a-successful-criminal-justice-career/,3,-1,5,2,0,0,0,0
CyberOps,Direct,/masters-cyber-security-operations/lp/rvedu-csol/,3,,3,,0,,0,
(default) (not set),Organic Search,/faculty/amitkumar-kakkad/,3,,3,,0,,0,
Data Science,Direct,/storytelling-with-data-part-2/,3,2,5,4,0,0,0,0
(default) (not set),Organic Search,/lean-startup-methodology-explained/,3,-1,2,-2,0,0,0,0
LEPSL,Organic Search,/faculty/james-r-davis/,3,0,3,0,0,0,0,0
MED,Direct,/programs/,3,-1,7,-13,0,0,0,0
(default) (not set),Referral,/tuition-financial-aid/tuition/,3,0,3,0,0,0,0,0
MTS,Paid Search,/masters-theological-studies/faculty/,3,0,2,0,0,0,0,0
MTS,Paid Social,/masters-theological-studies/lp/ppc/thank-you/,3,2,3,2,2,1,0.666666667,-0.333333333
MSNNL,Paid Search,/masters-nursing-leadership/lp/thank-you/,3,-4,2,-6,2,0,0.666666667,0.380952381
LEPSL,Organic Search,/ambassador/eric-noble/,3,1,3,1,0,0,0,0
"(default) computer-science,engineering,technology",Organic Search,/usd-gradright-partnership/,3,-3,3,-3,0,0,0,0
CyberEng,Organic Social,/summer-cyber-security-program/,3,,3,,0,,0,
MSLDT,Direct,/instructional-design-masters-degree-worth-it/,3,2,3,2,0,0,0,0
LEPSL,Organic Search,/faculty/adolfo-gonzales/,3,2,4,3,0,0,0,0
Data Science,Direct,/data-science-vs-statistics-masters/,3,-1,1,-3,0,0,0,0
LEPSL,Organic Search,/faculty/timothy-albright/,3,-4,3,-4,0,0,0,0
MTS,Organic Search,.translate.goog/how-to-become-a-spiritual-director/,3,2,3,2,0,0,0,0
(default) (not set),Referral,/tuition-financial-aid/financial-aid/,3,-2,2,-1,0,0,0,0
CyberOps,Organic Search,/is-a-cyber-security-engineering-degree-right-for-you/,3,2,3,2,0,0,0,0
MSAAI,Direct,/most-searched-for-ai-jobs/,3,1,3,1,0,0,0,0
MSAAI,Organic Search,/faculty/rod-albuyeh/,3,1,3,1,0,0,0,0
MTS,Organic Social,/masters-theological-studies/,3,-3,7,2,1,1,0.333333333,0.333333333
MED,Direct,/masters-educational-technology-worth-it/,3,0,3,0,0,0,0,0
LEPSL,Organic Search,/masters-law-enforcement-leadership/lp/request-info/,3,2,4,3,0,0,0,0
CyberOps,Unknown - Data Not Available / Data Not Available,/masters-cyber-security-operations/classes/,3,,3,,0,,0,
Data Science,Organic Search,/masters-applied-data-science/lp/study-data-science/,3,-2,5,-1,0,0,0,0
MSNP,Paid Social,/masters-nonprofit-leadership-management/,3,2,10,8,1,1,0.333333333,0.333333333
MSAAI,Unknown - chatgpt.com / (not set),/masters-applied-artificial-intelligence/apply/,3,,3,,0,,0,
(default) (not set),Direct,/blog/computer-science/,3,1,3,1,0,0,0,0
Data Science,Unknown - Data Not Available / Data Not Available,/masters-applied-data-science/lp/study-data-science/,3,,8,,0,,0,
Data Science,Direct,/resources/questions-to-ask-masters-data-science-checklist/,3,2,7,6,0,0,0,0
MSAAI,Unknown - chatgpt.com / (not set),/ai-blogs/,3,,3,,0,,0,
MED,Organic Search,.translate.goog/careers-masters-curriculum-instruction/,3,1,3,1,0,0,0,0
MSNNL,Direct,/masters-nursing-leadership/lp/thank-you/,3,1,3,1,3,1,1,0
BSN,Organic Search,/,3,,6,,0,,0,
MSNNL,Direct,/12-types-of-msn-degrees-how-to-choose-the-best-nursing-track/,3,-2,3,-2,0,0,0,0
MSLDT,Paid Social,/masters-learning-design-technology/classes/,3,2,4,3,0,0,0,0
MSAAI,Organic Search,/masters-applied-artificial-intelligence/careers/,3,1,3,0,0,0,0,0
LEPSL,Referral,/masters-law-enforcement-leadership/apply/,3,,3,,0,,0,
CyberOps,Organic Search,/master-of-science-in-cyber-security-or-mba/,3,-10,3,-9,0,0,0,0
(default) (not set),Organic Search,/contact-us/,3,2,3,2,0,0,0,0
(default) (not set),Organic Search,/best-jobs-for-mba-graduates/,3,-1,3,-2,0,0,0,0
MSLDT,Referral,/how-to-become-a-curriculum-designer/,3,,4,,0,,0,
(default) (not set),Paid Search,/tuition-financial-aid/additional-funding-options/,3,1,3,2,0,0,0,0
LEPSL,Direct,/police-promotion/,3,-1,2,-3,0,0,0,0
(default) (not set),Organic Search,/lp/apply-now/,3,2,3,2,0,0,0,0
Informatics,Organic Search,/faculty/michael-kurliand/,3,2,3,2,0,0,0,0
MESH,Referral,/sustainability-degree-options/,3,,2,,0,,0,
CyberOps,Organic Search,/transition-general-it-to-cybersecurity-engineering/,3,,4,,0,,0,
MSHA,Organic Search,/advisory-board/husquinet/,3,0,2,-4,0,0,0,0
Data Science,Paid Search,/masters-applied-data-science/lp/let-us-pay-for-your-msads-program-application-fee/,3,-2,2,-3,1,-1,0.333333333,-0.066666667
EML,Direct,/engineering-manager-vs-tech-lead/,3,-3,2,-4,0,0,0,0
EML,Direct,/employer-partnership/axos/,3,,11,,0,,0,
Informatics,Paid Social,/masters-health-informatics/health-analytics-track/,3,1,2,0,0,0,0,0
Informatics,Paid Social,/education/,3,,3,,0,,0,
LEPSL,Organic Search,/masters-law-enforcement-leadership/transfer-credit/fbina/,3,2,4,3,0,0,0,0
MESH,Affiliate,/masters-engineering-sustainability-health/lp/dyna/,3,2,8,7,1,1,0.333333333,0.333333333
CyberEng,Referral,/should-you-become-a-cyber-security-engineer/,3,-3,3,-3,0,0,0,0
MESH,Direct,/blog-msph-vs-mph-degree-comparison/,3,-6,7,-2,0,0,0,0
MTS,Direct,/how-to-pay-for-theology-degree/,3,1,2,-14,0,0,0,0
Data Science,Paid Search,/,3,,9,,0,,0,
MESH,Organic Social,/masters-engineering-sustainability-health/apply/,3,,3,,0,,0,
MSLDT,Organic Search,/faculty/lisa-evans/,3,-5,2,-7,0,0,0,0
CyberOps,Organic Search,/classes/enterprise-security-architecture/,3,2,2,1,0,0,0,0
MESH,Unknown - perplexity / (not set),/sustainability-engineer-career/,3,,3,,0,,0,
Informatics,Direct,/forms/hci-applicant/,3,-1,2,-2,0,-2,0,-0.5
"(default) leadership-management,police-leadership",Direct,/,3,,2,,0,,0,
CyberOps,Direct,.translate.goog/top-cyber-security-threats/,3,-3,3,-3,0,0,0,0
MED,Email,/masters-education/specializations/,3,,6,,0,,0,
MSAAI,Paid Social,/masters-applied-artificial-intelligence/,3,-2,4,-3,0,0,0,0
MSAAI,Organic Search,/aws-azure-gcp-certification/,3,0,3,0,0,0,0,0
Informatics,Direct,/masters-health-informatics/testimonials/,3,2,3,2,0,0,0,0
LEPSL,Organic Search,/lepsl-first-student-ryan-opeka/,3,,7,,0,,0,
MSAAI,Organic Search,/resources/free-ms-aai-program-brochure/,3,-3,2,-4,0,0,0,0
CyberOps,Direct,/resources/which-cybersecurity-program-is-right-for-you/,3,1,3,1,0,0,0,0
MSLDT,Direct,/masters-law-enforcement-leadership/ambassadors/,3,2,14,-2,0,0,0,0
CyberEng,Unknown - Data Not Available / Data Not Available,/masters-cyber-security-engineering/lp/cyber-security-engineering/,3,-2,6,-6,0,-1,0,-0.2
Informatics,Unknown - Data Not Available / Data Not Available,/masters-health-informatics/lp/study-health-informatics/,3,-2,7,-3,0,-1,0,-0.2
MTS,Direct,/biblical-studies-theology/,3,-5,4,-4,0,0,0,0
MSAAI,Direct,/faculty/rod-albuyeh/,3,1,2,0,0,0,0,0
CyberEng,Organic Search,/is-cyber-security-hard/,3,-1,4,0,0,0,0,0
EML,Direct,/masters-engineering-management-leadership/app-waiver/,3,2,3,2,0,0,0,0
MESH,Paid Search,/masters-cyber-security-operations/lp/bva-cyber-security-operations-leadership/,3,,8,,0,,0,
EML,Direct,/masters-cyber-security-engineering/,3,2,5,3,0,0,0,0
CyberOps,Direct,/what-is-a-chief-security-officer-high-demand-skyrocketing-pay-for-csos/,3,-4,4,-3,0,0,0,0
(default) (not set),Organic Search,/cyber-security-statistics/,3,2,17,6,0,0,0,0
LEPSL,Referral,/top-5-trends-in-law-enforcement/,3,,4,,0,,0,
CyberOps,Email,/masters-cyber-security-operations/,3,-10,3,-17,0,0,0,0
LEPSL,Direct,/masters-law-enforcement-leadership/students-agencies/,3,2,3,2,0,0,0,0
LEPSL,Organic Search,/faculty/greg-morgan/,3,-2,6,1,0,0,0,0
MSHA,Organic Search,/faculty/ernest-ogbozor/,3,2,3,2,0,0,0,0
EML,Direct,/advisory-board/jimmy-anklesaria/,3,1,1,-2,0,0,0,0
EML,Organic Search,.translate.goog/future-engineering-trends/,3,-1,3,-1,0,0,0,0
CyberEng,Organic Search,/become-a-computer-forensics-analyst/,3,2,3,2,0,0,0,0
EML,Referral,/principal-engineer-vs-senior-engineer/,3,2,5,2,0,0,0,0
Informatics,Direct,/is-health-informatics-degree-worth-it/,3,2,4,3,0,0,0,0
EML,Direct,/engineering-leadership-skills/,3,-3,3,-3,0,0,0,0
MSNP,Organic Search,/grant-writing-for-nonprofits/,3,-8,4,-7,0,0,0,0
CyberOps,Direct,/cisa-certification/,3,0,3,0,0,0,0,0
Data Science,Direct,/masters-applied-data-science/advisory-board/,3,,3,,0,,0,
LEPSL,Paid Search,/masters-law-enforcement-leadership/transfer-credit/,3,,6,,0,,0,
Informatics,Email,/masters-health-informatics/health-informatics-track/,3,,3,,0,,0,
MSITL,Organic Social,/information-technology-trends/,3,2,3,2,0,0,0,0
MSLDT,Direct,/instructional-design-best-practices/,3,-13,2,-14,0,0,0,0
LEPSL,Organic Search,/masters-law-enforcement-leadership/transfer-credit/fbi-leeda/,3,-4,7,-1,0,0,0,0
LEPSL,Organic Search,/faculty/matthew-odeane/,3,,3,,0,,0,
MSITL,Referral,/masters-information-technology-leadership/,3,0,9,6,0,0,0,0
MSNP,Organic Search,.translate.goog/public-administration-careers/,3,2,3,2,0,0,0,0
LEPSL,Unknown - policeone / directory,/masters-law-enforcement-leadership/lp/request-info/,3,-2,3,-5,0,0,0,0
(default) (not set),Direct,/usd-online-alumni/,3,-7,3,-9,0,0,0,0
MSLDT,Unknown - Data Not Available / Data Not Available,/masters-learning-design-technology/lp/study-learning-design-technology/,3,0,11,4,0,-1,0,-0.333333333
MSNNL,Organic Search,/masters-nursing-leadership/lp/ppc/,3,-5,6,-2,0,0,0,0
EML,Direct,/resources/from-engineer-to-leader/,3,1,5,4,0,0,0,0
MESH,Organic Search,/masters-engineering-sustainability-health/mesh-combined-degree/,3,2,6,5,1,1,0.333333333,0.333333333
MED,Direct,/masters-education/faculty/,3,-5,5,-5,0,0,0,0
MTS,Organic Search,/faculty/joe-chinnici/,3,1,2,-4,0,0,0,0
CyberOps,Direct,/ceh-certification/,3,-12,3,-12,0,0,0,0
MSLDT,Email,/masters-learning-design-technology/,3,0,6,0,0,-1,0,-0.333333333
MSNNL,Direct,/faculty/sheree-scott/,3,,3,,0,,0,
MTS,Organic Search,.translate.goog/religious-vocational-discernment/,3,0,3,0,0,0,0,0
Informatics,Direct,/masters-health-informatics/lp/thank-you/,3,-1,11,7,4,0,1.333333333,0.333333333
MESH,Direct,/faculty/willy-oppenheim/,3,1,2,0,0,0,0,0
(default) business-entrepreneurship,Direct,/top-engineering-leaders/,3,-9,2,-10,0,0,0,0
(default) (not set),Organic Search,/best-mba-alternatives/,3,-6,3,-6,0,0,0,0
MTS,Email,/masters-theological-studies/classes/,3,-16,5,-22,1,1,0.333333333,0.333333333
MSLDT,Paid Search,/masters-learning-design-technology/apply/,2,1,0,-1,0,0,0,0
MSNP,Direct,/masters-humanitarian-action/apply/,2,1,4,2,0,0,0,0
MED,Organic Search,/resources/the-complete-list-of-teaching-methods-thank-you/,2,1,1,1,1,1,0.5,0.5
MSNNL,Email,/masters-nursing-leadership/classes/,2,1,1,0,0,0,0,0
MSHA,Direct,/masters-engineering-sustainability-health/,2,0,8,-1,0,0,0,0
MSAAI,Unknown - perplexity / (not set),/machine-learning-podcast/,2,,2,,0,,0,
MSAAI,Organic Search,.translate.goog/artificial-intelligence-jobs/,2,-5,2,-5,0,0,0,0
(default) (not set),Referral,/masters-applied-data-science/,2,,8,,0,,0,
MESH,Direct,/masters-health-informatics/,2,1,10,8,0,0,0,0
Informatics,Organic Search,/nursing-informatics-vs-health-informatics/,2,-1,2,-1,0,0,0,0
MSLDT,Unknown - perplexity / (not set),/top-instructional-design-software/,2,,2,,0,,0,
MTS,Direct,/franciscan-theology-reading-list/,2,1,2,1,0,0,0,0
CyberOps,Direct,/masters-cyber-security-operations/lp/bva-cybersecurity/,2,,2,,0,,0,
CyberEng,Direct,/cyber-security-coding/,2,-3,2,-3,0,0,0,0
MED,Direct,/admissions/,2,,6,,0,,0,
LEPSL,Organic Search,/how-to-become-a-police-chief/,2,0,2,-2,0,0,0,0
MED,Direct,/substitute-teacher-tips/,2,0,2,0,0,0,0,0
MSITL,Referral,/it-organizational-structure/,2,0,1,-1,0,0,0,0
MSHA,Organic Search,/masters-humanitarian-action/faculty/,2,1,2,-1,0,0,0,0
MSNNL,Organic Search,/education-inequity-and-homework/https:/onlinedegrees.sandiego.edu/education-inequity-and-homework/https:/onlinedegrees.sandiego.edu/education-inequity-and-homework/https:/onlinedegrees.sandiego.edu/education-inequity-and-homework/https:/onlinedegrees.sandiego.edu/education-inequity-and-homework/https:/onlinedegrees.sandiego.edu/education-inequity-and-homework/https:/onlinedegrees.sandiego.edu/education-inequity-and-homework/https:/onlinedegrees.sandiego.edu/education-inequity-and-homework/https:/onlinedegrees.sandiego.edu/education-inequity-and-homework/https:/onlinedegrees.sandiego.edu/education-inequity-and-homework/https:/onlinedegrees.sandiego.edu/education-inequity-and-homework/_,2,,3,,0,,0,
MSAAI,Direct,/aws-azure-gcp-certification/,2,0,2,-58,0,0,0,0
(default) (not set),Paid Search,/bachelors-nursing/,2,,6,,0,,0,
CyberOps,Organic Social,/top-cyber-security-blogs-websites/,2,-5,1,-6,0,0,0,0
MED,Organic Search,/implementing-universal-design-learning/,2,-2,2,-2,0,0,0,0
MSNP,Direct,/faculty/laura-deitrick/,2,1,2,-6,0,0,0,0
LEPSL,Direct,/ambassador/david-duran/,2,,2,,0,,0,
MED,Direct,.translate.goog/inclusive-education-strategies/,2,1,2,1,0,0,0,0
MSAAI,Unknown - perplexity / (not set),/artificial-intelligence-business/,2,,2,,0,,0,
CyberOps,Organic Search,/classes/csolappliedcryptography/,2,,2,,0,,0,
MSNP,Organic Search,/faculty/tom-abruzzo/,2,,2,,0,,0,
MSAAI,Organic Search,/masters-applied-data-science/,2,0,9,4,0,0,0,0
MSLDT,Referral,/what-is-instructional-design-examples/,2,-16,2,-12,0,0,0,0
MSAAI,Organic Search,.translate.goog/open-source-ai-tools/,2,-7,2,-7,0,0,0,0
MSLDT,Organic Search,/employer-partnership/,2,,25,,0,,0,
CyberOps,Email,/cyber-security-information-security-network-security/,2,-4,2,-4,0,0,0,0
(default) (not set),Referral,/how-to-become-an-intrapreneur/,2,1,2,1,0,0,0,0
MED,Direct,/online-teaching-certification-licensure-programs/,2,0,2,0,0,0,0,0
MTS,Direct,/masters-theological-studies/careers/,2,-1,3,0,0,0,0,0
MESH,Direct,/masters-engineering-management-leadership/,2,1,6,3,0,0,0,0
LEPSL,Organic Search,/faculty/bernie-colon/,2,,2,,0,,0,
(default) (not set),Paid Social,/campus-programs/,2,,2,,0,,0,
(default) (not set),Direct,/how-to-be-innovative-at-work/,2,0,2,0,0,0,0,0
EML,Direct,/how-to-become-vp-engineering/,2,-3,2,-3,0,0,0,0
Data Science,Direct,/python-for-data-science/,2,0,2,0,0,0,0,0
Data Science,Unknown - Data Not Available / Data Not Available,/masters-applied-data-science/classes/,2,,1,,0,,0,
CyberOps,Unknown - chatgpt.com / (not set),/cyber-security-scholarships/,2,,3,,0,,0,
MESH,Referral,/employer-partnership/axos/,2,,6,,0,,0,
CyberOps,Organic Social,/cyber-security-podcasts/,2,,2,,0,,0,
MSNP,Direct,/masters-health-informatics/,2,,21,,0,,0,
MSITL,Organic Search,/masters-information-technology-leadership/lp/ppc/,2,-5,9,2,0,0,0,0
LEPSL,Referral,/resources/law-enforcement-careers-ebook/,2,,2,,0,,0,
Informatics,Paid Search,/mha-vs-mph-vs-ms-health-informatics/,2,1,2,-1,0,0,0,0
(default) (not set),Organic Search,/faculty/trevor-maynard-phd-pe/,2,,2,,0,,0,
MTS,Email,/theology-careers/,2,1,2,1,0,0,0,0
MED,Paid Social,/masters-education/apply/,2,,2,,0,,0,
MTS,Display,/masters-theological-studies/,2,-41,2,-53,0,0,0,0
MSLDT,Direct,/instructional-design-courses/,2,-3,13,9,0,0,0,0
MSNP,Organic Search,/faculty/marcus-lam/,2,1,3,2,0,0,0,0
MSITL,Organic Social,/information-technology-scholarships/,2,,2,,0,,0,
MED,Referral,/resources/free-med-program-brochure-thank-you/,2,,1,,1,,0.5,
MSITL,Organic Search,/sre-vs-devops/,2,-3,2,-2,0,0,0,0
MSITL,Direct,/information-systems-vs-information-technology/,2,-6,5,-7,0,0,0,0
MSHA,Referral,/social-advocacy-definition/,2,0,2,0,0,0,0,0
MSLDT,Unknown - perplexity / (not set),/instructional-design-interview-questions/,2,,3,,0,,0,
MSITL,Organic Search,.translate.goog/it-job-titles/,2,0,2,0,0,0,0,0
MSITL,Referral,/resources/free-msitl-program-brochure-thank-you/,2,,6,,0,,0,
(default) (not set),Unknown - chatgpt.com / (not set),/tuition-financial-aid/financial-aid/,2,,2,,0,,0,
MSAAI,Referral,/resources/free-ms-aai-program-brochure/,2,1,3,2,0,0,0,0
(default) (not set),Organic Search,/faculty/james-gilb-ph-d/,2,-2,2,-2,0,0,0,0
MSNNL,Organic Search,/advisory-board/herman/,2,1,1,-1,0,0,0,0
EML,Organic Search,.translate.goog/engineering-management-leadership-certifications/,2,,2,,0,,0,
MED,Direct,/resources/the-complete-list-of-teaching-methods-thank-you/,2,-1,2,-3,2,-2,1,-0.333333333
MSAAI,Organic Search,/the-two-worlds-of-the-cio-in-applying-ai/,2,,2,,0,,0,
MSLDT,Direct,/faculty/lisa-evans/,2,-4,1,-6,0,0,0,0
(default) (not set),Direct,/bachelors-nursing/,2,,6,,1,,0.5,
(default) (not set),Direct,/employer-partnership/general-dynamics-nassco/,2,-2,2,-2,0,0,0,0
MESH,Direct,/resources/mesh-program-brochure-thank-you/,2,1,5,-39,1,1,0.5,0.5
MSHA,Email,/masters-humanitarian-action/lp/dyna/,2,-1,2,-2,0,0,0,0
CyberOps,Direct,/risk-manager-career-guide/,2,-5,2,-5,0,0,0,0
CyberOps,Direct,/how-to-become-cybersecurity-consultant/,2,1,2,1,0,0,0,0
MSNNL,Direct,/faculty/jannise-baclig/,2,1,6,4,0,0,0,0
MSLDT,Referral,/masters-learning-design-technology/,2,1,1,-2,0,0,0,0
MED,Organic Search,.translate.goog/education-inequity-and-homework/,2,-4,2,-4,0,0,0,0
MED,Organic Search,/classes/educational-research-methodology/,2,0,5,3,0,0,0,0
MSAAI,Direct,/business-intelligence-analyst-career/,2,-5,1,-6,0,0,0,0
MSNNL,Direct,/advisory-board/ryan/,2,-2,2,-2,0,0,0,0
MSNP,Unknown - Data Not Available / Data Not Available,/masters-nonprofit-leadership-management/lp/ppc/,2,1,3,1,0,0,0,0
MED,Organic Search,/bobbi-hansen/,2,,2,,0,,0,
"(default) computer-science,engineering,technology",Email,/cyber-security/,2,-1,2,-4,0,0,0,0
MED,Direct,.translate.goog/best-masters-degrees-for-teachers/,2,1,2,1,0,0,0,0
MSHA,Organic Search,/classes/disaster-management-and-prevention/,2,,3,,0,,0,
LEPSL,Organic Search,/improving-police-promotional-process/,2,-4,1,-5,0,0,0,0
MSAAI,Direct,/resources/data-science-self-assessment/,2,,8,,0,,0,
CyberOps,Organic Search,/best-industries-cyber-security-job-seekers/,2,-13,2,-13,0,0,0,0
Data Science,Referral,/masters-applied-data-science/careers/,2,,2,,0,,0,
MESH,Direct,/masters-law-enforcement-leadership/,2,,7,,0,,0,
CyberOps,Organic Search,.translate.goog/malware-analyst-career-guide/,2,,2,,0,,0,
Informatics,Organic Search,/masters-health-informatics/faculty/,2,0,2,-8,0,0,0,0
(default) (not set),Referral,/student-support/one-stop-student-center/,2,,3,,0,,0,
MSAAI,Organic Search,.translate.goog/ai-ethicist-career/,2,-1,2,-1,0,0,0,0
CyberEng,Display,/masters-cyber-security-engineering/classes/,2,0,2,-1,0,0,0,0
LEPSL,Direct,/why-police-officer-education-is-important/,2,-5,2,-5,0,0,0,0
MSAAI,Organic Search,/resources/an-inside-look-at-the-artificial-intelligence-masters-degree-webinar/,2,,2,,0,,0,
Data Science,Organic Search,/faculty/mikael-graindorge/,2,-4,2,-6,0,0,0,0
MESH,Organic Search,/classes/environmental-justice/,2,-1,2,-6,0,0,0,0
MSITL,Organic Search,.translate.goog/information-technology-trends/,2,,2,,0,,0,
CyberEng,Organic Search,/masters-cyber-security-engineering/faculty/,2,,3,,0,,0,
MSAAI,Direct,/online-programs/,2,1,10,4,0,-1,0,-1
MSITL,Direct,/masters-in-information-technology-salary/,2,-1,2,-1,0,0,0,0
MSLDT,Direct,/instructional-design-cover-letter-guide/,2,1,2,1,0,0,0,0
Data Science,Direct,/data-science-bootcamps/,2,-1,2,-1,0,0,0,0
MSNP,Direct,/masters-learning-design-technology/,2,,19,,1,,0.5,
Informatics,Unknown - chatgpt.com / (not set),/masters-health-informatics/lp/health-informatics-for-nurses/,2,,5,,0,,0,
Data Science,Organic Search,/faculty/erin-cooke/,2,1,2,1,0,0,0,0
MSAAI,Organic Search,/education/,2,1,6,3,0,0,0,0
Data Science,Organic Search,/admissions/,2,1,7,7,0,0,0,0
MED,Paid Search,/masters-education/specializations/curriculum-and-instruction/,2,-5,1,-5,0,0,0,0
"(default) business-entrepreneurship,computer-science,technology",Organic Search,/is-a-masters-in-data-science-worth-it/,2,-3,2,-3,0,0,0,0
MSLDT,Organic Search,/masters-learning-design-technology/testimonials/,2,,2,,0,,0,
MSITL,Paid Search,/search/NDG+Linux/,2,,2,,0,,0,
MESH,Referral,/faculty/necla-tschirgi/,2,,2,,0,,0,
MSNP,Paid Search,/faculty/tesa-tinkler/,2,,1,,0,,0,
LEPSL,Email,/masters-law-enforcement-leadership/ambassadors/,2,1,1,0,0,0,0,0
MSAAI,Organic Search,/classes/neural-networks-and-deep-learning-maai-511/,2,,2,,0,,0,
LEPSL,Organic Search,/ambassador/jeff-strossner/,2,,3,,0,,0,
CyberOps,Direct,/masters-cyber-security-operations/let-us-pay-for-your-csol-program-application-fee/,2,0,2,0,0,-1,0,-0.5
Informatics,Display,/masters-health-informatics/lp/request-info/,2,,2,,0,,0,
Informatics,Direct,/faculty/razel-milo/,2,,2,,0,,0,
CyberEng,Email,/cyber-security-statistics/,2,0,3,1,0,0,0,0
MSAAI,Organic Search,/resources/an-inside-look-at-the-artificial-intelligence-masters-degree-webinar/thank-you/,2,,2,,1,,0.5,
MSNNL,Email,/masters-nursing-leadership/,2,-1,2,-7,0,0,0,0
(default) (not set),Organic Search,/masters-cyber-security-engineering/,2,1,15,10,3,2,1.5,0.5
MSAAI,Referral,.translate.goog/ai-governance/,2,,2,,0,,0,
CyberOps,Organic Search,/network-forensics/,2,,2,,0,,0,
MTS,Referral,/what-is-ecospirituality/,2,,1,,0,,0,
MSHA,Referral,/humanitarian-careers/,2,,2,,0,,0,
MTS,Organic Search,/faculty/jeffrey-burns/,2,1,2,1,0,0,0,0
MED,Organic Search,/vanessa-araiza/,2,,1,,0,,0,
LEPSL,Direct,/resources/law-enforcement-careers-ebook-thank-you/,2,1,2,1,2,1,1,0
MED,Organic Social,/brain-based-learning/,2,,2,,0,,0,
MSLDT,Paid Search,/masters-learning-design-technology/testimonials/,2,,3,,0,,0,
CyberEng,Direct,/employer-partnership/guidepoint-security-llc/,2,,5,,0,,0,
LEPSL,Direct,/importance-education-law-enforcement/,2,,2,,0,,0,
CyberEng,Direct,/cyber-security-internships/,2,-2,2,-2,0,0,0,0
MSAAI,Unknown - chatgpt.com / (not set),/artificial-intelligence-bootcamps/,2,,2,,0,,0,
MSAAI,Unknown - perplexity / (not set),/artificial-intelligence-education/,2,,2,,0,,0,
MTS,Paid Social,/theology-careers/,2,,2,,0,,0,
MSAAI,Paid Search,/nlp-engineer-career/,2,,2,,0,,0,
(default) (not set),Referral,/disruptive-innovation-examples/,2,,2,,0,,0,
LEPSL,Email,/masters-law-enforcement-leadership/lp/law-enforcement/,2,1,4,3,0,0,0,0
LEPSL,Organic Search,/faculty/pat-norris/,2,,2,,0,,0,
EML,Referral,/,2,,13,,0,,0,
EML,Organic Search,.translate.goog/chief-engineer-officer-career/,2,0,2,0,0,0,0,0
LEPSL,Organic Search,/faculty/tory-kornblum/,2,0,2,0,0,0,0,0
MED,Organic Search,/faculty/sobeida-velazquez/,2,0,2,0,0,0,0,0
(default) (not set),Direct,/employer-partnership/artemis-consulting/,2,-3,4,-1,0,0,0,0
MED,Direct,/fastest-way-to-teaching-degree/,2,-1,2,-6,0,0,0,0
MSAAI,Direct,/bachelors-nursing/,2,,6,,0,,0,
EML,Organic Search,/faculty/mandeep-kaur/,2,,2,,0,,0,
(default) (not set),Referral,/transformational-leadership/,2,,1,,0,,0,
MSAAI,Organic Search,/harnessing-the-power-of-generative-ai-tools-at-usd-ms-in-aai-program/,2,,10,,0,,0,
MSLDT,Organic Social,/faculty/lisa-evans/,2,,2,,0,,0,
CyberOps,Display,/masters-cyber-security-operations/testimonials/,2,,6,,0,,0,
(default) (not set),Paid Search,/about/online-learning/student-support/,2,,1,,0,,0,
MSAAI,Direct,.translate.goog/application-of-ai-in-robotics/,2,,2,,0,,0,
MSITL,Organic Search,/information-technology-scholarships/,2,0,2,0,0,0,0,0
CyberOps,Direct,/cyber-security-architect/,2,-7,1,-8,0,0,0,0
MSLDT,Organic Social,/create-employee-training-program/,2,0,2,0,0,0,0,0
MED,Organic Search,/masters-education/masters-education-resources/,2,0,1,0,0,0,0,0
MSLDT,Referral,/masters-learning-design-technology/classes/,2,0,1,-1,0,0,0,0
MED,Organic Search,/faculty/michael-salamanca/,2,,2,,0,,0,
MSITL,Direct,/masters-cyber-security-operations/,2,1,9,-1,0,0,0,0
Data Science,Organic Search,/when-inference-meets-prediction-navigating-the-line-between-statistical-models-and-machine-learning/,2,-9,2,-7,0,0,0,0
(default) (not set),Referral,/admissions/military-veterans/,2,1,1,0,0,0,0,0
CyberEng,Organic Search,.translate.goog/cyber-security-statistics/,2,,2,,0,,0,
CyberOps,Email,/top-cyber-security-threats/,2,,2,,0,,0,
MSHA,Organic Search,.translate.goog/social-advocacy-definition/,2,,3,,0,,0,
MSLDT,Email,/top-instructional-design-skills/,2,-4,1,-6,0,-1,0,-0.166666667
MSAAI,Direct,.translate.goog/resources/8-questions-artificial-intelligence-masters-ebook/,2,,4,,0,,0,
"(default) business-entrepreneurship,computer-science,technology",Display,/is-a-masters-in-data-science-worth-it/,2,,2,,0,,0,
(default) (not set),Direct,/blog/,2,,6,,0,,0,
MED,Organic Search,/faculty/elizabeth-butler/,2,,3,,0,,0,
Data Science,Referral,/faculty/john-chandler/,2,,3,,0,,0,
CyberEng,Organic Search,/classes/digital-forensics-incident-response/,2,1,4,3,0,0,0,0
LEPSL,Organic Search,/ambassador/jay-alvarado/,2,1,2,1,0,0,0,0
MTS,Referral,/religious-vocational-discernment/,2,1,2,1,0,0,0,0
Informatics,Unknown - fashion-valley-mall / ooh,/,2,,6,,0,,0,
Informatics,Organic Search,/classes/systems-analysis-design-health-care-informatics/,2,,1,,0,,0,
Informatics,Organic Search,/faculty/tony-rosales/,2,0,2,1,0,0,0,0
EML,Organic Social,/future-engineering-trends/,2,1,1,0,0,0,0,0
Informatics,Direct,/how-to-become-a-nurse-educator/,2,,2,,0,,0,
MSNP,Unknown - chatgpt.com / (not set),/nonprofit-grant-databases/,2,,1,,0,,0,
LEPSL,Direct,/top-law-enforcement-blogs-websites/,2,1,2,1,0,0,0,0
(default) (not set),Direct,/bringing-a-product-to-market/,2,-8,2,-10,0,0,0,0
MED,Referral,/teacher-salary-by-state-since-2000/,2,,4,,0,,0,
Informatics,Direct,/masters-applied-data-science/,2,,13,,0,,0,
(default) (not set),Direct,/faculty/carlton-c-oneal/,2,,2,,0,,0,
MSNP,Organic Search,/masters-nonprofit-leadership-management/app-waiver/,2,,2,,0,,0,
LEPSL,Organic Search,/ambassador/coleman-langdon/,2,,2,,0,,0,
MTS,Direct,/faculty/darleen-pryds/,2,,2,,0,,0,
Data Science,Unknown - optin monster / exit overlay,/masters-applied-data-science/lp/let-us-pay-for-your-msads-program-application-fee/,2,1,1,0,0,0,0,0
LEPSL,Direct,/ambassador/eddie-brock/,2,,2,,0,,0,
LEPSL,Direct,/ambassador/lori-brumit/,2,,2,,0,,0,
MSITL,Direct,/resources/questions-to-ask-before-selecting-an-it-leadership-degree/,2,,50,,0,,0,
MED,Direct,/masters-cyber-security-operations/testimonials/,2,,4,,0,,0,
LEPSL,Unknown - Data Not Available / Data Not Available,/masters-law-enforcement-leadership/lp/law-enforcement/,2,0,3,0,0,0,0,0
Data Science,Direct,/data-architect-career/,2,1,2,1,0,0,0,0
BSN,Unknown - Data Not Available / Data Not Available,/bachelors-nursing/,2,,4,,0,,0,
MSNP,Organic Search,/social-impact-careers/,2,1,2,1,0,0,0,0
MSAAI,Organic Search,.translate.goog/ethics-in-artificial-intelligence/,2,1,2,1,0,0,0,0
MSAAI,Unknown - perplexity / (not set),/artificial-intelligence-courses-and-certifications/,2,,2,,0,,0,
MSAAI,Direct,/masters-applied-data-science/,2,-2,8,-22,0,0,0,0
EML,Organic Search,/engineering-career-path/,2,-6,2,-7,0,0,0,0
LEPSL,Paid Social,/masters-law-enforcement-leadership/transfer-credit/,2,,2,,0,,0,
LEPSL,Organic Search,/faculty/maria-sarasua/,2,0,2,0,0,0,0,0
(default) (not set),Referral,/masters-applied-artifical-intelligence/,2,,2,,0,,0,
MESH,Referral,/,2,,8,,0,,0,
Informatics,Referral,/,2,,4,,0,,0,
MTS,Unknown - chatgpt.com / (not set),/liturgy-of-the-hours/,2,,2,,0,,0,
"(default) computer-science,engineering,technology",Paid Search,/cyber-security/,2,,2,,0,,0,
MSAAI,Direct,/natural-language-processing-overview/,2,-8,2,-14,0,0,0,0
LEPSL,Referral,/masters-law-enforcement-leadership/classes/,2,1,1,0,0,0,0,0
(default) (not set),Direct,/blog/humanitarian-nonprofit/,2,,2,,0,,0,
MESH,Direct,/faculty/georgina-yeboah/,2,1,2,1,0,0,0,0
Informatics,Paid Search,/masters-health-informatics/careers/,2,-1,1,-1,0,0,0,0
MSITL,Paid Search,/masters-cyber-security-engineering/lp/cyber-security-engineering/,2,,13,,1,,0.5,
MSLDT,Unknown - chatgpt.com / (not set),/instructional-design-portfolio/,2,,2,,0,,0,
MSHA,Organic Search,.translate.goog/international-affairs-careers/,2,1,2,1,0,0,0,0
CyberEng,Organic Search,/masters-cyber-security-engineering/program-outcomes/,2,1,3,-1,0,0,0,0
Informatics,Direct,/nursing-informatics-vs-health-informatics/,2,-2,2,-2,0,0,0,0
LEPSL,Organic Search,/law-enforcement-going-back-to-college/,2,0,2,0,0,0,0,0
Data Science,Organic Search,/data-analytics-consultant/,2,,2,,0,,0,
LEPSL,Organic Search,/masters-law-enforcement-leadership/transfer-credit/perf-smip/,2,1,3,2,0,0,0,0
LEPSL,Email,/masters-law-enforcement-leadership/classes/,2,-7,2,-7,0,0,0,0
Informatics,Email,/masters-health-informatics/apply/,2,-3,4,-2,0,0,0,0
CyberOps,Direct,/cyber-security-insurance/,2,,2,,0,,0,
CyberOps,Referral,/cyber-security-scholarships/,2,1,3,2,0,0,0,0
(default) (not set),Organic Search,/about/online-learning/,2,1,3,2,0,0,0,0
LEPSL,Referral,/shift-in-law-enforcement-leadership/,2,0,2,0,0,0,0,0
CyberEng,Referral,/cyber-security-salary-california/,2,,3,,0,,0,
MED,Organic Search,/faculty/paul-eichen/,2,,3,,0,,0,
(default) (not set),Paid Search,/masters-applied-data-science/lp/study-data-science/,2,0,10,-5,0,-1,0,-0.5
MESH,Organic Social,/masters-engineering-sustainability-health/classes/,2,,2,,0,,0,
LEPSL,Organic Search,/university-of-san-diego-adds-online-masters-in-law-enforcement-and-public-safety-leadership/,2,,2,,0,,0,
LEPSL,Organic Search,/faculty/steven-weiss/,2,0,3,-2,0,0,0,0
MSHA,Organic Search,/changing-humanitarian-sector/,2,,1,,0,,0,
MED,Organic Search,/how-to-get-a-teaching-certificate/,2,0,2,0,0,0,0,0
CyberEng,Referral,/faq/what-is-the-total-tuition-cost-for-the-ms-cse-program/,2,,1,,0,,0,
CyberEng,Display,/masters-cyber-security-engineering/apply/,2,,2,,0,,0,
(default) (not set),Organic Search,/blog/computer-science/,2,1,2,2,0,0,0,0
MED,Organic Search,/masters-educational-technology-worth-it/,2,0,2,0,0,0,0,0
MSAAI,Referral,/machine-learning-podcast/,2,,2,,0,,0,
EML,Direct,/faculty/gb-singh/,2,-1,2,-1,0,0,0,0
CyberEng,Display,/masters-cyber-security-engineering/,2,-2,4,0,0,0,0,0
Data Science,Organic Search,/faculty/parastoo-qarabaqi/,2,,2,,0,,0,
Informatics,Organic Search,/online-programs/,2,,10,,0,,0,
MSLDT,Direct,/masters-learning-design-technology/app-waiver/,2,-4,2,-8,0,0,0,0
LEPSL,Unknown - copilot.com / (not set),/what-is-intelligence-led-policing/,2,,2,,0,,0,
(default) (not set),Direct,/author/lisaevans/,2,,2,,0,,0,
Data Science,Direct,/masters-data-analytics-worth-it/,2,0,2,0,0,0,0,0
MTS,Direct,/faculty/patty-jimenez/,2,,2,,0,,0,
LEPSL,Direct,/masters-law-enforcement-leadership/endorsements-testimonials/,2,-2,4,-1,0,0,0,0
MSNNL,Direct,/resources/nurse-leader-career-paths-opportunities/,2,-5,3,-28,0,0,0,0
Informatics,Paid Search,/bachelors-nursing/,2,1,12,11,0,0,0,0
(default) (not set),Organic Search,/about/online-learning/course-experience/,2,,3,,0,,0,
MED,Organic Search,/dr-joseph-lathan-lifelong-advocate-for-educators-named-director-of-online-m-ed-at-university-of-san-diego/,2,1,2,1,0,0,0,0
MESH,Organic Search,.translate.goog/sustainability-consultant-career/,2,,2,,0,,0,
MED,Referral,/best-teacher-blogs/,2,,2,,0,,0,
Data Science,Organic Search,/advisory-board/jules-malin/,2,,2,,0,,0,
CyberOps,Organic Social,/top-cyber-security-threats/,2,0,2,0,0,0,0,0
MSNNL,Organic Search,/masters-nursing-leadership/clinical-practicums/,2,-13,2,-19,0,0,0,0
CyberOps,Direct,/is-a-cyber-security-certification-right-for-you/,2,-2,2,-2,0,0,0,0
MTS,Organic Search,/resources/franciscan-footsteps-newsletter/,2,,2,,1,,0.5,
Data Science,Organic Search,/classes/applied-predictive-modeling/,2,,3,,0,,0,
(default) (not set),Paid Search,/admissions/international-students/,2,1,2,1,0,0,0,0
LEPSL,Organic Search,/faculty/denton-carlson/,2,,2,,0,,0,
MSAAI,Referral,/introduction-to-computer-vision/,2,-3,2,-3,0,0,0,0
MSAAI,Direct,.translate.goog/ai-trainer/,2,,2,,0,,0,
EML,Organic Search,/faculty/dan-heinig/,2,,2,,0,,0,
MED,Organic Search,/faculty/suzanne-stolz/,2,,2,,0,,0,
(default) (not set),Organic Search,/student-support/career-development-center/,2,0,2,0,0,0,0,0
MSAAI,Organic Search,/masters-education/,2,1,2,0,0,0,0,0
MED,Organic Search,/student-support/kelly-young/,2,,2,,0,,0,
LEPSL,Organic Search,/masters-law-enforcement-leadership/transfer-credit/command-college/,2,-2,6,2,0,0,0,0
MSAAI,Referral,/entry-level-ai-careers/,2,,2,,0,,0,
CyberOps,Direct,/covid-19-cybersecurity-threats/,2,,2,,0,,0,
LEPSL,Referral,/why-police-officer-education-is-important/,2,,1,,0,,0,
MSAAI,Direct,/classes/agentic-ai-systems-maai-510/,2,,6,,0,,0,
(default) (not set),Organic Search,.translate.goog/transformational-leadership/,2,-2,2,-3,0,0,0,0
MSLDT,Direct,/instructional-designer-vs-elearning-developer/,2,1,2,0,0,0,0,0
MSNP,Organic Search,/admissions/,2,,7,,0,,0,
MSHA,Direct,/masters-humanitarian-action/lp/dyna/,2,-2,2,-3,0,0,0,0
MED,Organic Search,/faculty/tess-reid/,2,,3,,0,,0,
MSAAI,Direct,/the-two-worlds-of-the-cio-in-applying-ai/,2,,2,,0,,0,
CyberOps,Referral,/cisa-certification/,2,,1,,0,,0,
(default) (not set),Direct,/employer-partnership/eset/,2,-2,2,-2,0,0,0,0
MED,Organic Search,/how-educators-incorporate-steam-in-the-classroom/,2,1,2,1,0,0,0,0
MSAAI,Direct,/faculty/andrew-van-benschoten/,2,1,1,0,0,0,0,0
CyberOps,Organic Social,/classes/cyber-security-operations/,2,,2,,0,,0,
Informatics,Direct,/faculty/tony-rosales/,2,,5,,0,,0,
EML,Referral,/masters-engineering-management-leadership/curriculum/,2,-5,4,-16,0,0,0,0
Data Science,Direct,/masters-applied-data-science/faculty/,2,1,3,1,0,0,0,0
MSNP,Organic Search,/resources/msnp-program-brochure-thank-you/,2,,2,,0,,0,
MSNNL,Paid Search,/masters-nursing-leadership/clinical-practicums/,2,0,2,0,0,0,0,0
MSLDT,Paid Search,/masters-learning-design-technology/transfer-credit/,2,,1,,0,,0,
CyberOps,Direct,/cybersecurity-analyst-career-guide/,2,0,2,0,0,0,0,0
MSLDT,Direct,/elearning-developer/,2,-2,2,-2,0,0,0,0
MSAAI,Organic Search,/programs/,2,-11,9,-60,0,-5,0,-0.384615385
CyberOps,Direct,/usd-cybersecurity-entrepreneur-story/,2,,2,,0,,0,
CyberEng,Direct,/masters-cyber-security-engineering/program-outcomes/,2,0,1,1,0,0,0,0
MESH,Direct,/resources/mesh-program-brochure/,2,0,2,0,0,0,0,0
Informatics,Referral,/masters-health-informatics/apply/,2,,1,,0,,0,
EML,Organic Search,.translate.goog/lead-engineer-career/,2,1,2,1,0,0,0,0
LEPSL,Organic Search,/ambassador/dale-fors/,2,0,2,0,0,0,0,0
MED,Referral,/masters-education/specializations/special-ed/,2,,2,,0,,0,
MSHA,Email,/masters-humanitarian-action/app-waiver/,2,0,2,0,1,0,0.5,0
CyberOps,Organic Search,/cyber-security-director/,2,0,2,0,0,0,0,0
CyberEng,Organic Search,/from-no-technical-experience-to-information-security-analyst-adrian-villegas-story/,2,,2,,0,,0,
MSLDT,Organic Search,/,2,0,16,6,0,0,0,0
LEPSL,Organic Search,/ambassador/tracy-volz-montez/,2,,2,,0,,0,
MSHA,Organic Search,/faculty/azadeh-hassani/,2,,2,,0,,0,
Informatics,Organic Social,/masters-health-informatics/lp/health-informatics-for-nurses/,2,-1,2,-1,0,0,0,0
MED,Organic Search,/future-of-common-core/,2,,2,,0,,0,
MED,Direct,/professional-development-options-for-teachers-at-usd/,2,1,2,1,0,0,0,0
MSITL,Organic Search,/information-technology-management/,2,-16,3,-15,0,0,0,0
MSHA,Email,/masters-humanitarian-action/apply/,2,,2,,0,,0,
(default) (not set),Email,/tuition-financial-aid/financial-aid/,2,1,2,1,0,0,0,0
Informatics,Direct,/nurse-leader-vs-nurse-manager/,2,-6,2,-6,0,0,0,0
MSNP,Organic Search,/programs/,2,1,7,5,2,2,1,1
(default) (not set),Paid Search,/masters-cyber-security-operations/lp/bva-cyber-security-operations-leadership/,2,0,6,-3,0,0,0,0
MED,Direct,"/search/Emotional+effects+of+frequent+classroom+transitions+(subs,+schedule+change,+new+teacher)/",2,,3,,0,,0,
MESH,Organic Search,/faculty/rita-armstrong/,2,,4,,0,,0,
MESH,Referral,/community-health-degree-jobs/,2,0,1,0,0,0,0,0
CyberEng,Direct,/chief-risk-officer/,2,0,2,0,0,0,0,0
(default) (not set),Organic Search,/contact-us-thank-you/,2,1,2,2,2,2,1,1
MESH,Email,/resources/mesh-information-session-webinar/,2,,2,,0,,0,
(default) (not set),Organic Search,/faculty/usd-msha-faculty/,2,-1,1,-2,0,0,0,0
MED,Unknown - perplexity / (not set),/life-skills-education-in-schools/,2,,2,,0,,0,
MSNNL,Direct,/masters-applied-artificial-intelligence/apply/,2,,5,,0,,0,
CyberEng,Organic Search,.translate.goog/black-vs-gray-vs-white-hat-hackers/,2,,2,,0,,0,
MED,Organic Search,.translate.goog/instructional-leadership/,2,-1,3,0,0,0,0,0
MED,Organic Search,/resources/inside-look-med-webinar/,2,1,3,2,0,0,0,0
MSAAI,Direct,/impact-of-chatgpt-on-ai-careers/,2,,2,,0,,0,
CyberOps,Organic Search,/finding-a-career-in-cyber-security-tips-and-resources/,2,,2,,0,,0,
MSAAI,Organic Search,.translate.goog/ai-prompt-engineer/,2,,2,,0,,0,
MED,Referral,/cooperative-learning-strategies/,2,-4,2,-3,0,0,0,0
(default) (not set),Organic Search,/forms/msaai-applicant/,2,1,2,-4,0,0,0,0
MED,Organic Search,/faculty/rachel-homel-rice/,2,1,2,0,0,0,0,0
(default) (not set),Organic Search,/campus-programs/,2,-4,5,-1,0,0,0,0
CyberOps,Organic Search,/information-security-analyst/,2,1,2,1,0,0,0,0
MED,Direct,.translate.goog/education-inequity-and-homework/,2,-2,2,-2,0,0,0,0
MTS,Organic Search,.translate.goog/why-study-theology/,2,-2,2,-2,0,0,0,0
Data Science,Organic Search,/data-science-vs-cybersecurity/,2,-5,2,-4,0,0,0,0
MTS,Direct,/campus-minister/,2,-2,2,-2,0,0,0,0
MSAAI,Organic Search,/resources/career-in-ai-webinar/,2,1,1,0,0,0,0,0
MSNP,Organic Search,/masters-humanitarian-action/,2,,50,,1,,0.5,
MSNNL,Organic Search,/,2,0,4,-11,0,0,0,0
MSAAI,Unknown - Data Not Available / Data Not Available,/masters-applied-artificial-intelligence/apply/,2,,2,,0,,0,
EML,Direct,/masters-in-engineering-management-vs-mba/,2,-2,2,-2,0,0,0,0
Informatics,Organic Search,/masters-health-informatics/testimonials/,2,,1,,0,,0,
CyberOps,Direct,/how-to-become-a-security-consultant-career-guide/,2,-2,2,-2,0,0,0,0
MSAAI,Organic Search,/masters-health-informatics/,2,-1,17,-22,0,-1,0,-0.333333333
CyberEng,Organic Search,/cybersecurity-masters-degree-comparison/,2,0,3,1,0,0,0,0
(default) (not set),Organic Search,/author/joseph-lathan/,2,0,2,0,0,0,0,0
LEPSL,Direct,/about/,2,,8,,0,,0,
Data Science,Organic Search,/faculty/matthew-c-vanderbilt/,2,0,1,-1,0,0,0,0
LEPSL,Email,/classes/organizational-leadership/,2,,2,,0,,0,
MSAAI,Organic Search,/educational-resources-for-teachers/,2,,5,,0,,0,
Informatics,Referral,/ai-healthcare/,2,1,2,1,0,0,0,0
LEPSL,Paid Search,/masters-law-enforcement-leadership/lp/thank-you/,2,0,0,-1,0,-1,0,-0.5
MSAAI,Paid Search,/masters-applied-data-science/lp/study-data-science/,2,-1,12,-2,0,0,0,0
LEPSL,Organic Search,/ambassador/roberto-vasquez/,2,-6,2,-10,0,0,0,0
LEPSL,Direct,/shift-in-law-enforcement-leadership/,2,0,2,0,0,0,0,0
MSITL,Direct,/resources/ms-itl-info-session-webinar-registration/,2,1,5,4,0,0,0,0
MSNNL,Direct,/what-is-a-clinical-nurse-leader/,2,,4,,0,,0,
MSHA,Organic Search,/advisory-board/puechguirbal/,2,0,2,0,0,0,0,0
MSNNL,Direct,/international-aid-worker-tips/,2,,17,,0,,0,
LEPSL,Organic Search,/first-class-graduates-masters-law-enforcement-leadership/,2,,3,,0,,0,
MESH,Referral,/masters-engineering-sustainability-health/faculty/,2,-3,2,-6,0,0,0,0
LEPSL,Direct,/law-enforcement-education-solve-community-problems/,2,,0,,0,,0,
CyberOps,Direct,/best-industries-cyber-security-job-seekers/,2,-5,2,-5,0,0,0,0
MSNNL,Paid Search,/masters-health-informatics/lp/health-informatics-for-nurses/,2,0,14,10,1,1,0.5,0.5
MED,Direct,/implementing-universal-design-learning/,2,-4,2,-2,0,0,0,0
MESH,Unknown - ig / social,/masters-engineering-sustainability-health/resources/,2,,4,,0,,0,
MSAAI,Paid Search,/masters-cyber-security-engineering/lp/cyber-security-engineering/,2,1,13,7,1,0,0.5,-0.5
CyberEng,Direct,/cyber-threat-intelligence-analyst/,2,-6,2,-6,0,0,0,0
MESH,Direct,.translate.goog/ngo-careers/,2,0,2,0,0,0,0,0
CyberOps,Email,/masters-cyber-security-operations/classes/,2,,2,,0,,0,
MSAAI,Referral,/faculty/anna-marbut/,2,,1,,0,,0,
MED,Referral,/per-pupil-education-spending-by-state/,2,,2,,0,,0,
(default) (not set),Paid Social,/online-programs/,2,0,2,0,0,0,0,0
MSLDT,Direct,/elearning-designer-career/,2,-2,2,-2,0,0,0,0
Informatics,Referral,/masters-health-informatics/health-analytics-track/,2,0,1,-4,0,0,0,0
LEPSL,Referral,/masters-law-enforcement-leadership/lp/law-enforcement/,2,0,2,1,0,0,0,0
MSAAI,Direct,.translate.goog/artificial-intelligence-education/,2,-1,2,-2,0,0,0,0
MSAAI,Direct,/resources/an-inside-look-at-the-artificial-intelligence-masters-degree-webinar/thank-you/,2,0,1,-1,0,0,0,0
(default) (not set),Paid Social,/tuition-financial-aid/financial-aid/,2,1,2,1,0,0,0,0
MSITL,Direct,/how-to-become-a-devops-engineer/,2,-1,2,-5,0,0,0,0
MTS,Direct,/apologetics-catechesis-theological-studies-comparison/,2,-3,2,-3,0,0,0,0
MSAAI,Organic Search,/most-searched-for-ai-jobs/,2,1,2,1,0,0,0,0
EML,Direct,/how-to-become-an-engineering-manager/,2,1,2,1,0,0,0,0
MSNP,Email,/masters-nonprofit-leadership-management/classes/,2,1,3,2,0,0,0,0
MSAAI,Organic Search,/faculty/david-friesen/,2,,2,,0,,0,
MESH,Direct,/masters-engineering-sustainability-health/ig/,2,,11,,0,,0,
MTS,Direct,/masters-humanitarian-action/,2,,63,,0,,0,
(default) (not set),Organic Search,/is-homework-necessary/,2,,1,,0,,0,
(default) (not set),Referral,/employer-partnership/g2ops/,2,0,3,1,0,0,0,0
CyberEng,Direct,/employer-partnership/axos/,2,,8,,0,,0,
CyberEng,Organic Search,/jobs-in-cybersecurity/,2,0,3,1,0,0,0,0
(default) (not set),Referral,/masters-cyber-security-engineering/,2,,5,,0,,0,
CyberOps,Direct,/masters-cyber-security-engineering/let-us-pay-for-your-cse-program-application-fee/,2,0,2,-1,2,1,1,0.5
Informatics,Referral,/healthcare/,2,,2,,0,,0,
MSITL,Organic Search,/msit-vs-mba-degree/,2,1,2,1,0,0,0,0
LEPSL,Direct,/ambassador/james-britt/,2,,2,,0,,0,
Informatics,Organic Search,/masters-health-informatics/lp/study-healthcare-analytics/,2,0,2,-1,0,0,0,0
MTS,Direct,/master-of-theology-vs-divinity-vs-ministry-degrees/,2,-4,2,-4,0,0,0,0
MSITL,Referral,/it-leadership-skills/,2,,1,,0,,0,
MTS,Unknown - chatgpt.com / (not set),/masters-theological-studies/lp/ppc/,2,,4,,1,,0.5,
(default) (not set),Referral,/bringing-a-product-to-market/,2,-5,2,-2,0,0,0,0
MSNP,Organic Search,/international-affairs-careers/,2,1,4,2,0,0,0,0
(default) (not set),Direct,/masters-cyber-security-operations/student-services/,2,,19,,0,,0,
LEPSL,Unknown - chatgpt.com / (not set),/masters-law-enforcement-leadership/scholarships-grants/,2,,2,,0,,0,
LEPSL,Organic Search,/is-a-law-enforcement-degree-worth-it/,2,,3,,0,,0,
(default) (not set),Organic Search,/faculty/dr-venkat-shastri/,2,,2,,0,,0,
MESH,Organic Search,/faculty/susan-abookire/,2,1,2,1,0,0,0,0
Data Science,Direct,/database-administrator-career/,2,1,1,0,0,0,0,0
(default) (not set),Organic Search,/faculty/bharath-inti/,2,1,2,1,0,0,0,0
MED,Referral,/resources/the-complete-list-of-teaching-methods/,2,,2,,0,,0,
MSITL,Referral,/msit-vs-mba-degree/,2,,1,,0,,0,
(default) (not set),Organic Search,/student-support/disability-and-learning-difference-resource-center-dldrc/,2,-4,3,-3,0,0,0,0
LEPSL,Organic Search,/ambassador/eddie-brock/,2,,2,,0,,0,
EML,Organic Search,/advisory-board/ramon-lecanda/,2,0,2,0,0,0,0,0
MSITL,Organic Search,/masters-information-technology-leadership/classes/applied-ai-specialization/,2,1,4,4,0,0,0,0
MTS,Organic Search,.translate.goog/liturgy-of-the-hours/,2,-6,2,-7,0,0,0,0
MED,Organic Search,/resources/free-med-program-brochure/,2,0,3,1,0,0,0,0
MSNP,Organic Search,/faculty/laura-deitrick/,2,,4,,0,,0,
MED,Organic Social,/differentiated-instruction/,2,-4,2,-2,0,0,0,0
CyberEng,Organic Search,/faculty/alec-henning-ms/,2,,2,,0,,0,
LEPSL,Organic Search,/faculty/frank-grgurina/,2,,4,,0,,0,
(default) (not set),Organic Search,/organizational-change-strategies/,2,,3,,0,,0,
Informatics,Organic Search,/forms/,2,-2,13,-3,3,-3,1.5,0
MED,Direct,/search/Why+we+should+have+homework/,2,,2,,0,,0,
MSHA,Organic Search,.translate.goog/humanitarian-careers/,2,,2,,0,,0,
MSLDT,Organic Search,/masters-learning-design-technology/lp/instructional-design-for-teachers/,2,0,3,0,0,0,0,0
LEPSL,Organic Search,/faculty/brian-goldberg/,2,1,8,7,0,0,0,0
MESH,Unknown - chatgpt.com / (not set),/best-sustainability-certifications/,2,,2,,0,,0,
MSAAI,Organic Social,/ai-impact-on-job-market/,2,-4,2,-4,0,0,0,0
MSAAI,Organic Search,/admissions/,2,-1,9,-1,0,0,0,0
MESH,Organic Search,.translate.goog/environmental-scientist-career/,2,-2,2,-2,0,0,0,0
CyberOps,Organic Social,/top-100-cybersecurity-companies/,2,,1,,0,,0,
Data Science,Direct,/resources/data-science-self-assessment/,2,-18,1,-20,0,0,0,0
CyberOps,Direct,/cyber-security-auditor-career-guide/,2,-5,2,-5,0,0,0,0
MSAAI,Referral,/ai-trainer/,2,0,1,0,0,0,0,0
MSLDT,Organic Search,.translate.goog/kirkpatrick-training-evaluation-model/,2,-4,4,-3,0,0,0,0
Informatics,Paid Search,/masters-cyber-security-operations/lp/bva-cyber-security-operations-leadership/,2,,11,,0,,0,
Data Science,Direct,/change-career-to-data-science/,2,1,1,0,0,0,0,0
LEPSL,Organic Search,/shift-in-law-enforcement-leadership/,2,-5,2,-4,0,0,0,0
MSLDT,Referral,/instructional-technology-tools/,2,,2,,0,,0,
CyberOps,Referral,/employer-partnership/axos/,2,,7,,0,,0,
MTS,Direct,/faith-formation/,2,0,3,1,0,0,0,0
MED,Organic Social,/bilingual-education/,2,,2,,0,,0,
MTS,Organic Search,.translate.goog/ways-to-deepen-your-faith/,2,-3,2,-3,0,0,0,0
MSHA,Direct,.translate.goog/logical-framework-approach/,2,,2,,0,,0,
MED,Unknown - chatgpt.com / (not set),/educational-resources-for-teachers/,2,,2,,0,,0,
MSLDT,Referral,/masters-learning-design-technology/apply/,2,1,1,0,0,0,0,0
MSITL,Display,/masters-information-technology-leadership/classes/,2,,14,,0,,0,
Informatics,Organic Search,/forms/hci-applicant/,2,,2,,0,,0,
CyberEng,Organic Search,/,2,0,12,5,0,0,0,0
CyberEng,Organic Search,/chief-information-security-officer/,2,-2,2,-2,0,0,0,0
MSLDT,Organic Search,/programs/,2,1,14,10,0,0,0,0
CyberEng,Referral,/masters-cyber-security-engineering/apply/,2,,2,,0,,0,
MED,Organic Social,/masters-education/,2,,2,,0,,0,
MED,Organic Social,/effective-educational-leadership/,2,1,2,0,0,0,0,0
MSAAI,Referral,/resources/msaai-online-artificial-intelligence-self-assessment/,2,-2,2,-1,0,0,0,0
(default) (not set),Direct,/search/ai/,2,,2,,0,,0,
(default) (not set),Organic Search,/10-reasons-to-get-your-masters-degree-in-cyber-security/,2,,11,,0,,0,
LEPSL,Referral,/masters-law-enforcement-leadership/faculty/,2,,3,,0,,0,
MED,Organic Search,/resources/instructing-through-brain-informed-practices-online-presentation/,2,-5,2,-8,0,-1,0,-0.142857143
(default) (not set),Direct,/best-mba-alternatives/,2,-3,2,-3,0,0,0,0
CyberEng,Organic Social,/is-cyber-security-hard/,2,,2,,0,,0,
MSNNL,Organic Search,/classes/management-of-quality-and-safety-practicum/,2,,3,,0,,0,
MESH,Unknown - facebook / social,/masters-engineering-sustainability-health/,2,,1,,0,,0,
MSNP,Unknown - chatgpt.com / (not set),/grant-writing-for-nonprofits/,2,,2,,0,,0,
MTS,Organic Search,.translate.goog/moral-theology/,2,1,2,1,0,0,0,0
(default) (not set),Organic Search,/blog/business-entrepreneurship/,2,-1,1,-2,0,0,0,0
CyberEng,Unknown - chatgpt.com / (not set),/summer-cyber-security-program/,2,,2,,0,,0,
CyberEng,Organic Search,/faculty/haydar-majeed/,2,0,3,1,0,0,0,0
MTS,Email,/what-is-ecospirituality/,2,,3,,0,,0,
MSHA,Direct,/organizational-capacity/,2,1,1,1,0,0,0,0
CyberEng,Organic Search,/cyber-security-coding/,2,-1,3,0,0,0,0,0
MSHA,Organic Search,/admissions/,2,1,7,5,0,0,0,0
MSNP,Organic Search,/humanitarian-careers/,2,-1,4,-3,0,0,0,0
CyberOps,Organic Search,/masters-cyber-security-engineering/,2,-2,4,-13,0,-1,0,-0.25
Data Science,Organic Search,/classes/foundations-of-data-science-and-data-ethics-mads-501/,2,,4,,0,,0,
LEPSL,Referral,/risk-management-in-law-enforcement/,2,,1,,0,,0,
(default) (not set),Direct,/blog/leadership-management/,2,1,2,1,0,0,0,0
MED,Direct,/residue-of-covid-19-impact/,2,1,2,1,0,0,0,0
LEPSL,Organic Search,/ambassador/john-hillenbrand/,2,,2,,0,,0,
LEPSL,Organic Search,/the-importance-of-building-trust-inside-your-community/,2,1,2,1,0,0,0,0
MSITL,Direct,/masters-information-technology-leadership/classes/cyber-security-pathway/,2,-2,2,-4,0,0,0,0
MTS,Direct,/online-mts-benefits/,2,1,1,0,0,0,0,0
MSAAI,Direct,/employer-partnership/guidepoint-security-llc/,2,,6,,0,,0,
LEPSL,Email,/how-to-become-a-police-chief/,2,,1,,0,,0,
(default) (not set),Direct,/getting-masters-degree-online/,2,1,1,0,0,0,0,0
MSHA,Email,/masters-humanitarian-action/classes/,2,-4,2,-4,0,-1,0,-0.166666667
MED,Direct,/teacher-salary-by-state-since-2000/,2,1,1,0,0,0,0,0
LEPSL,Unknown - fbileeda-insighter / offline,/masters-law-enforcement-leadership/classes/,2,,2,,0,,0,
MSHA,Paid Search,/masters-humanitarian-action/app-waiver/,2,1,1,1,0,0,0,0
MSITL,Direct,/masters-technology-management-vs-mba/,2,0,2,0,0,0,0,0
Data Science,Organic Search,.translate.goog/data-science-careers/,2,1,2,1,0,0,0,0
(default) (not set),Email,/case-career-cyber-security-engineer/,2,,2,,0,,0,
LEPSL,Organic Search,/classes/organizational-leadership/,2,,3,,0,,0,
MSHA,Referral,/masters-humanitarian-action/lp/dyna/,2,1,2,-2,0,-1,0,-1
MSAAI,Unknown - chatgpt.com / (not set),/masters-applied-artificial-intelligence/,2,,3,,0,,0,
MTS,Organic Social,/masters-theological-studies/lp/ppc/,2,,2,,0,,0,
LEPSL,Organic Search,/ambassador/andrew-swarthout/,2,,2,,0,,0,
LEPSL,Direct,/federal-security-specialist-earns-law-enforcement-leadership-masters/,2,,2,,0,,0,
MESH,Organic Search,/faculty/kristen-goodrich/,2,1,2,1,0,0,0,0
MED,Email,/masters-education/scholarships-and-grants/,2,,1,,0,,0,
(default) (not set),Referral,/employer-partnership/xsite/,2,,1,,0,,0,
LEPSL,Direct,/law-enforcement-salaries-spike-with-a-masters-degree/,2,-1,2,-1,0,0,0,0
MSAAI,Referral,/ai-governance/,2,,2,,0,,0,
LEPSL,Direct,/admissions/,2,,6,,0,,0,
MSHA,Paid Search,/masters-humanitarian-action/classes/,2,1,5,4,0,0,0,0
Data Science,Organic Search,/data-science-certifications/,2,-7,2,-4,0,0,0,0
CyberOps,Organic Search,/faculty/thomas-plunkett/,2,,2,,0,,0,
MSNNL,Organic Search,/classes/advanced-pathophysiology/,2,-2,2,-3,0,0,0,0
MED,Paid Search,/educational-resources-for-teachers/,2,,1,,0,,0,
Informatics,Direct,/admissions/,2,1,13,11,0,0,0,0
MSAAI,Organic Search,.translate.goog/business-intelligence-analyst-career/,2,1,2,1,0,0,0,0
MTS,Organic Search,/how-to-pay-for-theology-degree/,2,,2,,0,,0,
Informatics,Organic Search,/faculty/barbara-berkovich/,2,1,1,-1,0,0,0,0
Informatics,Paid Search,/masters-engineering-management-leadership/lp/ppc/,2,,7,,0,,0,
CyberOps,Organic Search,/search/Information+security+analyst/,2,,2,,0,,0,
CyberEng,Organic Search,/classes/introduction-to-cybersecurity-concepts-and-tools/,2,1,2,1,0,0,0,0
CyberOps,Organic Search,/faculty/matthew-d-hollandsworth-ph-d/,2,-2,2,-2,0,0,0,0
MSHA,Direct,/faculty/azadeh-hassani/,2,,2,,0,,0,
LEPSL,Organic Search,/decision-making-authority-sid-heal/,2,0,2,0,0,0,0,0
MED,Organic Search,/masters-curriculum-instruction/,2,-2,4,-1,0,0,0,0
MSNP,Organic Search,/faculty/kenneth-hurst/,2,1,2,1,0,0,0,0
Data Science,Unknown - chatgpt.com / (not set),/data-science-bootcamps/,2,,3,,0,,0,
MESH,Referral,/masters-engineering-sustainability-health/lp/ppc/,2,,3,,0,,0,
Data Science,Organic Search,/masters-data-analytics-worth-it/,2,1,2,1,0,0,0,0
MTS,Organic Search,/masters-theological-studies/faculty/,2,1,4,3,0,0,0,0
MSHA,Direct,/humanitarian-crises-around-the-world/,2,-1,2,-1,0,0,0,0
MED,Direct,/mba-vs-emba-8-key-differences-comparison-table/,2,-3,2,-3,0,0,0,0
LEPSL,Organic Search,.translate.goog/what-style-police-leadership-most-effective/,2,0,2,0,0,0,0,0
MSAAI,Organic Search,/classes/agentic-ai-systems-maai-510/,2,,2,,0,,0,
MSAAI,Referral,/classes/applied-probability-and-statistics-for-artificial-intelligence-maai-500/,2,,1,,0,,0,
MED,Direct,/classes/capstone-projects/,2,,2,,0,,0,
Data Science,Unknown - chatgpt.com / (not set),/masters-applied-data-science/,2,,2,,0,,0,
LEPSL,Direct,/masters-law-enforcement-leadership/lp/thank-you/,2,-5,15,-8,3,-6,1.5,0.214285714
Data Science,Organic Search,/how-to-become-data-analytics-manager/,2,-1,2,-2,0,0,0,0
MSITL,Organic Search,/faculty/david-smith/,2,,2,,0,,0,
"(default) business-entrepreneurship,computer-science,technology",Direct,/is-a-masters-in-data-science-worth-it/,2,0,2,0,0,0,0,0
CyberEng,Direct,/masters-cyber-security-engineering/lp/combined-degree/,2,-1,2,-2,0,0,0,0
LEPSL,Direct,/masters-law-enforcement-leadership/lp/criminal-justice/,2,1,1,-1,0,0,0,0
LEPSL,Paid Search,/masters-law-enforcement-leadership/lp/criminal-justice/,2,-4,3,-12,1,1,0.5,0.5
MSHA,Organic Social,/social-advocacy-definition/,2,,2,,0,,0,
MSITL,Direct,/faculty/carl-rebman/,2,,2,,0,,0,
(default) (not set),Direct,/organizational-change-strategies/,2,0,2,0,0,0,0,0
(default) (not set),Direct,/forms/csol-applicant/,2,-2,3,-2,0,0,0,0
MSAAI,Direct,/computer-science/,2,-1,7,-1,0,-2,0,-0.666666667
CyberOps,Direct,/is-a-cyber-security-engineering-degree-right-for-you/,2,1,2,1,0,0,0,0
CyberOps,Paid Search,/masters-cyber-security-operations/let-us-pay-for-your-csol-program-application-fee/,2,,2,,1,,0.5,
(default) (not set),Direct,/resources/why-every-aspiring-startup-entrepreneur-tech-exec-needs-to-know-about-connectivity/,2,1,2,1,0,0,0,0
MSHA,Direct,/humanitarian-corridor/,2,1,2,1,0,0,0,0
MSNNL,Direct,/programs/,2,1,4,-21,0,0,0,0
MTS,Unknown - ig / social,/masters-theological-studies/resources/,2,0,2,0,0,0,0,0
MED,Organic Search,.translate.goog/teacher-resume-examples/,2,,2,,0,,0,
MSAAI,Direct,/tuition-financial-aid/,2,1,4,-5,0,0,0,0
MSHA,Paid Search,/masters-humanitarian-action/apply/,2,,1,,0,,0,
(default) (not set),Organic Search,/education-inequity-and-homework/ what is this,2,,2,,0,,0,
MSNP,Direct,/masters-education/,2,0,5,3,0,0,0,0
(default) (not set),Paid Social,/programs/,2,-3,2,-3,0,0,0,0
MSITL,Unknown - Data Not Available / Data Not Available,/masters-information-technology-leadership/lp/ppc/,2,-4,6,-28,1,-2,0.5,0
MED,Organic Search,/master-of-education-salary/,2,-6,2,-7,0,0,0,0
MED,Direct,/teaching-students-with-autism/,2,-1,1,-1,0,0,0,0
MSHA,Direct,/masters-cyber-security-operations/let-us-pay-for-your-csol-program-application-fee/,2,,6,,0,,0,
MSNP,Direct,/nonprofit-careers/,2,1,2,2,0,0,0,0
MSLDT,Organic Search,/ambassador/aneta-mandarino/,2,,3,,0,,0,
(default) (not set),Direct,/forms/csol-gar/,2,1,2,1,0,0,0,0
MED,Organic Search,/faculty/maya-kalyanpur/,2,1,2,1,0,0,0,0
MSLDT,Organic Search,/masters-learning-design-technology/ambassadors/,2,,2,,0,,0,
MED,Direct,.translate.goog/cooperative-learning-strategies/,2,,2,,0,,0,
Informatics,Direct,/health-informatics-shaping-future-health-information-management/,2,-1,2,-13,0,0,0,0
MED,Direct,/employer-partnership/axos/,2,,5,,0,,0,
MTS,Organic Search,/faculty/joe-lonergan/,2,1,2,1,0,0,0,0
Data Science,Direct,/when-inference-meets-prediction-navigating-the-line-between-statistical-models-and-machine-learning/,2,-3,1,-4,0,0,0,0
MSHA,Referral,/examples-of-social-change/,2,-1,3,1,0,0,0,0
(default) (not set),Organic Social,/employer-partnership/,2,,2,,0,,0,
MESH,Organic Search,.translate.goog/sustainability-degree-careers/,2,,2,,0,,0,
Data Science,Referral,/sports-analytics-careers/,2,1,1,0,0,0,0,0
MSNP,Direct,/nonprofit-cfo-career/,2,0,3,1,0,0,0,0
MESH,Organic Search,.translate.goog/6-best-urban-planning-careers-degree-salary-guide/,2,,2,,0,,0,
(default) (not set),Paid Search,/contact-us/,2,,2,,0,,0,
LEPSL,Direct,/faculty/manuel-rodriguez/,2,,1,,0,,0,
MSLDT,Paid Search,/masters-engineering-management-leadership/lp/ppc/,2,1,8,2,0,0,0,0
Informatics,Direct,/blog/healthcare/,2,0,2,1,0,0,0,0
Informatics,Direct,/programs/,1,0,5,2,0,0,0,0
MTS,Referral,/theology-careers/,1,-1,1,-1,0,0,0,0
MTS,Paid Search,/classes/ecclesiology-being-the-21st-century-church/,1,,2,,0,,0,
MSHA,Organic Social,/masters-humanitarian-action/faculty/,1,,1,,0,,0,
MSHA,Organic Social,/faculty/ernest-ogbozor/,1,,1,,0,,0,
MSLDT,Referral,/admissions/,1,,3,,0,,0,
MESH,Referral,/environmental-policy-analyst-career/,1,,3,,0,,0,
MSAAI,Organic Social,/employer-partnership/,1,,4,,0,,0,
MSAAI,Organic Search,/masters-applied-artificial-intelligence/student-services/,1,0,5,4,0,0,0,0
LEPSL,Direct,/masters-health-informatics/,1,0,2,-1,0,0,0,0
LEPSL,Email,/faculty/james-r-davis/,1,,1,,0,,0,
LEPSL,Organic Search,/classes/integrative-capstone/,1,,1,,0,,0,
MSAAI,Organic Search,.translate.goog/artificial-intelligence-scholarships/,1,-4,1,-4,0,0,0,0
MSLDT,Unknown - Data Not Available / Data Not Available,/masters-learning-design-technology/,1,,4,,0,,0,
CyberOps,Organic Search,/to-cyber-security-blogs-websites/,1,,2,,0,,0,
CyberEng,Organic Search,.translate.goog/chief-risk-officer/,1,,1,,0,,0,
Data Science,Organic Search,/faculty/an-tran/,1,-1,1,-1,0,0,0,0
CyberEng,Direct,/network-security-solutions/,1,0,1,0,0,0,0,0
(default) (not set),Organic Search,/about/career-and-professional-resources/,1,-3,1,-3,0,0,0,0
MESH,Direct,/faculty/andrea-haverkamp/,1,0,1,0,0,0,0,0
LEPSL,Direct,/faculty/taurino-valdovinos/,1,,1,,0,,0,
MED,Direct,/online-programs/,1,-1,3,-7,0,0,0,0
(default) (not set),Direct,/10-reasons-to-get-your-masters-degree-in-cyber-security/,1,,0,,0,,0,
MSNNL,Direct,/forms/,1,-2,3,-5,1,-2,1,0
MED,Direct,/ai-for-teachers/,1,,2,,0,,0,
MESH,Direct,/search/Non+seeking+degree/page/2/,1,,1,,0,,0,
MTS,Direct,/search/should+homework+be+banned++in+middle+school/,1,,10,,0,,0,
EML,Direct,/engineering-leadership/,1,0,1,-1,0,0,0,0
MSAAI,Email,/masters-applied-artificial-intelligence/lp/study-artificial-intelligence/,1,,4,,0,,0,
MSLDT,Unknown - chatgpt.com / (not set),/tuition-financial-aid/,1,,1,,0,,0,
LEPSL,Unknown - chatgpt.com / (not set),/ai-in-law-enforcement/,1,,1,,0,,0,
MESH,Organic Search,/faculty/caroline-baillie/,1,,1,,0,,0,
MTS,Unknown - perplexity / (not set),/ways-to-deepen-your-faith/,1,,1,,0,,0,
MSITL,Organic Search,.translate.goog/it-management-leadership-certifications/,1,,1,,0,,0,
MSAAI,Referral,/masters-engineering-management-leadership/,1,,8,,0,,0,
CyberOps,Direct,/how-to-start-career-in-cyber-security/,1,-2,1,-2,0,0,0,0
MSHA,Referral,/humanitarian-scholarships/,1,,1,,0,,0,
MSNNL,Paid Social,/masters-nursing-leadership/,1,-1,1,-1,0,0,0,0
Data Science,Organic Search,.translate.goog/database-engineer-career/,1,-1,1,-1,0,0,0,0
(default) (not set),Paid Search,/masters-applied-data-science/classes/,1,,9,,0,,0,
MESH,Organic Search,.translate.goog/climate-change-careers/,1,-1,1,-1,0,0,0,0
MED,Direct,/what-is-an-med-degree-explained/,1,-2,1,-2,0,0,0,0
LEPSL,Organic Search,/classes/organizational-theory-change/,1,,1,,0,,0,
MSAAI,Direct,/faculty/leon-shpaner/,1,,2,,0,,0,
MSLDT,Organic Search,/educational-resources-for-teachers/,1,,2,,0,,0,
LEPSL,Direct,/faculty/bernie-colon/,1,,1,,0,,0,
MTS,Referral,/masters-theological-studies/apply/,1,-4,1,-4,0,0,0,0
MSLDT,Direct,/right-masters-in-instructional-design-and-technology/,1,,1,,0,,0,
MSITL,Referral,/masters-applied-data-science/,1,,8,,0,,0,
LEPSL,Email,/masters-law-enforcement-leadership/lp/ntoa-scholarship/,1,,1,,0,,0,
(default) (not set),Email,/about/,1,,1,,0,,0,
LEPSL,Email,/faculty/erik-fritsvold/,1,,0,,0,,0,
Informatics,Email,/healthcare-informatics-jobs-salary/,1,,1,,0,,0,
LEPSL,Organic Search,/community-policing-through-leadership/,1,-28,1,-36,0,0,0,0
Informatics,Organic Search,/masters-health-informatics/board-of-advisors/,1,0,1,1,0,0,0,0
MED,Organic Search,/resources/free-med-program-brochure-thank-you/,1,,2,,1,,1,
Informatics,Organic Search,.translate.goog/nurse-leader-vs-nurse-manager/,1,0,1,0,0,0,0,0
MSNP,Organic Search,/top-humanitarian-degrees/,1,,9,,0,,0,
MSHA,Direct,/bachelors-nursing/,1,,2,,0,,0,
LEPSL,Direct,/ambassador/tracy-volz-montez/,1,-1,1,-1,0,0,0,0
MSNNL,Direct,/faculty/nadine-kassity-krich/,1,,1,,0,,0,
MED,Direct,/education-inequity-and-homework/ when was this publish,1,,2,,0,,0,
CyberOps,Paid Social,/masters-cyber-security-operations/apply/,1,0,1,0,0,0,0,0
MSITL,Referral,/masters-engineering-sustainability-health/classes/,1,,126,,0,,0,
MSLDT,Paid Search,/articulate-vs-captivate/,1,,4,,0,,0,
MSLDT,Paid Search,/masters-learning-design-technology/lp/osu/,1,-1,1,0,0,0,0,0
MTS,Organic Search,/online-programs/,1,,6,,0,,0,
MSAAI,Organic Search,/sports-analytics-careers/,1,,2,,0,,0,
CyberOps,Organic Search,/cyber-security-salary-california/,1,,3,,0,,0,
MTS,Organic Search,/classes/following-francis-an-introduction-to-the-franciscan-tradition/,1,,2,,0,,0,
LEPSL,Email,/become-a-criminal-justice-instructor/,1,-1,1,-1,0,0,0,0
MTS,Organic Search,/environmental-justice-careers/,1,,0,,0,,0,
Data Science,Referral,/classes/applied-predictive-modeling/,1,,1,,0,,0,
MSNP,Direct,/faculty/andrea-boozer/,1,0,1,0,0,0,0,0
MSNP,Direct,/faculty/tesa-tinkler/,1,,1,,0,,0,
MSNNL,Direct,/advisory-board/kassity-krich/,1,,1,,0,,0,
MSHA,Direct,/masters-education/,1,-2,3,-13,0,0,0,0
(default) (not set),Direct,/jobs-in-cybersecurity/,1,,0,,0,,0,
MSNP,Direct,/resources/6-nonprofit-careers-ebook/,1,-1,1,-8,0,-1,0,-0.5
MSNNL,Direct,/admissions/,1,,2,,0,,0,
CyberOps,Direct,/faculty/thomas-plunkett/,1,,1,,0,,0,
MESH,Direct,/admissions/,1,0,2,-3,0,0,0,0
MED,Direct,/what-grade-should-you-teach/,1,-6,1,-12,0,0,0,0
CyberOps,Direct,/masters-cyber-security-engineering/apply/,1,,3,,0,,0,
CyberOps,Direct,/black-vs-gray-vs-white-hat-hackers/,1,,3,,0,,0,
CyberEng,Unknown - Data Not Available / Data Not Available,/masters-cyber-security-engineering/classes/,1,,1,,0,,0,
CyberOps,Organic Search,.translate.goog/cyber-security-architect/,1,-3,1,-3,0,0,0,0
MSNNL,Direct,/instructional-design-models/` [(onlinedegrees.sandiego.edu in Bing)](https:/www.bing.com/search,1,,1,,0,,0,
MSITL,Organic Search,/is-devops-a-good-career/,1,-2,1,-2,0,0,0,0
MED,Paid Search,/masters-health-informatics/lp/health-informatics-for-nurses/,1,,3,,0,,0,
MSAAI,Organic Social,/ai-prompt-engineer/,1,,1,,0,,0,
MSAAI,Referral,/masters-applied-artificial-intelligence/classes/,1,-10,0,-13,0,0,0,0
MTS,Direct,/masters-theological-studies/resources/,1,0,1,0,0,0,0,0
MSNNL,Unknown - Data Not Available / Data Not Available,/masters-engineering-sustainability-health/lp/ppc/,1,,3,,0,,0,
(default) (not set),Referral,/impact-of-ai-on-the-job-market/,1,,1,,0,,0,
CyberOps,Direct,/network-forensics-tools/,1,,2,,0,,0,
Data Science,Organic Search,.translate.goog/data-communication/,1,,1,,0,,0,
(default) (not set),Referral,/technology/,1,,1,,0,,0,
MESH,Organic Search,/why-military-vets-should-consider-career-in-criminal-justice/,1,,2,,0,,0,
MSAAI,Paid Social,/masters-applied-artificial-intelligence/apply/,1,-1,1,-1,0,0,0,0
LEPSL,Organic Search,/ambassador/holly-martinez/,1,0,1,0,0,0,0,0
MSHA,Paid Social,/,1,,14,,0,,0,
MTS,Organic Search,.translate.goog/philosophy-degree-jobs/,1,-1,1,-1,0,0,0,0
MSLDT,Direct,/masters-engineering-management-leadership/curriculum/,1,,4,,0,,0,
(default) (not set),Direct,/employer-partnership/wild-genomics/,1,,1,,0,,0,
MED,Organic Search,/best-engineering-software/,1,,5,,0,,0,
MSHA,Direct,/search/certificates/,1,,2,,0,,0,
MSAAI,Direct,/masters-artificial-intelligence-vs-data-science/,1,-1,1,-10,0,0,0,0
MSITL,Direct,/resources/free-msitl-program-brochure-thank-you/,1,0,2,1,0,-1,0,-1
MTS,Referral,/,1,,2,,0,,0,
MSHA,Paid Social,/masters-humanitarian-action/apply/,1,,1,,0,,0,
Data Science,Unknown - chatgpt.com / (not set),/masters-applied-data-science/careers/,1,,1,,0,,0,
Data Science,Paid Search,/search/gen+chem/,1,,1,,0,,0,
LEPSL,Unknown - chatgpt.com / (not set),/,1,,2,,0,,0,
MED,Direct,/masters-education/specializations/technology-and-innovation/,1,-2,1,-5,0,0,0,0
MSLDT,Paid Search,/right-masters-in-instructional-design-and-technology/,1,,3,,0,,0,
MSLDT,Paid Search,/learning-experience-design/,1,,4,,1,,1,
LEPSL,Organic Search,/law-enforcement-faculty-jeffrey-jordon/,1,0,2,1,0,0,0,0
MSNP,Organic Search,/how-to-write-grant-proposals/,1,-10,1,-7,0,0,0,0
CyberOps,Direct,/faculty/paul-keener/,1,-1,1,-1,0,0,0,0
(default) (not set),Organic Search,/education-inequity-and-homework/  is it crap,1,,1,,0,,0,
MESH,Organic Search,/advisory-board/paul-kadetz/,1,-3,1,-3,0,0,0,0
Informatics,Organic Search,/faculty/thidarat-tinnakornsrisuphap/,1,0,1,0,0,0,0,0
CyberEng,Organic Search,/classes/capstone-2/,1,,1,,0,,0,
MED,Direct,/search/Social+media+in+education:+13+ideas+for+the+classroom/,1,,1,,0,,0,
(default) (not set),Direct,/why-study-theology/#main,1,,1,,0,,0,
(default) (not set),Direct,/blog/technology/,1,-1,1,-1,0,0,0,0
MSHA,Paid Search,/humanitarian-aid-certificate-courses/,1,-3,1,-5,0,0,0,0
MSLDT,Paid Social,/instructional-design-interview-questions/,1,,1,,0,,0,
MSNNL,Direct,/masters-engineering-sustainability-health/classes/,1,,14,,0,,0,
MTS,Direct,/incorporate-faith-in-career/,1,-7,1,-7,0,0,0,0
LEPSL,Direct,/masters-cyber-security-operations/,1,-1,4,-5,0,0,0,0
(default) (not set),Organic Search,/getting-masters-degree-online/,1,0,1,0,0,0,0,0
MED,Direct,/education-inequity-and-homework/https:/onlinedegrees.sandiego.edu/education-inequity-and-homework/,1,,2,,0,,0,
MSNNL,Unknown - Data Not Available / Data Not Available,/masters-nursing-leadership/apply/,1,,0,,0,,0,
MTS,Organic Search,.translate.goog/nature-spirituality/,1,,1,,0,,0,
MED,Unknown - perplexity / (not set),/best-podcasts-for-teachers/,1,,1,,0,,0,
MSAAI,Direct,/masters-cyber-security-engineering/classes/,1,0,3,-2,0,0,0,0
MSHA,Organic Search,/classes/humanitarian-safety-and-security/,1,,1,,0,,0,
MSAAI,Unknown - optin monster / exit overlay,/masters-applied-artificial-intelligence/,1,,6,,1,,1,
MED,Direct,/the-secrets-to-successful-school-leadership/,1,-4,2,-3,0,0,0,0
MSAAI,Direct,/artificial-intelligence/,1,-2,1,-1,0,0,0,0
MED,Direct,/search/should+students+get+less+homework/,1,,1,,0,,0,
MSNP,Referral,/masters-nonprofit-leadership-management/apply/,1,,2,,0,,0,
MSNP,Referral,/masters-nonprofit-leadership-management/lp/thank-you/,1,,1,,1,,1,
MSNNL,Display,/masters-cyber-security-engineering/,1,,3,,0,,0,
MSAAI,Paid Search,/masters-cyber-security-engineering/,1,,3,,0,,0,
MSITL,Referral,/how-to-start-it-career/,1,,1,,0,,0,
"(default) business-entrepreneurship,computer-science,engineering,technology",Direct,/masters/,1,,1,,0,,0,
MSHA,Direct,/what-makes-a-good-humanitarian-important-skills/,1,-4,1,-4,0,0,0,0
Informatics,Organic Search,/classes/machine-learning-applications/,1,,1,,0,,0,
MSNP,Direct,/search/get+upgraded+chatgpt/,1,-2,2,-9,0,0,0,0
(default) (not set),Organic Search,/education-inequity-and-homework/ when was it writen,1,,1,,0,,0,
MSLDT,Direct,/instructional-designer-job/,1,-3,1,-3,0,0,0,0
CyberEng,Direct,/bachelors-nursing/,1,,1,,0,,0,
(default) (not set),Organic Search,/education-lnequity-andhomework/,1,,3,,0,,0,
Informatics,Organic Search,/advisory-board/hanley/,1,-5,1,-7,0,0,0,0
MESH,Direct,/employer-partnership/axos/,1,,11,,0,,0,
MSAAI,Unknown - perplexity / (not set),/masters-applied-artificial-intelligence/,1,,3,,1,,1,
(default) (not set),Direct,/management-masters-vs-mba/,1,-1,1,-1,0,0,0,0
MED,Organic Search,/classes/catholic-school-leadership-optional/,1,0,1,0,0,0,0,0
MSHA,Organic Search,.translate.goog/humanitarian-crises-around-the-world/,1,,1,,0,,0,
MED,Organic Search,/faculty/lisa-yegin/,1,,1,,0,,0,
CyberOps,Referral,/vulnerability-and-penetration-testing/,1,,1,,0,,0,
MTS,Paid Social,/masters-theological-studies/resources/,1,0,2,0,0,0,0,0
MSITL,Organic Search,/resources/free-itl-program-brochure/,1,-1,1,-7,0,-1,0,-0.5
MSITL,Referral,/masters-information-technology-leadership/classes/applied-ai-specialization/,1,-2,1,-20,0,0,0,0
CyberOps,Organic Search,/resources/top-paying-cybersecurity-jobs/,1,-1,1,-1,0,0,0,0
MED,Paid Search,/masters-cyber-security-engineering/lp/cyber-security-engineering/,1,,9,,0,,0,
(default) (not set),Organic Search,/education-inequity-and-homework/.McNutt,1,,1,,0,,0,
LEPSL,Email,/masters-law-enforcement-leadership/transfer-credit/,1,,3,,0,,0,
CyberOps,Organic Search,/cyber-security-professionals-from-across-the-nation-earn-masters-degrees-from-university-of-san-diego/,1,,1,,0,,0,
(default) (not set),Organic Search,/life-skills-education-in-schools/,1,,1,,0,,0,
MSNP,Unknown - chatgpt.com / (not set),/how-to-write-grant-proposals/,1,,1,,0,,0,
(default) (not set),Organic Search,/classes/cyber-security-operations-and-leadership-orientation/,1,,2,,0,,0,
MSNNL,Organic Search,/classes/advanced-nurse-clinician-practicum/,1,0,7,6,2,2,2,2
CyberOps,Paid Search,/top-100-cybersecurity-companies/,1,-1,3,1,0,0,0,0
CyberOps,Organic Search,.translate.goog/cyber-security-information-security-network-security/,1,,1,,0,,0,
MSNNL,Direct,/search/cybersecurity/page/1/,1,,13,,0,,0,
MSAAI,Unknown - chatgpt.com / (not set),/university-of-san-diego-launches-full-time-on-campus-masters-degree-programs-in-applied-artificial-intelligence-and-cyber-security-engineering/,1,,2,,0,,0,
MED,Email,/masters-education/specializations/steam/,1,0,3,3,0,0,0,0
LEPSL,Direct,/classes/critical-issues-law-enforcement-and-public-safety/,1,,1,,0,,0,
Data Science,Direct,/classes/capstone-project-599/,1,,1,,0,,0,
Data Science,Direct,/resources/look-inside-data-science-masters/,1,,1,,0,,0,
EML,Direct,/masters-engineering-management-leadership/faculty/,1,-6,1,-6,0,0,0,0
(default) (not set),Direct,/jobs-after-mba-entrepreneurship/,1,-1,1,-1,0,0,0,0
"(default) engineering,healthcare,sustainability",Direct,/,1,,1,,0,,0,
MSAAI,Unknown - chatgpt.com / (not set),/aws-azure-gcp-certification/,1,,3,,0,,0,
MSAAI,Unknown - chatgpt.com / (not set),/ai-governance/,1,,1,,0,,0,
MSNNL,Display,/resources/nurse-leader-career-paths-opportunities/,1,-1,3,0,1,0,1,0.5
MSLDT,Unknown - youtube / social,/masters-learning-design-technology/,1,-1,1,-1,0,0,0,0
LEPSL,Organic Search,/faculty/benjamin-kelso/,1,-1,2,-1,0,0,0,0
MSHA,Paid Social,/masters-humanitarian-action/app-waiver/,1,,1,,0,,0,
CyberEng,Paid Search,/masters-cyber-security-engineering/faculty/,1,,3,,0,,0,
LEPSL,Paid Search,/masters-health-informatics/lp/health-informatics-for-nurses/,1,,8,,2,,2,
MESH,Paid Search,/environmental-planner-career/,1,,1,,0,,0,
MTS,Email,/st-francis-of-assisi-and-franciscan-theology/,1,,1,,0,,0,
(default) (not set),Paid Search,/about/,1,0,1,-3,0,0,0,0
Data Science,Referral,/what-is-data-analytics/,1,,2,,0,,0,
MSNNL,Referral,/masters-nursing-leadership/clinical-practicums/,1,,1,,0,,0,
MSHA,Referral,/types-of-advocacy/,1,-4,1,-3,0,0,0,0
MSITL,Referral,/it-careers-after-help-desk/,1,,1,,0,,0,
CyberOps,Direct,/masters-cyber-security-operations/student-services/,1,0,1,0,0,0,0,0
BSN,Referral,/bachelors-nursing/bachelors-nursing-lp-ppc/,1,,1,,0,,0,
MSHA,Direct,/resources/free-ms-aai-program-brochure-thank-you/,1,,10,,0,,0,
MSAAI,Organic Social,/artificial-intelligence-finance/,1,-4,1,-3,0,0,0,0
CyberOps,Direct,.translate.goog/chief-privacy-officer-career-guide/,1,,1,,0,,0,
MSHA,Organic Search,/sustainability-scholarships/,1,,7,,0,,0,
MED,Organic Search,/police-promotion/,1,,2,,0,,0,
EML,Direct,/engineering-management-vs-technical-track/,1,-3,1,-2,0,0,0,0
(default) (not set),Organic Search,/cyber-security-information-security-network-security/,1,,2,,0,,0,
MED,Organic Search,/about/,1,0,4,3,0,0,0,0
MTS,Direct,/resources/master-of-theological-studies-application-guide/,1,-3,1,-3,0,0,0,0
MED,Organic Search,.translate.goog/what-is-an-med-degree-explained/,1,-1,1,-1,0,0,0,0
MSHA,Organic Search,/education-inequity-and-homework/,1,,9,,0,,0,
EML,Organic Search,.translate.goog/engineering-manager-skills/,1,0,1,0,0,0,0,0
CyberOps,Organic Search,/resources/should-you-become-a-cybersecurity-engineer/,1,,1,,0,,0,
MED,Organic Search,.translate.goog/adaptive-curriculum-for-special-education/,1,,1,,0,,0,
MED,Direct,/masters-education/careers/,1,-3,8,5,0,0,0,0
MTS,Direct,/masters-applied-data-science/classes/,1,0,4,0,0,0,0,0
MSLDT,Referral,/training-and-development-specialist/,1,0,1,0,0,0,0,0
MED,Referral,/admissions/,1,,4,,0,,0,
CyberEng,Direct,/faculty/nikolas-behar/,1,,1,,0,,0,
CyberEng,Direct,/faculty/nicole-fredrich-sec-cmmc-rp-lfcs-ccp/,1,,1,,0,,0,
(default) (not set),Organic Social,/masters-cyber-security-operations/,1,0,2,-1,0,0,0,0
LEPSL,Direct,/faculty/darrin-t-grondel/,1,0,1,0,0,0,0,0
(default) (not set),Direct,/emails=,1,,1,,0,,0,
MED,Direct,/search/how+much+in+percents+do+kids+do+better+with+homework+at+school/,1,,1,,0,,0,
MSAAI,Direct,/classes/large-language-model-engineering-maai-530/,1,,1,,0,,0,
MED,Direct,/student-spotlight-chantell-robinson/,1,,7,,0,,0,
MSNP,Unknown - chatgpt.com / (not set),/masters-nonprofit-leadership-management/,1,,1,,0,,0,
MED,Direct,.translate.goog/steam-education-in-schools/,1,,1,,0,,0,
CyberOps,Organic Search,.translate.goog/what-is-a-chief-security-officer-high-demand-skyrocketing-pay-for-csos/,1,-1,1,-1,0,0,0,0
CyberOps,Direct,/how-to-pick-best-online-cyber-security-program/,1,0,1,0,0,0,0,0
MSNP,Direct,/faculty/antonio-jimenez-luque/,1,,1,,0,,0,
MED,Direct,/best-podcasts-for-teachers/,1,0,1,0,0,0,0,0
LEPSL,Organic Search,/ambassador/jamison-maehler/,1,0,1,-1,0,0,0,0
MSHA,Organic Search,/masters-humanitarian-action/advisory-board/,1,,3,,0,,0,
LEPSL,Organic Search,.translate.goog/police-promotion/,1,,1,,0,,0,
Data Science,Organic Search,/masters-applied-data-science/student-services/,1,,5,,0,,0,
MTS,Direct,.translate.goog/masters-theological-studies/classes/,1,,4,,0,,0,
(default) (not set),Organic Search,/blue-leadership-podcast/captain-jolie-macias-tactical-training-and-swat-leadership/,1,0,1,0,0,0,0,0
CyberEng,Paid Search,/masters-cyber-security-engineering/scholarships-and-grants/,1,0,1,0,0,0,0,0
Informatics,Email,/masters-health-informatics/lp/study-health-informatics/,1,-1,1,-4,0,0,0,0
EML,Referral,/engineering-masters-degrees/,1,,1,,0,,0,
MSHA,Paid Search,/classes/humanitarian-safety-and-security/,1,,1,,0,,0,
Informatics,Email,/healthcare/,1,,1,,0,,0,
LEPSL,Email,/masters-law-enforcement-leadership/lp/thank-you/,1,,0,,0,,0,
LEPSL,Referral,/masters-law-enforcement-leadership/students-agencies/,1,,1,,0,,0,
MTS,Direct,/education-inequity-and-homework/,1,,3,,0,,0,
LEPSL,Organic Social,/masters-law-enforcement-leadership/classes/,1,,1,,0,,0,
LEPSL,Referral,/about/state-authorization-status/,1,,2,,0,,0,
MESH,Organic Search,/degree-in-public-health/,1,-1,1,0,0,0,0,0
MSLDT,Direct,/faculty/lindsay-oneill/,1,-3,1,-3,0,0,0,0
MSAAI,Organic Search,/masters-cyber-security-engineering/lp/cyber-security-engineering/,1,,2,,0,,0,
MED,Direct,/search/homework+does+more+harm+than+good/,1,,1,,0,,0,
EML,Unknown - chatgpt.com / (not set),/masters-engineering-management-leadership/apply/,1,,1,,0,,0,
"(default) engineering,healthcare,sustainability",Direct,/resources/meeting-the-planets-most-urgent-challenges/,1,0,1,0,0,0,0,0
MTS,Organic Search,/resources/7-applications-of-theology-degree-ebook/,1,-4,1,-4,0,0,0,0
LEPSL,Organic Search,/ambassador/luis-martinez-jr/,1,-1,1,-1,0,0,0,0
MSNNL,Direct,/nursing-leadership-roles/,1,-1,1,0,0,0,0,0
MTS,Organic Search,/admissions/military-veterans/,1,,30,,0,,0,
MSHA,Organic Search,/faculty/topher-mcdougal/,1,,1,,0,,0,
EML,Organic Search,/classes/sustainability-ethics-and-compliance/,1,,2,,0,,0,
Data Science,Organic Search,/change-career-to-data-science/,1,-2,1,-2,0,0,0,0
MED,Paid Search,/education/,1,0,5,5,0,0,0,0
CyberEng,Organic Search,/masters-cyber-security-engineering/careers/,1,0,1,0,0,0,0,0
MSLDT,Paid Search,/tuition-financial-aid/additional-funding-options/,1,,7,,0,,0,
MESH,Referral,/environmental-science-vs-engineering-degree/,1,,3,,0,,0,
MED,Direct,/life-skills-education-in-Schools/,1,,1,,0,,0,
MSNNL,Referral,/masters-nursing-leadership/apply/,1,,0,,0,,0,
(default) (not set),Unknown - chatgpt.com / (not set),/student-support/its-help-desk/,1,,1,,0,,0,
(default) (not set),Referral,/programs/,1,-2,4,1,0,0,0,0
MED,Unknown - chatgpt.com / (not set),/masters-education/specializations/curriculum-and-instruction/,1,,1,,0,,0,
MED,Unknown - chatgpt.com / (not set),/rethinking-education-assessment-types/,1,,1,,0,,0,
MED,Email,/curriculum-and-instruction-degree-offers-hands-on-approach/,1,,1,,0,,0,
MED,Unknown - perplexity / (not set),/what-is-educational-technology-definition-examples-impact/,1,,1,,0,,0,
MED,Email,/steam-specialization-opens-doors-for-university-of-san-diego-alum/,1,,1,,0,,0,
LEPSL,Direct,/search/Thomas+Smith/,1,,1,,0,,0,
MSLDT,Paid Search,/masters-education/lp/online-med/,1,,3,,0,,0,
Data Science,Direct,/advisory-board/albert-wang/,1,,1,,0,,0,
LEPSL,Direct,/search/some+fact+that+should+ban+homeork/,1,,1,,0,,0,
Informatics,Organic Search,/the-value-of-project-management-in-health-informatics/,1,,2,,0,,0,
CyberOps,Direct,/cybersecurity-bootcamp-vs-degree/,1,,5,,0,,0,
MSITL,Direct,ces/ms-itl-info-session-webinar-registration/,1,,1,,0,,0,
EML,Direct,y/daryl-lynn-roberts-2/,1,,1,,0,,0,
MSNNL,Organic Search,/masters-nursing-leadership/scholarships/,1,-1,1,0,0,0,0,0
Data Science,Direct,ised-machine-learning-with-gradient-boosting/,1,,1,,0,,0,
MSLDT,Organic Search,/education-specialist/,1,,2,,0,,0,
MSNNL,Direct,/masters-health-informatics/careers/,1,0,4,-40,0,0,0,0
Data Science,Organic Search,/faculty/john-chandler/,1,-2,1,-1,0,0,0,0
(default) (not set),Paid Search,/masters-cyber-security-engineering/,1,,4,,0,,0,
Informatics,Organic Search,/tuition-financial-aid/tuition/,1,,9,,0,,0,
MSLDT,Organic Search,/differentiated-instruction/,1,,3,,0,,0,
MSITL,Organic Search,.translate.goog/systems-engineer-career/,1,,1,,0,,0,
Data Science,Organic Search,/contact-us-thank-you/,1,,2,,1,,1,
MTS,Organic Search,/why-theological-studies/,1,-1,1,-1,0,0,0,0
MSITL,Organic Search,/faculty/paul-evans/,1,-2,2,-1,0,0,0,0
MED,Organic Search,/top-online-education-programs/,1,0,2,1,0,0,0,0
Data Science,Direct,/database-engineer-career/,1,-7,1,-8,0,0,0,0
MSITL,Direct,/about/state-authorization-status/,1,,2,,0,,0,
MSAAI,Paid Search,/masters-cyber-security-engineering/apply/,1,,4,,0,,0,
MESH,Direct,/community-health-worker-certification/,1,-1,1,-7,0,0,0,0
MSNP,Direct,.translate.goog/public-administration-careers/,1,,1,,0,,0,
LEPSL,Direct,/gordon-graham-risk-management-reading-list/,1,0,1,0,0,0,0,0
MSHA,Organic Search,/tuition-financial-aid/,1,,3,,0,,0,
Informatics,Organic Search,/tuition-financial-aid/,1,,3,,0,,0,
CyberOps,Direct,.translate.goog/top-cyber-security-blogs-websites/,1,,1,,0,,0,
(default) (not set),Direct,/about/online-learning/,1,-2,1,-1,0,0,0,0
MESH,Direct,/tuition-financial-aid/tuition/,1,,8,,0,,0,
Data Science,Organic Search,/faculty/shailja-somani/,1,,6,,0,,0,
CyberEng,Organic Search,/masters-cyber-security-engineering/lp/cyber-campaign/,1,,2,,0,,0,
CyberOps,Direct,/faculty/al-ajrawi-phd/,1,,1,,0,,0,
MESH,Organic Search,.translate.goog/masters-in-sustainability-degree-comparison/,1,,1,,0,,0,
LEPSL,Direct,/ambassador/raymond-garcia/,1,,1,,0,,0,
LEPSL,Direct,/ambassador/jeff-liu/,1,,1,,0,,0,
MTS,Direct,/masters-cyber-security-operations/,1,-1,2,-2,0,0,0,0
LEPSL,Direct,/ambassador/diego-cornejo/,1,,1,,0,,0,
LEPSL,Direct,/ambassador/gene-harris/,1,,1,,0,,0,
CyberOps,Organic Search,/cybersecurity-vs-it-degree/,1,-1,2,-2,0,0,0,0
"(default) humanitarian-nonprofit,leadership-management",Direct,/forms/msitl-gray-area-review/,1,,1,,0,,0,
Data Science,Referral,/data-science-bootcamps/,1,,1,,0,,0,
MSHA,Organic Social,/humanitarian-intervention-success-stories/,1,,1,,0,,0,
MTS,Paid Search,/religious-studies-degree-jobs/,1,0,1,-1,0,0,0,0
MSNP,Paid Social,/masters-health-informatics/lp/health-informatics-for-nurses/,1,,4,,1,,1,
LEPSL,Email,/,1,0,2,0,0,0,0,0
MSHA,Direct,/admissions/international-students/,1,,6,,0,,0,
"(default) humanitarian-nonprofit,leadership-management",Direct,/forms/,1,,2,,0,,0,
(default) (not set),Direct,/faculty/mohammad-mahmoudighaznavi/,1,,1,,0,,0,
LEPSL,Direct,.translate.goog/10-innovative-police-technologies/,1,-2,1,-2,0,0,0,0
(default) (not set),Direct,/education-inequality-and-homework,1,0,2,1,0,0,0,0
LEPSL,Direct,/5-tips-for-a-successful-criminal-justice-career/,1,,1,,0,,0,
Data Science,Email,/resources/data-science-students-assessment/,1,,1,,0,,0,
EML,Organic Search,/advisory-board/silvia-de-dea/,1,0,1,0,0,0,0,0
MED,Unknown - chatgpt.com / (not set),/masters-education/,1,,1,,0,,0,
MED,Unknown - chatgpt.com / (not set),/faculty/amanda-roth/,1,,1,,0,,0,
Data Science,Organic Search,/faculty/satya-varaprasad-allumallu/,1,,1,,0,,0,
CyberOps,Organic Search,/faculty/umesh-varma/,1,-4,2,-3,0,0,0,0
(default) (not set),Organic Search,/masters-applied-data-science/,1,-1,4,-1,0,0,0,0
MTS,Organic Search,/online-mts-benefits/,1,,1,,0,,0,
LEPSL,Referral,/5-tips-for-a-successful-criminal-justice-career/,1,,1,,0,,0,
MED,Unknown - chatgpt.com / (not set),/teaching-to-every-students-unique-learning-style/,1,,1,,0,,0,
CyberOps,Email,/masters-cyber-security-operations/apply/,1,,1,,0,,0,
Data Science,Referral,/applications-of-data-science-in-healthcare/,1,,1,,0,,0,
MSNNL,Paid Search,/how-to-become-a-cno/,1,-1,1,-1,0,0,0,0
(default) (not set),Direct,/education-inequity-and-homework/counter claim,1,,1,,0,,0,
MSLDT,Direct,/instructional-designer-resume-guide/,1,,3,,0,,0,
MED,Direct,/education-inequity-and-homework/ publication date,1,,4,,0,,0,
MSNP,Direct,.translate.goog/what-is-organizational-leadership/,1,,1,,0,,0,
Informatics,Direct,/student-support/ashley-dominguez/,1,,1,,0,,0,
MED,Paid Search,/best-paying-school-districts-ca-teachers/,1,,1,,0,,0,
MSAAI,Organic Search,/bilingual-education/,1,,11,,0,,0,
(default) (not set),Organic Search,/masters-cyber-security-operations/,1,-3,11,-8,0,0,0,0
CyberEng,Organic Search,/search/is+it+true+that+if+there+is+homwork+there+is+less+time+fro+the+t+hing+we+enjoy/,1,,1,,0,,0,
MSAAI,Organic Search,/dr-ebrahim-tarshizi-co-director-of-center-for-digital-civil-society/,1,,1,,0,,0,
MSNNL,Organic Search,/advisory-board/j-wymer/,1,-2,1,-2,0,0,0,0
MSAAI,Organic Search,/tuition-financial-aid/,1,,4,,0,,0,
CyberOps,Unknown - idg / nativecontent,/bringing-gamification-to-cyber-security-training/,1,,1,,0,,0,
Data Science,Direct,/classes/applied-data-science-for-business/,1,,1,,0,,0,
(default) (not set),Paid Social,/admissions/,1,,1,,0,,0,
MSNP,Paid Search,/masters-education/lp/online-med/,1,,2,,0,,0,
LEPSL,Paid Search,/masters-law-enforcement-leadership/ambassadors/,1,-3,1,-3,0,0,0,0
MSLDT,Referral,/faculty/lisa-evans/,1,,1,,0,,0,
MSAAI,Organic Search,/faculty/amit-manghani/,1,-3,2,-2,0,0,0,0
(default) (not set),Organic Search,/search/67/page/1/,1,,1,,0,,0,
MTS,Referral,/masters-engineering-sustainability-health/apply/,1,,9,,0,,0,
MSLDT,Organic Search,.translate.goog/training-and-development-specialist/,1,,1,,0,,0,
MSLDT,Unknown - perplexity / (not set),/careers-masters-curriculum-instruction/,1,,2,,0,,0,
LEPSL,Organic Search,/ambassador/brian-george/,1,0,1,0,0,0,0,0
MSAAI,Direct,/health-data-analyst/,1,,12,,0,,0,
MED,Direct,.translate.goog/instructional-leadership/,1,,1,,0,,0,
MED,Direct,/education-inequality-and-homework/,1,-1,2,-6,0,0,0,0
MSAAI,Organic Search,/masters-health-informatics/health-analytics-track/,1,0,12,7,0,0,0,0
MED,Organic Search,/search/ipsative+assessments/,1,,0,,0,,0,
Data Science,Direct,/data-consultant-career/,1,,1,,0,,0,
MED,Direct,/instructional-design-portfolio/,1,,0,,0,,0,
MSAAI,Direct,/cyber-security-salary-california/,1,,4,,0,,0,
(default) (not set),Direct,/artificial-intelligence-education/-,1,,1,,0,,0,
MESH,Direct,/advisory-board/michelle-gonzalez/,1,0,1,0,0,0,0,0
Informatics,Direct,/classes/informatics-capstone/,1,,1,,0,,0,
MESH,Direct,/mesh-scholarship-awarded/,1,0,1,0,0,0,0,0
MSHA,Organic Search,/resources/msha-how-a-masters-degree-can-benefit-your-humanitarian-career-thank-you/,1,0,1,0,0,-1,0,-1
CyberOps,Organic Search,/faculty/donald-beidermann/,1,0,3,2,0,0,0,0
(default) (not set),Organic Search,/cybersecurity-jobs-report/,1,,2,,0,,0,
MSAAI,Unknown - chatgpt.com / (not set),/entry-level-ai-careers/,1,,1,,0,,0,
MSAAI,Direct,/masters-health-informatics/,1,,2,,0,,0,
CyberEng,Display,/masters-cyber-security-engineering/program-outcomes/,1,,2,,0,,0,
EML,Organic Search,/masters-engineering-management-leadership/student-services-support-team/,1,,1,,0,,0,
MSAAI,Referral,/best-artificial-intelligence-degrees/,1,,1,,0,,0,
CyberOps,Organic Search,.translate.goog/risk-manager-career-guide/,1,-2,1,-3,0,0,0,0
LEPSL,Organic Search,/ambassador/daniel-shivers/,1,,1,,0,,0,
Data Science,Organic Search,/advisory-board/michael-cavaretta-ms-phd/,1,,1,,0,,0,
CyberOps,Organic Social,/is-a-cyber-security-engineering-degree-right-for-you/,1,,1,,0,,0,
Informatics,Paid Search,/healthcare-informatics-jobs-salary/,1,-2,1,-1,0,0,0,0
Data Science,Organic Search,/faculty/siamak-aram/,1,-2,1,-3,0,0,0,0
MSITL,Paid Social,/masters-cyber-security-operations/lp/bva-cyber-security-operations-leadership/,1,-2,3,-10,0,-3,0,-1
Informatics,Unknown - Data Not Available / Data Not Available,/masters-health-informatics/,1,,2,,0,,0,
MSLDT,Unknown - chatgpt.com / (not set),/instructional-design-models/,1,,1,,0,,0,
MSAAI,Unknown - Data Not Available / Data Not Available,/nlp-engineer-career/,1,,1,,0,,0,
MESH,Direct,/masters-education/apply/,1,,1,,0,,0,
(default) (not set),Organic Search,/student-support/dr-ramesh-rajagopalan/,1,,2,,0,,0,
CyberOps,Organic Search,/threat-or-opportunity-big-data-and-cyber-security/,1,-4,2,-5,0,0,0,0
LEPSL,Direct,/the-importance-of-building-trust-inside-your-community/,1,,1,,0,,0,
MSAAI,Direct,/classes/capstone-project-maai-590/,1,,1,,0,,0,
MSLDT,Direct,/masters-learning-design-technology/faculty/,1,-3,1,-21,0,0,0,0
MSLDT,Direct,/masters-learning-design-technology/resources/,1,-2,1,-3,0,0,0,0
LEPSL,Organic Search,.translate.goog/women-in-law-enforcement/,1,,1,,0,,0,
MSHA,Organic Search,/resources/msha-how-a-masters-degree-can-benefit-your-humanitarian-career/,1,-3,5,-8,0,0,0,0
MSLDT,Direct,/police-media-relations-and-social-media/,1,,2,,0,,0,
(default) (not set),Direct,/masters-cyber-security-engineering/classes/,1,-2,2,-15,0,0,0,0
MSLDT,Direct,/masters-health-informatics/apply/,1,,2,,0,,0,
EML,Direct,/employer-partnership/xsite/,1,0,13,9,2,2,2,2
MED,Organic Search,/education-inequity-and-homework/.​,1,,2,,0,,0,
MSNNL,Organic Search,/advisory-board/de-veyra/,1,-2,1,-2,0,0,0,0
Data Science,Direct,/career-data-mining/,1,-2,1,-2,0,0,0,0
MSITL,Organic Search,/leadership-management/,1,,13,,0,,0,
CyberOps,Direct,/classes/cyber-incident-response-and-computer-network-forensics/,1,,1,,0,,0,
MSNP,Direct,/forms/med-application-evaluation/,1,,7,,0,,0,
MED,Paid Search,/contact-us-thank-you/,1,,9,,1,,1,
Informatics,Organic Search,/masters-applied-data-science/apply/,1,,8,,0,,0,
Data Science,Organic Search,/data-engineer-career/,1,-1,1,-1,0,0,0,0
LEPSL,Referral,/classes/budget-finance-for-law-enforcement-leaders/,1,,1,,0,,0,
MTS,Organic Search,/faculty/erika-d-garcia/,1,,3,,0,,0,
MSHA,Organic Search,/search/control+social/,1,,1,,0,,0,
(default) (not set),Organic Search,/faculty/julia-cantzler/,1,,1,,0,,0,
MSAAI,Organic Search,/engineering-management-leadership-certifications/,1,,10,,0,,0,
MSNNL,Direct,/faculty/briony-dubose/,1,,1,,0,,0,
LEPSL,Referral,/masters-law-enforcement-leadership/endorsements-testimonials/,1,,2,,0,,0,
MTS,Referral,/serving-god/,1,0,2,1,0,0,0,0
(default) (not set),Direct,/faculty/gary-takahashi/,1,0,1,0,0,0,0,0
CyberEng,Paid Search,/masters-applied-data-science/lp/study-data-science/,1,,3,,1,,1,
MSAAI,Unknown - perplexity / (not set),/ai-trainer/,1,,1,,0,,0,
MSNNL,Paid Social,/search/DNP/,1,,1,,0,,0,
MESH,Paid Social,/masters-engineering-sustainability-health/,1,-1,1,-1,0,0,0,0
MESH,Unknown - chatgpt.com / (not set),/what-is-sustainable-development/,1,,1,,0,,0,
EML,Referral,/engineering-scholarships/,1,,1,,0,,0,
CyberOps,Direct,/faculty/danny-barnes/,1,,1,,0,,0,
(default) (not set),Paid Search,/search/course+catalog/,1,,0,,0,,0,
MESH,Paid Search,/masters-engineering-sustainability-health/faculty/,1,,3,,0,,0,
CyberOps,Organic Search,/systems-administrator/,1,-1,1,-1,0,0,0,0
MSAAI,Organic Search,/faculty/saeed-esmaili-sardari/,1,,1,,0,,0,
CyberOps,Paid Search,/is-a-cyber-security-certification-right-for-you/,1,,1,,0,,0,
MSAAI,Paid Search,/masters-engineering-management-leadership/lp/ppc/,1,,5,,0,,0,
MTS,Paid Search,/about/state-authorization-status/,1,,9,,0,,0,
Informatics,Organic Social,/the-value-of-project-management-in-health-informatics/,1,,1,,0,,0,
MSNP,Direct,/cyber-security/,1,,60,,0,,0,
MED,Organic Search,/student-spotlight-brian-saucedo/,1,,1,,0,,0,
Data Science,Direct,/search/when+was+this+published/,1,,1,,0,,0,
(default) (not set),Direct,/education-inequity-and-homework/ when was the article published,1,,1,,0,,0,
MED,Direct,/search/jobs/,1,,1,,0,,0,
MSNP,Direct,/melissa-villagomez-empowering-others-through-nonprofit-leadership/,1,0,1,0,0,0,0,0
Data Science,Organic Search,/search/when+published/,1,,1,,0,,0,
MED,Direct,/faculty/amanda-roth/,1,,1,,0,,0,
MED,Organic Search,/search/Why+should+teachers+give+out+homework+/,1,,1,,0,,0,
(default) (not set),Direct,/forms/msads-applicant/,1,-2,1,-2,0,0,0,0
CyberEng,Direct,/masters-cyber-security-engineering/lp/email/,1,0,1,0,0,0,0,0
Informatics,Direct,/advisory-board/birnbaum/,1,,1,,0,,0,
(default) (not set),Direct,/faculty/danny-barnes-phd/,1,,1,,0,,0,
MSLDT,Direct,/masters-education/,1,-1,4,-2,0,0,0,0
LEPSL,Direct,/ambassador/steven-swetman/,1,,1,,0,,0,
LEPSL,Direct,/ambassador/wes-herman/,1,,1,,0,,0,
LEPSL,Direct,/ambassador/aaron-hollemon/,1,0,1,0,0,0,0,0
LEPSL,Direct,/ambassador/miguel-contreras/,1,,1,,0,,0,
LEPSL,Direct,/faculty/frank-grgurina/,1,,1,,0,,0,
MSAAI,Organic Search,.translate.goog/artificial-intelligence-salary-guide/,1,,1,,0,,0,
MTS,Organic Search,/masters-education/specializations/school-leadership/,1,,9,,0,,0,
(default) (not set),Organic Search,/faculty/ruddy-simonpour/,1,-1,2,0,0,0,0,0
Data Science,Organic Search,/,1,-1,5,-3,0,0,0,0
EML,Organic Search,/how-to-become-an-entrepreneur/,1,,3,,0,,0,
MSAAI,Organic Search,/faculty/kahila-mokhtari/,1,-3,1,-3,0,0,0,0
(default) (not set),Referral,/what-is-cultural-humility/,1,,2,,0,,0,
MTS,Referral,/minimalist-catholic/,1,,1,,0,,0,
EML,Referral,/faculty/gb-singh/,1,0,1,-1,0,0,0,0
Informatics,Paid Search,/tuition-financial-aid/,1,0,5,1,0,0,0,0
MSLDT,Unknown - (not set) / third-party-=,/educational-technology-jobs/,1,,1,,0,,0,
MSAAI,Organic Search,/employer-partnership/eset/,1,,250,,0,,0,
CyberOps,Direct,/15-must-read-cyber-security-facts-figures-for-2019/,1,-1,1,-1,0,0,0,0
MED,Organic Search,/faculty/rucheeta-kulkarni/,1,0,3,2,0,0,0,0
LEPSL,Organic Search,/masters-cyber-security-engineering/apply/,1,,3,,0,,0,
(default) (not set),Organic Search,/should-you-become-a-cyber-security-engineer/,1,,9,,0,,0,
CyberOps,Organic Search,/faculty/brian-russell/,1,-1,1,-3,0,0,0,0
MSAAI,Referral,/ethics-in-ai/,1,0,1,-1,0,0,0,0
LEPSL,Organic Search,/ambassador/benjamin-moszkowicz/,1,-2,1,-4,0,0,0,0
MED,Email,/masters-education/student-services/,1,,1,,0,,0,
MSNP,Organic Social,/public-administration-careers/,1,0,1,0,0,0,0,0
MSNNL,Display,/masters-nursing-leadership/lp/dyna/,1,,1,,0,,0,
MSAAI,Direct,n/,1,,5,,0,,0,
"(default) computer-science,engineering,technology",Direct,/usd-gradright-partnership/,1,-5,1,-7,0,0,0,0
MESH,Direct,/programs/,1,,3,,0,,0,
MED,Direct,/search/negative+affects+with+homework/,1,,1,,0,,0,
MSHA,Direct,/resources/inside-look-med-webinar/,1,,5,,0,,0,
MSLDT,Direct,ces/things-to-know-about-careers-in-instructional-design/,1,,1,,0,,0,
(default) (not set),Direct,n-financial-aid/financial-aid/,1,,1,,0,,0,
MED,Direct,ces/9-reasons-master-education-degree-ebook/,1,,1,,0,,0,
MESH,Direct,nmental-scientist-career/,1,,1,,0,,0,
MED,Organic Search,/residue-of-covid-19-impact/,1,-2,1,-2,0,0,0,0
LEPSL,Direct,/is-a-law-enforcement-degree-worth-it/,1,,1,,0,,0,
MSITL,Referral,/masters-in-information-technology-salary/,1,,1,,0,,0,
LEPSL,Direct,/best-jobs-in-cyber-security/,1,,2,,0,,0,
MSAAI,Paid Search,/bachelors-nursing/bachelors-nursing-lp-ppc/,1,,12,,0,,0,
MSITL,Referral,/enterprise-it-management-guide/,1,,1,,0,,0,
MSNP,Paid Search,/masters-engineering-sustainability-health/lp/ppc/,1,,4,,1,,1,
Informatics,Paid Social,/masters-health-informatics/apply/,1,,1,,0,,0,
MTS,Paid Search,/search/Vocational+/,1,,1,,0,,0,
(default) (not set),Email,/tuition-financial-aid/,1,0,1,-1,0,0,0,0
MSHA,Paid Search,/masters-health-informatics/lp/health-informatics-for-nurses/,1,,6,,0,,0,
LEPSL,Direct,/search/James+Smith/,1,,1,,0,,0,
MED,Direct,/beginning-the-new-year-successfully/,1,0,1,0,0,0,0,0
MSNNL,Direct,al-nurse-leader/,1,,12,,0,,0,
"(default) leadership-management,police-leadership",Direct,,1,,3,,0,,0,
"(default) leadership-management,police-leadership",Direct,ent-ryan-opeka/,1,,4,,0,,0,
MED,Direct,/bachelors-nursing/,1,,2,,0,,0,
MED,Direct,.translate.goog/resources/the-complete-list-of-teaching-methods/,1,,3,,0,,0,
CyberOps,Organic Search,/vulnerability-and-penetration-testing/,1,-4,1,-2,0,0,0,0
MED,Organic Search,/search/Why+should+kids+get+free+time+insted+of+homework/,1,,1,,0,,0,
CyberOps,Organic Search,/masters-cyber-security-engineering/let-us-pay-for-your-cse-program-application-fee/,1,-1,1,-1,1,0,1,0.5
CyberEng,Organic Search,/search/Why+should+the+kids+get+free+time+instead+of+doing+homewor/,1,,1,,0,,0,
MTS,Organic Search,/franciscan-spirituality-in-todays-world/,1,-4,2,-8,0,0,0,0
MSNNL,Organic Search,/advisory-board/waterbury-clark/,1,,1,,0,,0,
EML,Referral,/senior-engineer-vs-tech-lead-vs-lead-engineer/,1,-1,1,-2,0,0,0,0
MSAAI,Referral,/is-cyber-security-hard/,1,,6,,0,,0,
CyberOps,Referral,/cyber-security-director/,1,,1,,0,,0,
MSITL,Referral,/masters-information-technology-leadership/lp/ppc/let-us-pay-for-your-msitl-application-fee/,1,,8,,0,,0,
MED,Paid Search,/faculty-spotlight-chris-garcia/,1,0,2,1,0,0,0,0
LEPSL,Organic Search,/sergeant-achieves-career-goals-after-earning-masters-degree/,1,,1,,0,,0,
MED,Organic Search,/girls-in-stem-how-teachers-can-help-break-stereotype/,1,-3,1,-2,0,0,0,0
MSNNL,Direct,/contact-us/,1,-1,2,-2,0,0,0,0
EML,Paid Search,/masters-engineering-management-leadership/apply/,1,-3,1,-2,0,0,0,0
MSAAI,Organic Search,/faculty/som-shahapurkar/,1,-1,1,-1,0,0,0,0
CyberOps,Organic Search,/classes/cyber-threat-intelligence/,1,,1,,0,,0,
LEPSL,Organic Social,/masters-law-enforcement-leadership/scholarships-grants/,1,,1,,0,,0,
Data Science,Paid Search,/admissions/,1,,2,,0,,0,
MED,Paid Search,/masters-education/specializations/,1,-4,0,-7,0,0,0,0
LEPSL,Paid Search,/masters-law-enforcement-leadership/lp/fop/,1,,1,,0,,0,
CyberEng,Direct,/cybersecurity-bootcamp-vs-degree/,1,-1,1,-1,0,0,0,0
MSAAI,Organic Search,.translate.goog/ai-governance/,1,,1,,0,,0,
MSNP,Paid Social,/,1,0,4,0,0,0,0,0
MED,Unknown - chatgpt.com / (not set),/faculty/joseph-lathan/,1,,1,,0,,0,
MED,Direct,/alternative-teacher-certification-guide/,1,,1,,0,,0,
"(default) business-entrepreneurship,computer-science,technology",Direct,/,1,,6,,0,,0,
CyberOps,Direct,/admissions/how-to-apply/,1,,2,,0,,0,
MSLDT,Organic Search,.translate.goog/how-to-become-a-curriculum-designer/,1,,1,,0,,0,
MESH,Organic Search,.translate.goog/sustainability-engineer-career/,1,,1,,0,,0,
MED,Organic Search,/faculty/charles-tre-watkins-iii/,1,-1,1,-3,0,0,0,0
MSLDT,Email,/masters-learning-design-technology/lp/dyna/,1,,1,,0,,0,
MED,Organic Search,/faculty/juanita-campbell-rodriguez/,1,0,2,0,0,0,0,0
MSAAI,Organic Search,/life-skills-education-in-schools/,1,,3,,0,,0,
"(default) business-entrepreneurship,computer-science,technology",Referral,/,1,,4,,0,,0,
LEPSL,Referral,/classes/organizational-leadership/,1,,1,,0,,0,
(default) (not set),Referral,/faculty/ruixia-shi/,1,,1,,0,,0,
MSLDT,Referral,/masters-learning-design-technology/lp/instructional-design-for-teachers/,1,,1,,0,,0,
MSNNL,Organic Search,/masters-nursing-leadership/lp/preceptor-information/,1,,1,,0,,0,
MSNP,Paid Search,/best-nonprofit-degrees/,1,-1,1,-1,0,0,0,0
MSITL,Paid Search,/bachelors-nursing/bachelors-nursing-lp-ppc/,1,,14,,0,,0,
MSLDT,Paid Social,/masters-learning-design-technology/transfer-credit/,1,,1,,0,,0,
(default) (not set),Unknown - chatgpt.com / (not set),/admissions/how-to-apply/,1,,1,,0,,0,
MSLDT,Unknown - chatgpt.com / (not set),/articulate-vs-captivate/,1,,5,,0,,0,
Informatics,Direct,/bachelors-nursing/,1,-24,1,-36,0,0,0,0
LEPSL,Paid Social,/masters-law-enforcement-leadership/apply/,1,,1,,0,,0,
MESH,Direct,/malware-analyst-career-guide/,1,,6,,0,,0,
MSAAI,Direct,/masters-education/,1,,3,,0,,0,
MED,Direct,/search/Professional+development+courses+for+teachers/,1,,1,,0,,0,
CyberOps,Direct,/search/top+23+cybersecurity+websites+and+blogs+of+2026/,1,,1,,0,,0,
MSAAI,Paid Search,/faculty/ebrahim-k-tarshizi/,1,,0,,0,,0,
MSNP,Display,/masters-nonprofit-leadership-management/lp/dyna/,1,-4,1,-2,0,0,0,0
CyberOps,Email,/best-jobs-in-cyber-security/,1,0,1,0,0,0,0,0
LEPSL,Paid Social,/search/Transfer+credit/,1,,1,,0,,0,
Informatics,Organic Search,/masters-applied-data-science/lp/study-data-science/,1,,7,,0,,0,
MED,Referral,/professional-development-options-for-teachers-at-usd/,1,,0,,0,,0,
MSAAI,Paid Social,/masters-health-informatics/lp/health-informatics-for-nurses/,1,0,1,-4,0,0,0,0
MED,Organic Search,/faculty/angelica-sleiman/,1,,1,,0,,0,
CyberOps,Organic Social,/masters-cyber-security-operations/lp/bva-cyber-security-operations-leadership/,1,,1,,0,,0,
MSHA,Referral,/masters-humanitarian-action/classes/,1,0,0,-1,0,0,0,0
MSITL,Referral,/resources/msaai-online-artificial-intelligence-self-assessment/,1,,8,,3,,3,
MED,Referral,/the-joys-and-challenges-of-teaching-black-history-month/,1,-2,1,-2,0,0,0,0
LEPSL,Organic Search,/blog/police-leadership/,1,-4,0,-7,0,0,0,0
MTS,Referral,,1,,5,,0,,0,
MTS,Direct,ophy-degree-jobs/,1,,1,,0,,0,
MSNNL,Organic Search,/masters-nursing-leadership/lp/dyna/,1,,12,,0,,0,
MSAAI,Unknown - perplexity / (not set),/university-of-san-diego-launches-full-time-on-campus-masters-degree-programs-in-applied-artificial-intelligence-and-cyber-security-engineering/,1,,6,,0,,0,
MTS,Direct,/search/how+old+is+this+artical/,1,,1,,0,,0,
MTS,Direct,/masters-law-enforcement-leadership/,1,,9,,0,,0,
MSNP,Direct,/masters-law-enforcement-leadership/classes/,1,,5,,0,,0,
MSAAI,Organic Search,/employer-partnership/apsi/,1,,20,,0,,0,
LEPSL,Organic Search,/ambassador/daniel-moss/,1,0,1,0,0,0,0,0
Informatics,Organic Search,/masters-health-informatics/careers/,1,-2,1,-1,0,0,0,0
MSITL,Organic Search,/climate-change-careers/,1,,2,,0,,0,
(default) (not set),Paid Search,/lp/apply-now/,1,,1,,0,,0,
CyberOps,Organic Search,/women-cyber-security-reasons-to-enter-field/,1,0,1,0,0,0,0,0
Data Science,Organic Search,/data-science-vs-computer-science/,1,0,1,0,0,0,0,0
MSHA,Direct,.translate.goog/humanitarian-intervention-success-stories/,1,,1,,0,,0,
CyberEng,Organic Search,.translate.goog/cyber-crime-investigator-career/,1,0,1,0,0,0,0,0
MED,Referral,/blog/education/,1,0,1,0,0,0,0,0
(default) (not set),Unknown - chatgpt.com / (not set),/best-mba-alternatives/,1,,1,,0,,0,
MTS,Unknown - chatgpt.com / (not set),/masters-theological-studies/,1,,1,,0,,0,
(default) (not set),Unknown - chatgpt.com / (not set),/student-support/office-of-financial-aid-services/,1,,1,,0,,0,
MED,Direct,/10-reasons-to-get-your-masters-degree-in-cyber-security/,1,,8,,0,,0,
MSHA,Direct,/bachelors-nursing/bachelors-nursing-lp-ppc/,1,,16,,0,,0,
MSLDT,Direct,/search/technology+in+classroom/,1,,1,,0,,0,
MED,Direct,/search/Inclusive+Special+Education+In+Universal+Design/,1,,0,,0,,0,
MSLDT,Direct,/ambassador/cameron-salehi/,1,,1,,0,,0,
CyberOps,Organic Search,/why-cyber-security-is-a-great-career-option-for-military-veterans/,1,-2,1,-2,0,0,0,0
MED,Direct,/search/homework/,1,0,1,0,0,0,0,0
MED,Direct,/faculty/adan-escobedo-sanchez/,1,,1,,0,,0,
EML,Organic Search,/resources/from-engineer-to-leader-ebook-thank-you-2/,1,,1,,1,,1,
CyberOps,Organic Search,.translate.goog/cyber-security-auditor-career-guide/,1,-3,1,-3,0,0,0,0
MSAAI,Organic Search,/artificial-intelligence-degree-path/,1,,2,,0,,0,
Informatics,Organic Search,/masters-health-informatics/lp/request-info/,1,,1,,0,,0,
MSAAI,Organic Search,/classes/ethics-in-artificial-intelligence-maai-531/,1,-9,1,-9,0,0,0,0
MSLDT,Organic Search,/faculty/trudy-blackmon/,1,,1,,0,,0,
BSN,Referral,,1,,10,,10,,10,
CyberEng,Direct,/network-security-engineer/,1,0,1,0,0,0,0,0
MSITL,Direct,/masters-applied-data-science/apply/,1,,2,,0,,0,
CyberOps,Paid Search,/cyber-security-scholarships/,1,0,4,3,0,0,0,0
BSN,Direct,/admissions/how-to-apply/,1,,2,,0,,0,
MTS,Email,/gods-timing-and-the-franciscan-calling/,1,-1,1,-1,0,0,0,0
LEPSL,Email,/police-captain-promotion-guide/,1,,2,,0,,0,
MSITL,Direct,/masters-health-informatics/,1,-1,7,-13,0,0,0,0
MSLDT,Unknown - copilot.com / (not set),/resources/things-to-know-about-careers-in-instructional-design/,1,,1,,0,,0,
MSAAI,Direct,/admissions/,1,,3,,0,,0,
MSLDT,Unknown - copilot.com / (not set),/ai-instructional-design/,1,,1,,0,,0,
(default) (not set),Direct,/bachelors-nursing-rn-bsn/,1,,1,,0,,0,
"(default) computer-science,engineering,technology",Direct,/online-programs/,1,,1,,0,,0,
CyberOps,Direct,/chief-privacy-officer-career-guide/,1,-2,1,-2,0,0,0,0
(default) (not set),Direct,/is-homework-necessary/,1,0,1,0,0,0,0,0
Informatics,Direct,/faculty/dorothy-ohagan/,1,0,4,-2,0,0,0,0
(default) (not set),Direct,.translate.goog/transformational-leadership/,1,,2,,0,,0,
(default) (not set),Direct,/faculty/dr-ramesh-rajagopalan-phd/,1,0,1,0,0,0,0,0
CyberOps,Direct,/using-biomimicry-to-combat-cyber-security-attacks-using-biomimicry-to-combat-cyber-security-attacks/,1,0,1,0,0,0,0,0
EML,Organic Search,/resources/mseml-program-brochure/,1,,0,,0,,0,
MSHA,Organic Search,/masters-in-sustainability-degree-comparison/,1,,5,,0,,0,
MED,Organic Search,/faculty/viviana-alexandrowicz/,1,,1,,0,,0,
CyberOps,Organic Search,/faculty/sahar-mosleh/,1,-1,1,-1,0,0,0,0
MSITL,Email,/masters-information-technology-leadership/classes/,1,,1,,0,,0,
MED,Paid Search,/masters-education/specializations/special-ed/,1,-2,1,-2,0,0,0,0
MED,Paid Search,/tuition-financial-aid/,1,,4,,0,,0,
MSNP,Paid Search,/masters-engineering-management-leadership/lp/ppc/,1,,4,,0,,0,
MSAAI,Organic Search,/employer-partnership/axos/,1,,4,,0,,0,
CyberOps,Organic Search,.translate.goog/10-reasons-to-get-your-masters-degree-in-cyber-security/,1,0,1,-1,0,0,0,0
MSLDT,Unknown - chatgpt.com / (not set),/kirkpatrick-training-evaluation-model/,1,,1,,0,,0,
MTS,Unknown - copilot.com / (not set),/philosophy-degree-jobs/,1,,1,,0,,0,
MSAAI,Email,/university-of-san-diego-launches-full-time-on-campus-masters-degree-programs-in-applied-artificial-intelligence-and-cyber-security-engineering/,1,0,5,3,0,0,0,0
CyberEng,Email,/masters-cyber-security-engineering/faculty/,1,0,1,0,0,0,0,0
MESH,Direct,/faculty/john-gulick/,1,,1,,0,,0,
CyberEng,Organic Search,/summer-camp-goes-cyber-rising-stars-security/,1,,1,,0,,0,
MED,Organic Search,/search/active+learning/page/3/,1,,0,,0,,0,
LEPSL,Organic Search,/ambassador/sig-neri/,1,0,1,0,0,0,0,0
Informatics,Paid Social,/what-is-health-informatics/,1,,1,,0,,0,
LEPSL,Organic Social,/what-style-police-leadership-most-effective/,1,,4,,0,,0,
MED,Unknown - perplexity / (not set),/teacher-resume-examples/,1,,1,,0,,0,
MSNP,Organic Search,.translate.goog/nonprofit-cfo-career/,1,,1,,0,,0,
"(default) computer-science,engineering,technology",Direct,/resources/getting-an-ms-cyber-security-8-considerations/,1,,1,,1,,1,
(default) (not set),Direct,/mental-health -issues-in-schools/,1,,1,,0,,0,
MSLDT,Direct,/masters-law-enforcement-leadership/lp/criminal-justice/,1,,2,,0,,0,
MSITL,Referral,ces/free-itl-program-brochure/,1,,4,,4,,4,
MSAAI,Referral,/masters-applied-data-science/,1,0,8,2,0,0,0,0
LEPSL,Organic Search,/usd-online-alumni/,1,,4,,1,,1,
LEPSL,Direct,/masters-law-enforcement-leadership/lp/police/,1,,6,,0,,0,
Data Science,Organic Search,/resources/planning-your-future-a-career-in-data-science/,1,,1,,0,,0,
Data Science,Organic Search,/resources/data-science-self-assessment/,1,-2,1,-3,0,0,0,0
CyberOps,Organic Search,/faculty/todd-raines/,1,0,1,-1,0,0,0,0
MSITL,Organic Search,/faculty/carl-rebman/,1,,1,,0,,0,
Data Science,Organic Search,.translate.goog/sports-analytics-careers/,1,0,1,0,0,0,0,0
MSAAI,Organic Search,.translate.goog/introduction-to-computer-vision/,1,,1,,0,,0,
CyberEng,Organic Search,.translate.goog/cyber-threat-intelligence-analyst/,1,,1,,0,,0,
(default) (not set),Email,/resources/msaai-artificial-intelligence-self-assessment/,1,,0,,0,,0,
MESH,Direct,ing-sustainability-health/ig/,1,,3,,0,,0,
Informatics,Direct,/offers/oed-leads/,1,-1,1,-1,0,0,0,0
MSITL,Direct,/faculty/raheleh-dilmaghani/,1,,1,,0,,0,
MTS,Direct,/faculty/rob-grace/,1,,4,,0,,0,
LEPSL,Direct,/faculty/greg-morgan/,1,0,1,0,0,0,0,0
LEPSL,Direct,/employer-partnership/axos/,1,,3,,0,,0,
MSNNL,Email,/resources/nursing-leadership-information-session/,1,,1,,0,,0,
(default) (not set),Organic Search,/faculty/jaime-gomez/,1,,1,,0,,0,
Informatics,Organic Search,/what-is-ecospirituality/https:/www.ecojesuit.com/an-indigenous-reflection-on-ecospirituality/,1,,1,,0,,0,
(default) (not set),Organic Search,/about/learning-outcomes/,1,,1,,0,,0,
(default) (not set),Organic Search,/resources/cybersecurity-job-market-webinar-thank-you/,1,-1,1,-6,0,0,0,0
(default) (not set),Direct,/blog/business-entrepreneurship/,1,-4,1,-4,0,0,0,0
(default) (not set),Direct,/classes/new-student-orientation-2/`,1,,1,,0,,0,
MSNNL,Direct,/education-inequity-and-homework/,1,,4,,0,,0,
CyberOps,Direct,/resources/top-paying-cybersecurity-jobs-thank-you/,1,0,1,0,0,-1,0,-1
MED,Direct,/resources/9-reasons-master-education-degree-ebook-thank-you/,1,,1,,0,,0,
(default) (not set),Direct,/blog/computer-science/page/4,1,,0,,0,,0,
MESH,Direct,/masters-applied-data-science/lp/study-data-science/,1,,4,,0,,0,
CyberOps,Unknown - perplexity / (not set),/top-cyber-security-blogs-websites/,1,,1,,0,,0,
MED,Unknown - chatgpt.com / (not set),/per-pupil-education-spending-by-state/,1,,1,,0,,0,
MSNNL,Display,/director-of-nursing-career-guide/,1,0,1,-3,0,0,0,0
MSAAI,Direct,/masters-cyber-security-operations/classes/,1,,13,,0,,0,
Informatics,Referral,/masters-applied-data-science/apply/,1,,13,,0,,0,
Informatics,Referral,/about/state-authorization-status/,1,,0,,0,,0,
MSITL,Organic Search,/masters-information-technology-leadership/classes/data-science-elective/,1,-1,2,-12,0,0,0,0
MSITL,Organic Search,/artificial-intelligence-scholarships/,1,,2,,0,,0,
(default) (not set),Organic Search,/resources/cybersecurity-engineer-guide-thank-you/,1,,1,,1,,1,
(default) (not set),Organic Search,/entry-level-cyber-security-jobs-guide/,1,,3,,0,,0,
LEPSL,Organic Search,/ambassador/laura-peck/,1,0,1,0,0,0,0,0
MSNP,Direct,/forms/msnp-application-evaluation/,1,0,5,4,1,0,1,0
CyberEng,Direct,/faculty/lynn-hijar-hoffman/,1,,1,,0,,0,
MSHA,Direct,/humanitarian-scholarships/,1,-2,1,-2,0,0,0,0
MSAAI,Direct,/faculty/msaai-faculty/,1,,5,,0,,0,
MSLDT,Direct,/search/loose+the+love+of+learning/,1,,1,,0,,0,
MESH,Referral,/masters-engineering-sustainability-health/resources/,1,,7,,0,,0,
MED,Paid Search,/bachelors-nursing/bachelors-nursing-lp-ppc/,1,,7,,0,,0,
MSAAI,Paid Search,/masters-health-informatics/lp/study-health-informatics/,1,,5,,1,,1,
(default) (not set),Organic Search,/masters-applied-data-science/classes/,1,0,3,-2,0,0,0,0
(default) (not set),Organic Search,/admissions/international-studies-at-university-of-san-diego/,1,,1,,0,,0,
MTS,Organic Search,/how-to-become-a-curriculum-designer/,1,,2,,0,,0,
MSLDT,Organic Search,/mba-vs-emba-8-key-differences-comparison-table/,1,,12,,0,,0,
Informatics,Direct,/informatics-nursing-essential-career/,1,,2,,0,,0,
MSAAI,Organic Social,/artificial-intelligence-developer-career/,1,,6,,0,,0,
(default) (not set),Unknown - chatgpt.com / (not set),/,1,,1,,0,,0,
MTS,Unknown - optin monster / exit overlay,/tuition-financial-aid/tuition/,1,,2,,0,,0,
MTS,Email,/masters-law-enforcement-leadership/,1,,3,,0,,0,
MTS,Unknown - fashion-valley-mall / ooh,/programs/,1,,5,,0,,0,
LEPSL,Paid Search,/masters-law-enforcement-leadership/faculty/,1,,1,,0,,0,
MSHA,Paid Search,/masters-humanitarian-action/lp/thank-you/,1,0,1,0,0,-1,0,-1
MSNP,Paid Search,/bachelors-nursing/bachelors-nursing-lp-ppc/,1,,3,,0,,0,
CyberOps,Paid Search,/masters-cyber-security-operations/classes/,1,-2,3,0,0,0,0,0
MED,Referral,/employer-partnership/axos/,1,,5,,0,,0,
MED,Referral,/early-childhood-education-vs-elementary-education-masters/,1,,1,,0,,0,
MSAAI,Referral,/machine-learning-courses-and-certifications/,1,,3,,0,,0,
MSHA,Organic Search,/human-rights-vilation-defintion/,1,,2,,0,,0,
(default) (not set),Organic Search,/usd-cybersecurity-degree-program-ranked-9-in-fortune-education-list/,1,,7,,0,,0,
(default) (not set),Organic Search,,1,,1,,0,,0,
MSNP,Organic Search,/masters-nonprofit-leadership-management/faculty/,1,,1,,0,,0,
MSITL,Organic Search,/masters-applied-artificial-intelligence/,1,,6,,1,,1,
MED,Organic Search,/7-tips-pursuing-masters-degree-working-full-time-education/,1,-2,1,-2,0,0,0,0
(default) (not set),Direct,/classes/csolappliedcryptography/,1,,3,,0,,0,
MSNNL,Organic Search,/community-health-worker-certification/,1,,13,,3,,3,
MSNP,Direct,/criminal-justice/,1,,1,,0,,0,
(default) (not set),Unknown - Data Not Available / Data Not Available,/about/state-authorization-status/,1,,0,,0,,0,
Informatics,Unknown - chatgpt.com / (not set),/masters-health-informatics/apply/,1,,3,,0,,0,
MSLDT,Direct,.translate.goog/educational-technology-jobs/,1,,1,,0,,0,
MSNNL,Direct,/faculty/msn-nl-program-directors/,1,-1,1,-8,0,0,0,0
MSHA,Unknown - ihsa / efafeeby,/masters-humanitarian-action/,1,,1,,0,,0,
Data Science,Organic Search,/faculty/vicente-malave/,1,-1,1,-4,0,0,0,0
MSNNL,Paid Social,/nursing-informatics-vs-health-informatics/,1,,4,,0,,0,
Data Science,Referral,/quantitative-analyst-career/,1,-1,1,-1,0,0,0,0
CyberEng,Organic Search,/best-jobs-in-cyber-security/,1,,4,,0,,0,
(default) (not set),Organic Search,/student-support/jessica-boyle/,1,-3,1,-4,0,0,0,0
(default) (not set),Organic Search,/faculty/michele-mcconnell/,1,0,1,0,0,0,0,0
MSNP,Referral,/grant-writer-career/,1,,6,,0,,0,
EML,Direct,.translate.goog/lead-engineer-career/,1,,1,,0,,0,
MED,Organic Search,/faculty/denise-goulart/,1,-1,2,0,0,0,0,0
MSNP,Paid Search,/masters-nursing-leadership/lp/ppc/,1,,7,,0,,0,
Informatics,Paid Social,/resources/health-informatics-career-guide/,1,,0,,0,,0,
Informatics,Paid Search,/what-is-health-informatics/,1,,0,,0,,0,
MSNP,Paid Search,/masters-health-informatics/lp/health-informatics-for-nurses/,1,,6,,3,,3,
Data Science,Organic Search,/etl-developer-career/,1,-7,1,-5,0,0,0,0
MED,Organic Search,/masters-education/app-waiver/,1,,1,,0,,0,
Data Science,Direct,/masters-applied-data-science/careers/,1,-2,1,-3,0,0,0,0
LEPSL,Unknown - chatgpt.com / (not set),/masters-law-enforcement-leadership/lp/criminal-justice/,1,,1,,0,,0,
Informatics,Direct,/masters-cyber-security-operations/lp/bva-cyber-security-operations-leadership/,1,,2,,0,,0,
MSITL,Paid Social,/masters-information-technology-leadership/,1,,1,,0,,0,
(default) (not set),Organic Social,/classes/cyber-security-operations/,1,,3,,0,,0,
EML,Referral,/engineering-manager-vs-tech-lead/,1,0,1,0,0,0,0,0
MESH,Referral,s-engineering-sustainability-health/lp/ppc/,1,,2,,2,,2,
MED,Referral,/teaching-digital-literacy-in-the-classroom/,1,,2,,0,,0,
Data Science,Organic Search,/masters-applied-data-science/faculty/,1,0,1,0,0,0,0,0
MED,Organic Search,/faculty-spotlight-chris-garcia/,1,0,3,2,0,0,0,0
MED,Unknown - chatgpt.com / organic,/education-inequity-and-homework/,1,,1,,0,,0,
(default) (not set),Organic Search,/ethical-hacker-career-salary-guide/,1,0,3,0,0,0,0,0
Data Science,Direct,/top-online-cloud-computing-courses/,1,0,1,0,0,0,0,0
MSITL,Direct,/network-computer-systems-administrator-career/,1,,1,,0,,0,
MSLDT,Direct,/admissions/,1,,3,,0,,0,
CyberOps,Direct,/faculty/melanie-thomas/,1,,1,,0,,0,
MSAAI,Direct,/programs/,1,0,4,-4,0,0,0,0
MED,Direct,/resources/inside-look-med-webinar/,1,0,1,0,0,0,0,0
LEPSL,Email,/faculty/bernie-colon/,1,,6,,0,,0,
Data Science,Unknown - chatgpt.com / (not set),/masters-applied-data-science/apply/,1,,1,,0,,0,
MSLDT,Email,/,1,,2,,0,,0,
MSNP,Referral,/masters-nonprofit-leadership-management/classes/,1,-7,1,-6,0,0,0,0
MSLDT,Paid Social,/masters-cyber-security-operations/lp/bva-cyber-security-operations-leadership/,1,,5,,2,,2,
CyberOps,Paid Search,/employer-partnership/eset/,1,,2,,0,,0,
(default) (not set),Referral,/online-programs/,1,-1,1,0,0,0,0,0
MTS,Referral,/franciscan-spirituality-in-todays-world/,1,-1,1,-1,0,0,0,0
MED,Referral,/education-specialist/,1,,1,,0,,0,
(default) (not set),Referral,/contact-us/,1,,1,,0,,0,
MESH,Referral,/environmental-compliance-officer-career/,1,,1,,0,,0,
MSLDT,Organic Search,/masters-learning-design-technology/lp/osu/,1,0,1,0,0,0,0,0
LEPSL,Organic Search,/ambassador/bruce-mason/,1,,1,,0,,0,
(default) (not set),Organic Search,/forms/msaai-gar/,1,0,1,1,0,0,0,0
MSNP,Organic Search,/student-support/office-of-financial-aid-services/,1,,5,,0,,0,
Data Science,Organic Search,/faculty/naeim-bahrami/,1,,1,,0,,0,
(default) (not set),Direct,/pattern-library/landing-page-library/,1,,1,,0,,0,
(default) (not set),Direct,/education-inequity-and-homHomework helps reinforce classroom learning,1,,1,,0,,0,
MSITL,Direct,/artificial-intelligence-cyber-security/,1,,12,,0,,0,
CyberEng,Organic Search,.translate.goog/what-is-cyberwarfare/,1,-4,1,-4,0,0,0,0
(default) (not set),Organic Search,/bringing-gamification-to-cyber-security-training/,1,,6,,0,,0,
CyberOps,Organic Search,/cybersecurity-masters-degree-guide/,1,,1,,0,,0,
MSAAI,Display,/business-intelligence-certifications/,1,,2,,0,,0,
MSHA,Paid Search,/,1,0,14,12,0,0,0,0
(default) (not set),Paid Social,/tuition-financial-aid/,1,-1,1,-1,0,0,0,0
(default) (not set),Paid Social,/admissions/how-to-apply/,1,0,1,0,0,0,0,0
(default) (not set),Organic Social,/lp/apply-now/,1,,1,,0,,0,
MSAAI,Organic Search,/faculty/andrew-van-benschoten/,1,-5,1,-5,0,0,0,0
Informatics,Organic Search,/resources/health-informatics-careers-thank-you/,1,,1,,1,,1,
MSHA,Direct,/admissions/,1,,3,,0,,0,
(default) (not set),Direct,/equity-in-education-homework/,1,,1,,0,,0,
MED,Direct,/faculty/rebekka-jez/,1,,2,,0,,0,
CyberOps,Unknown - idg / native,/bringing-gamification-to-cyber-security-training/,1,,1,,0,,0,
MTS,Referral,/catholic-charism-comparison/,1,-3,2,-2,0,0,0,0
MSHA,Referral,/international-aid-worker-tips/,1,,1,,0,,0,
CyberOps,Referral,/usd-cybersecurity-degree-program-ranked-9-in-fortune-education-list/,1,,2,,0,,0,
MED,Organic Search,.translate.goog/bilingual-education/,1,,1,,0,,0,
MESH,Organic Search,/faculty/minoo-gupta/,1,0,1,0,0,0,0,0
Informatics,Organic Search,/masters-cyber-security-engineering/lp/cyber-security-engineering/,1,,2,,0,,0,
(default) (not set),Organic Search,/education-inequity-and-homework/ what year was this published,1,,1,,0,,0,
LEPSL,Direct,/a-career-in-law-enforcement-3-federal-jobs/,1,,1,,0,,0,
MSLDT,Direct,/resources/things-to-know-about-careers-in-instructional-design-thank-you/,1,,1,,1,,1,
MTS,Direct,.translate.goog/masters-theological-studies/,1,,1,,0,,0,
MSHA,Direct,/changing-humanitarian-sector/,1,-1,1,-17,0,0,0,0
MSAAI,Unknown - perplexity / (not set),/ai-impact-on-job-market/,1,,1,,0,,0,
MSAAI,Email,/masters-applied-data-science/student-services/,1,,10,,0,,0,
(default) (not set),Unknown - Data Not Available / Data Not Available,/online-programs/,1,0,4,3,0,0,0,0
MSLDT,Email,/instructional-design-portfolio/,1,0,1,0,0,0,0,0
BSN,Unknown - flyer / offline,/bachelors-nursing/,1,,7,,0,,0,
(default) (not set),Paid Social,/admissions/military-veterans/,1,,1,,0,,0,
Informatics,Paid Search,/engineering/,1,,3,,0,,0,
MTS,Paid Search,/theology-careers/,1,-2,1,-2,0,0,0,0
MESH,Referral,/best-sustainability-podcasts/,1,,1,,0,,0,
(default) (not set),Referral,/search/register/,1,,0,,0,,0,
MSITL,Referral,/admissions/how-to-apply/,1,,3,,0,,0,
CyberOps,Organic Search,/faculty/ashton-mozano/,1,0,1,0,0,0,0,0
MSAAI,Organic Search,/masters-applied-artificial-intelligence/advisory-board/,1,0,0,0,0,0,0,0
MSLDT,Organic Search,/careers-masters-curriculum-instruction/,1,-1,2,-2,0,0,0,0
MSNNL,Organic Search,/classes/assessment-and-evaluation-strategies-for-nursing-education/,1,,1,,0,,0,
MSNP,Direct,/masters-education/specializations/school-leadership/,1,,15,,0,,0,
CyberOps,Paid Social,/masters-cyber-security-operations/classes/,1,,1,,0,,0,
MSHA,Direct,/advisory-board/commins/,1,,1,,0,,0,
MSHA,Direct,/faculty/stephen-commins/,1,,1,,0,,0,
CyberOps,Direct,/masters-cyber-security-engineering/classes/,1,0,2,-1,0,-1,0,-1
MED,Direct,/forms/mesh-applicant/,1,,5,,1,,1,
MSAAI,Direct,/faculty/ebrahim-k-tarshizi/,1,,3,,0,,0,
MSNNL,Direct,/health-data-analyst/,1,,15,,0,,0,
MED,Direct,/forms/med-application-evaluation/,1,,3,,1,,1,
Data Science,Direct,/admissions/how-to-apply/,1,0,2,0,0,0,0,0
MESH,Direct,/resources/planets-most-urgent-challenges-thank-you/,1,,0,,0,,0,
Data Science,Direct,/advisory-board/jules-malin/,1,0,0,-1,0,0,0,0
MSNP,Direct,/search/msw/,1,,5,,0,,0,
MTS,Direct,/education/,1,,3,,0,,0,
MSLDT,Unknown - chatgpt.com / (not set),/instructional-design-best-practices/,1,,1,,0,,0,
MSAAI,Referral,/what-is-educational-technology-definition-examples-impact/,1,,12,,0,,0,
MSITL,Organic Search,/faculty/kimberly-white-smith/,1,,11,,0,,0,
MTS,Organic Search,.translate.goog/jobs-for-catholics/,1,,1,,0,,0,
MSNNL,Referral,/masters-nursing-leadership/lp/ppc/,1,,2,,0,,0,
MSLDT,Direct,/resources/free-med-program-brochure/,1,,2,,0,,0,
MSAAI,Direct,/AI-IMPACT-ON-JOB-MARKET/,1,,1,,0,,0,
MED,Unknown - optin monster / exit overlay,/search/Steam/,1,,1,,0,,0,
MSAAI,Unknown - comms / pressrelease,/nlp-engineer-career/,1,,1,,0,,0,
MED,Paid Search,/masters-cyber-security-operations/lp/bva-cyber-security-operations-leadership/,1,,2,,1,,1,
MTS,Paid Search,/masters-cyber-security-engineering/lp/cyber-security-engineering/,1,,6,,0,,0,
Informatics,Organic Social,/is-health-informatics-degree-worth-it/,1,,1,,0,,0,
MESH,Organic Search,.translate.goog/environmental-consultant-career/,1,,1,,0,,0,
Data Science,Organic Search,.translate.goog/ata-specialist-career/,1,,1,,0,,0,
Informatics,Organic Search,/faculty/christopher-lee/,1,-2,1,-2,0,0,0,0
MSHA,Organic Search,/online-programs/,1,,2,,0,,0,
MED,Organic Search,/search/can+homework+impact+familes/,1,,1,,0,,0,
MSITL,Organic Search,.translate.goog/how-to-become-a-site-reliability-engineer/,1,0,1,0,0,0,0,0
MED,Organic Search,.translate.goog/teacher-centered-vs-student-centered-learning/,1,-4,1,-6,0,0,0,0
MSLDT,Organic Search,/masters-education/lp/online-med/,1,,6,,2,,2,
MED,Direct,/student-support/feliciana-stevenson/,1,,1,,0,,0,
MED,Direct,/teaching-digital-literacy-in-the-classroom/,1,0,1,0,0,0,0,0
Data Science,Direct,.translate.goog/database-engineer-career/,1,,1,,0,,0,
MSAAI,Direct,/classes/ethics-in-artificial-intelligence-maai-531/,1,-1,0,-2,0,0,0,0
Informatics,Organic Search,/faculty/lilian-chan/,1,-1,1,-1,0,0,0,0
(default) (not set),Direct,/faculty/usd-msha-faculty/,1,-5,1,-6,0,0,0,0
CyberOps,Direct,/cyber-security-risk-management/,1,0,1,0,0,0,0,0
MED,Direct,/is-blended-learning-the-next-big-thing-in-education/,1,0,1,0,0,0,0,0
(default) (not set),Direct,/artificial-intelligence-business/[sandiego],1,,2,,0,,0,
(default) (not set),Direct,/become-a-student/graduate-application-instructions/,1,,1,,0,,0,
"(default) computer-science,engineering,technology",Direct,/cyber-security-career-quiz/,1,,0,,0,,0,
(default) (not set),Paid Search,/admissions/military-veterans/,1,-2,1,-1,0,0,0,0
MTS,Paid Search,/jobs-for-catholics/,1,,1,,0,,0,
(default) (not set),Paid Search,/search/class+schedule/page/1/,1,,1,,0,,0,
MTS,Paid Search,/search/class+schedule/,1,,1,,0,,0,
CyberOps,Paid Search,/10-reasons-to-get-your-masters-degree-in-cyber-security/,1,,18,,0,,0,
LEPSL,Organic Search,/faculty/ryan-sheehy/,1,,1,,0,,0,
CyberOps,Referral,/best-industries-cyber-security-job-seekers/,1,,1,,0,,0,
MSLDT,Organic Social,/masters-learning-design-technology/classes/,1,-1,1,-1,0,0,0,0
MSLDT,Organic Social,/masters-learning-design-technology/faculty/,1,,1,,0,,0,
MSAAI,Referral,/university-of-san-diego-launches-full-time-on-campus-masters-degree-programs-in-applied-artificial-intelligence-and-cyber-security-engineering/,1,-9,3,-10,0,0,0,0
MSITL,Referral,/how-to-become-a-devops-engineer/,1,,5,,0,,0,
MSAAI,Organic Social,/data-scientist-vs-artificial-intelligence-engineer/,1,,1,,0,,0,
MED,Organic Search,/faculty-spotlight-libby-butler/,1,-1,1,0,0,0,0,0
MED,Organic Search,/search/merch/,1,,2,,0,,0,
MSNNL,Organic Social,/12-types-of-msn-degrees-how-to-choose-the-best-nursing-track/,1,,3,,0,,0,
MSNNL,Direct,/search/Date/,1,,1,,0,,0,
MSLDT,Direct,trick-training-evaluation-model/,1,,1,,0,,0,
MSAAI,Direct,/best-teacher-blogs/,1,,7,,0,,0,
MSHA,Direct,/masters-cyber-security-operations/,1,,7,,0,,0,
MED,Unknown - perplexity / (not set),/complete-list-teaching-methods/,1,,1,,0,,0,
MSLDT,Referral,/educational-technology-jobs/,1,-1,1,-1,0,0,0,0
MSNP,Referral,/masters-engineering-management-leadership/lp/ppc/,1,,21,,0,,0,
MSITL,Paid Search,/masters-applied-artificial-intelligence/lp/study-artificial-intelligence/,1,-1,2,-3,0,0,0,0
MSHA,Paid Search,/international-social-work/,1,,1,,0,,0,
MSLDT,Paid Search,/what-is-learning-design/,1,,1,,0,,0,
EML,Referral,/masters-engineering-management-leadership/lp/ppc/,1,0,1,0,0,0,0,0
(default) (not set),Paid Social,/about/state-authorization-status/,1,,1,,0,,0,
MSNP,Paid Search,/faculty/marcus-lam/,1,,2,,0,,0,
LEPSL,Referral,/ambassador/john-enriquez/,1,,1,,0,,0,
MSNNL,Organic Search,/advisory-board/kassity-krich/,1,0,1,0,0,0,0,0
CyberOps,Organic Search,/employer-partnership/guidepoint-security-llc/,1,,2,,0,,0,
LEPSL,Direct,/police-continuing-education/,1,,1,,0,,0,
MTS,Direct,/student-spotlight-chantell-robinson/,1,,4,,0,,0,
MSAAI,Direct,/resources/ms-engineering-management-leadership-info-session/,1,,3,,1,,1,
Informatics,Direct,/masters-health-informatics/board-of-advisors/,1,0,1,0,0,0,0,0
MESH,Direct,/degree-in-public-health/,1,0,0,-1,0,0,0,0
"(default) computer-science,engineering,technology",Direct,security-career-quiz/,1,,3,,1,,1,
MSAAI,Direct,/about/,1,0,2,0,0,0,0,0
(default) (not set),Direct,/tests-and-samples-repository/maria-test-page/,1,,5,,0,,0,
EML,Email,/masters-engineering-management-leadership/curriculum/,1,,1,,0,,0,
MTS,Organic Search,.translate.goog/religious-studies-degree-jobs/,1,,1,,0,,0,
MED,Referral,/masters-education/specializations/curriculum-and-instruction/,1,,5,,1,,1,
MTS,Organic Search,/search/quote/,1,,1,,0,,0,
CyberOps,Direct,/masters-cyber-security-operations/masters-cyber-operations-leadership-program-outcomes/,1,,1,,0,,0,
"(default) engineering,healthcare,sustainability",Organic Search,/resources/meeting-the-planets-most-urgent-challenges/,1,,0,,0,,0,
MSITL,Organic Search,/masters-engineering-management-leadership/,1,,5,,0,,0,
MTS,Organic Search,/education-inequity-and-homework/,1,,3,,0,,0,
CyberOps,Organic Search,/cyber-crime-investigator-career/,1,-1,4,-1,0,0,0,0
LEPSL,Organic Search,/classes/digital-forensics-incident-response/,1,,12,,0,,0,
Informatics,Organic Search,/bachelors-nursing/,1,-3,1,-12,0,-1,0,-0.25
MSHA,Paid Search,/programs/,1,,22,,0,,0,
Data Science,Direct,s-applied-data-science/,1,,1,,0,,0,
(default) (not set),Direct,learning-outcomes/,1,,1,,0,,0,
MSNP,Direct,/volunteer-management/,1,-4,1,-4,0,0,0,0
MED,Direct,/search/why+should+homework+be+banned/,1,,1,,0,,0,
MED,Direct,/search/Continuing+education+courses+for+teachers/,1,,1,,0,,0,
MED,Direct,/how-to-get-a-teaching-certificate/,1,0,1,0,0,0,0,0
(default) (not set),Direct,/how-to-create-a-tech-startup-company-in-12-steps-2/,1,0,1,0,0,0,0,0
Informatics,Direct,/classes/database-design-knowledge-management/,1,,1,,0,,0,
MED,Unknown - chatgpt.com / (not set),/inclusive-education-strategies/,1,,1,,0,,0,
MSITL,Referral,/information-systems-vs-information-technology/,1,,1,,0,,0,
MED,Referral,/masters-education/specializations/steam/,1,-2,1,-3,0,0,0,0
MED,Organic Search,/teaching-license-reciprocity-guide/,1,-9,1,-9,0,0,0,0
MED,Organic Search,/search/homework/,1,0,1,0,0,0,0,0
MSNNL,Paid Social,/bachelors-nursing/bachelors-nursing-lp-ppc/,1,,2,,0,,0,
CyberOps,Organic Search,/masters-cyber-security-operations/let-us-pay-for-your-csol-program-application-fee/,1,,5,,0,,0,
Informatics,Organic Search,/healthcare/,1,-5,1,-6,0,0,0,0
MED,Organic Search,/faculty/bobbi-hansen/,1,,1,,0,,0,
MED,Direct,.translate.goog/resources/free-med-program-brochure/,1,,1,,0,,0,
MSLDT,Organic Search,/brain-based-learning/,1,,6,,0,,0,
(default) (not set),Direct,/student-support/upma-saini/,1,,1,,0,,0,
MESH,Direct,/search/physics/,1,,7,,0,,0,
MSHA,Direct,/search/What+is+human+violation+/,1,,1,,0,,0,
MSHA,Direct,/search/Mention+two+function+of+human+rights+campaign+/,1,,1,,0,,0,
MED,Direct,/resources/guide-to-teaching-styles-thank-you/,1,0,2,1,0,-1,0,-1
Informatics,Direct,/masters-law-enforcement-leadership/lp/re=,1,,1,,0,,0,
Data Science,Display,/data-scientist-salary-guide/,1,,1,,0,,0,
Informatics,Direct,/masters-law-enforcement-leadership/lp/r=,1,,1,,0,,0,
MSLDT,Direct,/masters-law-enforcement-leadership/,1,0,1,1,0,0,0,0
MSAAI,Direct,.translate.goog/resources/career-in-ai-webinar/,1,,1,,0,,0,
MTS,Unknown - perplexity / (not set),/what-is-liturgy/,1,,1,,0,,0,
MSLDT,Unknown - chatgpt.com / (not set),/masters-learning-design-technology/apply/,1,,0,,0,,0,
MSITL,Unknown - chatgpt.com / (not set),/information-technology-trends/,1,,3,,0,,0,
MTS,Direct,/masters-cyber-security-engineering/,1,-2,2,-5,0,0,0,0
CyberOps,Direct,/master-of-science-in-cyber-security-or-mba/,1,0,1,0,0,0,0,0
MSLDT,Direct,/implementing-universal-design-learning/,1,,9,,0,,0,
MED,Direct,/grants-for-masters-degree-in-teaching/,1,0,1,0,0,0,0,0
MESH,Direct,/faculty/kristen-goodrich/,1,,1,,0,,0,
MSNNL,Unknown - Data Not Available / Data Not Available,/healthcare/,1,,3,,0,,0,
MED,Direct,/search/online+continuing+education+units+for+education/,1,,1,,0,,0,
MTS,Referral,/moral-theology/,1,,4,,0,,0,
MTS,Referral,/resources/7-applications-of-theology-degree-ebook/,1,,0,,0,,0,
CyberOps,Direct,.translate.goog/best-jobs-in-cyber-security/,1,,1,,0,,0,
MSLDT,Direct,/masters-engineering-sustainability-health/apply/,1,-4,2,-3,0,0,0,0
MSAAI,Direct,/search/Non+seeking+degree/,1,,1,,0,,0,
MTS,Direct,/faculty/juliet-mousseau/,1,0,1,0,0,0,0,0
MTS,Paid Search,/masters-engineering-management-leadership/lp/ppc/,1,,8,,0,,0,
MED,Paid Search,/masters-education/careers/,1,,1,,0,,0,
LEPSL,Organic Social,/masters-law-enforcement-leadership/faculty/,1,,1,,0,,0,
MSAAI,Direct,/employer-partnership/eset/,1,,3,,0,,0,
CyberOps,Organic Search,/black-vs-gray-vs-white-hat-hackers/,1,,4,,0,,0,
MSAAI,Direct,/faculty/som-shahapurkar/,1,,1,,0,,0,
Data Science,Direct,/applications-of-data-science-in-healthcare/,1,-3,2,-3,0,0,0,0
MSAAI,Direct,/masters-applied-data-science/apply/,1,,16,,0,,0,
CyberEng,Direct,/faculty/steven-j-templeton-ph-d/,1,,0,,0,,0,
MSLDT,Direct,/about/,1,0,2,-2,0,0,0,0
MED,Unknown - perplexity / (not set),/effective-educational-leadership/,1,,1,,0,,0,
MSAAI,Organic Search,.translate.goog/artificial-intelligence-business/,1,0,1,0,0,0,0,0
LEPSL,Referral,/faculty/timothy-albright/,1,,1,,0,,0,
LEPSL,Referral,/faculty/denton-carlson/,1,,1,,0,,0,
MSITL,Referral,/masters-cyber-security-engineering/,1,,1,,0,,0,
MESH,Referral,/sustainability-consultant-career/,1,,1,,0,,0,
(default) (not set),Organic Search,/quantitative-analyst-career/,1,,2,,0,,0,
(default) (not set),Organic Search,/search/disbenifites+of+getting+rid+of+homework/page/2/,1,,1,,0,,0,
EML,Direct,/employer-partnership/,1,,5,,0,,0,
Informatics,Direct,/himss-approved-informatics-degree/,1,-1,6,4,0,0,0,0
LEPSL,Direct,/classes/organizational-theory-change/,1,-1,1,-1,0,0,0,0
(default) (not set),Direct,/classes/big-data/,1,,1,,0,,0,
CyberEng,Direct,/classes/digital-forensics-incident-response/,1,,1,,0,,0,
LEPSL,Email,/classes/community-engagement/,1,,5,,0,,0,
MSNP,Paid Social,/masters-nonprofit-leadership-management/classes/,1,,1,,0,,0,
MED,Email,/masters-law-enforcement-leadership/lp/law-enforcement/,1,,14,,0,,0,
MSLDT,Paid Search,/instructional-technology-tools/,1,,1,,0,,0,
MSLDT,Organic Search,/masters-health-informatics/classes/,1,,6,,0,,0,
MTS,Paid Search,/masters-theological-studies/resources/,1,,14,,2,,2,
MED,Organic Search,/faculty/eleonor-castillo/,1,0,1,0,0,0,0,0
MSLDT,Referral,/instructional-design-vs-learning-experience-design/,1,-3,2,0,0,0,0,0
MSHA,Organic Search,/faculty/jim-difrancesca/,1,,1,,0,,0,
MED,Direct,y/sarina-molina/,1,,1,,0,,0,
MSNNL,Organic Search,/advisory-board/warlan/,1,-1,1,-1,0,0,0,0
LEPSL,Direct,al-justice/,1,,1,,0,,0,
(default) (not set),Direct,/child-development-through-sports,1,,1,,0,,0,
MESH,Direct,/advisory-board/paul-kadetz/,1,-3,1,-1,0,0,0,0
Data Science,Referral,/business-analyst-vs-data-analyst-vs-data-scientist/,1,,1,,0,,0,
MSAAI,Direct,s-applied-artificial-intelligence/,1,,1,,0,,0,
MSITL,Direct,ces/free-itl-program-brochure/,1,,1,,0,,0,
MSLDT,Paid Social,/lp/apply-now/,1,,4,,0,,0,
(default) (not set),Email,/tuition-financial-aid/tuition/,1,0,1,-2,0,0,0,0
LEPSL,Direct,/police-chiefs-advice-earning-masters-degree-law-enforcement-leadership/,1,,1,,0,,0,
MSNP,Unknown - perplexity / (not set),/humanitarian-careers/,1,,4,,0,,0,
LEPSL,Organic Search,/cyber-security-salary-california/,1,,7,,0,,0,
EML,Referral,/engineering-management-leadership-certifications/,1,,1,,0,,0,
MSNP,Organic Social,/nonprofit-executive-director/,1,-1,2,-2,0,0,0,0
MSAAI,Referral,,1,,7,,0,,0,
MSITL,Organic Search,.translate.goog/information-technology-management/,1,,1,,0,,0,
CyberOps,Organic Search,/is-a-cyber-security-certification-right-for-you/,1,-2,1,-3,0,0,0,0
MSLDT,Unknown - (not set) / partner,/educational-technology-jobs/,1,,1,,0,,0,
MSHA,Organic Search,/high-paying-environmental-jobs/,1,,2,,0,,0,
(default) (not set),Direct,/is-homework-bad,1,,2,,0,,0,
Data Science,Organic Search,.translate.goog/data-science-certifications/,1,,1,,0,,0,
MED,Direct,/employer-partnership/,1,,3,,0,,0,
MED,Direct,/top-22-med/,1,,2,,0,,0,
(default) (not set),Unknown - chatgpt.com / (not set),/student-support/one-stop-student-center/,1,,1,,0,,0,
MED,Unknown - chatgpt.com / (not set),/teacher-centered-vs-student-centered-learning/,1,,1,,0,,0,
MTS,Paid Search,/masters-nursing-leadership/nursing-educator-track/,1,,3,,0,,0,
MSNNL,Paid Social,/masters-nursing-leadership/nursing-informatics-track/,1,,2,,0,,0,
LEPSL,Email,/classes/community-assessment-crime-criminal-justice/,1,,2,,0,,0,
CyberOps,Email,/search/academic+calendar/,1,,1,,0,,0,
MSAAI,Referral,.translate.goog/artificial-intelligence-education/,1,,1,,0,,0,
Data Science,Referral,/resources/data-science-self-assessment/,1,-7,1,-6,0,0,0,0
MSNP,Referral,/nonprofit-leadership/,1,,1,,0,,0,
Informatics,Organic Search,/faculty/christine-nibbelink/,1,,1,,0,,0,
LEPSL,Organic Search,/faculty/taurino-valdovinos/,1,,3,,0,,0,
(default) business-entrepreneurship,Organic Search,.translate.goog/best-engineering-software/,1,-2,2,-1,0,0,0,0
MSAAI,Organic Search,/classes/applied-text-mining/,1,,3,,0,,0,
MSHA,Organic Search,/faculty/casey-myers/,1,,1,,0,,0,
EML,Organic Search,/advisory-board/nirav-mandir/,1,,1,,0,,0,
LEPSL,Direct,/ambassador/amy-sariotti/,1,,1,,0,,0,
LEPSL,Direct,/ambassador/jay-alvarado/,1,,1,,0,,0,
LEPSL,Direct,/ambassador/primo-diaz/,1,,1,,0,,0,
LEPSL,Direct,/ambassador/jamison-maehler/,1,,1,,0,,0,
MSAAI,Organic Search,/imagining-healthcare-in-the-era-of-machine-learning-and-artificial-intelligence/,1,0,1,0,0,0,0,0
Data Science,Direct,/employer-partnership/xsite/,1,,2,,0,,0,
(default) (not set),Direct,/student-support/lela-reagan/,1,,1,,0,,0,
MESH,Organic Search,/faculty/daryl-lynn-roberts/,1,,1,,0,,0,
MTS,Direct,/resources/free-ms-aai-program-brochure-thank-you/,1,,5,,0,,0,
Informatics,Direct,/classes/ai-assisted-automation-and-scripting-in-healthcare/,1,,1,,0,,0,
MSAAI,Organic Search,/student-support/benn-joyce/,1,-2,1,-5,0,0,0,0
CyberEng,Direct,s-software-engineering/,1,,2,,0,,0,
MESH,Direct,/faculty/glevys-rondon/,1,,1,,0,,0,
MSNNL,Organic Search,/wp-content/ uploads/2026/02/SU26-CSOL-Registration-Textbook-Info.p,1,,7,,0,,0,
MSAAI,Unknown - perplexity / (not set),/ai-ethicist-career/,1,,1,,0,,0,
CyberEng,Email,/,1,,2,,0,,0,
(default) (not set),Organic Search,/ceh-certification/,1,0,6,2,0,0,0,0
(default) (not set),Organic Search,/student-support/grace-nelson/,1,,1,,0,,0,
MSLDT,Organic Social,/training-and-development-specialist/,1,,3,,0,,0,
(default) (not set),Referral,/about/online-learning/student-support/,1,,1,,0,,0,
CyberEng,Referral,/chief-risk-officer/,1,,1,,0,,0,
MESH,Organic Search,/resources/msesh-information-session-webinar-thank-you/,1,,1,,1,,1,
MSLDT,Organic Search,/faculty/jeff-suarez-grant/,1,-1,1,-1,0,0,0,0
CyberEng,Organic Search,/search/Platform+Engineer/,1,,1,,0,,0,
MTS,Direct,/masters-education/student-services/,1,,30,,0,,0,
MED,Direct,/contact-us/,1,,2,,0,,0,
MSLDT,Direct,/hr-career-advancement-opportunities/,1,,1,,0,,0,
MESH,Paid Search,/blog-msph-vs-mph-degree-comparison/,1,,1,,0,,0,
MESH,Paid Search,/tuition-financial-aid/tuition/,1,,3,,0,,0,
CyberOps,Referral,/cyber-security-statistics/,1,,2,,0,,0,
(default) (not set),Organic Search,/search/67/,1,,1,,0,,0,
LEPSL,Direct,/search/Cite/,1,,1,,0,,0,
Informatics,Organic Search,/faculty/josh-wymer/,1,-2,1,-2,0,0,0,0
Informatics,Organic Search,/advisory-board/parizek/,1,-1,1,-1,0,0,0,0
LEPSL,Organic Search,/faculty/jose-tellez/,1,,1,,0,,0,
Data Science,Organic Search,/data-science-masters-degrees-comparison/,1,0,1,0,0,0,0,0
Data Science,Organic Search,/classes/applied-data-mining/,1,,1,,0,,0,
MSAAI,Organic Search,/masters-cyber-security-engineering/,1,,5,,0,,0,
MED,Organic Search,/education-inequity-and-homework/ejed,1,,2,,0,,0,
MED,Organic Search,.translate.goog/best-teacher-blogs/,1,,1,,0,,0,
MTS,Direct,/admissions/international-students/,1,,5,,0,,0,
MESH,Direct,/women-imagine-the-future-club/,1,,1,,0,,0,
CyberOps,Organic Search,/faculty/mansi-thakar/,1,0,1,0,0,0,0,0
MED,Direct,/masters-curriculum-instruction/,1,-1,1,-1,0,0,0,0
MSITL,Direct,/what-is-site-reliability-engineering/,1,-2,1,-2,0,0,0,0
(default) computer-science,Direct,/what-is-dbaas/,1,0,1,0,0,0,0,0
MSAAI,Direct,/edutainment/,1,,3,,0,,0,
MSLDT,Direct,/about/state-authorization-status/,1,-1,6,2,0,0,0,0
LEPSL,Direct,/ambassador/luis-martinez-jr/,1,0,1,0,0,0,0,0
MSHA,Organic Social,/examples-of-social-change/,1,,1,,0,,0,
CyberEng,Unknown - chatgpt.com / (not set),/classes/cyber-engineering-research-i/,1,,1,,0,,0,
MSLDT,Organic Social,/instructional-design-interview-questions/,1,-63,1,-65,0,0,0,0
Informatics,Referral,/masters-health-informatics/testimonials/,1,,1,,0,,0,
MESH,Organic Social,/top-degrees-for-social-justice-careers/,1,,1,,0,,0,
MSLDT,Organic Search,.translate.goog/learning-experience-design/,1,,1,,0,,0,
(default) (not set),Paid Social,/master-of-science-cyber-security-operations-leadership,1,-1,1,-1,0,0,0,0
LEPSL,Organic Search,/top-law-enforcement-blogs-websites/,1,-4,1,-4,0,0,0,0
"(default) computer-science,engineering,technology",Organic Search,/masters-cyber-security-engineering/,1,,6,,0,,0,
MED,Organic Search,.translate.goog/inclusive-education-strategies/,1,-1,1,-1,0,0,0,0
MSITL,Unknown - Keystone / ReadMoreSchoolWebsiteCTA,/masters-information-technology-leadership/,1,,6,,1,,1,
Informatics,Organic Search,/faculty/razel-milo/,1,-1,1,-2,0,0,0,0
MSLDT,Unknown - chatgpt.com / (not set),/top-instructional-design-skills/,1,,1,,0,,0,
Informatics,Organic Search,/faculty/kathleen-stacy/,1,0,1,0,0,0,0,0
LEPSL,Direct,/faculty/duane-voss/,1,,1,,0,,0,
(default) (not set),Direct,/negative-effects-of-artificial-intelligence-in-education/,1,,3,,0,,0,
MSAAI,Direct,/software-engineer-to-machine-learning-engineer/,1,0,1,0,0,0,0,0
Data Science,Direct,/are-coding-bootcamps-worth-it/,1,0,1,0,0,0,0,0
MSLDT,Direct,/resources/planets-most-urgent-challenges-thank-you/,1,,2,,0,,0,
MSAAI,Direct,/masters-applied-artificial-intelligence/student-services/,1,,1,,0,,0,
MSAAI,Direct,/artificial-intelligence-developer-career/,1,-7,1,-8,0,0,0,0
MED,Direct,/blog/sustainability/,1,,2,,0,,0,
LEPSL,Direct,/masters-law-enforcement-leadership/lp/rv-edu/,1,,1,,0,,0,
(default) (not set),Direct,/artificial-intelligence-cyber-security/,1,,1,,0,,0,
MSLDT,Unknown - chatgpt.com / (not set),/masters-learning-design-technology/,1,,6,,1,,1,
CyberEng,Referral,/employer-partnership/axos/,1,,3,,0,,0,
MSNNL,Paid Search,/tuition-financial-aid/tuition/,1,,4,,0,,0,
CyberEng,Organic Search,/search/statistics/,1,,1,,0,,0,
MED,Paid Search,/resources/9-reasons-master-education-degree-ebook/,1,,0,,0,,0,
CyberOps,Organic Search,/,1,-1,3,-2,0,0,0,0
Data Science,Paid Search,/masters-cyber-security-engineering/lp/cyber-security-engineering/,1,,3,,0,,0,
Data Science,Referral,/business-intelligence-developer/,1,,1,,0,,0,
(default) (not set),Organic Search,/jobs-in-cybersecurity/,1,,2,,0,,0,
(default) (not set),Organic Search,/faculty/ryan-richter/,1,,1,,0,,0,
MSLDT,Organic Search,/admissions/,1,0,3,-1,0,0,0,0
Data Science,Organic Search,/faculty/jonathan-sixt/,1,,1,,0,,0,
MSLDT,Organic Search,.translate.goog/addie-model-instructional-design/,1,0,1,0,0,0,0,0
CyberOps,Organic Search,.translate.goog/how-to-become-a-security-consultant-career-guide/,1,0,1,0,0,0,0,0
MSLDT,Direct,/resources/choosing-an-instructional-design-path/,1,,1,,0,,0,
(default) (not set),Direct,/search/academic/page/1/,1,,1,,0,,0,
MSNP,Direct,/resources/women-in-engineering-webinar/,1,,3,,0,,0,
(default) (not set),Direct,/search/+/,1,,1,,0,,0,
Data Science,Unknown - perplexity / (not set),/data-scientist-salary-guide/,1,,1,,0,,0,
MED,Unknown - chatgpt.com / (not set),/co-teaching-models/,1,,1,,0,,0,
CyberOps,Paid Search,/masters-cyber-security-operations/testimonials/,1,,2,,0,,0,
MTS,Paid Search,/why-theological-studies/,1,,1,,0,,0,
MSAAI,Organic Search,/student-support/ashley-dominguez/,1,0,2,-1,0,0,0,0
Informatics,Paid Social,/resources/health-informatics-careers-thank-you/,1,,1,,1,,1,
MED,Organic Search,/search/should+kids+have+homework/,1,,1,,0,,0,
MSNNL,Paid Social,/masters-humanitarian-action/lp/humanitarian-action/,1,,5,,0,,0,
(default) (not set),Organic Search,/search/Why+should+teachers+give+out+homework+/page/1/,1,,1,,0,,0,
MSAAI,Organic Search,/future-engineering-trends/,1,,2,,0,,0,
CyberOps,Direct,/threat-or-opportunity-big-data-and-cyber-security/,1,-4,1,-4,0,0,0,0
Data Science,Organic Search,/advisory-board/albert-wang/,1,0,1,0,0,0,0,0
CyberOps,Display,/masters-cyber-security-engineering/lp/smartbrief-display/,1,,4,,0,,0,
MSNNL,Direct,/tuition-financial-aid/,1,0,3,-1,0,0,0,0
MESH,Direct,/top-engineering-leaders/,1,,15,,1,,1,
MSAAI,Unknown - perplexity / (not set),/classes/ethics-in-artificial-intelligence-maai-531/,1,,2,,0,,0,
EML,Direct,/resources/women-in-engineering-webinar/,1,,0,,0,,0,
MED,Direct,/resources/women-in-engineering-webinar/,1,0,2,0,0,-1,0,-1
MED,Direct,/resources/free-med-program-brochure-thank-you/,1,-1,1,0,1,0,1,0.5
CyberEng,Direct,/become-a-computer-forensics-analyst/,1,-2,1,-2,0,0,0,0
MSITL,Direct,/masters-information-technology-leadership/faculty/,1,0,1,0,0,0,0,0
MSITL,Direct,/how-to-start-career-artificial-intelligence/,1,,3,,0,,0,
MED,Direct,/search/why+do+you+believe+home+work+should++not+be+a+thing/,1,,2,,0,,0,
MTS,Direct,/franciscan-spirituality-in-todays-world/,1,-1,1,-1,0,0,0,0
MSAAI,Direct,/masters-applied-artificial-intelligence/advisory-board/,1,,1,,0,,0,
MSHA,Direct,/faculty/topher-mcdougal/,1,,1,,0,,0,
MED,Direct,/faculty/michael-salamanca/,1,,1,,0,,0,
MSITL,Direct,/is-devops-a-good-career/,1,0,1,0,0,0,0,0
MESH,Direct,/faculty/jessica-mikels/,1,0,1,0,0,0,0,0
(default) (not set),Direct,/employer-partnership/apsi/,1,-2,1,-2,0,0,0,0
CyberOps,Direct,/cyber-security-salaries-make-case-for-masters/,1,-4,1,-4,0,0,0,0
MSAAI,Organic Search,/usd-gradright-partnership/,1,-1,3,-2,0,0,0,0
LEPSL,Direct,/community-policing-through-leadership/,1,-91,1,-84,0,0,0,0
Data Science,Direct,/aws-certification-careers/,1,0,1,0,0,0,0,0
MSLDT,Organic Search,.translate.goog/top-instructional-design-software/,1,0,1,0,0,0,0,0
MED,Paid Social,/resources/free-med-program-brochure-thank-you/,1,,1,,1,,1,
MTS,Email,/masters-theological-studies/lp/ppc/,1,-1,1,0,0,0,0,0
MSHA,Paid Search,/faculty/stephen-commins/,1,,1,,0,,0,
MSNP,Organic Social,/masters-nonprofit-leadership-management/,1,-1,3,0,0,0,0,0
"(default) business-entrepreneurship,computer-science,engineering,technology",Organic Search,/,1,,9,,2,,2,
CyberOps,Referral,/is-cyber-security-hard/,1,,3,,0,,0,
MSAAI,Organic Social,/entry-level-ai-careers/,1,,1,,0,,0,
Informatics,Organic Search,/ms-msc-health-informatics-usa/,1,-1,1,-1,0,0,0,0
(default) (not set),Direct,/search/Why+we+shouldn%27t+ban+homework/,1,,1,,0,,0,
LEPSL,Referral,/classes/critical-issues-law-enforcement-and-public-safety/,1,,1,,0,,0,
CyberEng,Referral,/cyber-security-coding/,1,,1,,0,,0,
MSLDT,Organic Social,/instructional-technology-tools/,1,0,1,0,0,0,0,0
MESH,Email,/masters-engineering-sustainability-health/lp/ppc/,1,,1,,0,,0,
MED,Direct,/early-childhood-education-vs-elementary-education-masters/,1,-4,1,-4,0,0,0,0
Data Science,Direct,/data-science-scholarships/,1,,1,,0,,0,
MSITL,Unknown - perplexity / (not set),/masters-information-technology-leadership/,1,,1,,0,,0,
MSLDT,Display,/masters-learning-design-technology/,1,,2,,0,,0,
MSAAI,Referral,/masters-applied-data-science/classes/,1,-1,2,-19,0,0,0,0
MED,Direct,/3-ways-to-create-inclusive-learning/,1,-2,1,-2,0,0,0,0
MTS,Unknown - youtube / video,/masters-theological-studies/,1,,1,,0,,0,
MED,Paid Search,/programs/,1,0,3,-6,0,0,0,0
CyberOps,Paid Search,/masters-cyber-security-operations/faculty/,1,,1,,0,,0,
LEPSL,Referral,/masters-law-enforcement-leadership/transfer-credit/fbina/,1,-1,1,-1,0,0,0,0
(default) (not set),Referral,/student-support/office-of-financial-aid-services/,1,,0,,0,,0,
MSAAI,Organic Social,/machine-learning-podcast/,1,,1,,0,,0,
MED,Organic Search,/faculty/mark-dzula/,1,,1,,0,,0,
LEPSL,Direct,/ambassador/brandon-barclay/,1,0,1,0,0,0,0,0
MSNP,Organic Search,/about/online-learning/,1,,7,,0,,0,
MED,Unknown - facebook / social,/future-of-common-core/,1,,1,,0,,0,
Informatics,Organic Search,/5-health-care-big-data-companies-watch/,1,-1,1,-1,0,0,0,0
MSITL,Direct,/natural-language-processing-overview/,1,,2,,0,,0,
LEPSL,Organic Search,/ambassador/paul-arteta/,1,,1,,0,,0,
MSLDT,Organic Search,/masters-education-non-teachers-offers-options/,1,,11,,0,,0,
Informatics,Direct,/masters-health-informatics/lp/request-info/,1,0,1,0,0,0,0,0
Data Science,Direct,/faculty/erin-cooke/,1,,0,,0,,0,
MED,Unknown - chatgpt.com / (not set),/masters-education/specializations/school-leadership/,1,,1,,0,,0,
MTS,Unknown - copilot.com / (not set),/what-is-lay-ministry/,1,,1,,0,,0,
MSNP,Unknown - chatgpt.com / (not set),/nonprofit-fundraising-ideas/,1,,1,,0,,0,
LEPSL,Referral,/police-management-training/,1,,2,,0,,0,
MSLDT,Organic Search,/faculty/heather-leslie/,1,,1,,0,,0,
MED,Direct,/student-support/program-assistant/,1,,2,,0,,0,
MED,Organic Search,/student-support/graduate-admissions/,1,,5,,0,,0,
MSNP,Organic Search,/masters-cyber-security-operations/lp/bva-cyber-security-operations-leadership/,1,,19,,0,,0,
LEPSL,Paid Search,/masters-law-enforcement-leadership/students-agencies/,1,,4,,0,,0,
MESH,Paid Search,/masters-engineering-sustainability-health/resources/,1,-1,1,-3,0,0,0,0
MSAAI,Direct,/masters-applied-artifical-intelligence/,1,,5,,0,,0,
MSLDT,Direct,/instructional-design-certificate-vs-masters-degree/,1,0,1,0,0,0,0,0
(default) (not set),Direct,/faculty/wanghuizi-gao/,1,,2,,0,,0,
MSLDT,Direct,/tuition-financial-aid/tuition/,1,,7,,0,,0,
(default) (not set),Direct,/online-leadership-courses/,1,,1,,0,,0,
MSAAI,Direct,/study-artificial-intelligence-degree/,1,-3,1,-3,0,0,0,0
MSLDT,Paid Search,/masters-cyber-security-operations/lp/bva-cyber-security-operations-leadership/,1,,5,,0,,0,
MTS,Direct,/blog/business-entrepreneurship/,1,,1,,0,,0,
MED,Organic Search,/fastest-way-to-teaching-degree/,1,-2,1,-2,0,0,0,0
MSNNL,Organic Search,/faculty/nadine-kassity-krich/,1,,1,,0,,0,
CyberEng,Direct,/admissions/military-veterans/,1,,3,,0,,0,
MSITL,Direct,/resources/an-inside-look-at-the-artificial-intelligence-masters-degree-webinar/thank-you/,1,,7,,0,,0,
(default) (not set),Direct,e-short/,1,,2,,0,,0,
MED,Organic Search,/search/non+matriculated/,1,,2,,0,,0,
(default) (not set),Paid Social,/tuition-financial-aid/tuition/,1,0,1,0,0,0,0,0
MSHA,Unknown - ihsa / social,/masters-humanitarian-action/lp/dyna/,1,,1,,0,,0,
(default) (not set),Unknown - fashion-valley-mall / ooh,/admissions/international-students/,1,0,1,0,0,0,0,0
MSHA,Referral,/international-affairs-careers/,1,-1,1,-1,0,0,0,0
Informatics,Organic Search,/faculty/brenda-boone/,1,0,1,0,0,0,0,0
MSNP,Referral,/nonprofit-grant-databases/,1,-1,15,13,0,0,0,0
MSHA,Organic Search,/classes/logistics-for-humanitarian-relief/,1,,3,,0,,0,
MESH,Referral,/admissions/,1,,4,,0,,0,
Informatics,Referral,/bachelors-nursing/bachelors-nursing-lp-ppc/,1,0,0,-2,0,0,0,0
MSLDT,Email,/what-is-instructional-design-examples/,1,,1,,0,,0,
LEPSL,Unknown - policeone / directory,/,1,,3,,0,,0,
LEPSL,Organic Search,/ambassador/timothy-simmons/,1,,1,,0,,0,
MSNNL,Organic Search,/programs/,1,0,2,-1,0,0,0,0
MTS,Referral,/franciscan-theology-reading-list/,1,0,1,0,0,0,0,0
MTS,Organic Search,/classes/catholic-school-leadership-optional/,1,,2,,0,,0,
MSAAI,Organic Social,/masters-health-informatics/,1,,2,,0,,0,
CyberEng,Organic Search,/search/Information+security+analyst/page/3/,1,,1,,0,,0,
MTS,Direct,/theological-education/,1,-4,1,-4,0,0,0,0
MSITL,Direct,/resources/ms-itl-thank-you-here-is-your-free-webinar/,1,,8,,1,,1,
(default) (not set),Direct,/masters-applied-data-science/classes/,1,-1,5,-4,0,0,0,0
MSNNL,Direct,/masters-health-informatics/apply/,1,0,2,-8,0,0,0,0
MSNP,Direct,/international-affairs-careers/,1,,2,,0,,0,
CyberOps,Organic Search,/search/Information+security+analyst/page/2/,1,,1,,0,,0,
MSAAI,Direct,/masters-applied-data-science/classes/,1,0,6,3,1,1,1,1
MTS,Direct,/masters-health-informatics/,1,,9,,0,,0,
MSNNL,Organic Search,/masters-nursing-leadership/faculty/,1,0,6,6,0,0,0,0
MSNP,Organic Search,/resources/6-nonprofit-careers-ebook/,1,0,7,7,3,3,3,3
EML,Direct,/engineering-career-path/,1,-3,1,-3,0,0,0,0
MSAAI,Organic Search,/new-masters-degree-targets-rising-tech-execs-and-startup-entrepreneurs/,1,,19,,0,,0,
MSHA,Direct,/forms/msha-application-evaluation/,1,,2,,1,,1,
CyberEng,Organic Search,/masters-cyber-security-engineering/lp/cyber-security-degrees/,1,,2,,0,,0,
MED,Direct,/forms/med-gar/,1,-1,1,-9,0,0,0,0
MSITL,Referral,/resources/free-ms-aai-program-brochure/,1,,2,,0,,0,
MSLDT,Direct,/education-inequity-and-homework/,1,,2,,0,,0,
MED,Direct,/search/4+reasons+schools+should+ban+homework/,1,,1,,0,,0,
LEPSL,Email,/masters-law-enforcement-leadership/lp/request-info/,1,-1,1,-1,0,0,0,0
LEPSL,Direct,/financial-analyst-career/,1,,3,,0,,0,
MTS,Referral,/tuition-financial-aid/tuition/,1,,7,,0,,0,
MSHA,Direct,/masters-humanitarian-action/advisory-board/,1,-3,1,-5,0,0,0,0
CyberEng,Direct,/about/state-authorization-status/,1,,1,,0,,0,
(default) (not set),Direct,/alumni,1,,1,,0,,0,
MED,Direct,.translate.goog/3-ways-to-create-inclusive-learning/,1,,1,,0,,0,
LEPSL,Email,/police-communication-important-today/,1,,1,,0,,0,
(default) (not set),Direct,/masters-cyber-security-engineering/faculty/,1,,9,,0,,0,
MSAAI,Direct,/machine-learning-courses-and-certifications/,1,,1,,0,,0,
CyberOps,Direct,/employer-partnership/axos/,1,,2,,0,,0,
(default) (not set),Direct,/faculty/dr-venkat-shastri/,1,,1,,0,,0,
MSNNL,Direct,/become-a-student/tuition-financial-aid/ms-csol-scholarships-grants/,1,,1,,0,,0,
MED,Direct,/search/AI+in+Education/page/2/,1,,1,,0,,0,
MSNNL,Unknown - Data Not Available / Data Not Available,/masters-health-informatics/lp/health-informatics-for-nurses/,1,,9,,0,,0,
(default) (not set),Direct,/search/Innovated+curriculum/,1,,1,,0,,0,
Data Science,Referral,/companies-hiring-data-scientists/,1,,0,,0,,0,
CyberEng,Display,/,1,,2,,0,,0,
MSAAI,Referral,/resources/8-questions-artificial-intelligence-masters-ebook/,1,-1,1,-1,0,0,0,0
MED,Paid Search,/masters-education/apply/,1,-1,4,3,0,0,0,0
MESH,Referral,/environmental-planner-career/,1,,1,,0,,0,
MSNP,Organic Search,/masters-education/,1,0,4,-112,0,0,0,0
MED,Organic Search,/classes/creativity-and-innovation-in-steam/,1,,10,,0,,0,
(default) (not set),Organic Search,"/education-inequity-and-homework/ when was this piublished, where was this published, and who published it",1,,1,,0,,0,
LEPSL,Organic Search,/classes/public-safety-law/,1,0,1,0,0,0,0,0
CyberOps,Organic Search,/cyber-security/,1,0,2,0,0,0,0,0
LEPSL,Direct,/masters-law-enforcement-leadership/lp/request-info/,1,0,1,0,0,0,0,0
(default) (not set),Organic Search,/is-a-cyber-security-engineering-degree-right-for-you/,1,,2,,0,,0,
EML,Direct,/masters-applied-data-science/apply/,1,,4,,0,,0,
MSITL,Organic Search,/masters-information-technology-leadership/apply/,1,-2,0,-3,0,0,0,0
MED,Direct,/search/suzanne+stolz/,1,,2,,0,,0,
CyberOps,Organic Search,/university-of-san-diego-to-open-center-of-cyber-security-engineering-and-technology/,1,,2,,0,,0,
Data Science,Direct,/advisory-board/eric-colson/,1,-1,1,-1,0,0,0,0
MSAAI,Direct,/student-support/diana-hannasch-haag/,1,,1,,0,,0,
Informatics,Paid Search,/about/state-authorization-status/,1,,3,,0,,0,
MSAAI,Direct,.translate.goog/ai-ethicist-career/,1,,1,,0,,0,
MSNNL,Paid Search,/masters-engineering-management-leadership/lp/ppc/,1,,7,,0,,0,
MED,Unknown - Data Not Available / Data Not Available,/resources/free-med-program-brochure/,1,,0,,0,,0,
MSLDT,Paid Social,/about/,1,,8,,0,,0,
MSLDT,Organic Search,.translate.goog/career-changes-for-teachers/,1,0,1,0,0,0,0,0
MSNNL,Referral,/masters-nursing-leadership/,1,0,2,1,0,0,0,0
MSNP,Referral,/nonprofit-executive-director/,1,0,2,1,0,0,0,0
BSN,Unknown - chatgpt.com / (not set),/bachelors-nursing/,1,,1,,0,,0,
EML,Unknown - chatgpt.com / (not set),/principal-engineer-vs-senior-engineer/,1,,1,,0,,0,
EML,Unknown - chatgpt.com / (not set),/resources/from-engineer-to-leader-ebook-thank-you-2/,1,,1,,1,,1,
MSHA,Unknown - perplexity / (not set),/humanitarian-intervention-success-stories/,1,,1,,0,,0,
MED,Email,/vanessa-araiza/,1,,6,,0,,0,
(default) (not set),Direct,/search/homwork+should+be+requireed+or+not/,1,,1,,0,,0,
CyberOps,Paid Social,/masters-cyber-security-engineering/let-us-pay-for-your-cse-program-application-fee/,1,0,1,0,1,0,1,0
MSHA,Organic Search,/advisory-board/donna-duvin/,1,,1,,0,,0,
MSHA,Organic Search,/masters-humanitarian-action/lp/thank-you/,1,,1,,1,,1,
MED,Direct,/search/Homework+improves+student+achievement.+evidence/,1,,1,,0,,0,
(default) (not set),Direct,/education-inequity-and-homework/_,1,,1,,0,,0,
MSLDT,Direct,/how-to-become-a-police-chief/,1,,4,,0,,0,
MSLDT,Direct,/masters-learning-design-technology/related-articles/,1,-4,7,2,0,0,0,0
LEPSL,Organic Search,/top-ranked-law-enforcement-masters-degree/,1,-5,1,-14,0,0,0,0
MSNP,Direct,/masters-engineering-sustainability-health/classes/,1,,8,,0,,0,
LEPSL,Organic Search,/classes/community-engagement/,1,,1,,0,,0,
MSAAI,Unknown - chatgpt.com / (not set),/faculty/msaai-faculty/,1,,1,,0,,0,
Data Science,Organic Search,.translate.goog/how-to-become-database-developer/,1,0,1,0,0,0,0,0
Data Science,Unknown - chatgpt.com / (not set),/coding-salary/,1,,1,,0,,0,
MSITL,Organic Search,/programs/,1,,15,,0,,0,
MESH,Organic Search,/nursing-informatics-vs-health-informatics/,1,,2,,0,,0,
(default) (not set),Direct,/student-centered-vs-teacher-centered-learning/,1,,1,,0,,0,
MSAAI,Referral,/masters-cyber-security-engineering/,1,0,0,-20,0,0,0,0
MSHA,Email,/masters-humanitarian-action/advisory-board/,1,,1,,0,,0,
LEPSL,Paid Social,/masters-law-enforcement-leadership/transfer-credit/fbi-leeda/,1,,1,,0,,0,
EML,Organic Search,/advisory-board/kary-saleeby/,1,,1,,0,,0,
LEPSL,Email,/about/,1,,5,,0,,0,
MED,Paid Search,/life-skills-education-in-schools/,1,,1,,0,,0,
MTS,Organic Search,/faculty/michael-w-blastic/,1,,1,,0,,0,
MED,Organic Search,/search/gentle/,1,,1,,0,,0,
MED,Referral,/,1,,2,,0,,0,
(default) (not set),Direct,/search/CTEL+/,1,,1,,0,,0,
CyberOps,Direct,/faculty/umesh-varma/,1,,1,,0,,0,
LEPSL,Direct,/law-enforcement-training-tips-to-tackle-multitasking-risks/,1,,1,,0,,0,
MSAAI,Direct,/masters-engineering-management-leadership/lp/ppc/,1,,3,,0,,0,
MESH,Direct,/admitted-students/,1,,2,,0,,0,
MESH,Direct,/quantitative-analyst-career/,1,,3,,0,,0,
MSNP,Direct,/faculty/marcus-lam/,1,,1,,0,,0,
MED,Direct,/search/Why+we+shouldn't+ban+homework/,1,,1,,0,,0,
MED,Direct,/search/what+is+homework/,1,,1,,0,,0,
MSNP,Direct,/masters-applied-data-science/,1,,6,,0,,0,
MSITL,Direct,.translate.goog/information-technology-trends/,1,,1,,0,,0,
MSAAI,Referral,/appliedartificial,1,,15,,0,,0,
EML,Organic Search,/,1,-2,4,-3,0,0,0,0
LEPSL,Organic Search,/faculty/nuno-tavares/,1,0,1,0,0,0,0,0
MSHA,Organic Search,/faculty/stephen-commins/,1,0,1,0,0,0,0,0
MTS,Organic Search,/masters-theological-studies/apply/,1,-5,1,-5,0,0,0,0
MSLDT,Organic Search,/blog/education/,1,,0,,0,,0,
Informatics,Organic Search,/student-support/ashley-dominguez/,1,0,1,0,0,0,0,0
MSNNL,Organic Search,/faculty/nicole-martinez/,1,,2,,0,,0,
(default) (not set),Organic Search,/applications-of-data-science-in-healthcare/,1,,3,,0,,0,
MSLDT,Email,/learning-design-technology-careers/,1,,3,,0,,0,
MED,Paid Social,/masters-education/specializations/,1,,1,,0,,0,
MED,Paid Social,/resources/free-med-program-brochure/,1,0,1,0,0,0,0,0
MSHA,Direct,/ai-research-scientist-career/,1,,22,,0,,0,
LEPSL,Direct,/ambassador/benjamin-moszkowicz/,1,,1,,0,,0,
MED,Organic Search,/is-homework-necessary/,1,,3,,0,,0,
LEPSL,Direct,/ambassador/michael-rodriguez/,1,,1,,0,,0,
Data Science,Direct,/,1,-1,2,-4,0,0,0,0
LEPSL,Direct,/ambassador/samuel-gonzalez/,1,,1,,0,,0,
MESH,Direct,/about/learning-outcomes/,1,,2,,0,,0,
MSLDT,Direct,/classes/program-design-assessment-and-evaluation/,1,,1,,0,,0,
MSNNL,Direct,/masters-applied-data-science/classes/,1,-2,4,-19,0,-1,0,-0.333333333
LEPSL,Direct,/masters-cyber-security-engineering/classes/,1,,24,,0,,0,
CyberEng,Direct,/system-security-architecture/,1,,1,,0,,0,
MSITL,Direct,/masters-education/,1,,26,,3,,3,
MSNNL,Direct,/masters-nursing-leadership/student-services/,1,,1,,0,,0,
MSHA,Direct,/new-online-masters-degree-program-in-humanitarian-action/,1,-3,1,-3,0,0,0,0
MTS,Direct,.translate.goog/what-is-lay-ministry/,1,,1,,0,,0,
EML,Email,/masters-cyber-security-operations/,1,,5,,0,,0,
MSNP,Email,/masters-law-enforcement-leadership/,1,,4,,0,,0,
MSHA,Direct,/environmental-policy-analyst-career/,1,,6,,0,,0,
MSLDT,Organic Search,/computer-science/,1,,3,,0,,0,
Data Science,Direct,/how-to-become-a-software-engineer/,1,-1,1,-2,0,0,0,0
MSLDT,Unknown - copilot.com / (not set),/instructional-design-models/,1,,1,,0,,0,
MESH,Organic Search,/education-inequity-and-homework/,1,,7,,0,,0,
MED,Email,/masters-education/apply/,1,,0,,0,,0,
MSNNL,Paid Search,/12-types-of-msn-degrees-how-to-choose-the-best-nursing-track/,1,0,3,2,0,0,0,0
CyberEng,Display,/masters-cyber-security-engineering/lp/cyber-security-engineering/,1,,1,,0,,0,
Data Science,Organic Search,/masters-applied-data-science/careers/,1,0,1,-2,0,-1,0,-1
MSAAI,Organic Search,/masters-engineering-management-leadership/,1,-3,3,-7,0,0,0,0
Informatics,Paid Search,/health-information-management-vs-health-informatics/,1,,1,,0,,0,
(default) (not set),Organic Search,/resources/questions-to-ask-before-selecting-an-it-leadership-degree/,1,,1,,0,,0,
LEPSL,Organic Search,/tuition-financial-aid/tuition/,1,,6,,0,,0,
MESH,Paid Search,/masters-engineering-management-leadership/lp/ppc/,1,,2,,0,,0,
CyberOps,Referral,/masters-cyber-security-operations/,1,-1,1,-5,0,0,0,0
(default) (not set),Referral,/blog/leadership-management/,1,0,1,1,0,0,0,0
CyberOps,Referral,/is-a-cyber-security-certification-right-for-you/,1,,1,,0,,0,
Informatics,Referral,/data-science-health-care/,1,-4,1,-2,0,0,0,0
MED,Direct,/masters-cyber-security-engineering/lp/cyber-security-engineering/,1,,2,,0,,0,
(default) (not set),Organic Search,/faculty/erin-cooke/,1,,4,,0,,0,
CyberOps,Organic Search,/faculty/william-hess/,1,0,1,0,0,0,0,0
MSHA,Direct,/masters-engineering-sustainability-health/apply/,1,,1,,0,,0,
MSNP,Organic Search,.translate.goog/what-is-organizational-leadership/,1,,1,,0,,0,
MSAAI,Organic Search,/ai-healthcare/,1,,0,,0,,0,
MSAAI,Organic Search,/admissions/military-veterans/,1,,2,,0,,0,
(default) (not set),Organic Search,/faculty/ruixia-shi/,1,,1,,0,,0,
LEPSL,Organic Search,/programs/,1,-1,3,-2,0,0,0,0
CyberEng,Organic Search,/faculty/mark-heckman/,1,,1,,0,,0,
MSLDT,Organic Search,/faculty/david-haigh/,1,-1,1,-1,0,0,0,0
MSHA,Organic Social,/logical-framework-approach/,1,-16,1,-26,0,0,0,0
Informatics,Organic Social,/how-to-become-a-nurse-educator/,1,,1,,0,,0,
MSLDT,Paid Search,/masters-learning-design-technology/app-waiver/,1,,8,,0,,0,
EML,Unknown - chatgpt.com / (not set),/engineering-scholarships/,1,,1,,0,,0,
CyberOps,Organic Search,/masters-cyber-security-engineering/lp/cyber-security-engineering/,1,,5,,0,,0,
Data Science,Organic Search,.translate.goog/13-essential-data-science-textbooks/,1,,1,,0,,0,
LEPSL,Direct,.translate.goog/women-in-law-enforcement/,1,,1,,0,,0,
MED,Organic Search,/search/tuition/,1,,1,,0,,0,
MSNP,Direct,/masters-nonprofit-leadership-management/app-waiver/,1,-2,1,-1,1,1,1,1
MTS,Organic Search,/classes/ethics-in-artificial-intelligence-maai-531/,1,,8,,0,,0,
MSNNL,Organic Search,/masters-law-enforcement-leadership/,1,,2,,0,,0,
(default) (not set),Direct,/search/Sonography/,1,,1,,0,,0,
Informatics,Organic Search,/admissions/military-veterans/,1,,2,,0,,0,
Data Science,Organic Search,.translate.goog/data-analyst-careers-and-salary/,1,,1,,0,,0,
Informatics,Direct,/search/Medical/,1,,1,,0,,0,
MED,Referral,/manage-cell-phones-in-class-tips/,1,,1,,0,,0,
CyberEng,Referral,/how-to-become-a-cyber-threat-hunter/,1,,1,,0,,0,
MSNP,Direct,/masters-law-enforcement-leadership/,1,0,4,-9,0,0,0,0
MSAAI,Direct,/health-information-technology-jobs-salary/,1,,2,,0,,0,
MSNP,Email,/masters-nonprofit-leadership-management/apply/,1,,1,,0,,0,
MSNP,Unknown - sdbusinessjournal / offline,/masters-nonprofit-leadership-management/lp/dyna/,1,,1,,0,,0,
MSNP,Unknown - chatgpt.com / (not set),/volunteer-management/,1,,1,,0,,0,
MED,Unknown - perplexity / (not set),/differentiated-instruction/,1,,1,,0,,0,
LEPSL,Direct,/search/Shut+up/,1,,1,,0,,0,
MSAAI,Direct,/classes/aai-589-directed-ai-research/,1,,1,,0,,0,
LEPSL,Direct,/ambassador/bruce-mason/,1,,1,,0,,0,
LEPSL,Direct,/ambassador/steve-kim/,1,,1,,0,,0,
MED,Direct,/faculty/suzanne-stolz/,1,,1,,0,,0,
MSNNL,Direct,/faculty/josh-wymer/,1,,3,,0,,0,
CyberOps,Direct,/masters-cyber-security-operations/lp/scholarship-email/,1,,1,,0,,0,
MSAAI,Direct,/admissions/how-to-apply/,1,-2,2,-16,0,0,0,0
LEPSL,Direct,/blog/police-leadership/,1,-21,1,-38,0,0,0,0
(default) (not set),Organic Search,/blog/education5,1,,1,,0,,0,
CyberOps,Unknown - chatgpt.com / (not set),/masters-cyber-security-operations/scholarships-grants/,1,,1,,1,,1,
MED,Unknown - chatgpt.com / (not set),/alternative-teacher-certification-guide/,1,,1,,0,,0,
MSAAI,Organic Search,/student-support/graduate-admissions/,1,,2,,0,,0,
MED,Organic Search,/programs/,1,-1,5,1,0,0,0,0
(default) (not set),Organic Search,/search/12345678910/,1,,1,,0,,0,
MSLDT,Unknown - linkedin / social,/create-employee-training-program/,1,,1,,0,,0,
MSAAI,Unknown - copilot.com / (not set),/ai-prompt-engineer/,1,,1,,0,,0,
LEPSL,Referral,/admissions/,1,,2,,0,,0,
Informatics,Organic Social,/masters-health-informatics/classes/,1,,1,,0,,0,
MED,Organic Social,/per-pupil-education-spending-by-state/,1,,1,,0,,0,
MSLDT,Unknown - (not set) / blog-link,/educational-technology-jobs/,1,,1,,0,,0,
CyberOps,Direct,/cyber-security-statistics/,1,,2,,0,,0,
(default) (not set),Unknown - chatgpt.com / (not set),/tuition-financial-aid/tuition/,1,,1,,0,,0,
Data Science,Organic Search,/resources/questions-to-ask-masters-data-science-checklist/,1,,1,,0,,0,
LEPSL,Direct,/faculty/gary-morrison/,1,,1,,0,,0,
MED,Direct,/classes/changemaking-with-technology/,1,,4,,0,,0,
MED,Direct,/7-tips-pursuing-masters-degree-working-full-time-education/,1,0,1,0,0,0,0,0
CyberOps,Direct,/resources/cyber-newsletter-signup/,1,-2,1,-2,0,0,0,0
LEPSL,Direct,/become-a-criminal-justice-instructor/,1,-1,1,-1,0,0,0,0
MED,Organic Search,/online-programs/,1,0,2,-6,0,0,0,0
CyberOps,Organic Search,/15-must-read-cyber-security-facts-figures-for-2019/,1,0,1,0,0,0,0,0
MSLDT,Paid Search,/masters-information-technology-leadership/classes/applied-ai-specialization/,1,,3,,0,,0,
MED,Organic Search,.translate.goog/steam-education-in-schools/,1,-1,1,-1,0,0,0,0
MED,Unknown - chatgpt.com / (not set),/masters-education/masters-education-resources/,1,,1,,0,,0,
MSITL,Direct,/cyber-security/,1,,3,,0,,0,
MSNNL,Direct,/masters-nursing-leadership/apply-for-free-usd-msn-in-nursing-leadership-online/,1,-7,1,-6,0,-1,0,-0.125
EML,Direct,/master-of-engineering-management-careers/,1,,1,,0,,0,
Data Science,Direct,/how-to-become-data-analytics-manager/,1,-3,1,-3,0,0,0,0
MED,Direct,/master-of-education-salary/,1,-2,1,-2,0,0,0,0
(default) (not set),Direct,/forms/msaai-applicant/,1,-5,1,-6,0,0,0,0
LEPSL,Direct,/ambassador/rickey-hawkins/,1,,1,,0,,0,
LEPSL,Direct,/ambassador/gage-johnston/,1,,1,,0,,0,
LEPSL,Direct,/ambassador/michael-penney-guzman/,1,,1,,0,,0,
MSAAI,Direct,/business-entrepreneurship/,1,,16,,0,,0,
Informatics,Direct,/faculty/thidarat-tinnakornsrisuphap/,1,,1,,0,,0,
MSAAI,Direct,/employer-partnership/,1,0,3,-2,0,0,0,0
LEPSL,Direct,/ambassador/brian-george/,1,,1,,0,,0,
LEPSL,Direct,/ambassador/maxime-schifano/,1,,1,,0,,0,
LEPSL,Direct,/ambassador/thomas-williams/,1,,1,,0,,0,
MSNNL,Organic Search,/education-inequity-and-homework/,1,0,4,-2,0,0,0,0
MESH,Organic Search,.translate.goog/sustainability-scholarships/,1,-1,1,-1,0,0,0,0
MSAAI,Organic Search,/resources/cyber-security-careers-webinar-thank-you/,1,,3,,0,,0,
Informatics,Organic Search,/education-inequity-and-homework/https:/onlinedegrees.sandiego.edu/education-inequity-and-homework/,1,,1,,0,,0,
MSAAI,Organic Search,/blog/business-entrepreneurship/,1,,2,,0,,0,
EML,Organic Search,/advisory-board/paul-massih/,1,0,1,0,0,0,0,0
MSITL,Organic Social,/enterprise-it-management-guide/,1,,6,,0,,0,
CyberEng,Referral,/black-vs-gray-vs-white-hat-hackers/,1,0,1,0,0,0,0,0
MTS,Email,/resources/master-of-theological-studies-brochure/,1,0,1,-1,0,0,0,0
MSAAI,Direct,/top-100-cybersecurity-companies/,1,,2,,0,,0,
(default) (not set),Direct,/author/michelle-moore/,1,,3,,0,,0,
MSHA,Referral,/human-rights-violation-definition/,1,,1,,0,,0,
MSITL,Unknown - chatgpt.com / (not set),/how-to-start-it-career/,1,,1,,0,,0,
EML,Direct,/data-science-vs-software-engineering/,1,,2,,0,,0,
MSAAI,Display,/bachelors-nursing/,1,,2,,0,,0,
MSITL,Direct,.translate.goog/it-job-titles/,1,,2,,0,,0,
MSAAI,Direct,/from-devops-to-mlops-a-comprehensive-guide-to-migrating-and-adding-services/,1,,1,,0,,0,
(default) (not set),Direct,/classes/capstone-development/,1,0,1,0,0,0,0,0
LEPSL,Direct,/resources/lepsl-program-webinar/,1,,1,,0,,0,
(default) (not set),Direct,/entry-level-ai-careers/#:~:text=How%20much%20do%20entry%2Dlevel,1,,1,,0,,0,
(default) (not set),Direct,/category/learning-design-and-technology/page/2,1,,1,,0,,0,
Informatics,Organic Social,/masters-health-informatics/lp/study-health-informatics/,1,,1,,0,,0,
LEPSL,Organic Search,/police-education-study/,1,-6,1,-5,0,0,0,0
CyberOps,Organic Search,/faculty/melanie-thomas/,1,0,1,0,0,0,0,0
MSNNL,Organic Search,/forms/msn-application-evaluation/,1,,5,,3,,3,
MSAAI,Organic Search,/online-programs/,1,0,6,4,0,0,0,0
LEPSL,Paid Search,/faculty/dave-nisleit/,1,,1,,0,,0,
LEPSL,Paid Search,/community-policing-through-leadership/,1,-4,0,-6,0,0,0,0
MSNP,Paid Search,/masters-nonprofit-leadership-management/apply/,1,-1,1,-2,0,0,0,0
LEPSL,Direct,/police-management-training/,1,-1,1,-1,0,0,0,0
(default) (not set),Direct,ions/how-to-apply/,1,,1,,0,,0,
Informatics,Organic Search,/faculty/juhi-israni/,1,,1,,0,,0,
MSNP,Organic Search,/best-jobs-for-veterans-after-the-military/,1,-1,1,-2,0,0,0,0
Informatics,Organic Search,/advisory-board/birnbaum/,1,,1,,0,,0,
LEPSL,Organic Search,/federal-security-specialist-earns-law-enforcement-leadership-masters/,1,-1,1,-1,0,0,0,0
MESH,Organic Search,/online-masters-degree-integrates-sustainability-health-and-engineering/,1,0,1,0,0,0,0,0
MSLDT,Organic Social,/masters-learning-design-technology/lp/instructional-design-for-teachers/,1,,1,,0,,0,
EML,Paid Search,/masters-applied-data-science/lp/study-data-science/,1,,4,,1,,1,
MSNP,Unknown - chatgpt.com / (not set),/masters-nonprofit-leadership-management/classes/,1,,3,,0,,0,
MSITL,Direct,/resources/questions-to-ask-before-selecting-an-it-leadership-degree-thank-you/,1,,1,,0,,0,
CyberOps,Direct,/programs/master-of-science-in-cyber-security-operations-and-leadership/,1,,1,,0,,0,
MED,Direct,/search/Joseph+Brown/,1,,1,,0,,0,
MSNNL,Direct,/bachelors-nursing/bachelors-nursing-lp-ppc/,1,,9,,0,,0,
MSAAI,Direct,/masters-education/specializations/steam/,1,,3,,0,,0,
(default) (not set),Organic Search,/student-support/the-soles-graduate-student-writing-center/,1,0,1,0,0,0,0,0
MSAAI,Organic Search,/criminal-justice/,1,,4,,0,,0,
MED,Organic Search,/search/disbenifites+of+getting+rid+of+homework/,1,,1,,0,,0,
Informatics,Direct,/employer-partnership/,1,0,2,-2,0,0,0,0
MSNP,Organic Search,.translate.goog/nonprofit-executive-director/,1,,1,,0,,0,
Data Science,Organic Search,/storytelling-with-data-part-1/,1,-1,3,1,0,0,0,0
MESH,Organic Search,/faculty/georgina-yeboah/,1,,1,,0,,0,
LEPSL,Direct,/how-to-become-a-police-chief/,1,-2,2,-1,0,0,0,0
LEPSL,Direct,/admissions/how-to-apply/,1,0,5,2,0,0,0,0
MTS,Direct,/classes/new-student-orientation/,1,,6,,0,,0,
MSAAI,Direct,/faculty/dallin-munger/,1,0,1,0,0,0,0,0
Informatics,Paid Social,/masters-health-informatics/lp/study-healthcare-analytics/,1,,1,,0,,0,
MSNP,Email,/masters-nonprofit-leadership-management/lp/dyna/,1,-1,1,-2,0,0,0,0
MSITL,Direct,/online-programs/,1,,4,,0,,0,
MESH,Direct,,1,,2,,0,,0,
LEPSL,Direct,/ambassador/jeff-strossner/,1,,1,,0,,0,
MESH,Direct,/faculty/caroline-baillie/,1,-5,0,-8,0,0,0,0
LEPSL,Organic Search,/ambassador/geoffrey-decesari/,1,0,1,0,0,0,0,0
CyberEng,Unknown - perplexity / (not set),/summer-cyber-security-program/,1,,1,,0,,0,
LEPSL,Organic Social,/faculty/jeffrey-jordon/,1,,1,,0,,0,
LEPSL,Paid Social,/masters-law-enforcement-leadership/lp/thank-you/,1,-3,1,-3,1,-1,1,0.5
(default) (not set),Paid Search,/search/nurse+practionoer/,1,,0,,0,,0,
LEPSL,Direct,/search/police+off/,1,,2,,0,,0,
EML,Organic Search,.translate.goog/how-to-become-vp-engineering/,1,,1,,0,,0,
(default) (not set),Paid Social,/leadership-management/,1,,1,,0,,0,
(default) (not set),Email,/about/state-authorization-status/,1,0,1,0,0,0,0,0
MESH,Unknown - chatgpt.com / (not set),/sustainability-scholarships/,1,,1,,0,,0,
MSAAI,Direct,/about/learning-outcomes/,1,,9,,0,,0,
CyberOps,Direct,/ca-paving-way-cyber-security-policy-ed-and-more/,1,0,1,0,0,0,0,0
CyberOps,Direct,/cybersecurity-masters-degree-guide/,1,-1,1,-1,0,0,0,0
(default) (not set),Direct,/faculty/jaime-gomez-ph-d/,1,,6,,0,,0,
MSAAI,Direct,/faculty/kahila-mokhtari/,1,,1,,0,,0,
MSNNL,Unknown - mts_youtube / video,/masters-of-theological-studies/lp/dyna/,1,,1,,0,,0,
LEPSL,Direct,/law-enforcement-going-back-to-college/,1,,1,,0,,0,
EML,Direct,/resources/engineering-leadership-skills-webinar/,1,0,1,-14,0,-2,0,-2
LEPSL,Organic Search,/ambassador/antonio-cortina/,1,-1,2,0,0,0,0,0
MSAAI,Organic Social,/masters-applied-artificial-intelligence/apply/,1,-2,1,-2,0,0,0,0
(default) (not set),Organic Search,/cyber-security-salary-california/,1,,2,,0,,0,
(default) (not set),Organic Search,/employer-partnership/onlinedegrees-sandiego-edu-employer-partnershipatos-se/,1,,3,,0,,0,
MSHA,Organic Search,/faculty/eric-james/,1,,1,,0,,0,
EML,Organic Search,/masters-engineering-management-leadership/faculty/,1,-2,3,-1,0,0,0,0
MED,Organic Search,/resources/9-reasons-master-education-degree-ebook/,1,0,1,0,0,0,0,0
MED,Organic Search,/student-profile-joshua-truax/,1,,1,,0,,0,
MED,Organic Social,/teacher-centered-vs-student-centered-learning/,1,-6,1,-6,0,0,0,0
MESH,Paid Search,/masters-engineering-sustainability-health/mesh-combined-degree/,1,,1,,0,,0,
CyberOps,Paid Social,/cybersecurity-jobs-report/,1,,1,,0,,0,
MTS,Unknown - chatgpt.com / (not set),/masters-applied-artificial-intelligence/,1,,4,,0,,0,
MSNP,Organic Search,/faculty/tesa-tinkler/,1,,2,,0,,0,
EML,Direct,/head-of-product-career/,1,,1,,0,,0,
(default) (not set),Organic Search,/study-tips-for-gmat-preparation/,1,,1,,0,,0,
MSITL,Direct,/masters-applied-artificial-intelligence/apply/,1,,36,,0,,0,
LEPSL,Direct,/search/Charles+Davis/,1,,1,,0,,0,
CyberEng,Direct,/search/ciso/,1,,1,,0,,0,
"(default) computer-science,engineering,technology",Direct,/tuition-financial-aid/,1,,3,,0,,0,
MSNNL,Organic Search,/forms/,1,,10,,3,,3,
MED,Paid Search,/early-childhood-education-vs-elementary-education-masters/,1,,1,,0,,0,
MTS,Organic Search,/blog/theology/,1,0,3,3,0,0,0,0
MSLDT,Organic Search,/faculty/maria-fernandez/,1,,1,,0,,0,
MSITL,Paid Search,/masters-engineering-sustainability-health/lp/ppc/,1,,2,,0,,0,
MSNP,Paid Search,/top-humanitarian-degrees/,1,,2,,0,,0,
MSAAI,Organic Search,.translate.goog/careers-using-python/,1,-3,2,-2,0,0,0,0
MSAAI,Organic Search,.translate.goog/entry-level-ai-careers/,1,-3,1,-3,0,0,0,0
MSAAI,Organic Search,/ai-impact-on-pharma-4-0/,1,-1,0,-2,0,0,0,0
LEPSL,Organic Search,/ambassador/michael-arias/,1,,1,,0,,0,
EML,Organic Search,/classes/emerging-technology-trends-and-startups/,1,,2,,0,,0,
MSLDT,Organic Search,/instructional-design-courses/,1,-6,1,-6,0,0,0,0
Data Science,Organic Search,/masters-applied-data-science/msads-combined-degree/,1,0,2,1,0,0,0,0
MED,Organic Search,/masters-education/faculty/,1,-1,1,-3,0,0,0,0
MESH,Organic Search,/masters-engineering-sustainability-health/let-us-pay-for-your-msesh-program-application-fee/,1,,1,,0,,0,
MSNNL,Organic Search,/masters-nursing-leadership/apply/,1,,1,,0,,0,
MED,Organic Search,/search/published/,1,0,2,-3,0,0,0,0
Informatics,Referral,/bachelors-nursing/,1,0,2,2,0,0,0,0
MSITL,Unknown - perplexity / (not set),/information-technology-trends/,1,,1,,0,,0,
MSLDT,Referral,/instructional-design-portfolio/,1,,2,,0,,0,
MSHA,Direct,/masters-humanitarian-action/faculty/,1,,1,,0,,0,
CyberOps,Email,/masters-cyber-security-operations/lp/bva-cyber-security-operations-leadership/,1,-1,1,-1,0,0,0,0
CyberOps,Direct,/masters-cyber-security-engineering/faculty/,1,,14,,0,,0,
MSNNL,Direct,/masters-cyber-security-operations/faculty/,1,,26,,0,,0,
MSNP,Direct,/faculty/lyn-corbett/,1,,1,,0,,0,
MED,Direct,/search/life+skills/,1,,1,,0,,0,
CyberOps,Direct,/information-assurance-vs-cybersecurity/,1,-11,1,-12,0,0,0,0
(default) (not set),Organic Search,/search/is+homework+bad/,1,,1,,0,,0,
Informatics,Organic Search,/best-health-informatics-degree/,1,,1,,0,,0,
MED,Organic Search,/jennifer-gagner/,1,0,1,0,0,0,0,0
EML,Referral,/engineering-leadership-skills/,1,,1,,0,,0,
MTS,Unknown - ig / social,/masters-theological-studies/,1,,1,,0,,0,
MSNNL,Direct,/classes/advanced-pathophysiology/,1,-1,1,-1,0,0,0,0
LEPSL,Paid Search,/what-style-police-leadership-most-effective/,1,,1,,0,,0,
EML,Organic Search,.translate.goog/principal-engineer-vs-senior-engineer/,1,-3,1,-4,0,0,0,0
CyberOps,Direct,/transition-general-it-to-cybersecurity-engineering/,1,-1,1,-1,0,0,0,0
MESH,Direct,/masters-engineering-sustainability-health/lp/dyna/,1,-3,1,-11,0,0,0,0
MSAAI,Organic Search,/cyber-security-salary-california/,1,,9,,0,,0,
LEPSL,Direct,/mha-vs-mph-vs-ms-health-informatics/,1,,6,,1,,1,
MSNP,Direct,/top-instructional-design-skills/,1,,5,,0,,0,
MSAAI,Unknown - chatgpt.com / (not set),/machine-learning-courses-and-certifications/,1,,1,,0,,0,
MSITL,Email,/masters-information-technology-leadership/lp/ppc/,1,,1,,0,,0,
CyberOps,Unknown - copilot.com / (not set),/top-100-cybersecurity-companies/,1,,1,,0,,0,
MED,Unknown - perplexity / (not set),/educational-resources-for-teachers/,1,,3,,0,,0,
MSNP,Direct,/resources/msnp-program-brochure-thank-you/,1,,6,,0,,0,
LEPSL,Direct,/search/saudi+arabia/,1,,1,,0,,0,
Data Science,Direct,.translate.goog/data-communication/,1,-3,1,-3,0,0,0,0
MED,Direct,/bobbi-hansen/,1,,1,,0,,0,
EML,Direct,/masters-engineering-management-leadership/board-of-advisors/,1,0,1,0,0,0,0,0
MESH,Direct,/masters-law-enforcement-leadership/classes/,1,,4,,0,,0,
MSNNL,Direct,/online-programs/,1,0,4,1,0,0,0,0
MSAAI,Direct,/masters-applied-data-science/careers/,1,,3,,0,,0,
Informatics,Direct,/campus-programs/,1,,4,,0,,0,
MSITL,Organic Search,/masters-cyber-security-operations/,1,,3,,0,,0,
Informatics,Organic Search,/classes/informatics-capstone/,1,-1,1,-1,0,0,0,0
MSHA,Direct,/international-social-work/,1,-6,1,-8,0,0,0,0
MSLDT,Organic Social,/resources/things-to-know-about-careers-in-instructional-design/,1,0,1,0,0,0,0,0
MESH,Paid Search,/masters-applied-data-science/classes/,1,,4,,0,,0,
(default) (not set),Paid Search,/faq/,1,,1,,0,,0,
LEPSL,Paid Search,/masters-engineering-management-leadership/lp/ppc/,1,,7,,0,,0,
MESH,Paid Search,/faculty/ali-mariko-dressel/,1,,2,,0,,0,
MSAAI,Unknown - chatgpt.com / (not set),/ai-ethicist-career/,1,,1,,0,,0,
MED,Direct,.translate.goog/what-is-an-med-degree-explained/,1,,1,,0,,0,
MESH,Direct,/masters-cyber-security-operations/testimonials/,1,,1,,0,,0,
MSNNL,Direct,/online-ms-nursing-nl/,1,-2,1,-4,0,0,0,0
(default) (not set),Direct,/employer-partnership/san-diego-regional-edc/,1,,1,,0,,0,
MESH,Direct,/masters-education/,1,0,3,2,0,0,0,0
MSNP,Direct,/tuition-financial-aid/,1,,7,,0,,0,
MSNP,Organic Search,/masters-engineering-sustainability-health/,1,,8,,0,,0,
(default) (not set),Organic Search,/faculty/jae-kim-phd/,1,,1,,0,,0,
MSLDT,Organic Search,/student-support/career-development-center/,1,,5,,0,,0,
MED,Organic Search,/education-online-learning/,1,,1,,0,,0,
Informatics,Referral,/is-health-informatics-degree-worth-it/,1,,5,,0,,0,
MSITL,Paid Search,/resources/free-itl-program-brochure/,1,-5,1,-6,0,0,0,0
MED,Paid Search,/grants-for-masters-degree-in-teaching/,1,,3,,0,,0,
MSLDT,Organic Search,.translate.goog/educational-technology-jobs/,1,,1,,0,,0,
MSAAI,Unknown - Data Not Available / Data Not Available,/masters-applied-artificial-intelligence/,1,,1,,0,,0,
Informatics,Unknown - chatgpt.com / (not set),/masters-health-informatics/classes/,1,,1,,0,,0,
(default) (not set),Organic Social,/cybersecurity-unemployment-rate-zero/,1,,1,,0,,0,
MSAAI,Paid Search,/top-ranked-law-enforcement-masters-degree/,1,,9,,0,,0,
Informatics,Paid Social,/healthcare-informatics-jobs-salary/,1,,1,,0,,0,
MESH,Direct,.translate.goog/best-sustainability-certifications/,1,,1,,0,,0,
MSNP,Direct,/faculty/tom-abruzzo/,1,,1,,0,,0,
